unsigned char dec_raw[] = {
  0x02, 0x00, 0x02, 0x00, 0x02, 0x00, 0x02, 0x00, 0x02, 0x00, 0x00, 0x00,
  0x00, 0x00, 0x00, 0x00, 0x00, 0x00, 0x00, 0x00, 0x00, 0x00, 0x00, 0x00,
  0x00, 0x00, 0x00, 0x00, 0x00, 0x00, 0x00, 0x00, 0x00, 0x00, 0x00, 0x00,
  0x00, 0x00, 0x00, 0x00, 0x00, 0x00, 0x00, 0x00, 0x00, 0x00, 0x00, 0x00,
  0x00, 0x00, 0x00, 0x00, 0x00, 0x00, 0x00, 0x00, 0x00, 0x00, 0x00, 0x00,
  0x00, 0x00, 0x00, 0x00, 0x00, 0x00, 0x00, 0x00, 0x00, 0x00, 0x00, 0x00,
  0x00, 0x00, 0x00, 0x00, 0x00, 0x00, 0x00, 0x00, 0x00, 0x00, 0x00, 0x00,
  0x00, 0x00, 0x00, 0x00, 0x00, 0x00, 0x00, 0x00, 0x00, 0x00, 0x00, 0x00,
  0x00, 0x00, 0x00, 0x00, 0x00, 0x00, 0x00, 0x00, 0x00, 0x00, 0x00, 0x00,
  0x00, 0x00, 0x00, 0x00, 0x00, 0x00, 0x00, 0x00, 0x00, 0x00, 0x00, 0x00,
  0x00, 0x00, 0x00, 0x00, 0x00, 0x00, 0x00, 0x00, 0x00, 0x00, 0x00, 0x00,
  0xfe, 0xff, 0x00, 0x00, 0x00, 0x00, 0x00, 0x00, 0x00, 0x00, 0x00, 0x00,
  0x00, 0x00, 0x00, 0x00, 0x00, 0x00, 0x00, 0x00, 0x00, 0x00, 0x00, 0x00,
  0x00, 0x00, 0x00, 0x00, 0x00, 0x00, 0x00, 0x00, 0x00, 0x00, 0x00, 0x00,
  0x00, 0x00, 0x00, 0x00, 0x00, 0x00, 0x00, 0x00, 0x00, 0x00, 0x00, 0x00,
  0x00, 0x00, 0x00, 0x00, 0x00, 0x00, 0x00, 0x00, 0x00, 0x00, 0x00, 0x00,
  0x00, 0x00, 0x00, 0x00, 0x00, 0x00, 0x00, 0x00, 0xfe, 0xff, 0x02, 0x00,
  0xfe, 0xff, 0xfe, 0xff, 0xfa, 0xff, 0xfc, 0xff, 0x08, 0x00, 0x08, 0x00,
  0x06, 0x00, 0x02, 0x00, 0x02, 0x00, 0x02, 0x00, 0x00, 0x00, 0x00, 0x00,
  0x00, 0x00, 0x00, 0x00, 0x00, 0x00, 0x00, 0x00, 0x00, 0x00, 0x00, 0x00,
  0x0a, 0x00, 0x0a, 0x00, 0x08, 0x00, 0x04, 0x00, 0x04, 0x00, 0x04, 0x00,
  0x02, 0x00, 0xf8, 0xff, 0xfa, 0xff, 0xfc, 0xff, 0xfe, 0xff, 0xfe, 0xff,
  0x08, 0x00, 0x12, 0x00, 0x0e, 0x00, 0x08, 0x00, 0x06, 0x00, 0x06, 0x00,
  0x04, 0x00, 0x02, 0x00, 0x02, 0x00, 0x02, 0x00, 0x02, 0x00, 0xf8, 0xff,
  0xfa, 0xff, 0xfc, 0xff, 0xfe, 0xff, 0xfe, 0xff, 0xfe, 0xff, 0x00, 0x00,
  0x00, 0x00, 0x0a, 0x00, 0x0a, 0x00, 0x08, 0x00, 0x04, 0x00, 0x02, 0x00,
  0x04, 0x00, 0x02, 0x00, 0x02, 0x00, 0x0c, 0x00, 0x0e, 0x00, 0x0c, 0x00,
  0x08, 0x00, 0xfc, 0xff, 0xf8, 0xff, 0xf8, 0xff, 0xfa, 0xff, 0xfc, 0xff,
  0xfc, 0xff, 0xfe, 0xff, 0x00, 0x00, 0x00, 0x00, 0xf6, 0xff, 0xf4, 0xff,
  0xf6, 0xff, 0xf0, 0xff, 0xf0, 0xff, 0xf2, 0xff, 0xf8, 0xff, 0xfc, 0xff,
  0xfa, 0xff, 0xfa, 0xff, 0xfc, 0xff, 0xfe, 0xff, 0xfe, 0xff, 0xfe, 0xff,
  0xfe, 0xff, 0xfe, 0xff, 0xf4, 0xff, 0xf2, 0xff, 0xea, 0xff, 0xec, 0xff,
  0xf2, 0xff, 0xf8, 0xff, 0xf2, 0xff, 0xf0, 0xff, 0xe8, 0xff, 0xea, 0xff,
  0xee, 0xff, 0xea, 0xff, 0xec, 0xff, 0xf0, 0xff, 0xf6, 0xff, 0xfa, 0xff,
  0xfa, 0xff, 0xfc, 0xff, 0xfe, 0xff, 0xfe, 0xff, 0xfe, 0xff, 0xfe, 0xff,
  0xfe, 0xff, 0xfe, 0xff, 0xfe, 0xff, 0xfe, 0xff, 0xfc, 0xff, 0xfe, 0xff,
  0xfe, 0xff, 0xfc, 0xff, 0xf8, 0xff, 0xf6, 0xff, 0x04, 0x00, 0x0e, 0x00,
  0x0e, 0x00, 0x08, 0x00, 0x02, 0x00, 0x00, 0x00, 0x00, 0x00, 0x00, 0x00,
  0x00, 0x00, 0x00, 0x00, 0x00, 0x00, 0x00, 0x00, 0x00, 0x00, 0x00, 0x00,
  0x0a, 0x00, 0x12, 0x00, 0x10, 0x00, 0x0a, 0x00, 0x02, 0x00, 0x00, 0x00,
  0xfe, 0xff, 0xf2, 0xff, 0xec, 0xff, 0xf2, 0xff, 0xfc, 0xff, 0x5c, 0x00,
  0x96, 0x00, 0x92, 0x00, 0x5e, 0x00, 0x78, 0x00, 0xe0, 0x00, 0xf4, 0x00,
  0x4e, 0x00, 0x60, 0xff, 0x04, 0xff, 0x44, 0xff, 0x0e, 0x00, 0x7c, 0x00,
  0x1e, 0x00, 0xbc, 0xff, 0x9a, 0xff, 0xb4, 0xff, 0xe0, 0xff, 0xf4, 0xff,
  0xac, 0xff, 0x9a, 0xff, 0xde, 0xff, 0x2a, 0x00, 0x34, 0x00, 0x0a, 0x00,
  0xc2, 0xff, 0xac, 0xff, 0xca, 0xff, 0xf4, 0xff, 0x12, 0x00, 0x1a, 0x00,
  0x2c, 0x00, 0x36, 0x00, 0x0e, 0x00, 0xc4, 0xff, 0x9a, 0xff, 0xac, 0xff,
  0xe6, 0xff, 0x1a, 0x00, 0x2a, 0x00, 0x1c, 0x00, 0x06, 0x00, 0xf6, 0xff,
  0xf0, 0xff, 0xf2, 0xff, 0xfa, 0xff, 0x04, 0x00, 0x24, 0x00, 0x36, 0x00,
  0x2c, 0x00, 0x10, 0x00, 0xf4, 0xff, 0xd0, 0xff, 0xc4, 0xff, 0xd4, 0xff,
  0xf2, 0xff, 0x0e, 0x00, 0x18, 0x00, 0x10, 0x00, 0x04, 0x00, 0xfa, 0xff,
  0xf6, 0xff, 0xf8, 0xff, 0xfc, 0xff, 0x00, 0x00, 0x04, 0x00, 0x06, 0x00,
  0x04, 0x00, 0x00, 0x00, 0xfc, 0xff, 0xfa, 0xff, 0xfc, 0xff, 0x00, 0x00,
  0x02, 0x00, 0x02, 0x00, 0x00, 0x00, 0xfe, 0xff, 0xfe, 0xff, 0x00, 0x00,
  0x02, 0x00, 0x02, 0x00, 0x00, 0x00, 0xfe, 0xff, 0x72, 0x00, 0xd2, 0x00,
  0xb6, 0x00, 0x40, 0x00, 0xba, 0xff, 0x7e, 0xff, 0xa4, 0xff, 0xe6, 0xff,
  0x16, 0x00, 0x2a, 0x00, 0x26, 0x00, 0x18, 0x00, 0x8e, 0xff, 0x16, 0xff,
  0x28, 0xff, 0xa8, 0xff, 0x44, 0x00, 0x94, 0x00, 0x72, 0x00, 0x24, 0x00,
  0xe6, 0xff, 0xca, 0xff, 0xce, 0xff, 0xe2, 0xff, 0xfe, 0xff, 0x1c, 0x00,
  0x2a, 0x00, 0x1e, 0x00, 0x02, 0x00, 0x74, 0xff, 0x0e, 0xff, 0x38, 0xff,
  0xc2, 0xff, 0x56, 0x00, 0x08, 0x01, 0xac, 0x01, 0x12, 0x02, 0xa4, 0x01,
  0x8e, 0xff, 0xa6, 0xfd, 0x60, 0xfd, 0x96, 0xfe, 0x52, 0x00, 0x6c, 0x01,
  0x5e, 0x01, 0xbc, 0x00, 0x1a, 0x00, 0x90, 0xff, 0x3a, 0xff, 0xa4, 0xfe,
  0x9c, 0xfe, 0x8c, 0xff, 0xa2, 0x00, 0x30, 0x01, 0xdc, 0x00, 0x2c, 0x00,
  0xb4, 0xff, 0x98, 0xff, 0x9e, 0xff, 0xb8, 0xff, 0xec, 0xff, 0x36, 0x00,
  0xfc, 0x00, 0x52, 0x01, 0xbc, 0x00, 0xcc, 0xff, 0x2a, 0xff, 0x32, 0xff,
  0xb4, 0xff, 0x14, 0x00, 0x42, 0x00, 0x4e, 0x00, 0xc8, 0xff, 0x40, 0xff,
  0x4a, 0xff, 0xac, 0xff, 0x32, 0x00, 0x06, 0x01, 0x04, 0x03, 0x58, 0x04,
  0x02, 0x03, 0xf2, 0xfe, 0x9a, 0xfb, 0xbc, 0xfb, 0x62, 0xfe, 0x0c, 0x01,
  0x96, 0x01, 0xe6, 0x00, 0x7a, 0x00, 0x62, 0x00, 0xfa, 0xff, 0x9e, 0xfe,
  0xb2, 0xfc, 0xc6, 0xfc, 0x1e, 0xff, 0x88, 0x01, 0x72, 0x02, 0x90, 0x01,
  0x60, 0x00, 0xfc, 0x00, 0x4a, 0x01, 0x98, 0xfe, 0x3c, 0xfc, 0x0a, 0xfd,
  0x36, 0x00, 0x5a, 0x03, 0x68, 0x03, 0x1a, 0x01, 0x6e, 0xff, 0xf2, 0xfe,
  0xd0, 0xfe, 0x9e, 0xfe, 0xcc, 0xfe, 0x24, 0x00, 0xa2, 0x01, 0x3a, 0x01,
  0xa2, 0xff, 0xc6, 0xfe, 0x32, 0xff, 0x08, 0x00, 0xfa, 0x00, 0x4c, 0x04,
  0xe6, 0x07, 0x1c, 0x06, 0xb6, 0xfe, 0x68, 0xf8, 0xa0, 0xf8, 0xd6, 0xfe,
  0xe8, 0x03, 0x8a, 0x03, 0x46, 0x01, 0xac, 0x00, 0xea, 0x00, 0xba, 0xff,
  0x80, 0xfc, 0xe6, 0xf8, 0x62, 0xfa, 0x56, 0x00, 0xc2, 0x04, 0xea, 0x04,
  0x18, 0x02, 0xb4, 0xff, 0x16, 0x00, 0x58, 0x01, 0x3e, 0xff, 0xa0, 0xfc,
  0x3c, 0xfd, 0x70, 0x00, 0xc2, 0x04, 0x46, 0x05, 0x90, 0x01, 0x54, 0xfe,
  0x3a, 0xfc, 0x12, 0xfc, 0xa0, 0xfd, 0x58, 0xff, 0x74, 0x00, 0x58, 0x01,
  0x3e, 0x01, 0x74, 0x00, 0xa4, 0xff, 0x0a, 0xff, 0xf4, 0xfe, 0xb6, 0x00,
  0x4a, 0x08, 0x78, 0x0d, 0x5a, 0x07, 0xae, 0xfb, 0x40, 0xf5, 0x94, 0xf8,
  0x3c, 0x00, 0xc4, 0x02, 0x0c, 0x01, 0xd2, 0x01, 0x80, 0x04, 0xb4, 0x03,
  0x84, 0xfe, 0x10, 0xf8, 0x2c, 0xf6, 0xee, 0xfb, 0xa2, 0x02, 0xda, 0x04,
  0x14, 0x04, 0x00, 0x04, 0xfc, 0x03, 0x82, 0x01, 0xf2, 0xfc, 0x5a, 0xf9,
  0x4a, 0xfb, 0x02, 0x00, 0x1c, 0x04, 0x30, 0x05, 0xd0, 0x02, 0x86, 0x00,
  0x1e, 0xff, 0x68, 0xfc, 0xfc, 0xfa, 0xc6, 0xfc, 0x9c, 0x00, 0xb6, 0x02,
  0x36, 0x00, 0xaa, 0xfd, 0xc0, 0xfe, 0xf4, 0x00, 0x10, 0x01, 0x74, 0xff,
  0xfa, 0x04, 0x74, 0x0e, 0x44, 0x0c, 0x18, 0x00, 0x30, 0xf7, 0x6a, 0xf8,
  0x86, 0xff, 0x32, 0x01, 0x68, 0xfd, 0xba, 0xfe, 0xce, 0x04, 0x6c, 0x06,
  0x5c, 0x01, 0x94, 0xf9, 0x2a, 0xf6, 0xd4, 0xfa, 0xe0, 0xff, 0x7a, 0x00,
  0x72, 0xff, 0x3e, 0x02, 0x72, 0x06, 0xd4, 0x05, 0x52, 0x00, 0x26, 0xfb,
  0x28, 0xfa, 0x82, 0xfc, 0xd8, 0xff, 0x5c, 0x00, 0xd8, 0xff, 0xec, 0x01,
  0x34, 0x03, 0xae, 0xfe, 0x76, 0xfa, 0x74, 0xfb, 0xbe, 0xfd, 0x04, 0xfe,
  0xb2, 0xfb, 0x54, 0xfc, 0x72, 0x01, 0x9c, 0x04, 0x04, 0x04, 0xde, 0x02,
  0x10, 0x0a, 0x2c, 0x12, 0xb4, 0x0a, 0x50, 0xfb, 0x0c, 0xf4, 0xac, 0xf8,
  0xc8, 0x00, 0xe0, 0x00, 0x2e, 0xfd, 0xea, 0x00, 0xf6, 0x06, 0xc0, 0x05,
  0x5e, 0xfc, 0x70, 0xf3, 0xe2, 0xf4, 0x82, 0xfc, 0x46, 0xff, 0x4a, 0xfd,
  0xae, 0xfe, 0xcc, 0x07, 0x4e, 0x0c, 0xf0, 0x05, 0xc0, 0xfd, 0xd2, 0xfa,
  0xe2, 0xfb, 0x4e, 0xfd, 0x8e, 0xfc, 0x26, 0xfc, 0x60, 0x00, 0xda, 0x04,
  0x4a, 0x01, 0xfe, 0xf8, 0xb2, 0xf8, 0xf8, 0xfc, 0x02, 0xfd, 0x16, 0xf9,
  0x2c, 0xf8, 0xfa, 0xfe, 0x12, 0x07, 0x7a, 0x07, 0xa6, 0x01, 0x32, 0x07,
  0x3c, 0x17, 0xee, 0x12, 0xf8, 0xfc, 0x18, 0xf2, 0x02, 0xf8, 0xf2, 0x01,
  0x1a, 0x00, 0xd4, 0xf7, 0xa4, 0xfd, 0xee, 0x09, 0x88, 0x09, 0x46, 0xfd,
  0x10, 0xf3, 0x96, 0xf5, 0x3e, 0xfe, 0xb0, 0xfe, 0x1e, 0xfa, 0x30, 0xfd,
  0xd8, 0x08, 0x80, 0x0d, 0x9a, 0x05, 0x04, 0xfd, 0x1a, 0xfc, 0xcc, 0xfd,
  0x92, 0xfc, 0x00, 0xfa, 0x94, 0xfa, 0x7a, 0x00, 0xe2, 0x04, 0x8e, 0x01,
  0x74, 0xfa, 0x2c, 0xfb, 0x14, 0xfe, 0x5c, 0xfa, 0x2a, 0xf5, 0x1c, 0xf6,
  0x04, 0xfe, 0xba, 0x05, 0x16, 0x08, 0x9e, 0x05, 0x10, 0x10, 0x68, 0x22,
  0x28, 0x15, 0x5e, 0xfb, 0x2e, 0xf6, 0xba, 0xfb, 0x32, 0x00, 0x5c, 0xf9,
  0x42, 0xf3, 0xee, 0x00, 0x46, 0x0c, 0x62, 0x05, 0x4a, 0xf9, 0xe4, 0xf3,
  0x40, 0xf9, 0x00, 0xfb, 0x0e, 0xf2, 0xda, 0xf0, 0xbe, 0xfd, 0x68, 0x0d,
  0x00, 0x11, 0xb6, 0x08, 0x96, 0x04, 0xbc, 0x04, 0xac, 0xff, 0x18, 0xf9,
  0xa0, 0xf6, 0xc4, 0xf9, 0x94, 0x00, 0x34, 0x02, 0x08, 0xfe, 0x5c, 0xfc,
  0x1a, 0xff, 0xe6, 0xfd, 0xa4, 0xf7, 0x82, 0xf4, 0xee, 0xf8, 0x12, 0x02,
  0xba, 0x07, 0x58, 0x07, 0x4e, 0x09, 0xea, 0x1d, 0x8c, 0x25, 0xa4, 0x09,
  0x34, 0xfa, 0xf6, 0xfd, 0x82, 0xff, 0xf8, 0xfb, 0x8c, 0xf1, 0x52, 0xf7,
  0x8a, 0x08, 0x08, 0x07, 0xea, 0xfb, 0x44, 0xf5, 0xe0, 0xf9, 0x8a, 0xfe,
  0x60, 0xf4, 0x96, 0xee, 0xe2, 0xf7, 0xde, 0x05, 0x7e, 0x0d, 0x2c, 0x06,
  0xec, 0x05, 0x26, 0x0c, 0x70, 0x05, 0x1e, 0xfa, 0x40, 0xf6, 0xd2, 0xf9,
  0xae, 0xfe, 0xdc, 0xfd, 0x52, 0xfe, 0xe2, 0x00, 0x68, 0x02, 0x18, 0x00,
  0x2a, 0xf8, 0xd2, 0xf4, 0x5e, 0xf8, 0xfa, 0xfa, 0xfc, 0x00, 0xa6, 0x07,
  0xd4, 0x08, 0xe6, 0x14, 0x1c, 0x25, 0x7a, 0x17, 0xa8, 0x00, 0xba, 0xfc,
  0x8e, 0xfd, 0xda, 0xfc, 0x32, 0xf2, 0x12, 0xf0, 0x0e, 0x01, 0xf2, 0x05,
  0xbe, 0x01, 0x0e, 0xfb, 0xf6, 0xf9, 0x48, 0x01, 0xc6, 0xf8, 0x7e, 0xec,
  0x06, 0xf1, 0x9c, 0xfc, 0xa2, 0x06, 0x8e, 0x03, 0xa2, 0x02, 0x88, 0x0c,
  0x12, 0x0a, 0xe0, 0xff, 0xfa, 0xf6, 0x06, 0xf7, 0x94, 0xfd, 0x46, 0xfb,
  0xee, 0xfa, 0x82, 0xff, 0xe8, 0x02, 0x08, 0x04, 0x92, 0xfb, 0xd4, 0xf6,
  0xae, 0xfa, 0xcc, 0xfa, 0xa2, 0xfd, 0xa4, 0x02, 0x86, 0x01, 0xb0, 0x0f,
  0xe2, 0x1f, 0xc2, 0x14, 0xbc, 0x09, 0x28, 0x09, 0x0a, 0x06, 0x2a, 0x02,
  0x04, 0xf3, 0xc4, 0xef, 0x40, 0xfd, 0x22, 0xfe, 0xbe, 0xfc, 0xec, 0xf9,
  0x0e, 0xfb, 0xf6, 0x01, 0xb4, 0xf8, 0x08, 0xef, 0xd2, 0xf2, 0x44, 0xfb,
  0x50, 0x04, 0x24, 0x02, 0xf8, 0x02, 0x86, 0x0d, 0x68, 0x0b, 0x36, 0x03,
  0xc2, 0xfc, 0x8e, 0xfb, 0x20, 0xfe, 0x2e, 0xf7, 0x1c, 0xf6, 0xe0, 0xfb,
  0x28, 0xfe, 0xce, 0xff, 0xc2, 0xfd, 0xb2, 0xfd, 0x90, 0x00, 0xd2, 0x00,
  0x7e, 0x05, 0x96, 0x06, 0x90, 0x05, 0xd6, 0x12, 0x3c, 0x19, 0x9a, 0x10,
  0x12, 0x0e, 0x2a, 0x0c, 0xd4, 0x08, 0xea, 0x01, 0xe0, 0xf7, 0xc6, 0xf9,
  0x7a, 0xfc, 0x6a, 0xf8, 0x30, 0xf8, 0x9c, 0xf7, 0x54, 0xfa, 0x0c, 0xfb,
  0x08, 0xf4, 0x3a, 0xf3, 0xd6, 0xf6, 0x38, 0xfb, 0x74, 0xfe, 0xc4, 0xfe,
  0x7e, 0x03, 0x92, 0x06, 0xb4, 0x03, 0xca, 0x02, 0xaa, 0x00, 0xf6, 0xff,
  0x1c, 0x00, 0xfc, 0xfc, 0xb4, 0xfd, 0xc8, 0xfe, 0xaa, 0xfe, 0x1a, 0xfe,
  0xc4, 0xfc, 0x4a, 0xfd, 0xa0, 0xfd, 0x2a, 0xfe, 0xfe, 0xff, 0x72, 0xff,
  0x66, 0x03, 0x90, 0x0a, 0x62, 0x09, 0x22, 0x09, 0xb4, 0x0c, 0x78, 0x0b,
  0xc4, 0x0a, 0xfc, 0x06, 0xe0, 0x03, 0x6c, 0x04, 0xac, 0xff, 0xda, 0xfc,
  0xd0, 0xfb, 0x3e, 0xf8, 0x64, 0xf8, 0xec, 0xf5, 0x60, 0xf3, 0xc0, 0xf5,
  0x9e, 0xf5, 0x8a, 0xf7, 0x24, 0xfa, 0x14, 0xfb, 0x3c, 0xfe, 0xfa, 0xfe,
  0xe8, 0xff, 0x1e, 0x01, 0x44, 0x00, 0x6c, 0xff, 0xa2, 0xfe, 0x18, 0xfe,
  0xa0, 0xfd, 0x28, 0xfd, 0x42, 0xfd, 0xe4, 0xfd, 0x32, 0xfe, 0x82, 0xff,
  0xa2, 0x04, 0x34, 0x06, 0xc0, 0x05, 0x8e, 0x0c, 0xf4, 0x10, 0x24, 0x0e,
  0xfe, 0x0c, 0x96, 0x0c, 0x9e, 0x0a, 0x44, 0x07, 0x86, 0x01, 0xde, 0xff,
  0x16, 0xfd, 0x50, 0xf8, 0x5a, 0xf5, 0x72, 0xf2, 0x30, 0xf1, 0xfa, 0xef,
  0x48, 0xef, 0xc0, 0xf0, 0x08, 0xf1, 0x32, 0xf3, 0x32, 0xf6, 0xb6, 0xf7,
  0xd2, 0xfa, 0xee, 0xfc, 0xd0, 0xfe, 0x48, 0x01, 0xe6, 0x01, 0x98, 0x02,
  0xe8, 0x02, 0x9a, 0x02, 0x54, 0x02, 0x80, 0x01, 0xde, 0x00, 0x14, 0x02,
  0xf2, 0x01, 0xc2, 0x01, 0xf8, 0x04, 0x00, 0x07, 0xf6, 0x06, 0xbe, 0x08,
  0xda, 0x0b, 0xb0, 0x0b, 0xb6, 0x0b, 0xf2, 0x0b, 0x30, 0x09, 0x02, 0x08,
  0xec, 0x04, 0xf8, 0x00, 0x8c, 0xfe, 0x92, 0xfa, 0x74, 0xf7, 0xd6, 0xf4,
  0xea, 0xf1, 0x5c, 0xf1, 0xfa, 0xf0, 0xa8, 0xf0, 0xac, 0xf1, 0x9a, 0xf3,
  0x52, 0xf6, 0x76, 0xf8, 0xa4, 0xfa, 0x4e, 0xfd, 0x7a, 0xff, 0x18, 0x01,
  0x30, 0x02, 0xda, 0x02, 0x36, 0x03, 0x04, 0x03, 0x74, 0x02, 0xe6, 0x01,
  0x52, 0x01, 0x36, 0x02, 0x3c, 0x02, 0xc4, 0x03, 0xdc, 0x06, 0xec, 0x07,
  0x9a, 0x09, 0xf6, 0x0b, 0x8c, 0x0d, 0xde, 0x0d, 0xcc, 0x0d, 0x92, 0x0c,
  0x36, 0x0a, 0xb4, 0x07, 0xf8, 0x03, 0x48, 0x00, 0xb6, 0xfc, 0xd8, 0xf8,
  0xe0, 0xf5, 0xce, 0xf3, 0xf0, 0xf1, 0x6a, 0xf1, 0xd2, 0xf1, 0x5a, 0xf2,
  0xc6, 0xf3, 0xea, 0xf5, 0x1c, 0xf8, 0x96, 0xf9, 0x64, 0xfb, 0x26, 0xfd,
  0x3c, 0xfe, 0x3c, 0xff, 0xc4, 0xff, 0x06, 0x00, 0x50, 0x00, 0x2e, 0x00,
  0x22, 0x00, 0xd4, 0x00, 0x3c, 0x01, 0xc6, 0x02, 0xda, 0x03, 0xc8, 0x05,
  0x20, 0x09, 0x28, 0x0a, 0x60, 0x0b, 0x1c, 0x0e, 0xa0, 0x0e, 0x98, 0x0e,
  0x88, 0x0e, 0x50, 0x0c, 0x74, 0x0a, 0xfe, 0x06, 0xac, 0x02, 0xa4, 0xfe,
  0x80, 0xfa, 0x82, 0xf6, 0x1c, 0xf3, 0xd2, 0xf0, 0x44, 0xef, 0xe4, 0xee,
  0x7c, 0xef, 0x82, 0xf0, 0xa8, 0xf2, 0x80, 0xf5, 0xc0, 0xf7, 0x1a, 0xfa,
  0xac, 0xfc, 0x7c, 0xfe, 0x0e, 0x00, 0x26, 0x01, 0x94, 0x01, 0xe4, 0x01,
  0xc0, 0x01, 0x40, 0x01, 0x44, 0x01, 0x2a, 0x01, 0x9e, 0x01, 0x92, 0x02,
  0x0e, 0x04, 0x92, 0x07, 0x78, 0x09, 0x0a, 0x0b, 0x80, 0x0d, 0x00, 0x0f,
  0x56, 0x0f, 0xf0, 0x0e, 0x58, 0x0d, 0xe4, 0x0a, 0x04, 0x08, 0x80, 0x03,
  0x4c, 0xff, 0xcc, 0xfa, 0x58, 0xf7, 0x56, 0xf4, 0xa4, 0xf1, 0xde, 0xf0,
  0xac, 0xf0, 0x6c, 0xf1, 0xf6, 0xf2, 0x94, 0xf4, 0x80, 0xf7, 0xfe, 0xf9,
  0x96, 0xfb, 0xe2, 0xfd, 0x56, 0xff, 0x2c, 0x00, 0xf8, 0x00, 0xfe, 0x00,
  0xe0, 0x00, 0x9e, 0x00, 0x28, 0x00, 0x14, 0x00, 0x1a, 0x00, 0xa8, 0x00,
  0xc4, 0x01, 0x3a, 0x03, 0x84, 0x06, 0xf6, 0x08, 0x9c, 0x0a, 0x20, 0x0d,
  0xe2, 0x0e, 0x6a, 0x0f, 0x56, 0x0f, 0x24, 0x0e, 0xe2, 0x0b, 0x36, 0x09,
  0xea, 0x04, 0x7a, 0x00, 0xf2, 0xfb, 0xc4, 0xf7, 0x5c, 0xf4, 0x1c, 0xf1,
  0x76, 0xef, 0xce, 0xee, 0xfc, 0xee, 0x44, 0xf0, 0xdc, 0xf1, 0xb0, 0xf4,
  0xae, 0xf7, 0x12, 0xfa, 0xe8, 0xfc, 0x4a, 0xff, 0x08, 0x01, 0x8e, 0x02,
  0x4c, 0x03, 0x8e, 0x03, 0x8a, 0x03, 0x28, 0x03, 0x80, 0x02, 0x08, 0x02,
  0x44, 0x02, 0x7c, 0x02, 0x60, 0x03, 0x24, 0x06, 0x32, 0x08, 0xf2, 0x09,
  0x78, 0x0c, 0xfa, 0x0d, 0xf8, 0x0e, 0xe4, 0x0e, 0x94, 0x0d, 0x08, 0x0c,
  0x2e, 0x09, 0x3c, 0x05, 0x36, 0x01, 0x94, 0xfc, 0xa6, 0xf8, 0x26, 0xf5,
  0x18, 0xf2, 0x86, 0xf0, 0x9a, 0xef, 0xe6, 0xef, 0x24, 0xf1, 0xa8, 0xf2,
  0x72, 0xf5, 0x4c, 0xf8, 0xd0, 0xfa, 0x52, 0xfd, 0x72, 0xff, 0xca, 0x00,
  0xc2, 0x01, 0x26, 0x02, 0xcc, 0x01, 0x52, 0x01, 0xa6, 0x00, 0x06, 0x00,
  0x9e, 0xff, 0xe2, 0xff, 0x88, 0x00, 0xd8, 0x01, 0xb0, 0x04, 0x2a, 0x07,
  0x24, 0x09, 0xcc, 0x0b, 0x9c, 0x0d, 0x9c, 0x0e, 0xc2, 0x0e, 0xa6, 0x0d,
  0x6e, 0x0c, 0xee, 0x09, 0x4c, 0x06, 0xb0, 0x02, 0x6e, 0xfe, 0xc4, 0xfa,
  0x7e, 0xf7, 0x7a, 0xf4, 0xda, 0xf2, 0xb6, 0xf1, 0x98, 0xf1, 0x58, 0xf2,
  0x4a, 0xf3, 0x58, 0xf5, 0x98, 0xf7, 0xf2, 0xf9, 0x2a, 0xfc, 0x20, 0xfe,
  0xba, 0xff, 0xe6, 0x00, 0xb6, 0x01, 0xda, 0x01, 0xba, 0x01, 0x96, 0x01,
  0x4e, 0x01, 0x22, 0x01, 0x9c, 0x01, 0x3e, 0x02, 0x84, 0x03, 0x34, 0x06,
  0x72, 0x08, 0xb4, 0x0a, 0xa6, 0x0d, 0x20, 0x0f, 0x72, 0x10, 0xd8, 0x10,
  0xa0, 0x0f, 0x8a, 0x0e, 0xe6, 0x0b, 0xbe, 0x07, 0xc0, 0x03, 0xc0, 0xfe,
  0x30, 0xfa, 0x3e, 0xf6, 0x5c, 0xf2, 0x6a, 0xf0, 0x04, 0xef, 0xae, 0xee,
  0xcc, 0xef, 0x12, 0xf1, 0xa2, 0xf3, 0xa4, 0xf6, 0x82, 0xf9, 0x72, 0xfc,
  0xfe, 0xfe, 0xf4, 0x00, 0x0e, 0x02, 0xc2, 0x02, 0xa4, 0x02, 0xea, 0x01,
  0x44, 0x01, 0x5c, 0x00, 0x9c, 0xff, 0x8e, 0xff, 0xf0, 0xff, 0xf8, 0x00,
  0x3e, 0x03, 0x7a, 0x05, 0xdc, 0x07, 0xb6, 0x0a, 0x92, 0x0c, 0x2a, 0x0e,
  0xfe, 0x0e, 0x7a, 0x0e, 0xca, 0x0d, 0xd8, 0x0b, 0xaa, 0x08, 0x50, 0x05,
  0x2a, 0x01, 0x38, 0xfd, 0x60, 0xf9, 0xca, 0xf5, 0x72, 0xf3, 0x86, 0xf1,
  0x9c, 0xf0, 0xb4, 0xf0, 0x34, 0xf1, 0xc8, 0xf2, 0xd8, 0xf4, 0x1c, 0xf7,
  0x8e, 0xf9, 0xe4, 0xfb, 0xf4, 0xfd, 0x80, 0xff, 0xcc, 0x00, 0x8a, 0x01,
  0xce, 0x01, 0x12, 0x02, 0xca, 0x01, 0xa4, 0x01, 0xaa, 0x01, 0xda, 0x01,
  0x4e, 0x02, 0xb4, 0x03, 0x0a, 0x05, 0x5a, 0x06, 0xbe, 0x08, 0x64, 0x0a,
  0xd6, 0x0b, 0x2a, 0x0d, 0x44, 0x0d, 0x64, 0x0d, 0x80, 0x0c, 0x32, 0x0a,
  0xbc, 0x07, 0x58, 0x04, 0xaa, 0x00, 0xf8, 0xfc, 0x3e, 0xf9, 0x70, 0xf6,
  0xec, 0xf3, 0x28, 0xf2, 0x94, 0xf1, 0x7a, 0xf1, 0x5a, 0xf2, 0x06, 0xf4,
  0x0a, 0xf6, 0x52, 0xf8, 0xa8, 0xfa, 0xe0, 0xfc, 0x8e, 0xfe, 0x10, 0x00,
  0x1a, 0x01, 0x76, 0x01, 0xe4, 0x01, 0xce, 0x01, 0x8a, 0x01, 0x94, 0x01,
  0xb6, 0x01, 0xfc, 0x01, 0x00, 0x03, 0xa8, 0x04, 0xea, 0x05, 0x12, 0x08,
  0x82, 0x0a, 0xce, 0x0b, 0x7e, 0x0d, 0x2a, 0x0e, 0xd0, 0x0d, 0x9c, 0x0d,
  0x80, 0x0b, 0xac, 0x08, 0x9c, 0x05, 0x58, 0x01, 0x64, 0xfd, 0x44, 0xf9,
  0x7e, 0xf5, 0xe2, 0xf2, 0x7a, 0xf0, 0x76, 0xef, 0x7c, 0xef, 0xa6, 0xef,
  0x50, 0xf1, 0x74, 0xf3, 0xc8, 0xf5, 0x86, 0xf8, 0xf8, 0xfa, 0x62, 0xfd,
  0x3c, 0xff, 0xcc, 0x00, 0x08, 0x02, 0x9a, 0x02, 0x2c, 0x03, 0xc4, 0x02,
  0x9a, 0x02, 0xe6, 0x01, 0x54, 0x01, 0xfe, 0x00, 0x8a, 0x00, 0x14, 0x01,
  0x30, 0x01, 0xbc, 0x01, 0x3e, 0x03, 0x40, 0x04, 0x46, 0x05, 0x6c, 0x06,
  0x7e, 0x07, 0xc8, 0x08, 0xe8, 0x08, 0xa8, 0x08, 0x84, 0x08, 0x38, 0x07,
  0xaa, 0x05, 0xd6, 0x03, 0x88, 0x00, 0xac, 0xfe, 0x08, 0xfc, 0x14, 0xf9,
  0xd4, 0xf7, 0xca, 0xf5, 0xb0, 0xf4, 0xa4, 0xf4, 0x56, 0xf4, 0x36, 0xf5,
  0x20, 0xf6, 0x42, 0xf7, 0xfe, 0xf8, 0x34, 0xfa, 0xd8, 0xfb, 0x5a, 0xfd,
  0x6e, 0xfe, 0x74, 0xff, 0x5a, 0x00, 0x94, 0x00, 0x2a, 0x01, 0xac, 0x01,
  0xbe, 0x01, 0x26, 0x03, 0x20, 0x04, 0xd0, 0x04, 0x82, 0x06, 0x58, 0x08,
  0x5e, 0x09, 0x62, 0x0a, 0x78, 0x0b, 0x22, 0x0c, 0x48, 0x0c, 0x9a, 0x0b,
  0xd8, 0x0a, 0x4c, 0x09, 0x0e, 0x07, 0xd2, 0x04, 0xc6, 0x01, 0x8a, 0xfe,
  0xc6, 0xfb, 0xee, 0xf8, 0x3e, 0xf6, 0x98, 0xf4, 0x1e, 0xf3, 0x3a, 0xf2,
  0x54, 0xf2, 0x46, 0xf2, 0x78, 0xf3, 0xb0, 0xf4, 0x66, 0xf6, 0x82, 0xf8,
  0x40, 0xfa, 0xa6, 0xfc, 0xa6, 0xfe, 0x5a, 0x00, 0x14, 0x02, 0x66, 0x03,
  0x60, 0x04, 0xde, 0x04, 0x94, 0x05, 0xb4, 0x05, 0xc6, 0x05, 0xf4, 0x05,
  0xd2, 0x05, 0xa0, 0x05, 0xa2, 0x05, 0xd8, 0x05, 0x8c, 0x05, 0xc2, 0x05,
  0xae, 0x05, 0x2a, 0x06, 0x58, 0x06, 0xd4, 0x05, 0x14, 0x06, 0x94, 0x05,
  0x7a, 0x04, 0x80, 0x03, 0x2e, 0x02, 0x18, 0x00, 0x60, 0xfe, 0xc2, 0xfc,
  0xc8, 0xfa, 0xba, 0xf9, 0x78, 0xf8, 0xcc, 0xf7, 0xd4, 0xf7, 0x58, 0xf7,
  0x32, 0xf8, 0xfe, 0xf8, 0x04, 0xfa, 0x56, 0xfb, 0xea, 0xfa, 0x40, 0xfd,
  0xb0, 0xfd, 0x18, 0xfd, 0x64, 0x00, 0xd0, 0xff, 0x50, 0x00, 0x52, 0x02,
  0x30, 0x02, 0x72, 0x03, 0xd2, 0x03, 0x92, 0x04, 0x32, 0x07, 0xf6, 0x05,
  0xde, 0x07, 0x6e, 0x0b, 0x44, 0x08, 0x9a, 0x0a, 0xf4, 0x0b, 0x46, 0x0a,
  0x88, 0x0a, 0x54, 0x07, 0xca, 0x07, 0xe0, 0x04, 0xc8, 0xff, 0x1c, 0x00,
  0x0e, 0xfc, 0x3a, 0xf8, 0x6e, 0xf7, 0x1c, 0xf5, 0x76, 0xf4, 0x4e, 0xf3,
  0x7e, 0xf3, 0x1e, 0xf7, 0x26, 0xf6, 0x6a, 0xf8, 0xf4, 0xfc, 0x38, 0xfc,
  0x1a, 0xff, 0xda, 0x00, 0x20, 0x00, 0x34, 0x02, 0xa6, 0x00, 0xe0, 0x00,
  0x4e, 0x01, 0xb8, 0xfe, 0xcc, 0xff, 0x46, 0xff, 0x9e, 0xfe, 0x70, 0xff,
  0xfe, 0xff, 0xb8, 0x02, 0xe0, 0x01, 0xc0, 0x06, 0x6c, 0x09, 0x1c, 0x07,
  0x78, 0x0c, 0x56, 0x0c, 0xb6, 0x0b, 0x32, 0x0b, 0x08, 0x08, 0xac, 0x08,
  0x78, 0x02, 0x36, 0xff, 0x34, 0xfd, 0x18, 0xf6, 0x9e, 0xf4, 0x5c, 0xf1,
  0x4e, 0xef, 0x18, 0xf0, 0xa2, 0xee, 0x34, 0xf3, 0x00, 0xf6, 0x0a, 0xf7,
  0xf4, 0xfd, 0x94, 0xff, 0xd2, 0x01, 0xaa, 0x05, 0x2e, 0x04, 0xbc, 0x05,
  0xc2, 0x04, 0x9a, 0x03, 0xd8, 0x00, 0xa0, 0xfe, 0x4c, 0xfe, 0x14, 0xfc,
  0x34, 0xfb, 0xe0, 0xfb, 0x3a, 0xfd, 0xf0, 0x00, 0xb0, 0x00, 0x6a, 0x07,
  0x5a, 0x0d, 0xbe, 0x0a, 0x96, 0x11, 0x2c, 0x14, 0xce, 0x11, 0x6c, 0x10,
  0xcc, 0x0c, 0x3e, 0x0d, 0xec, 0x01, 0xe0, 0xfd, 0xee, 0xfb, 0xcc, 0xf0,
  0xb6, 0xee, 0x48, 0xec, 0xa2, 0xeb, 0xe8, 0xeb, 0x24, 0xeb, 0xa6, 0xf5,
  0xd2, 0xf6, 0xe2, 0xf8, 0x60, 0x03, 0x52, 0x03, 0x6c, 0x06, 0xba, 0x08,
  0x3c, 0x07, 0xec, 0x07, 0x66, 0x04, 0x98, 0x02, 0xe8, 0xfe, 0x6a, 0xfc,
  0xd8, 0xfb, 0x1c, 0xf8, 0xfe, 0xf9, 0x06, 0xfa, 0x82, 0xfd, 0xb4, 0x00,
  0x7a, 0x02, 0x36, 0x0d, 0xa0, 0x0b, 0xbc, 0x0d, 0x6a, 0x16, 0xa2, 0x11,
  0xf2, 0x10, 0x1a, 0x0e, 0x4c, 0x0b, 0x40, 0x07, 0x26, 0xfc, 0x12, 0xfc,
  0x18, 0xf5, 0x10, 0xed, 0xac, 0xec, 0xbe, 0xea, 0xd8, 0xeb, 0xbc, 0xea,
  0xf2, 0xf0, 0x68, 0xf7, 0x5a, 0xf7, 0x62, 0xff, 0x30, 0x04, 0xf2, 0x05,
  0xe6, 0x08, 0x24, 0x07, 0xfc, 0x08, 0xc4, 0x06, 0x5a, 0x01, 0x74, 0x01,
  0x96, 0xfc, 0x48, 0xfb, 0x1c, 0xf9, 0x58, 0xf8, 0xec, 0xfa, 0xf6, 0xfc,
  0x74, 0xfc, 0x3a, 0x04, 0xde, 0x0d, 0x08, 0x09, 0x5e, 0x0f, 0xe0, 0x18,
  0x00, 0x12, 0x90, 0x10, 0x62, 0x0f, 0xf4, 0x0d, 0x70, 0x05, 0xe0, 0xfb,
  0x4c, 0xfe, 0x0c, 0xf4, 0xb8, 0xeb, 0xb6, 0xed, 0x76, 0xec, 0xf6, 0xeb,
  0xf4, 0xeb, 0x74, 0xf5, 0x24, 0xfa, 0x54, 0xf9, 0x5a, 0x03, 0x94, 0x07,
  0x14, 0x07, 0x66, 0x09, 0x94, 0x08, 0x56, 0x08, 0x60, 0x04, 0x36, 0x00,
  0xf8, 0xff, 0x42, 0xfa, 0x1e, 0xf9, 0xb2, 0xf8, 0xf0, 0xf7, 0xe6, 0xf9,
  0xc6, 0xfd, 0x1a, 0xfe, 0xde, 0x04, 0x6e, 0x10, 0xe6, 0x0a, 0x20, 0x13,
  0xa6, 0x1a, 0xa6, 0x13, 0x16, 0x14, 0x4c, 0x0f, 0x5c, 0x0e, 0xe4, 0x04,
  0xea, 0xf9, 0x4e, 0xfd, 0x72, 0xf0, 0x76, 0xe9, 0x36, 0xec, 0x62, 0xe9,
  0x32, 0xe9, 0xd4, 0xea, 0xb6, 0xf3, 0xee, 0xf7, 0x34, 0xfa, 0xa0, 0x03,
  0xf6, 0x07, 0x2a, 0x09, 0x84, 0x0b, 0x08, 0x0c, 0x52, 0x0a, 0x0e, 0x06,
  0x36, 0x03, 0x7e, 0xff, 0xc2, 0xf9, 0x6a, 0xf8, 0x04, 0xf7, 0x00, 0xf5,
  0x90, 0xf7, 0xe6, 0xfc, 0x76, 0xfb, 0x7c, 0x04, 0x32, 0x11, 0x4c, 0x0b,
  0xc8, 0x14, 0x54, 0x1c, 0x3c, 0x16, 0x98, 0x15, 0x86, 0x10, 0x12, 0x10,
  0x38, 0x05, 0xcc, 0xf9, 0xbe, 0xfc, 0xfe, 0xef, 0x44, 0xe8, 0xae, 0xea,
  0xea, 0xe8, 0x70, 0xe8, 0x6c, 0xea, 0x8a, 0xf3, 0xb6, 0xf8, 0xe8, 0xfa,
  0xce, 0x03, 0x86, 0x0a, 0x68, 0x0a, 0x54, 0x0b, 0xf6, 0x0d, 0x7e, 0x0a,
  0x66, 0x05, 0xd4, 0x02, 0x92, 0xfe, 0x36, 0xf9, 0x8e, 0xf6, 0x44, 0xf6,
  0xb4, 0xf4, 0x8a, 0xf6, 0x88, 0xfc, 0x68, 0xfb, 0x1a, 0x05, 0xba, 0x11,
  0x4e, 0x0a, 0xc4, 0x15, 0xa0, 0x1c, 0x02, 0x14, 0xd6, 0x15, 0x10, 0x10,
  0x1a, 0x0e, 0xf6, 0x04, 0xee, 0xf7, 0x0e, 0xfc, 0x68, 0xef, 0x18, 0xe6,
  0xda, 0xeb, 0x68, 0xe8, 0xc6, 0xe7, 0x14, 0xec, 0xae, 0xf3, 0x78, 0xf9,
  0xae, 0xfb, 0x68, 0x04, 0x44, 0x0b, 0x26, 0x0a, 0x54, 0x0a, 0xae, 0x0d,
  0x2e, 0x0a, 0x92, 0x03, 0x70, 0x01, 0x5a, 0xfe, 0xa0, 0xf7, 0x06, 0xf5,
  0x32, 0xf6, 0x1a, 0xf4, 0xe6, 0xf5, 0x6a, 0xfc, 0x96, 0xfb, 0xd6, 0x05,
  0x64, 0x11, 0x60, 0x0b, 0xf2, 0x16, 0x58, 0x1c, 0xea, 0x14, 0xfe, 0x15,
  0xbe, 0x0f, 0xd2, 0x0d, 0x3e, 0x03, 0xfe, 0xf6, 0x08, 0xfa, 0xd6, 0xec,
  0x44, 0xe4, 0x94, 0xe9, 0x0c, 0xe6, 0x32, 0xe6, 0xea, 0xea, 0x7e, 0xf2,
  0x62, 0xf9, 0x14, 0xfb, 0xac, 0x04, 0x04, 0x0c, 0x24, 0x09, 0x40, 0x0b,
  0xac, 0x0d, 0x3e, 0x09, 0xda, 0x03, 0x7a, 0x00, 0x7a, 0xfd, 0xc4, 0xf7,
  0xc0, 0xf3, 0xe8, 0xf5, 0xe6, 0xf3, 0x1e, 0xf5, 0x88, 0xfc, 0x28, 0xfb,
  0xe2, 0x05, 0x68, 0x11, 0x4e, 0x0b, 0x24, 0x17, 0x8c, 0x1c, 0x12, 0x15,
  0x28, 0x16, 0x30, 0x10, 0xe8, 0x0d, 0x8e, 0x02, 0xf8, 0xf7, 0xb2, 0xf9,
  0x56, 0xec, 0xd0, 0xe5, 0x26, 0xe9, 0x22, 0xe6, 0x7e, 0xe7, 0x9c, 0xea,
  0xee, 0xf2, 0xc8, 0xf9, 0x68, 0xfb, 0x9e, 0x05, 0x12, 0x0c, 0xf2, 0x0a,
  0x22, 0x0c, 0x3c, 0x0e, 0x3c, 0x0b, 0x6e, 0x04, 0x32, 0x01, 0x3c, 0xfe,
  0x8e, 0xf7, 0x9e, 0xf4, 0x6e, 0xf4, 0x54, 0xf4, 0x34, 0xf5, 0xec, 0xfa,
  0xbc, 0xfc, 0xee, 0x05, 0x74, 0x0f, 0xe6, 0x0b, 0x58, 0x16, 0xce, 0x1a,
  0x4a, 0x14, 0xba, 0x15, 0xa8, 0x10, 0x36, 0x0d, 0x1a, 0x04, 0x7c, 0xfa,
  0xd6, 0xfa, 0x3e, 0xef, 0xf8, 0xe9, 0x2e, 0xec, 0x26, 0xe9, 0xfc, 0xea,
  0x82, 0xed, 0x88, 0xf4, 0x6a, 0xf9, 0xc4, 0xfb, 0x88, 0x04, 0x84, 0x08,
  0xc2, 0x08, 0xee, 0x09, 0x04, 0x0b, 0xf0, 0x08, 0x5c, 0x03, 0xda, 0x00,
  0x90, 0xfd, 0x4c, 0xf9, 0x34, 0xf6, 0x5e, 0xf5, 0xf2, 0xf5, 0x54, 0xf7,
  0x16, 0xfb, 0xc8, 0xfb, 0x3e, 0x06, 0x2e, 0x0d, 0xb4, 0x09, 0xa4, 0x14,
  0x96, 0x18, 0xc0, 0x13, 0xbe, 0x13, 0xec, 0x10, 0xcc, 0x0e, 0x32, 0x04,
  0xd4, 0xfc, 0xfa, 0xfc, 0x3e, 0xf1, 0xe4, 0xeb, 0xfc, 0xed, 0xbc, 0xea,
  0x72, 0xeb, 0xc2, 0xed, 0x3a, 0xf4, 0x1a, 0xf9, 0xb2, 0xf9, 0x38, 0x03,
  0xee, 0x07, 0xb6, 0x05, 0x74, 0x09, 0x7a, 0x0a, 0xe6, 0x07, 0x26, 0x04,
  0xd4, 0x00, 0x18, 0xff, 0x5a, 0xfa, 0x98, 0xf6, 0x96, 0xf7, 0x3a, 0xf6,
  0x8e, 0xf7, 0x9e, 0xfb, 0x62, 0xfb, 0xaa, 0x05, 0xbe, 0x0b, 0xfc, 0x08,
  0x70, 0x13, 0xd0, 0x16, 0x12, 0x13, 0x18, 0x13, 0x80, 0x10, 0xa8, 0x0e,
  0xa2, 0x05, 0xe0, 0xfd, 0x7a, 0xfd, 0xd8, 0xf3, 0xa6, 0xed, 0x32, 0xee,
  0x90, 0xeb, 0xe4, 0xeb, 0x06, 0xed, 0xf8, 0xf1, 0xa8, 0xf7, 0xf4, 0xf7,
  0x7a, 0xff, 0x5e, 0x05, 0xe6, 0x04, 0x5e, 0x08, 0xbe, 0x09, 0x4c, 0x09,
  0x4e, 0x07, 0x94, 0x03, 0x86, 0x03, 0x6e, 0xff, 0x34, 0xfb, 0x82, 0xfb,
  0xf6, 0xf8, 0xf8, 0xf8, 0x94, 0xfa, 0xe8, 0xf8, 0xf6, 0xfe, 0x32, 0x04,
  0x22, 0x02, 0x82, 0x08, 0x3a, 0x0e, 0xf2, 0x0c, 0x12, 0x0e, 0x52, 0x0e,
  0x3e, 0x0e, 0x30, 0x0a, 0xe6, 0x03, 0x82, 0x03, 0xae, 0xfd, 0x8e, 0xf6,
  0xda, 0xf5, 0xe4, 0xf1, 0x1c, 0xf0, 0xba, 0xef, 0x2e, 0xf0, 0x64, 0xf4,
  0x34, 0xf4, 0x2e, 0xf8, 0x62, 0xfe, 0xca, 0xfe, 0x1c, 0x02, 0x0c, 0x05,
  0xa0, 0x05, 0x94, 0x06, 0xd8, 0x04, 0xb6, 0x04, 0xca, 0x03, 0x54, 0x00,
  0x54, 0xff, 0xd8, 0xfd, 0xf6, 0xfb, 0x4a, 0xfc, 0x04, 0xfb, 0x92, 0xfb,
  0x78, 0xff, 0xe0, 0xff, 0x42, 0x01, 0xd8, 0x05, 0xb0, 0x07, 0xd2, 0x08,
  0xec, 0x09, 0x1c, 0x0b, 0xd2, 0x0b, 0xd8, 0x08, 0x58, 0x07, 0x44, 0x06,
  0x98, 0x01, 0xca, 0xfe, 0x32, 0xfc, 0xe4, 0xf8, 0x46, 0xf7, 0x1c, 0xf5,
  0x1e, 0xf5, 0x84, 0xf5, 0x16, 0xf5, 0x40, 0xf7, 0x30, 0xf9, 0x50, 0xfa,
  0x70, 0xfc, 0xa0, 0xfd, 0x62, 0xff, 0xba, 0xff, 0x88, 0xff, 0x1e, 0x00,
  0x6c, 0xff, 0x90, 0xfe, 0x70, 0xfe, 0x98, 0xfd, 0xd6, 0xfd, 0x6e, 0xfe,
  0x52, 0xfd, 0x8a, 0xff, 0x1a, 0x02, 0x5e, 0x01, 0x8a, 0x03, 0x2e, 0x06,
  0xbe, 0x06, 0x9a, 0x07, 0x1c, 0x08, 0xb6, 0x08, 0x9e, 0x08, 0x66, 0x06,
  0x70, 0x05, 0xda, 0x03, 0x5e, 0x00, 0x5e, 0xfe, 0xd8, 0xfb, 0x3c, 0xf9,
  0xb8, 0xf7, 0xf2, 0xf5, 0xa6, 0xf5, 0x7e, 0xf5, 0x98, 0xf5, 0x26, 0xf7,
  0x52, 0xf8, 0xb4, 0xf9, 0xb8, 0xfb, 0xe4, 0xfc, 0x58, 0xfe, 0x2c, 0xff,
  0x4c, 0xff, 0xac, 0xff, 0x40, 0xff, 0xb6, 0xfe, 0x96, 0xfe, 0xca, 0xfd,
  0x22, 0xfe, 0xba, 0xfe, 0x16, 0xfe, 0x24, 0x00, 0x00, 0x03, 0xcc, 0x03,
  0x3e, 0x06, 0x8e, 0x09, 0x5c, 0x0b, 0x7e, 0x0c, 0x76, 0x0d, 0xc2, 0x0d,
  0x90, 0x0d, 0x1a, 0x0b, 0xc0, 0x08, 0x78, 0x06, 0x16, 0x02, 0xaa, 0xfe,
  0x54, 0xfb, 0xb8, 0xf7, 0x90, 0xf5, 0x72, 0xf3, 0x96, 0xf2, 0xce, 0xf2,
  0x1a, 0xf3, 0xe0, 0xf4, 0xda, 0xf6, 0xc4, 0xf8, 0x64, 0xfb, 0x4a, 0xfd,
  0x0a, 0xff, 0x7c, 0x00, 0xd4, 0x00, 0x22, 0x01, 0xd8, 0x00, 0xfe, 0xff,
  0xd2, 0xfe, 0xee, 0xfd, 0x54, 0xfd, 0x1a, 0xfd, 0x2c, 0xfd, 0xdc, 0xfd,
  0x5e, 0x00, 0x9c, 0x02, 0x80, 0x04, 0xfc, 0x07, 0xea, 0x0a, 0x9c, 0x0c,
  0x54, 0x0e, 0xe6, 0x0e, 0xd6, 0x0e, 0xc2, 0x0d, 0xf4, 0x0a, 0x6c, 0x08,
  0xd4, 0x04, 0x76, 0x00, 0x12, 0xfd, 0x32, 0xf9, 0x18, 0xf6, 0x7e, 0xf4,
  0xfc, 0xf2, 0xfc, 0xf2, 0xda, 0xf3, 0xc8, 0xf4, 0x0e, 0xf7, 0x18, 0xf9,
  0x08, 0xfb, 0xbe, 0xfd, 0x3c, 0xff, 0x94, 0x00, 0x10, 0x02, 0x06, 0x02,
  0x10, 0x02, 0xc4, 0x01, 0x42, 0x00, 0x16, 0xff, 0xf6, 0xfd, 0xdc, 0xfc,
  0xba, 0xfc, 0xaa, 0xfc, 0x1e, 0xfd, 0x68, 0xff, 0x8c, 0x01, 0xda, 0x03,
  0x0e, 0x07, 0xc2, 0x09, 0xda, 0x0b, 0x50, 0x0d, 0x22, 0x0e, 0x0c, 0x0e,
  0x04, 0x0d, 0x5c, 0x0b, 0xc8, 0x08, 0xc2, 0x05, 0xf6, 0x01, 0x6c, 0xfe,
  0x26, 0xfb, 0xc0, 0xf7, 0xd0, 0xf5, 0x34, 0xf4, 0x4e, 0xf3, 0xe0, 0xf3,
  0x58, 0xf4, 0xae, 0xf5, 0xc0, 0xf7, 0xb8, 0xf9, 0x2a, 0xfc, 0x84, 0xfe,
  0x4c, 0x00, 0x34, 0x02, 0x76, 0x03, 0xde, 0x03, 0x34, 0x04, 0xcc, 0x03,
  0x86, 0x02, 0x4a, 0x01, 0x10, 0x00, 0x72, 0xfe, 0xbe, 0xfd, 0x2a, 0xfd,
  0xd8, 0xfc, 0x90, 0xfe, 0x72, 0x00, 0xf2, 0x01, 0x04, 0x05, 0x3c, 0x07,
  0xd8, 0x08, 0xe0, 0x0a, 0xac, 0x0b, 0xdc, 0x0b, 0xba, 0x0b, 0x64, 0x0a,
  0x8e, 0x08, 0x32, 0x06, 0xd0, 0x02, 0xc6, 0xff, 0xba, 0xfc, 0x86, 0xf9,
  0xb2, 0xf7, 0x1a, 0xf6, 0x1c, 0xf5, 0x90, 0xf5, 0xf0, 0xf5, 0x04, 0xf7,
  0xd4, 0xf8, 0x88, 0xfa, 0xbc, 0xfc, 0xe4, 0xfe, 0x9e, 0x00, 0x48, 0x02,
  0x8a, 0x03, 0x18, 0x04, 0x72, 0x04, 0x58, 0x04, 0x82, 0x03, 0x4c, 0x02,
  0xc8, 0x00, 0x36, 0xff, 0xd8, 0xfd, 0x96, 0xfc, 0xac, 0xfb, 0xae, 0xfb,
  0x0a, 0xfd, 0x6c, 0xfe, 0x34, 0x00, 0x20, 0x03, 0x00, 0x05, 0xce, 0x06,
  0x06, 0x09, 0xb6, 0x09, 0x3c, 0x0a, 0x6e, 0x0a, 0x38, 0x09, 0xe2, 0x07,
  0xc6, 0x05, 0xe0, 0x02, 0x6a, 0x00, 0x90, 0xfd, 0xe0, 0xfa, 0x4c, 0xf9,
  0xb8, 0xf7, 0xe6, 0xf6, 0x96, 0xf6, 0x36, 0xf7, 0x96, 0xf8, 0x02, 0xfa,
  0x56, 0xfc, 0x8e, 0xfe, 0x84, 0x00, 0xdc, 0x02, 0x5c, 0x04, 0x82, 0x05,
  0x6e, 0x06, 0x52, 0x06, 0xf8, 0x05, 0x1a, 0x05, 0x9a, 0x03, 0x42, 0x02,
  0xde, 0xff, 0xf6, 0xfd, 0x9a, 0xfc, 0xda, 0xfa, 0x36, 0xfa, 0xe0, 0xf9,
  0x2c, 0xfa, 0x0e, 0xfc, 0x50, 0xfd, 0x4a, 0xff, 0x92, 0x01, 0x88, 0x03,
  0x56, 0x06, 0xd0, 0x07, 0xd2, 0x08, 0xc4, 0x09, 0xfc, 0x08, 0x10, 0x08,
  0x84, 0x06, 0xfa, 0x03, 0xf2, 0x01, 0x44, 0xff, 0xde, 0xfc, 0x60, 0xfb,
  0xbe, 0xf9, 0x58, 0xf8, 0x6c, 0xf7, 0x84, 0xf7, 0x82, 0xf7, 0x2c, 0xf8,
  0xe4, 0xf9, 0x3c, 0xfb, 0x70, 0xfd, 0x14, 0x00, 0xf0, 0x01, 0x24, 0x04,
  0xca, 0x05, 0x6c, 0x06, 0xea, 0x06, 0x54, 0x06, 0x32, 0x05, 0xf4, 0x03,
  0xca, 0x01, 0x5a, 0xff, 0xb2, 0xfd, 0x00, 0xfc, 0xb6, 0xf9, 0x54, 0xf8,
  0x6c, 0xf8, 0x10, 0xf8, 0xb6, 0xf8, 0x8e, 0xfa, 0xea, 0xfb, 0x08, 0xff,
  0xcc, 0x01, 0x0c, 0x04, 0x9a, 0x06, 0x44, 0x08, 0x06, 0x09, 0x96, 0x09,
  0x9c, 0x08, 0x04, 0x07, 0x42, 0x05, 0x6a, 0x02, 0x62, 0xff, 0x1e, 0xfd,
  0x4e, 0xfa, 0x98, 0xf7, 0x08, 0xf6, 0xb6, 0xf5, 0xaa, 0xf5, 0x90, 0xf6,
  0x42, 0xf8, 0x54, 0xfa, 0xe4, 0xfd, 0x04, 0x01, 0x02, 0x04, 0xe0, 0x06,
  0xfa, 0x08, 0x2c, 0x0a, 0xb6, 0x0a, 0xe6, 0x09, 0x40, 0x08, 0x34, 0x06,
  0xd4, 0x03, 0x90, 0x00, 0xf4, 0xfd, 0x50, 0xfb, 0x1a, 0xf8, 0x5a, 0xf6,
  0x1e, 0xf5, 0x40, 0xf5, 0xac, 0xf6, 0xf8, 0xf7, 0xd6, 0xfa, 0xae, 0xfe,
  0x00, 0x03, 0x00, 0x06, 0xf6, 0x07, 0xa6, 0x0b, 0x3c, 0x0c, 0x1a, 0x0b,
  0x36, 0x0a, 0x24, 0x07, 0xa8, 0x04, 0x78, 0x01, 0xe0, 0xfc, 0xc2, 0xfa,
  0x70, 0xf8, 0xc4, 0xf5, 0x86, 0xf5, 0x28, 0xf5, 0x7c, 0xf6, 0x06, 0xf9,
  0xaa, 0xfa, 0x12, 0xfe, 0xda, 0x01, 0xe4, 0x02, 0xa2, 0x05, 0xa2, 0x07,
  0x52, 0x07, 0xe2, 0x07, 0xb2, 0x06, 0xfe, 0x04, 0x86, 0x03, 0xba, 0x00,
  0xe6, 0xfe, 0xde, 0xfc, 0xe6, 0xfa, 0x2a, 0xfa, 0xb4, 0xf8, 0xee, 0xf9,
  0xa6, 0xfa, 0x10, 0xfc, 0x86, 0xfe, 0x6e, 0xff, 0xd8, 0x01, 0x20, 0x04,
  0xca, 0x03, 0x1c, 0x05, 0x94, 0x05, 0x76, 0x04, 0x48, 0x04, 0xba, 0x02,
  0xee, 0x00, 0xea, 0xff, 0xce, 0xfa, 0x82, 0xfa, 0x08, 0xfc, 0xda, 0xf9,
  0xf4, 0xfa, 0x86, 0xfc, 0x62, 0xfe, 0x28, 0x01, 0xb0, 0xfd, 0x1e, 0x03,
  0xde, 0x09, 0xde, 0x04, 0xa2, 0x04, 0xf8, 0x05, 0xca, 0x04, 0xbc, 0x03,
  0xca, 0xfa, 0xc2, 0xfd, 0x10, 0x01, 0x14, 0xfa, 0xce, 0xfa, 0x9c, 0xfb,
  0xb0, 0xfd, 0x6c, 0x00, 0x60, 0xf9, 0x10, 0xfd, 0x1c, 0x00, 0x2e, 0xfd,
  0x52, 0xff, 0x8c, 0xfd, 0xc8, 0x00, 0x7e, 0x04, 0xd6, 0xff, 0x50, 0x01,
  0x90, 0x03, 0x24, 0x02, 0xcc, 0x01, 0x98, 0xfe, 0xf2, 0xff, 0x80, 0x01,
  0xb4, 0xfd, 0xaa, 0xfd, 0xc0, 0xfe, 0x1a, 0xff, 0x86, 0xff, 0x66, 0xfd,
  0xfe, 0xfe, 0xc4, 0x00, 0x74, 0xff, 0xbc, 0xff, 0x04, 0x00, 0xae, 0x01,
  0xaa, 0x02, 0x36, 0x00, 0x34, 0x00, 0x30, 0x01, 0x7c, 0x00, 0x6c, 0xff,
  0xcc, 0xfd, 0x78, 0xff, 0xdc, 0x00, 0xf4, 0xfe, 0x2a, 0xff, 0x34, 0x00,
  0xea, 0x00, 0xc6, 0x00, 0xbe, 0xfe, 0x70, 0xff, 0x38, 0x00, 0x32, 0xff,
  0x22, 0xff, 0xf8, 0xfe, 0x68, 0x03, 0x9c, 0x01, 0x0e, 0xfe, 0x60, 0x01,
  0xfe, 0x03, 0x4e, 0x02, 0x14, 0xff, 0x7e, 0xfe, 0xda, 0x01, 0x3c, 0x01,
  0x70, 0xfd, 0x02, 0xfe, 0x42, 0x00, 0x5e, 0xfe, 0x2e, 0xfd, 0x24, 0xfb,
  0x1c, 0xfd, 0x22, 0x00, 0x04, 0xfe, 0xf4, 0xfb, 0xd8, 0xfe, 0xe6, 0x07,
  0x44, 0x04, 0xbe, 0xfd, 0xa2, 0x02, 0x82, 0x06, 0x58, 0x03, 0xae, 0xfa,
  0x1a, 0xfa, 0xde, 0x01, 0x28, 0x00, 0x82, 0xfa, 0xde, 0xfc, 0x78, 0x02,
  0xda, 0x05, 0x32, 0xff, 0xec, 0xf6, 0x20, 0xfc, 0xa6, 0x00, 0xb0, 0xfd,
  0x98, 0xfa, 0x50, 0xfd, 0x22, 0x06, 0x42, 0x05, 0xf6, 0xfd, 0x1c, 0xff,
  0x52, 0x03, 0x9c, 0x02, 0x74, 0xfc, 0x60, 0xfa, 0x6a, 0x00, 0x96, 0x02,
  0xec, 0xfe, 0xec, 0xfd, 0xce, 0x00, 0x9e, 0x03, 0x72, 0x00, 0x0e, 0xfb,
  0xec, 0xfc, 0xaa, 0x00, 0xec, 0xff, 0xde, 0xfc, 0xd2, 0xfd, 0xfe, 0x03,
  0xec, 0x03, 0xb4, 0xfe, 0xdc, 0xfe, 0x1a, 0x02, 0x26, 0x02, 0xa6, 0xfd,
  0xe8, 0xfb, 0x40, 0x00, 0x0a, 0x02, 0x70, 0xff, 0x78, 0xfe, 0x54, 0x00,
  0x1a, 0x02, 0x3e, 0x00, 0x04, 0xfd, 0x06, 0xfe, 0x96, 0xfe, 0xa2, 0xfe,
  0x5a, 0xfe, 0x88, 0xfe, 0x8c, 0x00, 0x1c, 0x01, 0x7a, 0x00, 0x34, 0x00,
  0xb0, 0xfb, 0xfc, 0x00, 0x6c, 0x0d, 0x72, 0x05, 0x5c, 0xfa, 0x3c, 0xfe,
  0x9a, 0x03, 0xac, 0x01, 0xec, 0xf9, 0xd2, 0xf5, 0xe0, 0xff, 0xba, 0x06,
  0xee, 0x00, 0xf8, 0xfc, 0xba, 0x00, 0xc0, 0x05, 0x7a, 0x02, 0xe4, 0xfa,
  0x86, 0xf7, 0xf2, 0xfd, 0x9a, 0x03, 0x5a, 0xff, 0x90, 0xfc, 0xae, 0x05,
  0x3a, 0x09, 0x48, 0x01, 0xc6, 0xfb, 0xb4, 0xfd, 0x92, 0x01, 0x70, 0xff,
  0x1e, 0xfb, 0x94, 0xf9, 0xcc, 0xff, 0x6a, 0x05, 0x4a, 0x01, 0xc6, 0xfd,
  0xc0, 0x00, 0x9a, 0x03, 0x2a, 0x01, 0x2a, 0xfc, 0xb2, 0xfc, 0x4c, 0x00,
  0xbc, 0x01, 0xa4, 0x01, 0xca, 0xff, 0x5a, 0x00, 0x8e, 0x02, 0xec, 0x00,
  0x46, 0xfe, 0x12, 0xfe, 0xee, 0xfe, 0xd2, 0xff, 0xd4, 0xff, 0x5e, 0xf8,
  0x96, 0xfa, 0xd4, 0x0a, 0x06, 0x10, 0xea, 0xfc, 0x26, 0xf5, 0x90, 0xfe,
  0x14, 0x03, 0xfa, 0xfd, 0x02, 0xf6, 0x48, 0xfc, 0x4e, 0x0c, 0x56, 0x0a,
  0xba, 0xfd, 0x02, 0xfc, 0x66, 0x02, 0x16, 0x04, 0xec, 0xfb, 0x44, 0xf6,
  0xc0, 0xfa, 0xda, 0x02, 0x54, 0x04, 0x20, 0xff, 0x26, 0xff, 0x94, 0x04,
  0xce, 0x04, 0xba, 0xfe, 0x9e, 0xfa, 0x5c, 0xfd, 0xb8, 0x00, 0x32, 0x00,
  0x9a, 0xff, 0xbc, 0x00, 0xf4, 0x02, 0x28, 0x03, 0xe4, 0xff, 0x04, 0xfe,
  0x02, 0xff, 0x0e, 0xff, 0x28, 0xfe, 0x84, 0xfe, 0x76, 0x01, 0xfa, 0x02,
  0x18, 0x00, 0x56, 0xfd, 0xe4, 0xf9, 0x28, 0xfc, 0xfe, 0xfd, 0x7a, 0xfc,
  0xe8, 0xff, 0x70, 0x09, 0xf2, 0x10, 0x9a, 0x03, 0x84, 0xf8, 0xf6, 0xfc,
  0x32, 0xff, 0x06, 0xfc, 0x6e, 0xf7, 0x62, 0xfa, 0x06, 0x06, 0xba, 0x0e,
  0xbc, 0x07, 0x12, 0xff, 0xee, 0xff, 0x96, 0x01, 0x50, 0xfd, 0x84, 0xef,
  0xfc, 0xf0, 0x02, 0x02, 0x2a, 0x08, 0x26, 0x04, 0x1c, 0x02, 0x70, 0x06,
  0xf2, 0x09, 0x00, 0x01, 0xce, 0xf5, 0xae, 0xf6, 0x88, 0xfd, 0x38, 0xf9,
  0x92, 0xf7, 0xcc, 0xff, 0x1c, 0x08, 0x48, 0x0b, 0xbc, 0x04, 0x0a, 0xfe,
  0xa8, 0xfe, 0xe6, 0xfb, 0x88, 0xf7, 0xec, 0xf6, 0x7c, 0xfa, 0xb6, 0x03,
  0xa0, 0x0a, 0xe4, 0x04, 0x9a, 0x05, 0xee, 0x0e, 0x5e, 0x07, 0x06, 0xfa,
  0x20, 0xf5, 0x6a, 0xf7, 0x84, 0xfe, 0x16, 0xfe, 0x7a, 0xfe, 0xf4, 0x05,
  0x16, 0x0a, 0xa8, 0x07, 0xbc, 0xfb, 0xf0, 0xf5, 0x3a, 0xfb, 0x0a, 0xf7,
  0x98, 0xf0, 0xb4, 0xf7, 0x98, 0x03, 0xd8, 0x0b, 0x3a, 0x0b, 0x26, 0x04,
  0x88, 0x03, 0xc2, 0x02, 0xd2, 0xfb, 0x70, 0xf4, 0xf0, 0xed, 0x18, 0xf6,
  0xdc, 0x03, 0xd8, 0x05, 0x88, 0x06, 0x68, 0x08, 0x8c, 0x0d, 0x1a, 0x09,
  0xb2, 0xf7, 0x6e, 0xf0, 0x9c, 0xf5, 0x04, 0xfa, 0xf0, 0xf8, 0x42, 0xfd,
  0x18, 0x00, 0x38, 0x12, 0x34, 0x1c, 0xb2, 0x07, 0xb4, 0xfa, 0x42, 0xfa,
  0xfe, 0xf8, 0x36, 0xf7, 0xaa, 0xf1, 0xfc, 0xf8, 0x2e, 0x0a, 0x30, 0x0e,
  0x4e, 0x08, 0xba, 0xff, 0xee, 0xfb, 0x92, 0xfe, 0xc0, 0xf5, 0xe2, 0xea,
  0xbc, 0xf3, 0xe8, 0x02, 0x9c, 0x0a, 0xf8, 0x09, 0xb0, 0x05, 0xb4, 0x07,
  0x20, 0x07, 0xfa, 0xfc, 0x86, 0xf4, 0xbc, 0xf0, 0x2a, 0xf8, 0x00, 0x01,
  0x26, 0x02, 0x14, 0x04, 0x58, 0x06, 0xa0, 0x0a, 0x34, 0x05, 0x5c, 0xf8,
  0xec, 0xf0, 0x18, 0xf5, 0xc0, 0xf8, 0x00, 0xfb, 0x1e, 0xfd, 0x82, 0x01,
  0x5c, 0x1a, 0x8c, 0x20, 0x4a, 0x04, 0x0c, 0xf7, 0x90, 0xf8, 0x0a, 0xf8,
  0xf6, 0xf4, 0x5c, 0xf0, 0x58, 0xfb, 0xa8, 0x0e, 0xee, 0x10, 0x40, 0x05,
  0xa6, 0xfb, 0x7a, 0xfc, 0xda, 0xfc, 0x08, 0xf0, 0xe0, 0xe9, 0x06, 0xf8,
  0x54, 0x0c, 0x6a, 0x11, 0xa2, 0x08, 0xe6, 0x04, 0x72, 0x07, 0x18, 0x04,
  0x8a, 0xf5, 0xcc, 0xea, 0xbe, 0xf2, 0xe4, 0x00, 0x2c, 0x05, 0xdc, 0x03,
  0xd4, 0x06, 0x62, 0x08, 0xb4, 0x04, 0xce, 0xf9, 0xd6, 0xf1, 0x48, 0xf3,
  0x72, 0xf7, 0x4a, 0xfc, 0xb2, 0x03, 0x5e, 0x02, 0x82, 0x13, 0x00, 0x29,
  0x66, 0x11, 0x06, 0xf8, 0x54, 0xf6, 0xea, 0xf6, 0xe6, 0xf6, 0xec, 0xef,
  0x60, 0xf3, 0xd4, 0x09, 0xcc, 0x14, 0x00, 0x0a, 0xc4, 0xfa, 0xf6, 0xf7,
  0xc0, 0xfe, 0x58, 0xf5, 0xde, 0xe6, 0x14, 0xf0, 0x62, 0x06, 0xca, 0x12,
  0x00, 0x0d, 0x56, 0x04, 0x6e, 0x06, 0xf2, 0x07, 0x34, 0xfa, 0x38, 0xea,
  0xa6, 0xed, 0xe0, 0xfd, 0x26, 0x06, 0x98, 0x04, 0x36, 0x05, 0x90, 0x07,
  0x74, 0x05, 0x00, 0xfb, 0xbe, 0xef, 0xca, 0xef, 0x02, 0xf6, 0xe6, 0xfc,
  0xf4, 0x03, 0xca, 0x01, 0x4e, 0x13, 0x22, 0x2d, 0x02, 0x16, 0xd2, 0xf7,
  0xcc, 0xf4, 0xf6, 0xf5, 0x28, 0xf6, 0x02, 0xef, 0x24, 0xf1, 0x16, 0x09,
  0xde, 0x16, 0x4c, 0x0b, 0x34, 0xfd, 0x40, 0xf8, 0x02, 0xfb, 0x56, 0xf3,
  0xf6, 0xe5, 0xc4, 0xeb, 0xd6, 0x02, 0x3e, 0x12, 0x72, 0x0e, 0x80, 0x07,
  0xb4, 0x08, 0x10, 0x08, 0x9e, 0xfa, 0x7a, 0xea, 0xa4, 0xec, 0xc2, 0xfc,
  0x3e, 0x05, 0xee, 0x04, 0xd4, 0x06, 0xf2, 0x08, 0x70, 0x05, 0x5e, 0xfa,
  0xf4, 0xee, 0xf6, 0xeb, 0x72, 0xf1, 0x68, 0xfb, 0xce, 0x03, 0x82, 0x00,
  0xe2, 0x10, 0x3e, 0x2e, 0x7a, 0x1b, 0x82, 0xfb, 0xf0, 0xf6, 0xc8, 0xf6,
  0xa6, 0xf4, 0x1e, 0xee, 0x00, 0xf0, 0x02, 0x0a, 0x86, 0x1a, 0x24, 0x0e,
  0xb2, 0xfe, 0x10, 0xf9, 0x76, 0xfa, 0x94, 0xf1, 0x5c, 0xe3, 0xc6, 0xe9,
  0x84, 0xff, 0x50, 0x0f, 0xd6, 0x0e, 0xb0, 0x08, 0x18, 0x0a, 0xf8, 0x08,
  0xce, 0xfc, 0x06, 0xee, 0x7a, 0xee, 0x68, 0xfa, 0x32, 0x01, 0x42, 0x03,
  0x9a, 0x06, 0xc0, 0x08, 0x46, 0x05, 0x80, 0xfb, 0x7e, 0xf1, 0x38, 0xee,
  0x64, 0xf1, 0x62, 0xfa, 0x24, 0x03, 0x40, 0x01, 0x02, 0x0e, 0x9c, 0x2c,
  0x08, 0x1f, 0x08, 0xfe, 0x76, 0xfa, 0x6a, 0xf9, 0x10, 0xf2, 0xfc, 0xeb,
  0x4a, 0xed, 0x44, 0x04, 0x36, 0x19, 0x02, 0x11, 0x3e, 0x03, 0x48, 0x00,
  0x48, 0xfe, 0xc2, 0xf0, 0x54, 0xe2, 0x5e, 0xe8, 0x78, 0xfc, 0x04, 0x0c,
  0xdc, 0x0d, 0x50, 0x0b, 0x82, 0x0e, 0x9a, 0x0b, 0x10, 0xfd, 0xf4, 0xed,
  0xa8, 0xed, 0xb8, 0xf7, 0x0c, 0xfe, 0x06, 0x02, 0xf8, 0x07, 0x0e, 0x0b,
  0xd4, 0x06, 0x9a, 0xfc, 0x6a, 0xf2, 0x2c, 0xee, 0x14, 0xf0, 0x5a, 0xf8,
  0x54, 0x02, 0xd8, 0x02, 0xa4, 0x0c, 0x20, 0x2a, 0x88, 0x20, 0x40, 0x02,
  0x46, 0x00, 0xc0, 0xff, 0xc0, 0xf4, 0x2a, 0xec, 0x78, 0xee, 0xd4, 0x01,
  0x02, 0x12, 0xb4, 0x0c, 0x06, 0x02, 0x1e, 0x01, 0x2a, 0x00, 0x18, 0xf1,
  0xf8, 0xe3, 0xf6, 0xe8, 0x32, 0xf9, 0x80, 0x04, 0x16, 0x07, 0x02, 0x0b,
  0x90, 0x10, 0x40, 0x0d, 0xf0, 0xff, 0xe4, 0xf2, 0x40, 0xf2, 0x22, 0xf8,
  0x62, 0xfa, 0xc0, 0xfb, 0x8e, 0x03, 0x0c, 0x0a, 0x78, 0x05, 0xda, 0xfc,
  0xca, 0xf6, 0x38, 0xf3, 0xf4, 0xf1, 0x0a, 0xf7, 0x34, 0x00, 0xc8, 0x00,
  0xec, 0x0a, 0x80, 0x2b, 0x80, 0x24, 0xfe, 0x05, 0xd8, 0x03, 0xea, 0x00,
  0x94, 0xf2, 0xec, 0xe8, 0x94, 0xea, 0x7a, 0xfe, 0x12, 0x0f, 0x78, 0x0b,
  0xe4, 0x07, 0x42, 0x0a, 0x8c, 0x04, 0x8e, 0xf2, 0x3e, 0xe5, 0x16, 0xe6,
  0xfe, 0xed, 0x78, 0xf8, 0x84, 0x01, 0x0a, 0x08, 0x90, 0x10, 0x8a, 0x11,
  0x9c, 0x05, 0x28, 0xfa, 0xe6, 0xf6, 0xaa, 0xf6, 0x70, 0xf6, 0x86, 0xf9,
  0xf6, 0xfe, 0xc2, 0x04, 0xda, 0x05, 0x8e, 0x00, 0x34, 0xfb, 0x90, 0xf7,
  0x44, 0xf4, 0x60, 0xf6, 0xf4, 0x00, 0xbc, 0x01, 0x96, 0x08, 0xe8, 0x24,
  0x32, 0x21, 0x12, 0x08, 0x52, 0x06, 0x24, 0x02, 0x5e, 0xf3, 0x5e, 0xea,
  0x54, 0xec, 0x1a, 0xfc, 0x42, 0x0a, 0xea, 0x06, 0x54, 0x04, 0xc0, 0x08,
  0xa2, 0x03, 0xd2, 0xf3, 0x52, 0xe9, 0x4a, 0xea, 0xcc, 0xf0, 0xd0, 0xf5,
  0xf4, 0xfc, 0x8c, 0x06, 0x38, 0x0e, 0xe2, 0x0e, 0x06, 0x07, 0x02, 0x00,
  0x16, 0xfd, 0xe4, 0xf8, 0xfe, 0xf7, 0x7c, 0xfa, 0xca, 0xfc, 0x98, 0x02,
  0xd2, 0x03, 0x06, 0x00, 0xd2, 0xfb, 0x44, 0xf7, 0xa2, 0xf5, 0x9c, 0xf7,
  0x72, 0xff, 0x5e, 0xff, 0x3a, 0x07, 0xd4, 0x23, 0xaa, 0x20, 0xa2, 0x0b,
  0xa2, 0x0d, 0xc4, 0x08, 0xbe, 0xf7, 0x8c, 0xeb, 0x88, 0xea, 0xd4, 0xf8,
  0x28, 0x02, 0x1a, 0xfe, 0xa2, 0x04, 0x22, 0x0e, 0x78, 0x06, 0xb6, 0xf9,
  0xac, 0xf1, 0x3e, 0xee, 0x84, 0xed, 0xfa, 0xee, 0xf2, 0xf8, 0xea, 0x04,
  0x2c, 0x0c, 0x5a, 0x0f, 0x42, 0x0c, 0x80, 0x06, 0x78, 0xff, 0x44, 0xf7,
  0xe4, 0xf5, 0xb2, 0xf7, 0x58, 0xf8, 0x4a, 0xfe, 0x4e, 0x03, 0x7a, 0x03,
  0x70, 0xff, 0xc8, 0xf9, 0xb4, 0xf7, 0x14, 0xf8, 0xd6, 0xfd, 0x62, 0xfe,
  0xf4, 0x06, 0xe6, 0x21, 0x7e, 0x1e, 0xe2, 0x0d, 0x86, 0x12, 0xc4, 0x0b,
  0xcc, 0xf9, 0x70, 0xed, 0x8e, 0xeb, 0x2c, 0xf7, 0x2c, 0xfb, 0x0e, 0xf8,
  0xbc, 0x03, 0x40, 0x0d, 0xf4, 0x04, 0xbc, 0xfd, 0xf8, 0xf9, 0x42, 0xf4,
  0xd4, 0xee, 0x8e, 0xed, 0xee, 0xf6, 0xc2, 0xfe, 0xa2, 0x00, 0x4c, 0x09,
  0xd8, 0x0d, 0x94, 0x09, 0xe4, 0x03, 0x2a, 0xfe, 0x76, 0xfd, 0x98, 0xfa,
  0x58, 0xf5, 0xbc, 0xf9, 0x98, 0xff, 0x06, 0x00, 0xd2, 0xfa, 0xcc, 0xf8,
  0xd0, 0xfb, 0x78, 0xfb, 0xc8, 0xfe, 0xd2, 0xfe, 0x60, 0x07, 0x3a, 0x20,
  0xc8, 0x1a, 0x7a, 0x0b, 0x14, 0x13, 0x8a, 0x0d, 0x36, 0xfb, 0x98, 0xef,
  0x7c, 0xee, 0x80, 0xf8, 0xb8, 0xf7, 0x58, 0xf5, 0xbc, 0x04, 0xe4, 0x0c,
  0xbc, 0x04, 0x2a, 0x01, 0xcc, 0xff, 0x62, 0xf8, 0xdc, 0xf0, 0x0e, 0xee,
  0xfa, 0xf4, 0x1e, 0xf9, 0xca, 0xf9, 0xa2, 0x04, 0x7c, 0x0b, 0x9e, 0x07,
  0x60, 0x04, 0xb4, 0x04, 0x12, 0x04, 0x6a, 0xfe, 0x32, 0xf9, 0xf6, 0xfb,
  0x1c, 0xff, 0xd6, 0xfb, 0x2e, 0xf6, 0x3a, 0xf8, 0x70, 0xfb, 0xea, 0xfa,
  0x56, 0xff, 0x8e, 0xff, 0x8c, 0x0d, 0x4a, 0x20, 0x14, 0x13, 0x34, 0x0e,
  0xea, 0x17, 0xda, 0x09, 0x82, 0xf7, 0x6a, 0xf0, 0x56, 0xf1, 0xc2, 0xf5,
  0x3e, 0xf1, 0xce, 0xf5, 0x5c, 0x07, 0x24, 0x09, 0x2e, 0x02, 0x00, 0x04,
  0xb2, 0x01, 0x0e, 0xf9, 0xb6, 0xf1, 0xf2, 0xf1, 0x6e, 0xf8, 0x80, 0xf7,
  0xec, 0xfa, 0x36, 0x07, 0xec, 0x09, 0x74, 0x06, 0x40, 0x08, 0xfe, 0x09,
  0x4e, 0x06, 0xd6, 0xfe, 0xe8, 0xfa, 0x32, 0xfc, 0x6c, 0xfa, 0x88, 0xf3,
  0x7c, 0xf1, 0xda, 0xf8, 0xe4, 0xf9, 0xe0, 0xfc, 0xc8, 0x02, 0x2c, 0x07,
  0xb8, 0x1b, 0xb6, 0x1c, 0xd8, 0x0d, 0xb2, 0x17, 0x30, 0x15, 0x1c, 0x00,
  0xc2, 0xf4, 0x2e, 0xf1, 0xd0, 0xf2, 0xe0, 0xee, 0x6a, 0xeb, 0xb8, 0xfa,
  0x22, 0x06, 0xe2, 0x02, 0xe2, 0x05, 0x08, 0x0b, 0x96, 0x05, 0xf0, 0xfd,
  0x86, 0xf8, 0x2a, 0xf9, 0xac, 0xf6, 0xfa, 0xf1, 0xd4, 0xf8, 0x90, 0xff,
  0x76, 0xfe, 0x4c, 0x01, 0x4e, 0x08, 0xbc, 0x0a, 0xac, 0x06, 0x4e, 0x02,
  0xe0, 0x01, 0x58, 0x00, 0xc4, 0xf8, 0x56, 0xf1, 0xba, 0xf3, 0x3c, 0xf7,
  0xba, 0xf6, 0xd6, 0xfb, 0xda, 0x00, 0x44, 0x13, 0x76, 0x1b, 0x22, 0x0f,
  0x34, 0x1b, 0x3e, 0x1f, 0x76, 0x0b, 0x58, 0x01, 0xb2, 0xfb, 0x50, 0xf7,
  0xb2, 0xef, 0x2e, 0xe7, 0xde, 0xec, 0x98, 0xf7, 0x7e, 0xf6, 0x7c, 0xf9,
  0xac, 0x05, 0x9a, 0x07, 0x6e, 0x04, 0x44, 0x07, 0xf4, 0x07, 0xe6, 0x03,
  0x14, 0xfe, 0x78, 0xfa, 0xe2, 0xfb, 0x2a, 0xf8, 0x26, 0xf5, 0x66, 0xfb,
  0x24, 0x00, 0x0e, 0x00, 0x8c, 0x00, 0xd6, 0x03, 0x04, 0x06, 0x80, 0x01,
  0xf8, 0xfa, 0x48, 0xfb, 0x94, 0xfb, 0x46, 0xf9, 0x62, 0xf8, 0x1a, 0xfa,
  0x0c, 0x0a, 0xcc, 0x12, 0x74, 0x08, 0xcc, 0x13, 0x5e, 0x1c, 0x92, 0x13,
  0xca, 0x09, 0xe4, 0x02, 0x98, 0x03, 0x52, 0xfb, 0x8c, 0xed, 0x2c, 0xef,
  0xa8, 0xf3, 0x5e, 0xef, 0xbc, 0xef, 0x34, 0xf8, 0xec, 0xfc, 0x70, 0xfe,
  0xf8, 0x02, 0x90, 0x07, 0x10, 0x09, 0x16, 0x06, 0xaa, 0x03, 0x50, 0x04,
  0x92, 0xff, 0x06, 0xfb, 0x72, 0xfc, 0xa6, 0xfc, 0x12, 0xfb, 0x82, 0xfa,
  0x86, 0xfc, 0x32, 0xfe, 0x66, 0xfc, 0x2a, 0xfa, 0x12, 0xfc, 0x84, 0xfd,
  0x8e, 0xfd, 0x18, 0xfd, 0x9a, 0xfe, 0x1e, 0x0d, 0x4a, 0x0e, 0x7e, 0x06,
  0x96, 0x12, 0xfc, 0x15, 0x66, 0x0e, 0x06, 0x08, 0xb4, 0x04, 0xd6, 0x05,
  0x2e, 0xfc, 0xc4, 0xf1, 0xd2, 0xf5, 0x50, 0xf5, 0x5c, 0xef, 0x20, 0xf2,
  0xba, 0xf7, 0x3e, 0xf9, 0xb2, 0xfb, 0xf0, 0x00, 0xf8, 0x04, 0xe0, 0x05,
  0x5c, 0x05, 0x96, 0x05, 0x1e, 0x05, 0xf4, 0x00, 0x46, 0xff, 0xa2, 0xff,
  0x36, 0xfd, 0xfe, 0xfa, 0x98, 0xfa, 0x24, 0xfb, 0xda, 0xfa, 0xc8, 0xf8,
  0x0c, 0xf9, 0x6e, 0xfb, 0x0c, 0xfc, 0xce, 0xfd, 0x86, 0xfd, 0x3c, 0x03,
  0x2c, 0x0e, 0x1e, 0x09, 0x68, 0x09, 0xbe, 0x13, 0x18, 0x10, 0xc6, 0x0a,
  0xec, 0x06, 0xb6, 0x05, 0x48, 0x03, 0x2c, 0xf8, 0x6e, 0xf4, 0x0c, 0xf7,
  0x52, 0xf0, 0x72, 0xee, 0x58, 0xf3, 0x6e, 0xf4, 0xa0, 0xf6, 0x76, 0xfb,
  0xd2, 0x00, 0x3e, 0x04, 0x2e, 0x06, 0x2e, 0x08, 0x52, 0x09, 0x40, 0x07,
  0xc8, 0x04, 0x92, 0x04, 0x2e, 0x02, 0x02, 0xfe, 0xfa, 0xfc, 0x88, 0xfb,
  0xa0, 0xf9, 0x36, 0xf9, 0x5c, 0xf7, 0x62, 0xf8, 0x4e, 0xfa, 0x2e, 0xfc,
  0x56, 0xfd, 0x36, 0xff, 0x46, 0x0b, 0x74, 0x0c, 0x38, 0x08, 0xc4, 0x12,
  0x00, 0x14, 0x0c, 0x0d, 0x26, 0x0b, 0xc0, 0x08, 0xe0, 0x06, 0x2e, 0xfe,
  0xda, 0xf6, 0x62, 0xf9, 0x2a, 0xf4, 0xaa, 0xee, 0x8e, 0xf2, 0xde, 0xf3,
  0xf4, 0xf4, 0x04, 0xf7, 0xf8, 0xfb, 0xf8, 0x01, 0x8a, 0x02, 0xe4, 0x04,
  0x80, 0x0a, 0xd4, 0x09, 0xc0, 0x07, 0x66, 0x08, 0x50, 0x07, 0xd8, 0x03,
  0xf6, 0xff, 0x04, 0xff, 0x4c, 0xfd, 0x96, 0xf9, 0xb6, 0xf7, 0x5a, 0xf9,
  0xa4, 0xf9, 0xf6, 0xf9, 0xde, 0xfb, 0x42, 0xfe, 0x54, 0x05, 0x0a, 0x06,
  0x84, 0x04, 0x86, 0x0d, 0x26, 0x0e, 0x46, 0x09, 0x24, 0x0a, 0x94, 0x08,
  0x7a, 0x06, 0x88, 0x00, 0x4e, 0xfb, 0x9c, 0xfc, 0x1e, 0xf7, 0x7a, 0xf2,
  0xd8, 0xf5, 0x2c, 0xf5, 0xae, 0xf4, 0x72, 0xf7, 0xc0, 0xfa, 0xf0, 0xfe,
  0x22, 0x00, 0xba, 0x02, 0x8c, 0x07, 0xbc, 0x07, 0x14, 0x07, 0x08, 0x08,
  0x7e, 0x07, 0x34, 0x05, 0x18, 0x02, 0xa4, 0x00, 0x32, 0xff, 0xda, 0xfb,
  0x7c, 0xfb, 0x5a, 0xfb, 0xc4, 0xfa, 0xc4, 0xfb, 0xa8, 0xfc, 0xb6, 0xff,
  0x32, 0x02, 0x9e, 0x01, 0x72, 0x05, 0xf8, 0x07, 0x18, 0x07, 0x68, 0x07,
  0x2e, 0x07, 0x62, 0x06, 0x32, 0x04, 0x44, 0x01, 0x22, 0x00, 0x40, 0xfe,
  0x44, 0xfb, 0xfe, 0xf9, 0x2e, 0xfa, 0x78, 0xf8, 0x42, 0xf8, 0xda, 0xf9,
  0x98, 0xf9, 0x5c, 0xfb, 0x18, 0xfd, 0x4a, 0xfe, 0x40, 0xff, 0x8c, 0x00,
  0xe2, 0x01, 0x04, 0x02, 0x44, 0x02, 0x8a, 0x02, 0x9c, 0x03, 0xd2, 0x02,
  0xa4, 0x01, 0x10, 0x02, 0xa4, 0x01, 0xe4, 0x00, 0x80, 0x00, 0xf2, 0x00,
  0xfc, 0x00, 0x88, 0x00, 0x66, 0x01, 0xae, 0x01, 0x4c, 0x01, 0x08, 0x02,
  0x38, 0x02, 0x22, 0x02, 0xf4, 0x01, 0x84, 0x01, 0x4e, 0x01, 0xca, 0x00,
  0x06, 0x00, 0x70, 0xff, 0x6c, 0xfe, 0xec, 0xfd, 0x98, 0xfd, 0x6c, 0xfc,
  0xd4, 0xfb, 0x34, 0xfc, 0x34, 0xfc, 0xa2, 0xfb, 0x76, 0xfc, 0xb0, 0xfd,
  0x1a, 0xfe, 0x70, 0xfd, 0xd6, 0xfe, 0x0c, 0x00, 0xac, 0xff, 0x0a, 0x00,
  0xba, 0x00, 0x08, 0x02, 0xe2, 0x01, 0x42, 0x01, 0x24, 0x02, 0x58, 0x02,
  0xec, 0x01, 0x7a, 0x01, 0xb8, 0x01, 0xde, 0x01, 0xf6, 0x00, 0x70, 0x00,
  0xf8, 0x00, 0x3e, 0x00, 0xfc, 0xff, 0xa0, 0xff, 0x08, 0xff, 0x70, 0xff,
  0xd8, 0xfe, 0x76, 0xfe, 0xe6, 0xfe, 0x64, 0xff, 0x42, 0xff, 0x86, 0xff,
  0x26, 0x00, 0x84, 0x00, 0xaa, 0x00, 0xa4, 0x00, 0xea, 0x00, 0x10, 0x01,
  0xb8, 0x00, 0x6c, 0x00, 0x24, 0x00, 0x08, 0x00, 0x9c, 0xff, 0xf2, 0xfe,
  0xb8, 0xfe, 0x8a, 0xfe, 0xa6, 0xfe, 0x74, 0xfe, 0xaa, 0xfe, 0x3a, 0xff,
  0x90, 0xff, 0xd4, 0xff, 0x80, 0x00, 0xec, 0x00, 0x22, 0x01, 0x4a, 0x01,
  0x50, 0x01, 0x4c, 0x01, 0x08, 0x01, 0xa0, 0x00, 0x56, 0x00, 0x0e, 0x00,
  0xa6, 0xff, 0x58, 0xff, 0x3a, 0xff, 0x2c, 0xff, 0x6c, 0xff, 0x6c, 0xff,
  0xa2, 0xff, 0x14, 0x00, 0x42, 0x00, 0x64, 0x00, 0x94, 0x00, 0xb6, 0x00,
  0xb2, 0x00, 0x94, 0x00, 0x70, 0x00, 0x58, 0x00, 0x2a, 0x00, 0xe6, 0xff,
  0xb6, 0xff, 0xa8, 0xff, 0x4c, 0xff, 0x32, 0xff, 0x1e, 0xff, 0xce, 0xfe,
  0x06, 0xff, 0x14, 0xff, 0xe6, 0xfe, 0x42, 0xff, 0x80, 0xff, 0xac, 0xff,
  0xfe, 0xff, 0x38, 0x00, 0x72, 0x00, 0xaa, 0x00, 0xa8, 0x00, 0xa8, 0x00,
  0xb0, 0x00, 0x8a, 0x00, 0x5c, 0x00, 0x38, 0x00, 0x12, 0x00, 0xee, 0xff,
  0xca, 0xff, 0xb0, 0xff, 0xc0, 0xff, 0xbe, 0xff, 0xb8, 0xff, 0xd2, 0xff,
  0x30, 0x00, 0x2e, 0x00, 0x3e, 0x00, 0x62, 0x00, 0x74, 0x00, 0x6c, 0x00,
  0x4a, 0x00, 0x3a, 0x00, 0x30, 0x00, 0x12, 0x00, 0xe0, 0xff, 0x1a, 0x00,
  0xf6, 0xff, 0xe2, 0xff, 0x1c, 0x00, 0xe8, 0xff, 0x04, 0x00, 0xc8, 0xff,
  0xaa, 0xff, 0xb8, 0xff, 0xa2, 0xff, 0xd0, 0xff, 0xde, 0xff, 0x10, 0x00,
  0x2e, 0x00, 0x40, 0x00, 0x4a, 0x00, 0x4a, 0x00, 0x1e, 0x00, 0x14, 0x00,
  0x04, 0x00, 0xee, 0xff, 0xe6, 0xff, 0xdc, 0xff, 0x0e, 0x00, 0xdc, 0xff,
  0xee, 0xff, 0xf6, 0xff, 0xf6, 0xff, 0xf8, 0xff, 0xfa, 0xff, 0x38, 0x00,
  0x2e, 0x00, 0x38, 0x00, 0x36, 0x00, 0x3c, 0x00, 0x36, 0x00, 0xee, 0xff,
  0xee, 0xff, 0xe4, 0xff, 0xd4, 0xff, 0xd0, 0xff, 0xd8, 0xff, 0xde, 0xff,
  0xf8, 0xff, 0xf4, 0xff, 0xf2, 0xff, 0x02, 0x00, 0xee, 0xff, 0xf4, 0xff,
  0xee, 0xff, 0xfc, 0xff, 0x12, 0x00, 0xe8, 0xff, 0x28, 0x00, 0x20, 0x00,
  0x22, 0x00, 0xf8, 0xff, 0xf0, 0xff, 0xf8, 0xff, 0xe0, 0xff, 0xd6, 0xff,
  0xd4, 0xff, 0xec, 0xff, 0xfa, 0xff, 0xea, 0xff, 0xf8, 0xff, 0x0c, 0x00,
  0xe6, 0xff, 0xf0, 0xff, 0xe8, 0xff, 0xf6, 0xff, 0xfe, 0xff, 0xf6, 0xff,
  0x06, 0x00, 0x0a, 0x00, 0x0e, 0x00, 0x08, 0x00, 0x08, 0x00, 0x0c, 0x00,
  0x0a, 0x00, 0x08, 0x00, 0x2e, 0x00, 0x24, 0x00, 0x4e, 0x00, 0x64, 0x00,
  0x52, 0x00, 0x50, 0x00, 0x32, 0x00, 0xfe, 0xff, 0x1e, 0x00, 0xf8, 0xff,
  0xf6, 0xff, 0xee, 0xff, 0xe4, 0xff, 0xf0, 0xff, 0xdc, 0xff, 0xde, 0xff,
  0xde, 0xff, 0xe6, 0xff, 0xea, 0xff, 0xec, 0xff, 0xf8, 0xff, 0x2a, 0x00,
  0x26, 0x00, 0x2a, 0x00, 0x2a, 0x00, 0x2a, 0x00, 0x2a, 0x00, 0x0c, 0x00,
  0x0a, 0x00, 0x06, 0x00, 0x04, 0x00, 0xfa, 0xff, 0xf2, 0xff, 0xf6, 0xff,
  0xf2, 0xff, 0xee, 0xff, 0xea, 0xff, 0xee, 0xff, 0xf2, 0xff, 0x1e, 0x00,
  0x16, 0x00, 0x32, 0x00, 0x2a, 0x00, 0x3e, 0x00, 0x50, 0x00, 0x4e, 0x00,
  0x44, 0x00, 0x30, 0x00, 0x26, 0x00, 0x14, 0x00, 0x02, 0x00, 0xf4, 0xff,
  0xec, 0xff, 0xe8, 0xff, 0xe0, 0xff, 0xdc, 0xff, 0xdc, 0xff, 0xe0, 0xff,
  0xca, 0xff, 0xd6, 0xff, 0xe0, 0xff, 0xec, 0xff, 0xf8, 0xff, 0xfc, 0xff,
  0x0a, 0x00, 0x0e, 0x00, 0xf6, 0xff, 0xfe, 0xff, 0x00, 0x00, 0x06, 0x00,
  0x08, 0x00, 0x04, 0x00, 0x0c, 0x00, 0x0a, 0x00, 0x06, 0x00, 0x02, 0x00,
  0x00, 0x00, 0x1c, 0x00, 0x12, 0x00, 0x10, 0x00, 0x0c, 0x00, 0x08, 0x00,
  0x08, 0x00, 0xfc, 0xff, 0xfc, 0xff, 0xfc, 0xff, 0xfc, 0xff, 0x14, 0x00,
  0x0a, 0x00, 0x0a, 0x00, 0x06, 0x00, 0x02, 0x00, 0x04, 0x00, 0xfe, 0xff,
  0xd6, 0xff, 0xe0, 0xff, 0xec, 0xff, 0xee, 0xff, 0xf2, 0xff, 0xf2, 0xff,
  0xfe, 0xff, 0x00, 0x00, 0xfc, 0xff, 0x00, 0x00, 0x06, 0x00, 0xe0, 0xff,
  0xe8, 0xff, 0xf2, 0xff, 0xf8, 0xff, 0xfe, 0xff, 0xfa, 0xff, 0x04, 0x00,
  0x06, 0x00, 0x02, 0x00, 0x02, 0x00, 0x04, 0x00, 0x08, 0x00, 0x06, 0x00,
  0x04, 0x00, 0x2e, 0x00, 0x24, 0x00, 0x16, 0x00, 0x10, 0x00, 0x08, 0x00,
  0x0a, 0x00, 0xd4, 0xff, 0xda, 0xff, 0xea, 0xff, 0xec, 0xff, 0xf0, 0xff,
  0xec, 0xff, 0xfa, 0xff, 0xd4, 0xff, 0xd8, 0xff, 0xe8, 0xff, 0xf2, 0xff,
  0xfe, 0xff, 0xfc, 0xff, 0x32, 0x00, 0x2e, 0x00, 0x1e, 0x00, 0xf0, 0xff,
  0xf4, 0xff, 0xda, 0xff, 0xd8, 0xff, 0xe4, 0xff, 0xee, 0xff, 0x2e, 0x00,
  0x22, 0x00, 0x08, 0x00, 0x0c, 0x00, 0xd4, 0xff, 0xdc, 0xff, 0xf0, 0xff,
  0xf4, 0xff, 0x00, 0x00, 0xfc, 0xff, 0xc8, 0xff, 0xd2, 0xff, 0xe8, 0xff,
  0xf0, 0xff, 0xfa, 0xff, 0xfe, 0xff, 0x08, 0x00, 0x08, 0x00, 0x00, 0x00,
  0x04, 0x00, 0x0a, 0x00, 0x0a, 0x00, 0x06, 0x00, 0x04, 0x00, 0x04, 0x00,
  0x02, 0x00, 0xfe, 0xff, 0xfe, 0xff, 0x00, 0x00, 0x00, 0x00, 0xfe, 0xff,
  0x34, 0x00, 0x2e, 0x00, 0x12, 0x00, 0x0c, 0x00, 0x08, 0x00, 0x08, 0x00,
  0xfe, 0xff, 0xfa, 0xff, 0x02, 0x00, 0x00, 0x00, 0xf8, 0xff, 0xf6, 0xff,
  0xc4, 0xff, 0x04, 0x00, 0x18, 0x00, 0x02, 0x00, 0xce, 0xff, 0xd6, 0xff,
  0xfa, 0xff, 0xf6, 0xff, 0xba, 0xff, 0xd0, 0xff, 0xfe, 0xff, 0x00, 0x00,
  0xfa, 0xff, 0x00, 0x00, 0x06, 0x00, 0xfc, 0xff, 0x4a, 0x00, 0x3c, 0x00,
  0x0e, 0x00, 0x1a, 0x00, 0x1a, 0x00, 0x06, 0x00, 0xfa, 0xff, 0xf4, 0xff,
  0xfa, 0xff, 0xf6, 0xff, 0xf0, 0xff, 0xa0, 0xff, 0xc0, 0xff, 0xe4, 0xff,
  0xe6, 0xff, 0xf4, 0xff, 0x00, 0x00, 0x0a, 0x00, 0x02, 0x00, 0xfe, 0xff,
  0x0c, 0x00, 0x0e, 0x00, 0x08, 0x00, 0xac, 0xff, 0xce, 0xff, 0xfe, 0xff,
  0xf0, 0xff, 0xf4, 0xff, 0x02, 0x00, 0x0c, 0x00, 0x00, 0x00, 0xf8, 0xff,
  0x10, 0x00, 0xc0, 0xff, 0xce, 0xff, 0xfe, 0xff, 0x54, 0x00, 0x8a, 0x00,
  0x3a, 0x00, 0x1e, 0x00, 0x1e, 0x00, 0x02, 0x00, 0xa0, 0xff, 0xc2, 0xff,
  0x50, 0x00, 0x2e, 0x00, 0xf0, 0xff, 0x14, 0x00, 0x08, 0x00, 0xde, 0xff,
  0x9e, 0xff, 0xb6, 0xff, 0xfa, 0xff, 0xe4, 0xff, 0xf8, 0xff, 0x0e, 0x00,
  0x02, 0x00, 0xf8, 0xff, 0x06, 0x00, 0x12, 0x00, 0x04, 0x00, 0x08, 0x00,
  0x0a, 0x00, 0x00, 0x00, 0x58, 0x00, 0x0a, 0x00, 0xfc, 0xff, 0xb8, 0xff,
  0xee, 0xff, 0xf8, 0xff, 0xe4, 0xff, 0x12, 0x00, 0xfe, 0xff, 0xfa, 0xff,
  0xf6, 0xff, 0x06, 0x00, 0x06, 0x00, 0xfe, 0xff, 0x66, 0x00, 0x66, 0x00,
  0x06, 0x00, 0x12, 0x00, 0x10, 0x00, 0xee, 0xff, 0xf0, 0xff, 0x0c, 0x00,
  0xfe, 0xff, 0xe8, 0xff, 0x54, 0x00, 0x04, 0x00, 0xf0, 0xff, 0x12, 0x00,
  0xa6, 0xff, 0xec, 0xff, 0xfe, 0xff, 0xfc, 0xff, 0xfc, 0xff, 0x02, 0x00,
  0x08, 0x00, 0xee, 0xff, 0x18, 0x00, 0x00, 0x00, 0x06, 0x00, 0x08, 0x00,
  0xfe, 0xff, 0x00, 0x00, 0xfc, 0xff, 0x06, 0x00, 0xf8, 0xff, 0x04, 0x00,
  0xfe, 0xff, 0xfc, 0xff, 0x02, 0x00, 0xfe, 0xff, 0x02, 0x00, 0xfe, 0xff,
  0x04, 0x00, 0xfe, 0xff, 0x00, 0x00, 0x02, 0x00, 0x58, 0x00, 0x38, 0x00,
  0x44, 0x00, 0xfe, 0xff, 0xa8, 0xff, 0xc2, 0xff, 0x02, 0x00, 0xec, 0xff,
  0xfc, 0xff, 0x18, 0x00, 0xe4, 0xff, 0xf2, 0xff, 0x0e, 0x00, 0x04, 0x00,
  0x04, 0x00, 0x14, 0x00, 0x02, 0x00, 0xf6, 0xff, 0x0a, 0x00, 0xfe, 0xff,
  0xfc, 0xff, 0x06, 0x00, 0xfe, 0xff, 0xfa, 0xff, 0x00, 0x00, 0x02, 0x00,
  0xfa, 0xff, 0x04, 0x00, 0x02, 0x00, 0xfc, 0xff, 0x02, 0x00, 0xa6, 0xff,
  0xc8, 0xff, 0xbc, 0xff, 0x1a, 0x00, 0xe2, 0xff, 0x16, 0x00, 0x10, 0x00,
  0xe8, 0xff, 0x1c, 0x00, 0xf6, 0xff, 0x14, 0x00, 0xfa, 0xff, 0x12, 0x00,
  0xf2, 0xff, 0x02, 0x00, 0x08, 0x00, 0xee, 0xff, 0x12, 0x00, 0xf2, 0xff,
  0x06, 0x00, 0xfc, 0xff, 0x02, 0x00, 0xfe, 0xff, 0x00, 0x00, 0x06, 0x00,
  0xf6, 0xff, 0x0c, 0x00, 0xf6, 0xff, 0x06, 0x00, 0xfe, 0xff, 0x00, 0x00,
  0x02, 0x00, 0xfc, 0xff, 0x06, 0x00, 0x64, 0xfe, 0xd6, 0x02, 0xe6, 0xfd,
  0xe0, 0x00, 0xc2, 0x03, 0x6a, 0xfc, 0xd8, 0x00, 0xfa, 0x00, 0x34, 0xfe,
  0x46, 0x00, 0xfc, 0x02, 0x32, 0xfd, 0xf6, 0x00, 0x46, 0x01, 0x82, 0xfd,
  0x9a, 0x01, 0x06, 0x00, 0xa6, 0xfd, 0x18, 0x03, 0x92, 0xfe, 0xaa, 0xff,
  0x3c, 0x01, 0x0c, 0xff, 0xf6, 0xff, 0x8e, 0x00, 0xa8, 0xff, 0xae, 0xff,
  0xf2, 0xff, 0x02, 0x01, 0x94, 0xfe, 0x4c, 0x01, 0x82, 0xff, 0xbe, 0xff,
  0xa0, 0x00, 0x62, 0xff, 0x70, 0x00, 0xb0, 0xff, 0x56, 0x00, 0x98, 0xff,
  0x70, 0xff, 0xc6, 0x00, 0x0a, 0xff, 0x96, 0x00, 0xca, 0x00, 0xf0, 0xfe,
  0x04, 0x01, 0xa6, 0xff, 0xce, 0xff, 0x4e, 0x00, 0xe6, 0xff, 0xd6, 0x00,
  0x26, 0xff, 0xf6, 0x00, 0x6a, 0xff, 0x24, 0x00, 0x28, 0x00, 0xb0, 0xff,
  0x5e, 0x00, 0x9e, 0xff, 0x74, 0xff, 0x94, 0x00, 0x74, 0xff, 0xda, 0xff,
  0xb6, 0x00, 0x46, 0xff, 0x6e, 0xff, 0x1c, 0x00, 0xce, 0xff, 0x94, 0xff,
  0x8a, 0x00, 0xb2, 0xff, 0xfa, 0xff, 0x46, 0x00, 0xac, 0xff, 0x04, 0x00,
  0x1c, 0x00, 0xc2, 0xff, 0x22, 0x00, 0x40, 0xff, 0xe0, 0x00, 0x0e, 0xff,
  0x78, 0x00, 0x0a, 0x00, 0x92, 0xff, 0x8c, 0x00, 0x76, 0xff, 0x68, 0x00,
  0xac, 0xff, 0x36, 0x00, 0xe0, 0xff, 0x02, 0x00, 0x1a, 0x00, 0xca, 0xff,
  0x48, 0x00, 0xb0, 0xff, 0x46, 0x00, 0xce, 0xff, 0x14, 0x00, 0x08, 0x00,
  0xe0, 0xff, 0x2e, 0x00, 0xce, 0xff, 0x2e, 0x00, 0xdc, 0xff, 0x16, 0x00,
  0xf8, 0xff, 0xfa, 0xff, 0x12, 0x00, 0xe6, 0xff, 0xdc, 0x00, 0xea, 0xfe,
  0x2a, 0x01, 0x60, 0xff, 0x1c, 0xff, 0xa4, 0x01, 0xcc, 0xfe, 0x5c, 0x00,
  0x56, 0x01, 0x50, 0xfe, 0x86, 0x01, 0x5a, 0xff, 0x1c, 0xff, 0x42, 0x02,
  0x6a, 0xfd, 0x08, 0x02, 0x44, 0xff, 0xf8, 0xfe, 0xd2, 0x01, 0x0a, 0xfe,
  0x4e, 0x01, 0x60, 0xff, 0x6a, 0xff, 0x22, 0x01, 0x92, 0xfe, 0x50, 0x00,
  0x78, 0x00, 0xf4, 0xfe, 0xb6, 0x00, 0xd0, 0xff, 0xc2, 0xff, 0x40, 0x00,
  0xea, 0xff, 0xd2, 0xff, 0xaa, 0xff, 0x22, 0x01, 0x04, 0xff, 0xaa, 0x00,
  0xa2, 0x00, 0x28, 0xfe, 0x00, 0x02, 0xc0, 0xfe, 0x48, 0x00, 0xf8, 0x00,
  0x7e, 0xfe, 0xe2, 0x01, 0x30, 0xfd, 0xce, 0x02, 0x28, 0xfe, 0xf8, 0xff,
  0xde, 0x01, 0xde, 0xfc, 0xe2, 0x02, 0x00, 0xfe, 0xba, 0x00, 0x24, 0x00,
  0x52, 0xff, 0x58, 0x00, 0xbc, 0xff, 0x34, 0x00, 0xd6, 0xfe, 0xae, 0x01,
  0x26, 0xfe, 0x22, 0x01, 0xd4, 0xff, 0x44, 0xff, 0x3c, 0x01, 0x88, 0xfe,
  0x7a, 0x01, 0xb0, 0xfe, 0xcc, 0x00, 0x88, 0x00, 0xfe, 0xfe, 0x42, 0x01,
  0x38, 0xff, 0x7e, 0x00, 0xac, 0xff, 0x4a, 0x00, 0xe4, 0xff, 0xba, 0xff,
  0x98, 0x00, 0x50, 0xfe, 0xe8, 0x01, 0x52, 0xfe, 0x98, 0x00, 0x68, 0x00,
  0xfa, 0xfe, 0x22, 0x01, 0x06, 0xff, 0xda, 0x00, 0x48, 0x00, 0x24, 0xfe,
  0xb2, 0x02, 0xb2, 0xfd, 0xf4, 0xff, 0xb8, 0x01, 0xa4, 0xfd, 0x7a, 0x01,
  0x82, 0xff, 0x12, 0xff, 0x38, 0x01, 0xd4, 0xfe, 0xc0, 0xff, 0xf4, 0x00,
  0xd8, 0xfe, 0x7e, 0x00, 0x2a, 0x00, 0x9c, 0xff, 0x50, 0xff, 0x4c, 0x01,
  0xae, 0xff, 0xfa, 0xfe, 0xfe, 0x01, 0x7c, 0xfe, 0x76, 0x00, 0x3c, 0x00,
  0xb6, 0xff, 0x0e, 0x00, 0xdc, 0xff, 0x84, 0x00, 0x26, 0xff, 0xc2, 0x00,
  0xac, 0xff, 0xe0, 0xff, 0x88, 0x00, 0x34, 0xff, 0xdc, 0x00, 0xc2, 0xfe,
  0x20, 0x01, 0x52, 0xff, 0xda, 0xff, 0xb2, 0x00, 0x9a, 0xfe, 0x8a, 0x01,
  0x9e, 0xfe, 0x52, 0x00, 0x26, 0x02, 0xc8, 0xfc, 0xda, 0x02, 0x2e, 0xff,
  0x2c, 0xff, 0xe0, 0x00, 0xf0, 0xff, 0xa6, 0x01, 0xb0, 0xfc, 0x04, 0x04,
  0xda, 0xfd, 0xb6, 0xfd, 0xa4, 0x04, 0xa0, 0xfb, 0x8e, 0x01, 0x40, 0x00,
  0x78, 0xff, 0x70, 0x01, 0xda, 0xfd, 0x4a, 0x03, 0x56, 0xfd, 0x22, 0x01,
  0xf2, 0x00, 0x24, 0xfc, 0x18, 0x04, 0xe2, 0xfc, 0xc6, 0x00, 0x7c, 0x00,
  0x7e, 0xfe, 0xa6, 0x01, 0x42, 0xfe, 0x62, 0x01, 0x16, 0xff, 0xb6, 0xff,
  0x2a, 0x01, 0x9e, 0xfe, 0x5e, 0xff, 0x46, 0x01, 0x16, 0xff, 0xd6, 0xff,
  0x94, 0x01, 0x98, 0xfe, 0xc2, 0x00, 0x48, 0x00, 0xbc, 0xff, 0x2a, 0x00,
  0xe0, 0xff, 0x7e, 0x00, 0xe2, 0xfd, 0xaa, 0x02, 0x12, 0xfe, 0xf4, 0xff,
  0x9e, 0x02, 0xc8, 0xfc, 0x82, 0x02, 0x9e, 0xfe, 0x8a, 0x00, 0x00, 0x00,
  0x7c, 0x00, 0xfe, 0xff, 0x0c, 0xff, 0xfc, 0x02, 0x08, 0xfe, 0x56, 0x00,
  0x5e, 0x01, 0x8c, 0xfe, 0x66, 0x00, 0x22, 0x00, 0xd0, 0xff, 0xf2, 0xfe,
  0x08, 0x01, 0xa0, 0xff, 0x68, 0xff, 0xe8, 0x00, 0xc4, 0x00, 0x8e, 0xfe,
  0x36, 0x01, 0x6e, 0x00, 0xca, 0xfe, 0xf8, 0x00, 0x7a, 0xff, 0x56, 0x00,
  0x9c, 0xff, 0x2c, 0x00, 0x6e, 0xff, 0x40, 0x00, 0x00, 0x00, 0x7e, 0xff,
  0x26, 0x00, 0xe2, 0xff, 0x8a, 0x00, 0x16, 0xff, 0xfc, 0x00, 0xf6, 0xff,
  0x96, 0xff, 0xfc, 0x01, 0xee, 0xfd, 0xd0, 0x01, 0x2c, 0xff, 0x3e, 0xff,
  0x78, 0x01, 0x32, 0xfe, 0x88, 0x00, 0xa6, 0x00, 0xe4, 0xfe, 0x06, 0x00,
  0xa4, 0x00, 0xb2, 0xff, 0xae, 0xff, 0x8e, 0x00, 0x08, 0x00, 0x8a, 0xff,
  0x56, 0x00, 0x1e, 0x00, 0xac, 0xff, 0x26, 0x00, 0x38, 0x00, 0x98, 0xff,
  0x0e, 0x00, 0x38, 0x00, 0xc0, 0xff, 0xf2, 0xff, 0x08, 0x00, 0x30, 0x00,
  0xae, 0xff, 0x22, 0x00, 0x48, 0x00, 0x98, 0xff, 0x7e, 0x00, 0x00, 0x00,
  0xc6, 0xff, 0x4e, 0x00, 0x50, 0x00, 0x88, 0xff, 0x64, 0x00, 0xae, 0xff,
  0x92, 0xff, 0x80, 0x00, 0x3a, 0xff, 0x8e, 0x00, 0xb2, 0xff, 0x50, 0x00,
  0xf0, 0xff, 0xd4, 0xff, 0xca, 0xff, 0x4a, 0x00, 0xb8, 0xff, 0xd0, 0xff,
  0x2a, 0x01, 0xd0, 0xfe, 0xee, 0x00, 0xa2, 0xff, 0x0e, 0x00, 0x18, 0x00,
  0xa8, 0xff, 0xb4, 0x00, 0x30, 0xff, 0xa0, 0x00, 0xbc, 0xff, 0x08, 0x00,
  0x08, 0x00, 0xe4, 0xff, 0x3e, 0x01, 0x7a, 0xff, 0x70, 0xff, 0x6a, 0x01,
  0xb2, 0xfe, 0x6e, 0x00, 0x12, 0x00, 0x16, 0xff, 0x00, 0x01, 0xb2, 0xfe,
  0x18, 0x01, 0x4a, 0x00, 0x02, 0xff, 0x60, 0x01, 0x12, 0xff, 0x7a, 0x00,
  0xac, 0xff, 0x3c, 0x00, 0x20, 0x00, 0x7e, 0xff, 0xbe, 0xff, 0x84, 0x00,
  0x48, 0xff, 0x1e, 0x00, 0x5a, 0x00, 0x94, 0xff, 0x38, 0x00, 0xca, 0xff,
  0x50, 0x00, 0x9a, 0x00, 0x10, 0xff, 0x34, 0x01, 0x62, 0xff, 0x18, 0xff,
  0x70, 0x01, 0xc8, 0xfe, 0x7a, 0x00, 0xea, 0xff, 0x16, 0x00, 0x02, 0x00,
  0x8a, 0xff, 0x96, 0x00, 0x3e, 0xff, 0x3a, 0x00, 0xd0, 0xff, 0x32, 0x00,
  0x04, 0x00, 0xe2, 0xfe, 0x48, 0x01, 0xa0, 0xfe, 0x66, 0x00, 0x06, 0x00,
  0xc8, 0xff, 0x5a, 0x00, 0x46, 0xfe, 0x86, 0x01, 0x66, 0xfe, 0x34, 0x00,
  0x4a, 0x00, 0x94, 0xff, 0x6e, 0x00, 0x5c, 0xff, 0xd8, 0x00, 0x70, 0xff,
  0x1c, 0x00, 0x3a, 0x00, 0xf2, 0xff, 0xa4, 0x00, 0x8a, 0xfe, 0xc0, 0x01,
  0x84, 0xfe, 0x7a, 0xff, 0xe8, 0x00, 0xac, 0xfe, 0xd2, 0xff, 0xd6, 0xff,
  0xd8, 0xff, 0xa8, 0xff, 0xb4, 0xff, 0xa4, 0x00, 0xaa, 0xff, 0x74, 0xff,
  0xca, 0x00, 0x82, 0xfe, 0x9a, 0x00, 0x38, 0x00, 0x82, 0xff, 0xce, 0x00,
  0x04, 0xff, 0xfe, 0x00, 0xfa, 0xfe, 0x3c, 0x00, 0x3e, 0x00, 0x78, 0xff,
  0x82, 0x00, 0xce, 0xff, 0x68, 0x00, 0xae, 0xff, 0x52, 0x00, 0xf0, 0xff,
  0xde, 0xff, 0x10, 0x00, 0xf0, 0xff, 0x1e, 0x00, 0xbe, 0xff, 0x58, 0x00,
  0xcc, 0x00, 0xb6, 0xff, 0x10, 0x00, 0xb0, 0x00, 0x20, 0xff, 0xe6, 0xff,
  0xe8, 0x00, 0x54, 0xff, 0xc6, 0x00, 0x56, 0x00, 0x66, 0x00, 0x30, 0x00,
  0xee, 0xfe, 0xc8, 0x01, 0x2c, 0xfe, 0x76, 0x00, 0x7e, 0x01, 0x0c, 0xff,
  0x7c, 0x01, 0x24, 0x01, 0x6c, 0x00, 0xba, 0x00, 0x78, 0x00, 0x62, 0x01,
  0x6e, 0xff, 0xc2, 0x00, 0xd8, 0x00, 0x98, 0xff, 0x3c, 0x00, 0x54, 0x00,
  0xf0, 0xff, 0x74, 0xff, 0x68, 0x00, 0xcc, 0xff, 0x86, 0xff, 0x02, 0x00,
  0xf0, 0xff, 0xbc, 0xff, 0xce, 0xff, 0x3a, 0x00, 0xee, 0xff, 0xda, 0xff,
  0x2c, 0x00, 0xe0, 0xff, 0xfe, 0xff, 0xb4, 0xff, 0x26, 0x00, 0x22, 0x00,
  0xb8, 0xff, 0xb8, 0x00, 0x78, 0x00, 0x56, 0x00, 0xea, 0x00, 0xe4, 0x00,
  0xfa, 0x01, 0xc0, 0x00, 0xa8, 0x03, 0x26, 0x02, 0xc0, 0x02, 0xa6, 0x03,
  0x3a, 0x02, 0x8c, 0x02, 0x58, 0x01, 0x4c, 0x01, 0xde, 0xff, 0x78, 0xff,
  0x22, 0xff, 0x88, 0xfe, 0x56, 0xfe, 0x60, 0xfe, 0x84, 0xfd, 0x30, 0xfe,
  0x62, 0xfd, 0x42, 0xfd, 0xd6, 0xfc, 0xf0, 0xfc, 0xc8, 0xfc, 0xe0, 0xfc,
  0xa2, 0xfd, 0x4e, 0xfe, 0x0e, 0xff, 0xe0, 0xff, 0x3a, 0x01, 0xa2, 0x01,
  0x96, 0x02, 0x22, 0x04, 0xb6, 0x03, 0xd6, 0x05, 0x20, 0x06, 0xc6, 0x05,
  0xfc, 0x06, 0xd4, 0x05, 0x4e, 0x05, 0x7e, 0x05, 0x0e, 0x03, 0x20, 0x03,
  0x94, 0xff, 0xb6, 0xff, 0xe0, 0xfc, 0xb8, 0xf9, 0x84, 0xfa, 0x36, 0xf7,
  0x64, 0xf6, 0xf6, 0xf5, 0x02, 0xf6, 0xce, 0xf5, 0xb0, 0xf6, 0xac, 0xf8,
  0xd0, 0xf9, 0xd6, 0xfb, 0xd2, 0xfd, 0x90, 0x00, 0x8a, 0x01, 0xd2, 0x03,
  0xbe, 0x06, 0xde, 0x04, 0x38, 0x09, 0x48, 0x09, 0x76, 0x08, 0x0a, 0x0f,
  0xf8, 0x0a, 0x0e, 0x0f, 0xe8, 0x12, 0xe6, 0x0e, 0xe8, 0x12, 0xf2, 0x0f,
  0x5e, 0x0e, 0xfe, 0x0a, 0x90, 0x03, 0xd4, 0x01, 0x48, 0xf9, 0xf6, 0xf2,
  0x26, 0xf0, 0xc6, 0xea, 0x9c, 0xe7, 0x2e, 0xe8, 0xa4, 0xe8, 0x08, 0xea,
  0x7e, 0xee, 0x4c, 0xf2, 0x02, 0xf7, 0x10, 0xfb, 0x82, 0xff, 0x0e, 0x02,
  0xde, 0x03, 0x3c, 0x04, 0xca, 0x06, 0x6e, 0x05, 0xe2, 0x08, 0x3e, 0x06,
  0xf8, 0x09, 0x06, 0x0b, 0x96, 0x0e, 0xe6, 0x0e, 0x16, 0x12, 0xc4, 0x13,
  0xb8, 0x10, 0x64, 0x11, 0xb4, 0x0b, 0xe8, 0x08, 0xd0, 0x01, 0x7e, 0xf8,
  0xac, 0xf7, 0x36, 0xec, 0xd0, 0xe9, 0x04, 0xe9, 0xd6, 0xe5, 0x7e, 0xe8,
  0x4a, 0xeb, 0x4c, 0xf0, 0x70, 0xf3, 0x96, 0xf9, 0xde, 0xfd, 0x98, 0x00,
  0xfe, 0x02, 0x3e, 0x04, 0x1a, 0x06, 0x1a, 0x04, 0x4a, 0x03, 0x44, 0x05,
  0x7c, 0x01, 0xbe, 0x02, 0x16, 0x0c, 0x48, 0x05, 0xbe, 0x0a, 0xfe, 0x15,
  0xfe, 0x0b, 0x48, 0x13, 0x76, 0x12, 0x92, 0x0d, 0x4c, 0x0a, 0xcc, 0x01,
  0xc8, 0x01, 0xd6, 0xf0, 0x98, 0xf0, 0xac, 0xeb, 0x64, 0xe4, 0xe4, 0xe5,
  0x82, 0xe6, 0x28, 0xeb, 0x10, 0xeb, 0x32, 0xf5, 0x0a, 0xf9, 0x7c, 0xfd,
  0xc0, 0x01, 0x46, 0x05, 0xea, 0x07, 0xb2, 0x05, 0xa6, 0x07, 0xba, 0x05,
  0x8c, 0x06, 0x04, 0xff, 0x80, 0x0b, 0x0c, 0x0a, 0xba, 0x00, 0xb6, 0x18,
  0x1e, 0x0e, 0x52, 0x10, 0x58, 0x17, 0xfc, 0x12, 0x60, 0x11, 0x3c, 0x07,
  0xee, 0x0a, 0xd6, 0xfb, 0xb2, 0xf1, 0x0e, 0xf4, 0x78, 0xe8, 0x50, 0xe3,
  0x56, 0xe6, 0xba, 0xe8, 0x6e, 0xe6, 0x34, 0xee, 0x32, 0xf6, 0x4c, 0xf7,
  0xda, 0xfd, 0xf4, 0x01, 0xb2, 0x03, 0xc2, 0x03, 0x64, 0x04, 0x06, 0x03,
  0x8c, 0x01, 0xd6, 0x01, 0xf0, 0xfc, 0x1e, 0x0a, 0x4e, 0x05, 0x66, 0x04,
  0xfe, 0x18, 0xb8, 0x0d, 0x7e, 0x14, 0xd8, 0x18, 0x98, 0x14, 0x9c, 0x11,
  0xc2, 0x09, 0x56, 0x0a, 0xaa, 0xfa, 0x10, 0xf3, 0x30, 0xf2, 0x7a, 0xe8,
  0xac, 0xe2, 0x94, 0xe7, 0x66, 0xe9, 0xae, 0xe6, 0xc0, 0xf1, 0xf0, 0xf6,
  0x90, 0xf8, 0xa2, 0x01, 0x70, 0x02, 0x70, 0x05, 0xdc, 0x03, 0x24, 0x05,
  0x26, 0x01, 0x82, 0x00, 0x36, 0x00, 0xf0, 0xfa, 0xf2, 0x09, 0x72, 0xff,
  0x7a, 0x05, 0x7c, 0x14, 0x6a, 0x08, 0x36, 0x14, 0xb2, 0x12, 0x12, 0x12,
  0x0a, 0x0e, 0xb6, 0x07, 0xf6, 0x08, 0x28, 0xf8, 0x8e, 0xf6, 0xbc, 0xf2,
  0x8a, 0xea, 0x0c, 0xe8, 0x66, 0xeb, 0xd4, 0xea, 0xc0, 0xec, 0x40, 0xf4,
  0x54, 0xf7, 0xa8, 0xfc, 0x4a, 0x01, 0xcc, 0x02, 0x8e, 0x05, 0x50, 0x04,
  0xe8, 0x03, 0x30, 0x00, 0x5e, 0x02, 0x4a, 0xfc, 0xca, 0xff, 0x06, 0x0a,
  0x80, 0xfc, 0x4a, 0x0d, 0xb4, 0x11, 0x20, 0x09, 0x98, 0x15, 0x76, 0x13,
  0x7e, 0x10, 0x92, 0x09, 0xe2, 0x0a, 0xb0, 0x01, 0xba, 0xf3, 0x42, 0xf7,
  0x30, 0xee, 0x12, 0xe7, 0x40, 0xea, 0x54, 0xec, 0x0e, 0xeb, 0xea, 0xf0,
  0x00, 0xf9, 0xd0, 0xf9, 0xa2, 0x00, 0x4e, 0x02, 0x26, 0x04, 0x78, 0x03,
  0xca, 0x01, 0x6e, 0x00, 0x9a, 0xff, 0x78, 0xfc, 0x62, 0xfb, 0x56, 0x09,
  0x32, 0xff, 0x3a, 0x04, 0x82, 0x15, 0xda, 0x08, 0xf8, 0x0f, 0x58, 0x15,
  0x96, 0x10, 0xa6, 0x0b, 0x10, 0x08, 0x12, 0x09, 0x0e, 0xf7, 0x52, 0xf5,
  0x60, 0xf6, 0xd2, 0xea, 0xfe, 0xe9, 0x3a, 0xf0, 0x80, 0xef, 0x06, 0xef,
  0xde, 0xf9, 0xec, 0xfb, 0xca, 0xfd, 0xdc, 0x03, 0x6a, 0x02, 0x26, 0x04,
  0x64, 0x01, 0x3e, 0xff, 0x00, 0x00, 0xa4, 0xfc, 0xea, 0xf8, 0xd4, 0x06,
  0x26, 0x01, 0x46, 0xfd, 0x20, 0x12, 0x0a, 0x09, 0x86, 0x09, 0xbe, 0x13,
  0x02, 0x10, 0xda, 0x0b, 0x0c, 0x0a, 0x9c, 0x0b, 0x76, 0xfe, 0x7c, 0xf8,
  0xee, 0xfb, 0x82, 0xf1, 0xc8, 0xec, 0x42, 0xf3, 0x2c, 0xf0, 0x06, 0xef,
  0x54, 0xf9, 0x52, 0xf9, 0xf2, 0xfc, 0xac, 0x03, 0x78, 0x03, 0x34, 0x04,
  0x02, 0x06, 0x70, 0x02, 0xf6, 0x00, 0xf6, 0x01, 0xcc, 0xf9, 0xea, 0x04,
  0xfe, 0x04, 0x88, 0xfb, 0x26, 0x0f, 0xc2, 0x0b, 0xfc, 0x07, 0xa8, 0x12,
  0x9a, 0x11, 0xda, 0x0c, 0x1c, 0x0a, 0xbe, 0x0b, 0xa0, 0x00, 0x5a, 0xf7,
  0xd2, 0xfa, 0x18, 0xf2, 0x34, 0xeb, 0x42, 0xf1, 0xd2, 0xef, 0xe2, 0xee,
  0x66, 0xf7, 0xe2, 0xf9, 0x60, 0xfd, 0x58, 0x03, 0xde, 0x03, 0x74, 0x03,
  0xb2, 0x06, 0x0e, 0x00, 0xba, 0x00, 0x72, 0x01, 0x40, 0xf6, 0x14, 0x08,
  0x56, 0x02, 0xcc, 0xfc, 0x22, 0x13, 0xea, 0x0b, 0x24, 0x0b, 0xb8, 0x15,
  0x04, 0x14, 0xbe, 0x0d, 0xa0, 0x0b, 0x88, 0x0d, 0xfc, 0xfd, 0xc0, 0xf7,
  0x8e, 0xfb, 0xb4, 0xee, 0x4c, 0xeb, 0x5c, 0xf1, 0xf4, 0xed, 0x78, 0xef,
  0x00, 0xf7, 0x16, 0xfa, 0x76, 0xfc, 0x30, 0x02, 0xec, 0x01, 0x42, 0x02,
  0x40, 0x03, 0x84, 0xfd, 0x42, 0x02, 0xec, 0xfa, 0x00, 0xfc, 0xac, 0x0b,
  0xfe, 0xfa, 0x1a, 0x08, 0xf8, 0x13, 0x56, 0x07, 0x78, 0x12, 0xce, 0x15,
  0x6a, 0x11, 0xf2, 0x0c, 0xc0, 0x0d, 0x9e, 0x08, 0xc8, 0xf8, 0x2e, 0xfc,
  0x78, 0xf6, 0x7c, 0xea, 0x9a, 0xef, 0xb2, 0xee, 0xe8, 0xec, 0xaa, 0xf1,
  0x02, 0xf7, 0x52, 0xf9, 0x94, 0xfb, 0x20, 0x02, 0xd8, 0xff, 0xac, 0x02,
  0xbe, 0x01, 0xae, 0x02, 0x8a, 0x01, 0x74, 0xfd, 0x58, 0x0e, 0x4e, 0xff,
  0xe6, 0x04, 0x72, 0x15, 0xda, 0x03, 0x8a, 0x0e, 0x78, 0x13, 0x82, 0x0b,
  0xc0, 0x0a, 0x0a, 0x0b, 0x44, 0x06, 0x1c, 0xf9, 0x1e, 0xfd, 0xd4, 0xf6,
  0xc4, 0xec, 0x2a, 0xf2, 0xf2, 0xee, 0x24, 0xee, 0x8c, 0xf2, 0x60, 0xf5,
  0xd8, 0xf8, 0x3a, 0xfb, 0x84, 0xff, 0x80, 0xfe, 0x46, 0x00, 0x2e, 0xff,
  0x0a, 0x00, 0x26, 0xfd, 0x8e, 0xfe, 0x42, 0x0a, 0x54, 0xfc, 0xd8, 0x08,
  0x78, 0x12, 0x66, 0x04, 0xa6, 0x12, 0xda, 0x13, 0xc6, 0x0c, 0x10, 0x0d,
  0xb4, 0x0d, 0x70, 0x04, 0xc0, 0xfc, 0xf8, 0xff, 0x9a, 0xf6, 0x82, 0xf1,
  0x3c, 0xf5, 0x92, 0xf2, 0x5c, 0xf1, 0x5a, 0xf5, 0x74, 0xf8, 0x0a, 0xf8,
  0x8a, 0xfb, 0x5c, 0xfd, 0x78, 0xfc, 0x92, 0xfb, 0x7e, 0xff, 0x46, 0xfd,
  0x56, 0xfa, 0x26, 0x09, 0x00, 0x02, 0x2c, 0x01, 0xf4, 0x13, 0xcc, 0x08,
  0x0c, 0x0b, 0xa2, 0x16, 0x44, 0x0d, 0x1a, 0x0b, 0x34, 0x0e, 0xc6, 0x06,
  0x1a, 0xfe, 0x10, 0xff, 0x00, 0xfb, 0xcc, 0xf1, 0x12, 0xf5, 0x4e, 0xf4,
  0x4c, 0xf0, 0x10, 0xf5, 0xfc, 0xf7, 0xfa, 0xf7, 0xb6, 0xfb, 0x54, 0xff,
  0x02, 0xfe, 0x40, 0xfe, 0xf0, 0x02, 0xe8, 0xfe, 0x5a, 0xfd, 0x28, 0x09,
  0x5a, 0x03, 0x84, 0x00, 0x56, 0x13, 0x70, 0x09, 0x50, 0x09, 0xe8, 0x17,
  0x80, 0x0c, 0x74, 0x0b, 0x98, 0x0f, 0x80, 0x05, 0xae, 0xff, 0x1a, 0xfe,
  0x3e, 0xf9, 0x76, 0xf1, 0x78, 0xf2, 0x8a, 0xf1, 0x6a, 0xee, 0x10, 0xf3,
  0x9c, 0xf4, 0x74, 0xf5, 0x70, 0xfa, 0x7c, 0xfb, 0xca, 0xfb, 0x0e, 0xff,
  0xd0, 0x02, 0xd0, 0xfc, 0x74, 0x04, 0x10, 0x0c, 0x18, 0xff, 0x26, 0x0c,
  0xb2, 0x12, 0xbe, 0x04, 0x26, 0x12, 0x98, 0x13, 0x6c, 0x08, 0x2a, 0x0e,
  0x86, 0x0b, 0x04, 0x01, 0xfa, 0xff, 0x26, 0xfd, 0xf4, 0xf4, 0x7a, 0xf1,
  0xec, 0xf3, 0x66, 0xee, 0x22, 0xf0, 0xb0, 0xf6, 0x50, 0xf4, 0x34, 0xf9,
  0x74, 0xfe, 0xf2, 0xfb, 0x2a, 0xff, 0xec, 0x03, 0xee, 0xff, 0xb6, 0x00,
  0xb8, 0x0c, 0x4c, 0x03, 0xfc, 0x04, 0x7c, 0x15, 0x04, 0x07, 0x2e, 0x0c,
  0x08, 0x18, 0x24, 0x08, 0x16, 0x0d, 0xb2, 0x0f, 0x12, 0x02, 0xf0, 0x03,
  0xfa, 0xff, 0x78, 0xf7, 0x42, 0xf7, 0x64, 0xf4, 0x74, 0xf0, 0xc0, 0xf2,
  0xea, 0xf2, 0x20, 0xf2, 0x10, 0xf7, 0xaa, 0xf7, 0x5c, 0xf8, 0xb0, 0xfd,
  0x6c, 0xfe, 0x1a, 0xfd, 0x98, 0x05, 0x2c, 0x05, 0x66, 0x01, 0x96, 0x0d,
  0x4a, 0x09, 0x52, 0x07, 0xc0, 0x10, 0x8c, 0x0a, 0x66, 0x09, 0xb4, 0x0c,
  0x46, 0x06, 0xe0, 0x01, 0xdc, 0x02, 0xc6, 0xfb, 0xc0, 0xf7, 0x5e, 0xf9,
  0xce, 0xf3, 0xe6, 0xf3, 0xe2, 0xf6, 0x20, 0xf4, 0x2c, 0xf7, 0x08, 0xfa,
  0xba, 0xf8, 0x68, 0xfc, 0x46, 0xff, 0xce, 0xfd, 0x54, 0x01, 0xfe, 0x03,
  0xc6, 0x01, 0x7c, 0x04, 0x04, 0x08, 0xb8, 0x04, 0x2e, 0x06, 0x5e, 0x08,
  0x52, 0x05, 0x5e, 0x04, 0x6a, 0x05, 0xfa, 0x01, 0x60, 0xff, 0x42, 0x00,
  0x72, 0xfb, 0x9c, 0xfa, 0x2c, 0xfb, 0xa6, 0xf7, 0x20, 0xf9, 0xb2, 0xf9,
  0x78, 0xf8, 0x0c, 0xfb, 0xd0, 0xfb, 0xe4, 0xfa, 0x24, 0xfe, 0x78, 0xfe,
  0x54, 0xfe, 0x86, 0x01, 0x66, 0x01, 0xf4, 0x01, 0x38, 0x04, 0x98, 0x03,
  0xd8, 0x03, 0xe8, 0x04, 0xe6, 0x03, 0x94, 0x04, 0x3a, 0x04, 0x2e, 0x03,
  0x24, 0x03, 0xf8, 0x01, 0xd2, 0x01, 0xc4, 0x00, 0xea, 0xff, 0xcc, 0xff,
  0x8a, 0xfe, 0x32, 0xfe, 0xfa, 0xfd, 0x3c, 0xfd, 0x54, 0xfd, 0x1c, 0xfd,
  0x24, 0xfd, 0x86, 0xfd, 0xb2, 0xfd, 0x3e, 0xfe, 0xd2, 0xfe, 0x4a, 0xff,
  0xf2, 0xff, 0x82, 0x00, 0xe4, 0x00, 0x60, 0x01, 0x40, 0x02, 0x1a, 0x02,
  0x72, 0x02, 0xd2, 0x02, 0x38, 0x02, 0x46, 0x02, 0x06, 0x02, 0x46, 0x01,
  0x14, 0x01, 0x8a, 0x00, 0xe2, 0xff, 0xa2, 0xff, 0x26, 0xff, 0xbc, 0xfe,
  0x34, 0xff, 0xb0, 0xfe, 0xc4, 0xfe, 0x4e, 0xff, 0xe2, 0xfe, 0x44, 0xff,
  0xa0, 0xff, 0x6e, 0xff, 0x4e, 0xff, 0xcc, 0xff, 0x96, 0xff, 0x14, 0xff,
  0x44, 0xff, 0x30, 0xff, 0xd8, 0xfe, 0x2a, 0xff, 0x44, 0xff, 0x38, 0xff,
  0x12, 0xff, 0x7a, 0xff, 0x66, 0xff, 0x58, 0xff, 0xdc, 0xff, 0xc4, 0xff,
  0xec, 0xff, 0x6e, 0x00, 0x4a, 0x00, 0x84, 0x00, 0xca, 0x00, 0x04, 0x00,
  0x6e, 0x00, 0x4a, 0x00, 0xa4, 0xff, 0x02, 0x00, 0xc0, 0xff, 0x6e, 0xff,
  0xa2, 0xff, 0xf2, 0xff, 0x9c, 0xff, 0x8e, 0xff, 0x66, 0x00, 0x1c, 0x00,
  0x22, 0x00, 0xd0, 0x00, 0x76, 0x00, 0x88, 0x00, 0xd2, 0x00, 0x82, 0x00,
  0x82, 0x00, 0x8e, 0x00, 0x4c, 0x00, 0x38, 0x00, 0x2e, 0x00, 0xf6, 0xff,
  0xe0, 0xff, 0xd4, 0xff, 0xac, 0xff, 0xa4, 0xff, 0xa0, 0xff, 0x90, 0xff,
  0x98, 0xff, 0xa2, 0xff, 0xa6, 0xff, 0xba, 0xff, 0xce, 0xff, 0xca, 0xff,
  0xfe, 0xff, 0xba, 0xff, 0x92, 0xff, 0xd8, 0xff, 0xde, 0xff, 0xb6, 0xff,
  0x68, 0x00, 0x40, 0x00, 0x46, 0x00, 0xc2, 0x00, 0x78, 0x00, 0x8c, 0x00,
  0xb0, 0x00, 0x70, 0x00, 0x6e, 0x00, 0x0c, 0x00, 0x0c, 0x00, 0xd6, 0xff,
  0x90, 0xff, 0xa6, 0xff, 0x72, 0xff, 0x68, 0xff, 0x78, 0xff, 0x6c, 0xff,
  0x7e, 0xff, 0x90, 0xff, 0x9c, 0xff, 0xc2, 0xff, 0x9a, 0xff, 0x78, 0xff,
  0xbe, 0xff, 0xe0, 0xff, 0xc0, 0xff, 0x24, 0x00, 0x52, 0x00, 0x24, 0x00,
  0x84, 0x00, 0xb4, 0x00, 0xb0, 0x00, 0xc6, 0x00, 0xe4, 0x00, 0x02, 0x01,
  0x76, 0x00, 0xa0, 0x00, 0x8a, 0x00, 0xc4, 0xff, 0xda, 0xff, 0xaa, 0xff,
  0x30, 0xff, 0x3c, 0xff, 0x30, 0xff, 0x00, 0xff, 0x18, 0xff, 0x2c, 0xff,
  0x36, 0xff, 0x4e, 0xff, 0x28, 0xff, 0x30, 0xff, 0x9c, 0xff, 0x9c, 0xff,
  0xa8, 0xff, 0x6a, 0x00, 0x3a, 0x00, 0x68, 0x00, 0x18, 0x01, 0xe6, 0x00,
  0x06, 0x01, 0x7a, 0x01, 0x64, 0x01, 0x26, 0x01, 0x12, 0x01, 0xea, 0x00,
  0x54, 0x00, 0x02, 0x00, 0xe6, 0xff, 0x56, 0xff, 0x2c, 0xff, 0x1e, 0xff,
  0xd2, 0xfe, 0xa4, 0xfe, 0x94, 0xfe, 0x6a, 0xfe, 0x48, 0xfe, 0x9c, 0xfe,
  0xa4, 0xfe, 0xd8, 0xfe, 0x4a, 0xff, 0x7c, 0xff, 0xd0, 0xff, 0x2e, 0x00,
  0x6e, 0x00, 0xa6, 0x00, 0xe4, 0x00, 0x04, 0x01, 0x0e, 0x01, 0x1e, 0x01,
  0x0e, 0x01, 0xaa, 0x00, 0xc0, 0x00, 0x2c, 0x00, 0x52, 0x00, 0xfa, 0xff,
  0xae, 0xff, 0x0a, 0x00, 0x7c, 0xff, 0x98, 0xff, 0xa0, 0xff, 0x6e, 0xff,
  0x76, 0xff, 0x7a, 0xff, 0x80, 0xff, 0x7c, 0xff, 0xac, 0xff, 0xb6, 0xff,
  0xc8, 0xff, 0xfa, 0xff, 0x04, 0x00, 0x20, 0x00, 0x3c, 0x00, 0x48, 0x00,
  0x54, 0x00, 0x5e, 0x00, 0x60, 0x00, 0x58, 0x00, 0x56, 0x00, 0x3a, 0x00,
  0xec, 0xff, 0xfe, 0xff, 0xde, 0xff, 0xa8, 0xff, 0xc0, 0xff, 0xb6, 0xff,
  0x9a, 0xff, 0xb2, 0xff, 0xb6, 0xff, 0xae, 0xff, 0x92, 0xff, 0xc8, 0xff,
  0xb2, 0xff, 0xba, 0xff, 0xf2, 0xff, 0xe4, 0xff, 0xfe, 0xff, 0x1c, 0x00,
  0x20, 0x00, 0x2a, 0x00, 0x40, 0x00, 0x40, 0x00, 0x3a, 0x00, 0x48, 0x00,
  0x3a, 0x00, 0x2e, 0x00, 0x2e, 0x00, 0x4e, 0x00, 0xe2, 0xff, 0xfa, 0xff,
  0xe2, 0xff, 0xb0, 0xff, 0xd0, 0xff, 0xb6, 0xff, 0xb8, 0xff, 0xbc, 0xff,
  0xc4, 0xff, 0xc4, 0xff, 0xce, 0xff, 0x02, 0x00, 0xe6, 0xff, 0x08, 0x00,
  0x50, 0x00, 0x16, 0x00, 0x14, 0x00, 0x50, 0x00, 0x14, 0x00, 0x20, 0x00,
  0x76, 0x00, 0x20, 0x00, 0x34, 0x00, 0x52, 0x00, 0x0e, 0x00, 0x16, 0x00,
  0x1e, 0x00, 0xf8, 0xff, 0xd2, 0xff, 0xd8, 0xff, 0xc2, 0xff, 0x88, 0xff,
  0xbc, 0xff, 0xa4, 0xff, 0x9a, 0xff, 0xc8, 0xff, 0xc0, 0xff, 0xca, 0xff,
  0xee, 0xff, 0xfa, 0xff, 0x00, 0x00, 0x32, 0x00, 0x32, 0x00, 0x2c, 0x00,
  0x64, 0x00, 0x76, 0x00, 0x5e, 0x00, 0x72, 0x00, 0x92, 0x00, 0x42, 0x00,
  0x76, 0x00, 0x64, 0x00, 0x16, 0x00, 0x38, 0x00, 0x06, 0x00, 0xde, 0xff,
  0xb6, 0xff, 0xec, 0xff, 0x98, 0xff, 0x90, 0xff, 0xc2, 0xff, 0x6c, 0xff,
  0x92, 0xff, 0xb4, 0xff, 0x74, 0xff, 0xbc, 0xff, 0xd0, 0xff, 0xcc, 0xff,
  0xfe, 0xff, 0x1a, 0x00, 0x18, 0x00, 0x38, 0x00, 0x64, 0x00, 0x44, 0x00,
  0x5e, 0x00, 0x70, 0x00, 0x5e, 0x00, 0x66, 0x00, 0x72, 0x00, 0x46, 0x00,
  0x36, 0x00, 0x4a, 0x00, 0x10, 0x00, 0x00, 0x00, 0x06, 0x00, 0xcc, 0xff,
  0xa6, 0xff, 0xb6, 0xff, 0x82, 0xff, 0x8c, 0xff, 0xa0, 0xff, 0x94, 0xff,
  0x82, 0xff, 0xb2, 0xff, 0xb4, 0xff, 0xbc, 0xff, 0x22, 0x00, 0x0a, 0x00,
  0x24, 0x00, 0x54, 0x00, 0x3e, 0x00, 0x54, 0x00, 0x6a, 0x00, 0x5e, 0x00,
  0x2e, 0x00, 0x48, 0x00, 0x2c, 0x00, 0x0c, 0x00, 0x22, 0x00, 0xfc, 0xff,
  0x02, 0x00, 0xf4, 0xff, 0xe8, 0xff, 0xfe, 0xff, 0xe0, 0xff, 0xea, 0xff,
  0xde, 0xff, 0xd2, 0xff, 0xe0, 0xff, 0xe2, 0xff, 0xe2, 0xff, 0xee, 0xff,
  0xe6, 0xff, 0xee, 0xff, 0xf6, 0xff, 0xf6, 0xff, 0x0e, 0x00, 0x2e, 0x00,
  0x1c, 0x00, 0x2a, 0x00, 0x2e, 0x00, 0x1c, 0x00, 0x2a, 0x00, 0x2a, 0x00,
  0x0e, 0x00, 0x16, 0x00, 0x10, 0x00, 0xfc, 0xff, 0x04, 0x00, 0x04, 0x00,
  0x04, 0x00, 0xfc, 0xff, 0x06, 0x00, 0x08, 0x00, 0xfc, 0xff, 0x02, 0x00,
  0xe0, 0xff, 0xe4, 0xff, 0xee, 0xff, 0xe2, 0xff, 0xee, 0xff, 0xee, 0xff,
  0xe6, 0xff, 0xee, 0xff, 0x08, 0x00, 0xec, 0xff, 0x0e, 0x00, 0x34, 0x00,
  0x14, 0x00, 0x28, 0x00, 0x10, 0x00, 0xee, 0xff, 0x02, 0x00, 0xf8, 0xff,
  0xf6, 0xff, 0x00, 0x00, 0xf8, 0xff, 0xf2, 0xff, 0xfc, 0xff, 0x06, 0x00,
  0xfe, 0xff, 0x14, 0x00, 0x1a, 0x00, 0x0a, 0x00, 0x12, 0x00, 0xfa, 0xff,
  0xf8, 0xff, 0xe4, 0xff, 0xe4, 0xff, 0xe8, 0xff, 0xdc, 0xff, 0xe2, 0xff,
  0xe2, 0xff, 0xea, 0xff, 0xec, 0xff, 0x02, 0x00, 0x10, 0x00, 0x0c, 0x00,
  0xfe, 0xff, 0xfa, 0xff, 0xf4, 0xff, 0xf4, 0xff, 0xfc, 0xff, 0xfe, 0xff,
  0xfe, 0xff, 0xfe, 0xff, 0x10, 0x00, 0x0e, 0x00, 0x0c, 0x00, 0x10, 0x00,
  0x32, 0x00, 0x3e, 0x00, 0x32, 0x00, 0x30, 0x00, 0x22, 0x00, 0x14, 0x00,
  0x0e, 0x00, 0x06, 0x00, 0xfe, 0xff, 0xf8, 0xff, 0xf0, 0xff, 0xea, 0xff,
  0xe8, 0xff, 0xe6, 0xff, 0xe8, 0xff, 0xec, 0xff, 0xf0, 0xff, 0xf4, 0xff,
  0xf8, 0xff, 0xfc, 0xff, 0x00, 0x00, 0x04, 0x00, 0x08, 0x00, 0x0a, 0x00,
  0xfc, 0xff, 0xfe, 0xff, 0x00, 0x00, 0xfc, 0xff, 0x1c, 0x00, 0x30, 0x00,
  0x24, 0x00, 0x24, 0x00, 0x1e, 0x00, 0x10, 0x00, 0x0e, 0x00, 0x0c, 0x00,
  0x04, 0x00, 0xec, 0xff, 0xea, 0xff, 0xe8, 0xff, 0xe2, 0xff, 0xe8, 0xff,
  0xea, 0xff, 0xea, 0xff, 0xf0, 0xff, 0xf4, 0xff, 0xf8, 0xff, 0xe4, 0xff,
  0xee, 0xff, 0xf6, 0xff, 0xf8, 0xff, 0x02, 0x00, 0x1e, 0x00, 0x1a, 0x00,
  0x18, 0x00, 0x34, 0x00, 0x24, 0x00, 0x20, 0x00, 0x20, 0x00, 0x10, 0x00,
  0x0c, 0x00, 0x06, 0x00, 0xfc, 0xff, 0xf8, 0xff, 0xf4, 0xff, 0xf0, 0xff,
  0xf0, 0xff, 0xf0, 0xff, 0xd6, 0xff, 0xde, 0xff, 0xe6, 0xff, 0xe6, 0xff,
  0xf4, 0xff, 0xf8, 0xff, 0xe2, 0xff, 0xf0, 0xff, 0xf8, 0xff, 0xf8, 0xff,
  0xec, 0xff, 0xf4, 0xff, 0xfa, 0xff, 0xfc, 0xff, 0x04, 0x00, 0x04, 0x00,
  0x20, 0x00, 0x1c, 0x00, 0x16, 0x00, 0x18, 0x00, 0x0e, 0x00, 0x0c, 0x00,
  0x0a, 0x00, 0x04, 0x00, 0x00, 0x00, 0xf6, 0xff, 0xf4, 0xff, 0xf2, 0xff,
  0xd6, 0xff, 0xde, 0xff, 0xea, 0xff, 0xe6, 0xff, 0xf4, 0xff, 0xfa, 0xff,
  0xfa, 0xff, 0x04, 0x00, 0x04, 0x00, 0x0a, 0x00, 0x0e, 0x00, 0x0c, 0x00,
  0x0e, 0x00, 0x0c, 0x00, 0xe8, 0xff, 0xfe, 0xff, 0xf6, 0xff, 0xf6, 0xff,
  0xf6, 0xff, 0x10, 0x00, 0x24, 0x00, 0x0c, 0x00, 0x1a, 0x00, 0x0a, 0x00,
  0x06, 0x00, 0x0c, 0x00, 0x04, 0x00, 0x04, 0x00, 0xf8, 0xff, 0xfa, 0xff,
  0xf6, 0xff, 0xf6, 0xff, 0xf8, 0xff, 0xf6, 0xff, 0x02, 0x00, 0xfc, 0xff,
  0x00, 0x00, 0x02, 0x00, 0x00, 0x00, 0x06, 0x00, 0x04, 0x00, 0x06, 0x00,
  0x06, 0x00, 0xe0, 0xff, 0xfa, 0xff, 0xf2, 0xff, 0x0e, 0x00, 0x06, 0x00,
  0x00, 0x00, 0x08, 0x00, 0xfe, 0xff, 0x32, 0x00, 0x34, 0x00, 0x22, 0x00,
  0x26, 0x00, 0x34, 0x00, 0x16, 0x00, 0x22, 0x00, 0x0c, 0x00, 0x06, 0x00,
  0x04, 0x00, 0xf2, 0xff, 0xf8, 0xff, 0xea, 0xff, 0xf0, 0xff, 0xec, 0xff,
  0xee, 0xff, 0xf2, 0xff, 0xf2, 0xff, 0x22, 0x01, 0x62, 0x00, 0x08, 0x00,
  0xee, 0xff, 0x62, 0xff, 0x44, 0x00, 0x94, 0xff, 0xf4, 0xff, 0xb4, 0xff,
  0xa8, 0xff, 0xf6, 0xff, 0xae, 0xff, 0x16, 0x00, 0xd2, 0xff, 0x12, 0x00,
  0x04, 0x00, 0x08, 0x00, 0x2a, 0x00, 0x02, 0x00, 0xc6, 0x00, 0xf0, 0xff,
  0x7a, 0x00, 0x18, 0x00, 0x1c, 0x00, 0x4c, 0x00, 0xda, 0xff, 0x38, 0x00,
  0xc8, 0xff, 0x06, 0x00, 0xdc, 0xff, 0xda, 0xff, 0xf6, 0xff, 0xc6, 0xff,
  0x6e, 0xff, 0xe8, 0xff, 0xa8, 0xff, 0xe8, 0xff, 0xe4, 0xff, 0xd4, 0xff,
  0x12, 0x00, 0xec, 0xff, 0x2c, 0x00, 0x08, 0x00, 0x28, 0x00, 0x20, 0x00,
  0xc0, 0xff, 0xaa, 0x00, 0xb0, 0xff, 0xaa, 0xff, 0x30, 0x00, 0x9c, 0xff,
  0x36, 0x00, 0x98, 0xff, 0x08, 0x00, 0x84, 0xff, 0x08, 0x00, 0xe0, 0xff,
  0xd4, 0xff, 0x1c, 0x00, 0xc0, 0xff, 0x3e, 0x00, 0xde, 0xff, 0x2e, 0x00,
  0x0a, 0x00, 0x0c, 0x00, 0x2e, 0x00, 0xf4, 0xff, 0x34, 0x00, 0xf0, 0xff,
  0x1e, 0x00, 0xea, 0xff, 0x18, 0x00, 0xf6, 0xff, 0xd0, 0xff, 0x16, 0x00,
  0xcc, 0xff, 0x10, 0x00, 0x80, 0xff, 0x20, 0x00, 0xb2, 0xff, 0xf8, 0xff,
  0x4c, 0x00, 0xaa, 0xff, 0x60, 0x00, 0xca, 0xff, 0x4a, 0x00, 0x08, 0x00,
  0xb0, 0xff, 0x5a, 0x00, 0xaa, 0xff, 0x44, 0x00, 0xc4, 0xff, 0x08, 0x00,
  0x02, 0x00, 0xd6, 0xff, 0x22, 0x00, 0x1a, 0x00, 0xfa, 0xff, 0xf6, 0xff,
  0x1c, 0x00, 0xce, 0xff, 0x62, 0x00, 0xb8, 0xff, 0x18, 0x00, 0x02, 0x00,
  0xac, 0xff, 0x56, 0x00, 0xac, 0xff, 0x1e, 0x00, 0xda, 0xff, 0x00, 0x00,
  0x0e, 0x00, 0x04, 0x00, 0x12, 0x00, 0xf2, 0xff, 0x24, 0x00, 0x04, 0x00,
  0x0c, 0x00, 0xc8, 0xff, 0x22, 0x00, 0xf4, 0xff, 0x04, 0x00, 0xf0, 0xff,
  0xea, 0xff, 0x10, 0x00, 0xd6, 0xff, 0x22, 0x00, 0xca, 0xff, 0x0e, 0x00,
  0x3e, 0x00, 0xbc, 0xff, 0x4c, 0x00, 0xe8, 0xff, 0x26, 0x00, 0x06, 0x00,
  0x02, 0x00, 0x24, 0x00, 0x2a, 0x00, 0xfe, 0xff, 0x0a, 0x00, 0x16, 0x00,
  0x08, 0x00, 0x00, 0x00, 0xe6, 0xff, 0x08, 0x00, 0xea, 0xff, 0xfe, 0xff,
  0xe6, 0xff, 0xee, 0xff, 0xfe, 0xff, 0xec, 0xff, 0xfa, 0xff, 0xf4, 0xff,
  0x02, 0x00, 0xfe, 0xff, 0xfe, 0xff, 0xc4, 0xff, 0x2a, 0x00, 0xfe, 0xff,
  0xe0, 0xff, 0x4a, 0x00, 0xe2, 0xff, 0x16, 0x00, 0x10, 0x00, 0x1a, 0x00,
  0x0e, 0x00, 0xf2, 0xff, 0x28, 0x00, 0xfa, 0xff, 0xba, 0xff, 0x28, 0x00,
  0xf4, 0xff, 0xd6, 0xff, 0xe4, 0xff, 0x04, 0x00, 0xfa, 0xff, 0xd0, 0xff,
  0x08, 0x00, 0x04, 0x00, 0xf2, 0xff, 0x42, 0x00, 0xd8, 0xff, 0x22, 0x00,
  0x64, 0x00, 0xea, 0xff, 0x2a, 0x00, 0x1e, 0x00, 0x34, 0x00, 0x44, 0x00,
  0xd8, 0xff, 0x34, 0x00, 0x12, 0x00, 0xfe, 0xff, 0xf4, 0xff, 0x9c, 0xff,
  0x36, 0x00, 0xc4, 0xff, 0x7a, 0xff, 0x0a, 0x00, 0xda, 0xff, 0xca, 0xff,
  0xc2, 0xff, 0x10, 0x00, 0x04, 0x00, 0xc8, 0xff, 0x28, 0x00, 0x26, 0x00,
  0x00, 0x00, 0x1a, 0x02, 0x84, 0xfd, 0xee, 0x00, 0x5a, 0x01, 0xd4, 0xfe,
  0x24, 0x00, 0x10, 0x00, 0xaa, 0x00, 0xf6, 0xfe, 0xd6, 0xff, 0xf0, 0x00,
  0x1c, 0x01, 0x02, 0xff, 0x66, 0x00, 0x8a, 0x03, 0xe8, 0x00, 0x56, 0xff,
  0x4c, 0x02, 0xf4, 0x01, 0x96, 0xff, 0x2e, 0x00, 0x9e, 0x01, 0xe8, 0x01,
  0xea, 0xfb, 0x18, 0x01, 0xdc, 0x01, 0x7a, 0xfc, 0x0e, 0xfd, 0x16, 0x01,
  0x5c, 0xff, 0xea, 0xfb, 0x9a, 0xff, 0x20, 0x01, 0xce, 0xfd, 0x96, 0xfe,
  0xa2, 0x01, 0x00, 0x01, 0x8e, 0xfe, 0x1e, 0x01, 0xf2, 0x02, 0x28, 0x00,
  0x0e, 0x00, 0x72, 0x02, 0x84, 0x01, 0x7e, 0xff, 0xc0, 0x00, 0x86, 0x03,
  0x16, 0xff, 0x64, 0xfe, 0x2c, 0x03, 0xde, 0xfe, 0x0a, 0xfc, 0xe0, 0xff,
  0x7e, 0xff, 0xa4, 0xf9, 0x76, 0xfd, 0xaa, 0xff, 0xba, 0xfb, 0x10, 0xfd,
  0xfa, 0xff, 0x00, 0x00, 0x28, 0xfe, 0x76, 0x00, 0x58, 0x03, 0x92, 0x00,
  0x16, 0x01, 0xf0, 0x03, 0x74, 0x02, 0xde, 0x00, 0x78, 0x02, 0xca, 0x01,
  0xd0, 0xff, 0xc0, 0xfe, 0x86, 0xfe, 0xd2, 0xfb, 0x66, 0xfa, 0xaa, 0xfb,
  0x62, 0xfb, 0x2e, 0xf8, 0xd8, 0xfb, 0xd2, 0xfc, 0xfe, 0xfa, 0xf0, 0xfd,
  0xac, 0xff, 0x56, 0x00, 0x84, 0x00, 0x1a, 0x05, 0x78, 0x07, 0x82, 0x06,
  0x66, 0x07, 0xc6, 0x08, 0x2a, 0x07, 0x76, 0x04, 0xde, 0x05, 0x3c, 0x03,
  0xe6, 0xfc, 0x30, 0xff, 0x40, 0xfc, 0xb2, 0xf5, 0x54, 0xf7, 0xc6, 0xf5,
  0x62, 0xf2, 0x3c, 0xf2, 0xe0, 0xf4, 0x88, 0xf5, 0x84, 0xf5, 0xb4, 0xfa,
  0x76, 0xfe, 0xfa, 0xff, 0xe2, 0x04, 0x48, 0x0b, 0x56, 0x0e, 0x18, 0x10,
  0x72, 0x13, 0xf2, 0x15, 0xb6, 0x11, 0x2e, 0x10, 0x24, 0x10, 0xb8, 0x05,
  0xa2, 0x00, 0xaa, 0xfe, 0x0e, 0xf4, 0x4a, 0xee, 0x18, 0xed, 0x20, 0xe9,
  0x52, 0xe5, 0xd4, 0xe7, 0x0a, 0xec, 0x54, 0xec, 0xae, 0xf1, 0x3c, 0xfa,
  0xb0, 0xfe, 0x76, 0x03, 0x04, 0x0d, 0xba, 0x13, 0x90, 0x15, 0x64, 0x19,
  0x06, 0x1e, 0x0c, 0x1a, 0x4c, 0x16, 0x62, 0x16, 0x84, 0x0d, 0x3c, 0x05,
  0xc0, 0x01, 0xec, 0xf9, 0x86, 0xf1, 0x9a, 0xed, 0x9a, 0xeb, 0x3a, 0xe6,
  0xc0, 0xe5, 0x34, 0xea, 0x5e, 0xea, 0xe0, 0xed, 0x24, 0xf6, 0x1e, 0xfb,
  0x4e, 0x00, 0x6e, 0x07, 0x4a, 0x0f, 0x40, 0x12, 0xac, 0x14, 0x64, 0x1a,
  0x68, 0x19, 0xac, 0x15, 0x3c, 0x16, 0x22, 0x11, 0x18, 0x09, 0x08, 0x05,
  0xd2, 0xfe, 0xbc, 0xf6, 0x7c, 0xf1, 0x38, 0xee, 0x22, 0xea, 0xbe, 0xe7,
  0xb8, 0xe9, 0x7e, 0xeb, 0xac, 0xec, 0x06, 0xf3, 0x02, 0xf9, 0xc4, 0xfc,
  0xfc, 0x02, 0x9a, 0x0b, 0xae, 0x0e, 0x6e, 0x11, 0xa8, 0x18, 0x30, 0x18,
  0xcc, 0x15, 0xc2, 0x17, 0x10, 0x13, 0x4c, 0x0c, 0xa8, 0x08, 0x60, 0x02,
  0xb8, 0xfa, 0xb4, 0xf4, 0xd8, 0xf0, 0x52, 0xec, 0x66, 0xe8, 0xaa, 0xe9,
  0xa4, 0xea, 0x20, 0xeb, 0xee, 0xf0, 0x84, 0xf6, 0xb4, 0xfa, 0x88, 0x00,
  0x7e, 0x08, 0x20, 0x0d, 0xa4, 0x0f, 0x38, 0x16, 0xfe, 0x17, 0x62, 0x15,
  0x34, 0x17, 0x76, 0x14, 0x7a, 0x0d, 0x1c, 0x0a, 0xb0, 0x04, 0xe8, 0xfc,
  0x28, 0xf7, 0xe6, 0xf2, 0x62, 0xee, 0x3c, 0xea, 0x28, 0xe9, 0x94, 0xea,
  0x42, 0xea, 0x4e, 0xed, 0x74, 0xf2, 0x88, 0xf6, 0xf2, 0xfa, 0x08, 0x01,
  0xca, 0x06, 0xf6, 0x0a, 0xde, 0x0e, 0x7a, 0x12, 0x3e, 0x15, 0x12, 0x14,
  0xdc, 0x13, 0xfa, 0x12, 0xde, 0x0c, 0x4a, 0x09, 0x54, 0x05, 0x98, 0xfd,
  0x02, 0xf9, 0x10, 0xf5, 0xd2, 0xef, 0x2c, 0xec, 0xf2, 0xeb, 0x90, 0xeb,
  0x34, 0xeb, 0x52, 0xee, 0x1e, 0xf3, 0x04, 0xf6, 0x1c, 0xfa, 0x06, 0x01,
  0x04, 0x07, 0x28, 0x0a, 0x0e, 0x0f, 0xfe, 0x14, 0x3c, 0x14, 0x8a, 0x14,
  0xa6, 0x16, 0x32, 0x11, 0xe8, 0x0c, 0x98, 0x0a, 0x18, 0x03, 0xe6, 0xfc,
  0xb2, 0xf8, 0x90, 0xf3, 0x9c, 0xee, 0xd0, 0xeb, 0xf4, 0xea, 0x44, 0xea,
  0xc0, 0xea, 0x04, 0xee, 0x56, 0xf2, 0x76, 0xf4, 0xee, 0xfa, 0x3a, 0x00,
  0x58, 0x03, 0xf6, 0x0a, 0x56, 0x0d, 0x38, 0x10, 0x6c, 0x15, 0x10, 0x13,
  0xb8, 0x13, 0x2e, 0x13, 0x1a, 0x0d, 0xdc, 0x0a, 0x8a, 0x05, 0xda, 0xfe,
  0x2a, 0xfb, 0x6a, 0xf5, 0xfe, 0xf0, 0x46, 0xee, 0x8a, 0xeb, 0xbe, 0xeb,
  0x90, 0xeb, 0x4e, 0xed, 0x3e, 0xf2, 0xac, 0xf3, 0x54, 0xf9, 0x68, 0xff,
  0x4e, 0x02, 0x6c, 0x09, 0xd6, 0x0c, 0xc6, 0x0f, 0xb2, 0x15, 0xee, 0x13,
  0xda, 0x14, 0x84, 0x15, 0x24, 0x0f, 0x1c, 0x0d, 0x80, 0x08, 0xc2, 0x00,
  0x08, 0xfd, 0x1a, 0xf7, 0xa6, 0xf1, 0x80, 0xee, 0x42, 0xeb, 0xca, 0xea,
  0x32, 0xea, 0x98, 0xeb, 0x3a, 0xf0, 0xe4, 0xf1, 0x18, 0xf7, 0xac, 0xfd,
  0xea, 0xff, 0x7a, 0x06, 0xa4, 0x0c, 0x88, 0x0c, 0xb4, 0x12, 0x42, 0x15,
  0xc4, 0x11, 0x56, 0x14, 0x72, 0x11, 0xd6, 0x0b, 0xd4, 0x09, 0xa4, 0x03,
  0x32, 0xfe, 0xe0, 0xf9, 0x9a, 0xf4, 0x44, 0xf1, 0xb6, 0xed, 0x76, 0xec,
  0xca, 0xec, 0x16, 0xec, 0x80, 0xef, 0x2e, 0xf3, 0xfc, 0xf4, 0xfe, 0xfa,
  0xb0, 0xff, 0x44, 0x02, 0x3a, 0x08, 0x6e, 0x0c, 0xb4, 0x0c, 0x8a, 0x11,
  0x0c, 0x13, 0x92, 0x10, 0xde, 0x11, 0x44, 0x0f, 0xbe, 0x0a, 0x32, 0x08,
  0x10, 0x03, 0x44, 0xfe, 0x1e, 0xfa, 0x1e, 0xf5, 0xec, 0xf2, 0x6e, 0xef,
  0x7a, 0xed, 0xec, 0xee, 0x36, 0xee, 0x30, 0xf0, 0x72, 0xf4, 0xa0, 0xf6,
  0xb4, 0xfa, 0x98, 0xff, 0xa2, 0x03, 0xd8, 0x06, 0xbc, 0x0b, 0x66, 0x0e,
  0xe8, 0x0e, 0x2a, 0x12, 0x5e, 0x11, 0x2c, 0x0f, 0xca, 0x0e, 0xca, 0x0a,
  0xfc, 0x06, 0x8c, 0x03, 0xc2, 0xfe, 0x28, 0xfb, 0x34, 0xf7, 0x36, 0xf4,
  0xbc, 0xf2, 0x9c, 0xf0, 0xc0, 0xf0, 0x6e, 0xf1, 0x62, 0xf2, 0x00, 0xf5,
  0xac, 0xf7, 0xca, 0xfa, 0x9c, 0xfe, 0xcc, 0x01, 0x18, 0x06, 0x74, 0x08,
  0xe8, 0x0a, 0xde, 0x0d, 0x2a, 0x0d, 0xa0, 0x0d, 0xde, 0x0d, 0xa8, 0x0a,
  0xec, 0x08, 0x5e, 0x06, 0x76, 0x02, 0x98, 0xff, 0x2c, 0xfc, 0x74, 0xf9,
  0x2c, 0xf7, 0xf8, 0xf4, 0xa2, 0xf4, 0x44, 0xf4, 0x1e, 0xf4, 0x6c, 0xf6,
  0x98, 0xf7, 0x6a, 0xf9, 0x2e, 0xfd, 0x06, 0xff, 0xae, 0x01, 0xbc, 0x04,
  0x86, 0x06, 0xb8, 0x08, 0x70, 0x09, 0xe8, 0x0a, 0xa8, 0x0a, 0x24, 0x09,
  0x34, 0x09, 0x08, 0x07, 0x88, 0x04, 0x06, 0x03, 0x54, 0x00, 0x86, 0xfd,
  0x52, 0xfb, 0xb8, 0xf9, 0xcc, 0xf7, 0x32, 0xf6, 0x6c, 0xf6, 0x2a, 0xf6,
  0xdc, 0xf6, 0x2c, 0xf8, 0xde, 0xf9, 0x06, 0xfc, 0xdc, 0xfd, 0xb0, 0x00,
  0x96, 0x02, 0x32, 0x04, 0x5e, 0x06, 0x0c, 0x07, 0x22, 0x08, 0x86, 0x08,
  0x1c, 0x08, 0xe0, 0x07, 0x98, 0x06, 0x1a, 0x05, 0xe0, 0x03, 0x12, 0x02,
  0x46, 0x00, 0xce, 0xfe, 0x02, 0xfd, 0x8a, 0xfb, 0xd0, 0xfa, 0xd8, 0xf9,
  0x1c, 0xf9, 0xa6, 0xf9, 0xb0, 0xf9, 0x6c, 0xfa, 0xc8, 0xfb, 0x82, 0xfc,
  0xc4, 0xfe, 0xd2, 0xff, 0x9a, 0x01, 0x54, 0x03, 0xda, 0x03, 0x4e, 0x05,
  0x88, 0x05, 0x82, 0x05, 0x94, 0x05, 0xb2, 0x04, 0x10, 0x04, 0xee, 0x02,
  0xc0, 0x01, 0xb4, 0x00, 0xc2, 0xfe, 0x28, 0xfe, 0x1e, 0xfd, 0xd2, 0xfb,
  0xe6, 0xfb, 0x84, 0xfb, 0x7e, 0xfb, 0x02, 0xfc, 0x8e, 0xfc, 0x68, 0xfd,
  0x20, 0xfe, 0x38, 0xff, 0x32, 0x00, 0x72, 0x01, 0x18, 0x02, 0xc6, 0x02,
  0xac, 0x03, 0x8c, 0x03, 0xa6, 0x03, 0xa8, 0x03, 0x06, 0x03, 0x80, 0x02,
  0xd2, 0x01, 0x14, 0x01, 0x3c, 0x00, 0xe0, 0xfe, 0x9c, 0xfe, 0xd2, 0xfd,
  0xdc, 0xfc, 0x80, 0xfc, 0x86, 0xfc, 0x5a, 0xfc, 0xb2, 0xfb, 0xd0, 0xfc,
  0xc2, 0xfd, 0x52, 0xfd, 0xe6, 0xfe, 0x1e, 0x00, 0x2c, 0x00, 0x0e, 0x01,
  0x12, 0x02, 0x46, 0x02, 0xa4, 0x01, 0xa4, 0x02, 0x20, 0x03, 0xc4, 0x01,
  0x44, 0x02, 0x60, 0x02, 0x1a, 0x01, 0xda, 0x00, 0x28, 0x00, 0x5e, 0x00,
  0x18, 0xff, 0xb6, 0xfe, 0x68, 0xff, 0x3a, 0xfe, 0x5a, 0xfe, 0xcc, 0xfe,
  0x80, 0xfe, 0xac, 0xfe, 0xe0, 0xfe, 0x70, 0xff, 0x7e, 0xff, 0xb4, 0xff,
  0x6a, 0x00, 0xdc, 0x00, 0x94, 0x00, 0xa0, 0x00, 0xf4, 0x01, 0xc2, 0x00,
  0xd6, 0x00, 0xba, 0x01, 0xae, 0x00, 0xa2, 0x00, 0xa8, 0x00, 0x84, 0x00,
  0x06, 0x00, 0xde, 0xff, 0x1e, 0x00, 0x72, 0xff, 0x68, 0xff, 0x90, 0xff,
  0x3c, 0xff, 0x3c, 0xff, 0x4c, 0xff, 0x6a, 0xff, 0xf2, 0xff, 0x9e, 0xff,
  0x0c, 0x00, 0x4e, 0x00, 0x08, 0x00, 0x6a, 0x00, 0x80, 0x00, 0x7a, 0x00,
  0x8c, 0x00, 0x8e, 0x00, 0xfe, 0xff, 0x76, 0x00, 0x2e, 0x00, 0xd2, 0xff,
  0xca, 0x00, 0xbe, 0xff, 0xf2, 0xff, 0x48, 0x00, 0xf8, 0xfe, 0xfe, 0xff,
  0x94, 0xff, 0x3a, 0xff, 0x4e, 0xff, 0xe2, 0xfe, 0x90, 0xff, 0xfc, 0xfe,
  0x46, 0xff, 0xe2, 0xff, 0x62, 0xff, 0xdc, 0xff, 0x1c, 0x00, 0x1a, 0x00,
  0xe4, 0x00, 0x5a, 0x00, 0xd6, 0x00, 0x0e, 0x01, 0xec, 0xff, 0x08, 0x01,
  0x8c, 0x00, 0x70, 0xff, 0xb0, 0x00, 0xd8, 0xff, 0x78, 0xff, 0xf0, 0xff,
  0x7c, 0xff, 0x86, 0xff, 0x56, 0xff, 0x84, 0xff, 0x94, 0xff, 0x4e, 0xff,
  0xba, 0xff, 0xc4, 0xff, 0xae, 0xff, 0xfa, 0xff, 0x16, 0x00, 0x22, 0x00,
  0x36, 0x00, 0x60, 0x00, 0x6a, 0x00, 0x5c, 0x00, 0x76, 0x00, 0x72, 0x00,
  0x58, 0x00, 0x50, 0x00, 0x44, 0x00, 0x26, 0x00, 0x0a, 0x00, 0xfc, 0xff,
  0xe4, 0xff, 0xc8, 0xff, 0xbe, 0xff, 0xb4, 0xff, 0xa6, 0xff, 0xa6, 0xff,
  0x18, 0xff, 0xd8, 0xff, 0x8a, 0xff, 0x64, 0xff, 0x08, 0x00, 0xae, 0xff,
  0xec, 0xff, 0x74, 0xff, 0x40, 0x00, 0x1a, 0x00, 0xc0, 0xff, 0x96, 0x00,
  0x26, 0x00, 0x32, 0x00, 0xf4, 0x00, 0x24, 0x00, 0x90, 0x00, 0x90, 0x00,
  0x2a, 0x00, 0x78, 0x00, 0x16, 0x00, 0x2c, 0x00, 0x0a, 0x00, 0x5a, 0x00,
  0x34, 0xff, 0x70, 0xff, 0xe4, 0xff, 0xf4, 0xfe, 0x88, 0xff, 0x8a, 0xff,
  0x5e, 0xff, 0x88, 0xff, 0x88, 0xff, 0xca, 0xff, 0xce, 0xff, 0xea, 0xff,
  0xa4, 0xff, 0x5a, 0x00, 0x7e, 0xff, 0x36, 0x00, 0x5c, 0x00, 0x48, 0x00,
  0x86, 0x00, 0x3e, 0x00, 0x18, 0x01, 0x22, 0x00, 0x86, 0x00, 0x2e, 0x01,
  0xf2, 0xff, 0xb0, 0x00, 0x46, 0x00, 0x0a, 0x00, 0x2c, 0x00, 0x2e, 0xff,
  0x1e, 0x00, 0x5a, 0xff, 0x3a, 0xff, 0xc4, 0xff, 0x20, 0xff, 0x90, 0xff,
  0x62, 0xff, 0x90, 0xff, 0x3e, 0x00, 0x14, 0xff, 0x5e, 0x00, 0x1c, 0x00,
  0xcc, 0xff, 0xc4, 0x00, 0x16, 0x00, 0xaa, 0x00, 0x86, 0x00, 0x56, 0x00,
  0xc4, 0x00, 0x52, 0x00, 0x6e, 0x00, 0x5e, 0x00, 0x26, 0x00, 0x20, 0x00,
  0xee, 0xff, 0xcc, 0xff, 0xc6, 0xff, 0x9e, 0xff, 0x94, 0xff, 0x98, 0xff,
  0x0e, 0xff, 0x1e, 0x00, 0x50, 0xff, 0x94, 0xff, 0x38, 0x00, 0x60, 0xff,
  0x44, 0x00, 0xee, 0xff, 0x18, 0x00, 0xc8, 0x00, 0xf8, 0xff, 0xc8, 0x00,
  0x76, 0x00, 0x0a, 0x00, 0xb6, 0x00, 0xc4, 0xff, 0x66, 0x00, 0x0c, 0x00,
  0xcc, 0xff, 0x34, 0x00, 0x40, 0xff, 0xee, 0xff, 0x7e, 0xff, 0x72, 0xff,
  0x1a, 0x00, 0x4e, 0xff, 0xec, 0xff, 0xd8, 0xff, 0xb2, 0xff, 0x22, 0x00,
  0xe6, 0xff, 0x34, 0x00, 0x30, 0x00, 0x2e, 0x00, 0x58, 0x00, 0x5c, 0x00,
  0x4e, 0x00, 0x58, 0x00, 0x5c, 0x00, 0x1e, 0x00, 0x42, 0x00, 0x00, 0x00,
  0x08, 0x00, 0xfe, 0xff, 0xc8, 0xff, 0xee, 0xff, 0x9c, 0xff, 0x78, 0xff,
  0xbe, 0xff, 0x70, 0xff, 0xc6, 0xff, 0xa6, 0xff, 0xa0, 0xff, 0xc6, 0xff,
  0xbc, 0xff, 0xe8, 0xff, 0x46, 0x00, 0x06, 0x00, 0x58, 0x00, 0x5c, 0x00,
  0x36, 0x00, 0x8c, 0x00, 0x64, 0x00, 0x6e, 0x00, 0x48, 0x00, 0x3c, 0x00,
  0x2e, 0x00, 0x06, 0x00, 0xda, 0xff, 0x0e, 0x00, 0x98, 0xff, 0xc4, 0xff,
  0xb4, 0xff, 0x80, 0xff, 0xcc, 0xff, 0x84, 0xff, 0xd0, 0xff, 0xbe, 0xff,
  0xac, 0xff, 0x22, 0x00, 0xda, 0xff, 0x28, 0x00, 0x36, 0x00, 0x1c, 0x00,
  0x62, 0x00, 0x54, 0x00, 0x58, 0x00, 0x76, 0x00, 0x48, 0x00, 0x50, 0x00,
  0x38, 0x00, 0x08, 0x00, 0x18, 0x00, 0xd8, 0xff, 0xe0, 0xff, 0xce, 0xff,
  0xb0, 0xff, 0xc2, 0xff, 0x90, 0xff, 0xb8, 0xff, 0xac, 0xff, 0x8c, 0xff,
  0xf2, 0xff, 0xb6, 0xff, 0xf0, 0xff, 0x10, 0x00, 0xfc, 0xff, 0x3e, 0x00,
  0x20, 0x00, 0x48, 0x00, 0x4a, 0x00, 0x14, 0x00, 0x56, 0x00, 0x26, 0x00,
  0x2a, 0x00, 0xfe, 0xff, 0x02, 0x00, 0xcc, 0xff, 0xd0, 0xff, 0xf6, 0xff,
  0xba, 0xff, 0x0a, 0x00, 0xc8, 0xff, 0xe8, 0xff, 0xe2, 0xff, 0xb6, 0xff,
  0x0a, 0x00, 0xe2, 0xff, 0x18, 0x00, 0x10, 0x00, 0xf8, 0xff, 0x14, 0x00,
  0xfe, 0xff, 0x22, 0x00, 0x38, 0x00, 0x1e, 0x00, 0x24, 0x00, 0x18, 0x00,
  0x08, 0x00, 0x34, 0x00, 0xf8, 0xff, 0x10, 0x00, 0xf0, 0xff, 0xe2, 0xff,
  0xf8, 0xff, 0xd2, 0xff, 0xe4, 0xff, 0xee, 0xff, 0xd0, 0xff, 0xea, 0xff,
  0xea, 0xff, 0xea, 0xff, 0x02, 0x00, 0xd8, 0xff, 0x10, 0x00, 0xfa, 0xff,
  0xf8, 0xff, 0x28, 0x00, 0x04, 0x00, 0x1e, 0x00, 0x16, 0x00, 0x0a, 0x00,
  0x1e, 0x00, 0xf6, 0xff, 0x14, 0x00, 0x08, 0x00, 0xfc, 0xff, 0x02, 0x00,
  0xf0, 0xff, 0xe0, 0xff, 0xea, 0xff, 0xd4, 0xff, 0xec, 0xff, 0xea, 0xff,
  0xf0, 0xff, 0xfa, 0xff, 0xf8, 0xff, 0x08, 0x00, 0x06, 0x00, 0x12, 0x00,
  0x14, 0x00, 0x12, 0x00, 0x14, 0x00, 0x0e, 0x00, 0x0e, 0x00, 0xee, 0xff,
  0x1a, 0x00, 0x16, 0x00, 0x00, 0x00, 0x08, 0x00, 0x10, 0x00, 0xfe, 0xff,
  0xfc, 0xff, 0x02, 0x00, 0xfc, 0xff, 0xf8, 0xff, 0xf8, 0xff, 0xfa, 0xff,
  0xde, 0xff, 0xf6, 0xff, 0xf4, 0xff, 0xf6, 0xff, 0x00, 0x00, 0xfc, 0xff,
  0x1e, 0x00, 0x04, 0x00, 0x12, 0x00, 0x12, 0x00, 0x08, 0x00, 0x12, 0x00,
  0x04, 0x00, 0x0a, 0x00, 0xfe, 0xff, 0xfc, 0xff, 0xfc, 0xff, 0xf4, 0xff,
  0xfa, 0xff, 0xf4, 0xff, 0xf8, 0xff, 0xf8, 0xff, 0xf8, 0xff, 0xfe, 0xff,
  0xfe, 0xff, 0x02, 0x00, 0x02, 0x00, 0x04, 0x00, 0x06, 0x00, 0x06, 0x00,
  0x06, 0x00, 0x02, 0x00, 0xfc, 0xff, 0x06, 0x00, 0x08, 0x00, 0x00, 0x00,
  0x02, 0x00, 0x06, 0x00, 0x00, 0x00, 0x00, 0x00, 0x00, 0x00, 0x00, 0x00,
  0xe4, 0xff, 0xf6, 0xff, 0xf6, 0xff, 0xf0, 0xff, 0xe0, 0xff, 0xf0, 0xff,
  0xf6, 0xff, 0xf6, 0xff, 0x02, 0x00, 0x0a, 0x00, 0x08, 0x00, 0x08, 0x00,
  0x0c, 0x00, 0x0e, 0x00, 0x0c, 0x00, 0x24, 0x00, 0x10, 0x00, 0x0a, 0x00,
  0x1e, 0x00, 0x20, 0x00, 0x10, 0x00, 0xec, 0xff, 0xe0, 0xff, 0xe8, 0xff,
  0xe8, 0xff, 0xf2, 0xff, 0xf0, 0xff, 0xee, 0xff, 0xee, 0xff, 0xf6, 0xff,
  0x02, 0x00, 0xee, 0xff, 0x04, 0x00, 0x04, 0x00, 0x04, 0x00, 0x06, 0x00,
  0x06, 0x00, 0x0c, 0x00, 0x1a, 0x00, 0x12, 0x00, 0x0e, 0x00, 0x08, 0x00,
  0x04, 0x00, 0x04, 0x00, 0xfe, 0xff, 0xf8, 0xff, 0xf4, 0xff, 0xf6, 0xff,
  0xf2, 0xff, 0xee, 0xff, 0xf4, 0xff, 0xf6, 0xff, 0x0e, 0x00, 0x06, 0x00,
  0x08, 0x00, 0x06, 0x00, 0x06, 0x00, 0x0a, 0x00, 0xf4, 0xff, 0x00, 0x00,
  0x04, 0x00, 0x02, 0x00, 0x00, 0x00, 0x04, 0x00, 0x0a, 0x00, 0x02, 0x00,
  0xfc, 0xff, 0xf6, 0xff, 0xfa, 0xff, 0xfc, 0xff, 0xfc, 0xff, 0xea, 0xff,
  0xde, 0xff, 0xec, 0xff, 0xf2, 0xff, 0xe6, 0xff, 0xfe, 0xff, 0xfc, 0xff,
  0x00, 0x00, 0x02, 0x00, 0x04, 0x00, 0x0e, 0x00, 0x0c, 0x00, 0x16, 0x00,
  0x22, 0x00, 0x18, 0x00, 0x12, 0x00, 0x0a, 0x00, 0x08, 0x00, 0x06, 0x00,
  0x00, 0x00, 0xfc, 0xff, 0xf6, 0xff, 0x00, 0x00, 0xfa, 0xff, 0xfa, 0xff,
  0xf8, 0xff, 0xf2, 0xff, 0xf8, 0xff, 0xfa, 0xff, 0xfe, 0xff, 0xfe, 0xff,
  0x00, 0x00, 0x06, 0x00, 0x06, 0x00, 0x0a, 0x00, 0x08, 0x00, 0x08, 0x00,
  0x08, 0x00, 0xfc, 0xff, 0xfe, 0xff, 0xfa, 0xff, 0xfa, 0xff, 0xfa, 0xff,
  0xfa, 0xff, 0xf0, 0xff, 0xe0, 0xff, 0xe4, 0xff, 0xec, 0xff, 0xf6, 0xff,
  0xf4, 0xff, 0xf8, 0xff, 0xfa, 0xff, 0xfe, 0xff, 0x04, 0x00, 0x04, 0x00,
  0x0a, 0x00, 0x0a, 0x00, 0x0c, 0x00, 0x04, 0x00, 0x06, 0x00, 0x06, 0x00,
  0x04, 0x00, 0x04, 0x00, 0x00, 0x00, 0xfe, 0xff, 0xfc, 0xff, 0xfc, 0xff,
  0xfe, 0xff, 0xfc, 0xff, 0xf0, 0xff, 0xf4, 0xff, 0xf8, 0xff, 0xfc, 0xff,
  0xfe, 0xff, 0xfe, 0xff, 0x00, 0x00, 0x00, 0x00, 0x02, 0x00, 0xf2, 0xff,
  0xf6, 0xff, 0xfa, 0xff, 0x0e, 0x00, 0x1e, 0x00, 0x16, 0x00, 0x0e, 0x00,
  0x06, 0x00, 0x08, 0x00, 0x08, 0x00, 0x08, 0x00, 0xf4, 0xff, 0xf2, 0xff,
  0xe4, 0xff, 0xe8, 0xff, 0xee, 0xff, 0xf0, 0xff, 0xf4, 0xff, 0xf4, 0xff,
  0xfa, 0xff, 0x0c, 0x00, 0x0e, 0x00, 0xfe, 0xff, 0xfe, 0xff, 0x10, 0x00,
  0x14, 0x00, 0x14, 0x00, 0x0c, 0x00, 0x06, 0x00, 0x04, 0x00, 0x04, 0x00,
  0x02, 0x00, 0xfe, 0xff, 0xfc, 0xff, 0xfa, 0xff, 0xfa, 0xff, 0xfa, 0xff,
  0xfa, 0xff, 0xfa, 0xff, 0xfc, 0xff, 0xfe, 0xff, 0xfe, 0xff, 0x00, 0x00,
  0xfc, 0xff, 0xfe, 0xff, 0x00, 0x00, 0x02, 0x00, 0x02, 0x00, 0x02, 0x00,
  0x02, 0x00, 0x02, 0x00, 0x02, 0x00, 0x02, 0x00, 0x12, 0x00, 0x10, 0x00,
  0x0c, 0x00, 0x06, 0x00, 0x02, 0x00, 0x02, 0x00, 0xf2, 0xff, 0xe4, 0xff,
  0xe8, 0xff, 0xee, 0xff, 0xf4, 0xff, 0xf6, 0xff, 0xf6, 0xff, 0x08, 0x00,
  0x18, 0x00, 0x16, 0x00, 0x12, 0x00, 0x0e, 0x00, 0x0c, 0x00, 0x1c, 0x00,
  0x18, 0x00, 0x12, 0x00, 0x0a, 0x00, 0x02, 0x00, 0xfe, 0xff, 0xfc, 0xff,
  0xfc, 0xff, 0xfa, 0xff, 0xf8, 0xff, 0xf6, 0xff, 0xe6, 0xff, 0xea, 0xff,
  0xf0, 0xff, 0xf6, 0xff, 0xfc, 0xff, 0xfe, 0xff, 0x00, 0x00, 0x00, 0x00,
  0x08, 0x00, 0x0a, 0x00, 0x0c, 0x00, 0x0c, 0x00, 0x0a, 0x00, 0x18, 0x00,
  0x10, 0x00, 0x08, 0x00, 0x10, 0x00, 0x0c, 0x00, 0x08, 0x00, 0x10, 0x00,
  0x0c, 0x00, 0x06, 0x00, 0x00, 0x00, 0xfc, 0xff, 0xfa, 0xff, 0xee, 0xff,
  0xf0, 0xff, 0xe6, 0xff, 0xea, 0xff, 0xf0, 0xff, 0xf4, 0xff, 0xf8, 0xff,
  0xfa, 0xff, 0xfe, 0xff, 0x00, 0x00, 0x10, 0x00, 0x12, 0x00, 0x12, 0x00,
  0x10, 0x00, 0x0c, 0x00, 0x0a, 0x00, 0x14, 0x00, 0x12, 0x00, 0x18, 0x00,
  0x1e, 0x00, 0x14, 0x00, 0x0a, 0x00, 0x02, 0x00, 0xfe, 0xff, 0xfe, 0xff,
  0xfe, 0xff, 0xfc, 0xff, 0xfc, 0xff, 0xf8, 0xff, 0xf6, 0xff, 0xf6, 0xff,
  0xf8, 0xff, 0xfa, 0xff, 0xfa, 0xff, 0xfc, 0xff, 0xfc, 0xff, 0xfe, 0xff,
  0x00, 0x00, 0x02, 0x00, 0x04, 0x00, 0x04, 0x00, 0x04, 0x00, 0x04, 0x00,
  0x06, 0x00, 0x06, 0x00, 0xf8, 0xff, 0xec, 0xff, 0xee, 0xff, 0xf4, 0xff,
  0xfa, 0xff, 0xfe, 0xff, 0xfe, 0xff, 0xfc, 0xff, 0xfc, 0xff, 0xfe, 0xff,
  0x02, 0x00, 0xfa, 0xff, 0xfc, 0xff, 0xfe, 0xff, 0x00, 0x00, 0x02, 0x00,
  0x02, 0x00, 0x02, 0x00, 0x0e, 0x00, 0x0c, 0x00, 0x08, 0x00, 0x06, 0x00,
  0x10, 0x00, 0x0e, 0x00, 0x0a, 0x00, 0x06, 0x00, 0x02, 0x00, 0xfe, 0xff,
  0xfc, 0xff, 0xfc, 0xff, 0xfa, 0xff, 0xf8, 0xff, 0xf8, 0xff, 0xf8, 0xff,
  0xfa, 0xff, 0x08, 0x00, 0x0a, 0x00, 0x08, 0x00, 0x06, 0x00, 0x04, 0x00,
  0x02, 0x00, 0x00, 0x00, 0xf6, 0xff, 0xf8, 0xff, 0xfa, 0xff, 0xfc, 0xff,
  0xfe, 0xff, 0xfe, 0xff, 0x00, 0x00, 0xf4, 0xff, 0xf4, 0xff, 0xf8, 0xff,
  0xfe, 0xff, 0x02, 0x00, 0x04, 0x00, 0x04, 0x00, 0xf2, 0xff, 0xe2, 0xff,
  0xea, 0xff, 0xf6, 0xff, 0xf0, 0xff, 0xf6, 0xff, 0xfa, 0xff, 0xfa, 0xff,
  0xfc, 0xff, 0x00, 0x00, 0x04, 0x00, 0x08, 0x00, 0xfa, 0xff, 0xfa, 0xff,
  0xfe, 0xff, 0x02, 0x00, 0x04, 0x00, 0x04, 0x00, 0x02, 0x00, 0x10, 0x00,
  0x0e, 0x00, 0x08, 0x00, 0x04, 0x00, 0x00, 0x00, 0xfe, 0xff, 0xfe, 0xff,
  0x00, 0x00, 0x00, 0x00, 0xfe, 0xff, 0xfc, 0xff, 0xf6, 0xff, 0xf2, 0xff,
  0xf6, 0xff, 0xfc, 0xff, 0xfc, 0xff, 0xfe, 0xff, 0x00, 0x00, 0x00, 0x00,
  0x00, 0x00, 0x02, 0x00, 0x04, 0x00, 0x04, 0x00, 0x00, 0x00, 0x00, 0x00,
  0x00, 0x00, 0x00, 0x00, 0x00, 0x00, 0x10, 0x00, 0x2e, 0x00, 0x2a, 0x00,
  0x1e, 0x00, 0x16, 0x00, 0x06, 0x00, 0xf2, 0xff, 0xf4, 0xff, 0xfa, 0xff,
  0xfa, 0xff, 0xf8, 0xff, 0xf4, 0xff, 0xf0, 0xff, 0xf2, 0xff, 0xf8, 0xff,
  0xfe, 0xff, 0x04, 0x00, 0x06, 0x00, 0x04, 0x00, 0x02, 0x00, 0xf8, 0xff,
  0xfa, 0xff, 0x00, 0x00, 0x04, 0x00, 0x04, 0x00, 0x02, 0x00, 0xfe, 0xff,
  0xf2, 0xff, 0xf4, 0xff, 0xfc, 0xff, 0x02, 0x00, 0x04, 0x00, 0x02, 0x00,
  0x00, 0x00, 0x00, 0x00, 0x02, 0x00, 0x02, 0x00, 0x04, 0x00, 0x04, 0x00,
  0x02, 0x00, 0xf6, 0xff, 0xf6, 0xff, 0xfa, 0xff, 0x08, 0x00, 0x14, 0x00,
  0x10, 0x00, 0x06, 0x00, 0xfe, 0xff, 0xfc, 0xff, 0xfe, 0xff, 0x02, 0x00,
  0x04, 0x00, 0x02, 0x00, 0xfe, 0xff, 0xfa, 0xff, 0xfa, 0xff, 0xfc, 0xff,
  0x00, 0x00, 0x02, 0x00, 0x02, 0x00, 0x00, 0x00, 0xfe, 0xff, 0x0e, 0x00,
  0x0e, 0x00, 0x18, 0x00, 0x12, 0x00, 0x06, 0x00, 0x00, 0x00, 0xfe, 0xff,
  0x00, 0x00, 0x00, 0x00, 0x00, 0x00, 0xfc, 0xff, 0xf8, 0xff, 0xf8, 0xff,
  0xea, 0xff, 0xee, 0xff, 0xf8, 0xff, 0xfe, 0xff, 0x02, 0x00, 0x02, 0x00,
  0xf0, 0xff, 0xf0, 0xff, 0xfa, 0xff, 0x02, 0x00, 0x08, 0x00, 0x08, 0x00,
  0x04, 0x00, 0x00, 0x00, 0x00, 0x00, 0x02, 0x00, 0x14, 0x00, 0x18, 0x00,
  0x0e, 0x00, 0x08, 0x00, 0xf0, 0xff, 0xee, 0xff, 0xf6, 0xff, 0xfe, 0xff,
  0x02, 0x00, 0x00, 0x00, 0xfa, 0xff, 0xf6, 0xff, 0x0a, 0x00, 0x0e, 0x00,
  0x08, 0x00, 0x04, 0x00, 0x00, 0x00, 0xfe, 0xff, 0xf0, 0xff, 0xf4, 0xff,
  0xf4, 0xff, 0xf8, 0xff, 0xfc, 0xff, 0xfc, 0xff, 0x0a, 0x00, 0x0a, 0x00,
  0x08, 0x00, 0x06, 0x00, 0x1c, 0x00, 0x1a, 0x00, 0x16, 0x00, 0x12, 0x00,
  0x06, 0x00, 0x04, 0x00, 0xfc, 0xff, 0xfa, 0xff, 0xec, 0xff, 0xec, 0xff,
  0xf0, 0xff, 0xf2, 0xff, 0xec, 0xff, 0xfa, 0xff, 0x04, 0x00, 0x06, 0x00,
  0x06, 0x00, 0x04, 0x00, 0x06, 0x00, 0x08, 0x00, 0x06, 0x00, 0x02, 0x00,
  0xfc, 0xff, 0xfa, 0xff, 0xfe, 0xff, 0x00, 0x00, 0x04, 0x00, 0x02, 0x00,
  0x00, 0x00, 0x00, 0x00, 0x08, 0x00, 0x08, 0x00, 0x0a, 0x00, 0x0a, 0x00,
  0xfa, 0xff, 0xf8, 0xff, 0xf6, 0xff, 0xf8, 0xff, 0xf8, 0xff, 0xec, 0xff,
  0xee, 0xff, 0xf2, 0xff, 0xf4, 0xff, 0xfe, 0xff, 0xfe, 0xff, 0x10, 0x00,
  0x20, 0x00, 0x1c, 0x00, 0x18, 0x00, 0x10, 0x00, 0x0e, 0x00, 0x0c, 0x00,
  0x08, 0x00, 0x02, 0x00, 0xfc, 0xff, 0xfa, 0xff, 0xf8, 0xff, 0xf8, 0xff,
  0xf8, 0xff, 0xf8, 0xff, 0xf8, 0xff, 0xfa, 0xff, 0xec, 0xff, 0xe0, 0xff,
  0xd8, 0xff, 0xe2, 0xff, 0xee, 0xff, 0xe4, 0xff, 0xea, 0xff, 0xf0, 0xff,
  0xfa, 0xff, 0xf4, 0xff, 0xf8, 0xff, 0x00, 0x00, 0x04, 0x00, 0x10, 0x00,
  0x12, 0x00, 0x10, 0x00, 0x0e, 0x00, 0x0c, 0x00, 0x1c, 0x00, 0x18, 0x00,
  0x12, 0x00, 0x0a, 0x00, 0x02, 0x00, 0x02, 0x00, 0xfe, 0xff, 0xfc, 0xff,
  0xf8, 0xff, 0xf6, 0xff, 0xf6, 0xff, 0xf6, 0xff, 0xf4, 0xff, 0xf2, 0xff,
  0xf2, 0xff, 0xf6, 0xff, 0xfa, 0xff, 0xfa, 0xff, 0xfc, 0xff, 0xfe, 0xff,
  0x00, 0x00, 0x04, 0x00, 0x06, 0x00, 0x06, 0x00, 0x06, 0x00, 0x06, 0x00,
  0x06, 0x00, 0x06, 0x00, 0xfa, 0xff, 0xf8, 0xff, 0xfa, 0xff, 0xfa, 0xff,
  0xfc, 0xff, 0xfa, 0xff, 0xfa, 0xff, 0xfc, 0xff, 0xfe, 0xff, 0x00, 0x00,
  0x00, 0x00, 0x02, 0x00, 0x02, 0x00, 0x02, 0x00, 0x02, 0x00, 0x02, 0x00,
  0x02, 0x00, 0x02, 0x00, 0x02, 0x00, 0x02, 0x00, 0x02, 0x00, 0x02, 0x00,
  0x02, 0x00, 0x0c, 0x00, 0x0c, 0x00, 0x08, 0x00, 0x06, 0x00, 0x02, 0x00,
  0x02, 0x00, 0xf6, 0xff, 0xf4, 0xff, 0xec, 0xff, 0xea, 0xff, 0xf0, 0xff,
  0xf0, 0xff, 0xf6, 0xff, 0xf8, 0xff, 0xf2, 0xff, 0x00, 0x00, 0x10, 0x00,
  0x1c, 0x00, 0x1c, 0x00, 0x14, 0x00, 0x10, 0x00, 0x0a, 0x00, 0x08, 0x00,
  0x06, 0x00, 0x00, 0x00, 0x10, 0x00, 0x12, 0x00, 0x06, 0x00, 0x02, 0x00,
  0xfa, 0xff, 0xf8, 0xff, 0xfa, 0xff, 0xfa, 0xff, 0xfa, 0xff, 0xf8, 0xff,
  0xf8, 0xff, 0xfa, 0xff, 0xfc, 0xff, 0x00, 0x00, 0x02, 0x00, 0x02, 0x00,
  0x02, 0x00, 0x02, 0x00, 0x02, 0x00, 0x16, 0x00, 0x1c, 0x00, 0x12, 0x00,
  0x0e, 0x00, 0x04, 0x00, 0xfe, 0xff, 0xfe, 0xff, 0xfc, 0xff, 0xfa, 0xff,
  0xf8, 0xff, 0xf8, 0xff, 0xf8, 0xff, 0xf8, 0xff, 0xfa, 0xff, 0xe8, 0xff,
  0xd0, 0xff, 0xda, 0xff, 0xd6, 0xff, 0xdc, 0xff, 0xde, 0xff, 0xde, 0xff,
  0xf2, 0xff, 0xfe, 0xff, 0xf6, 0xff, 0xf8, 0xff, 0x02, 0x00, 0xf6, 0xff,
  0xf8, 0xff, 0x04, 0x00, 0x02, 0x00, 0x06, 0x00, 0x0c, 0x00, 0x0a, 0x00,
  0x08, 0x00, 0x06, 0x00, 0x04, 0x00, 0x02, 0x00, 0x0a, 0x00, 0x10, 0x00,
  0x08, 0x00, 0x00, 0x00, 0x04, 0x00, 0x06, 0x00, 0x02, 0x00, 0x00, 0x00,
  0xfc, 0xff, 0xf8, 0xff, 0xf8, 0xff, 0xfa, 0xff, 0xfc, 0xff, 0xfe, 0xff,
  0x00, 0x00, 0x0a, 0x00, 0x10, 0x00, 0x0c, 0x00, 0x08, 0x00, 0x04, 0x00,
  0x00, 0x00, 0x0a, 0x00, 0x10, 0x00, 0x08, 0x00, 0x02, 0x00, 0xfc, 0xff,
  0xf6, 0xff, 0xf6, 0xff, 0xf8, 0xff, 0xfa, 0xff, 0xfc, 0xff, 0x08, 0x00,
  0x10, 0x00, 0x14, 0x00, 0x16, 0x00, 0x0e, 0x00, 0x06, 0x00, 0x0c, 0x00,
  0x10, 0x00, 0x14, 0x00, 0x14, 0x00, 0x08, 0x00, 0xfe, 0xff, 0xf8, 0xff,
  0xf4, 0xff, 0xf4, 0xff, 0xf6, 0xff, 0xf8, 0xff, 0xfa, 0xff, 0xfc, 0xff,
  0xfe, 0xff, 0x00, 0x00, 0x02, 0x00, 0x38, 0x00, 0xa2, 0x00, 0xce, 0x00,
  0x78, 0x00, 0x18, 0x00, 0xa6, 0xff, 0x42, 0xff, 0x52, 0xff, 0x8a, 0xff,
  0xb8, 0xff, 0xf0, 0xff, 0xd8, 0xff, 0x74, 0xff, 0x52, 0xff, 0x76, 0xff,
  0xac, 0xff, 0x08, 0x00, 0x66, 0x00, 0x96, 0x00, 0xa4, 0x00, 0x90, 0x00,
  0x60, 0x00, 0x3c, 0x00, 0x2a, 0x00, 0x22, 0x00, 0x1c, 0x00, 0x0a, 0x00,
  0xf0, 0xff, 0xd4, 0xff, 0xba, 0xff, 0xae, 0xff, 0xb2, 0xff, 0xc2, 0xff,
  0xda, 0xff, 0xf2, 0xff, 0x06, 0x00, 0x14, 0x00, 0xe4, 0xff, 0xf2, 0xff,
  0x32, 0x00, 0x34, 0x00, 0x0a, 0x00, 0xec, 0xff, 0xac, 0xff, 0x88, 0xff,
  0xaa, 0xff, 0xc2, 0xff, 0xdc, 0xff, 0xc0, 0xff, 0xa0, 0xff, 0xa2, 0xff,
  0x9c, 0xff, 0xa8, 0xff, 0xc6, 0xff, 0xe4, 0xff, 0x08, 0x00, 0x28, 0x00,
  0x3e, 0x00, 0x4a, 0x00, 0x4c, 0x00, 0x48, 0x00, 0x3e, 0x00, 0x30, 0x00,
  0x22, 0x00, 0x14, 0x00, 0x06, 0x00, 0xfa, 0xff, 0xf0, 0xff, 0xe8, 0xff,
  0xe2, 0xff, 0xde, 0xff, 0xdc, 0xff, 0xde, 0xff, 0xe2, 0xff, 0xe8, 0xff,
  0xf0, 0xff, 0xf8, 0xff, 0x00, 0x00, 0x08, 0x00, 0x0e, 0x00, 0x12, 0x00,
  0x14, 0x00, 0x14, 0x00, 0x4a, 0x00, 0x74, 0x00, 0xc0, 0x00, 0x00, 0x01,
  0x42, 0x01, 0x68, 0x01, 0x44, 0x01, 0x08, 0x01, 0xf8, 0x00, 0xc6, 0x00,
  0x74, 0x00, 0x32, 0x00, 0xe6, 0xff, 0x58, 0xff, 0xa8, 0xfe, 0x3e, 0xfe,
  0xe2, 0xfd, 0x60, 0xfd, 0xe2, 0xfc, 0xa0, 0xfc, 0x8e, 0xfc, 0x6a, 0xfc,
  0x8e, 0xfc, 0xea, 0xfc, 0x62, 0xfd, 0x0c, 0xfe, 0xca, 0xfe, 0x8e, 0xff,
  0x54, 0x00, 0x4a, 0x01, 0x18, 0x02, 0xaa, 0x02, 0x4e, 0x03, 0xb4, 0x03,
  0x0a, 0x04, 0x84, 0x04, 0xd4, 0x04, 0xf0, 0x04, 0xba, 0x04, 0x54, 0x04,
  0xf6, 0x03, 0x48, 0x03, 0x6c, 0x02, 0x8c, 0x01, 0x78, 0x00, 0x08, 0xff,
  0xa4, 0xfd, 0x7c, 0xfc, 0x82, 0xfb, 0xa8, 0xfa, 0xfa, 0xf9, 0x7a, 0xf9,
  0x6e, 0xf9, 0x8a, 0xf9, 0x04, 0xfa, 0xe4, 0xfa, 0xf6, 0xfb, 0x44, 0xfd,
  0xb0, 0xfe, 0x12, 0x00, 0x6a, 0x01, 0xc8, 0x02, 0x38, 0x04, 0xac, 0x05,
  0xd2, 0x06, 0xaa, 0x07, 0x34, 0x08, 0x8e, 0x08, 0x3c, 0x08, 0x86, 0x07,
  0xae, 0x06, 0xfe, 0x04, 0xba, 0x02, 0x7e, 0x00, 0x0a, 0xfe, 0x76, 0xfb,
  0x12, 0xf9, 0x10, 0xf7, 0x84, 0xf5, 0x68, 0xf4, 0xba, 0xf3, 0x86, 0xf3,
  0xe8, 0xf3, 0xae, 0xf4, 0xe8, 0xf5, 0x96, 0xf7, 0x86, 0xf9, 0xb2, 0xfb,
  0xf6, 0xfd, 0xa2, 0x00, 0x1a, 0x03, 0x6c, 0x05, 0xb2, 0x07, 0xba, 0x09,
  0x60, 0x0b, 0x8c, 0x0c, 0x30, 0x0d, 0x74, 0x0d, 0xac, 0x0c, 0x56, 0x0b,
  0xbc, 0x09, 0x54, 0x07, 0x62, 0x04, 0x6c, 0x01, 0x5e, 0xfe, 0x50, 0xfb,
  0x68, 0xf8, 0xf2, 0xf5, 0x8e, 0xf4, 0xa2, 0xf3, 0x44, 0xf3, 0x7e, 0xf3,
  0xc8, 0xf3, 0xa8, 0xf4, 0x64, 0xf5, 0x82, 0xf6, 0xfc, 0xf7, 0x8c, 0xf9,
  0x5c, 0xfb, 0x8e, 0xfd, 0x38, 0xff, 0xf6, 0x00, 0xb8, 0x02, 0x7c, 0x04,
  0x3c, 0x06, 0x22, 0x08, 0xa4, 0x09, 0x54, 0x0b, 0x94, 0x0c, 0xca, 0x0c,
  0xb0, 0x0c, 0x26, 0x0c, 0x96, 0x0a, 0x60, 0x08, 0x96, 0x05, 0x8a, 0x02,
  0x3a, 0xff, 0xb0, 0xfb, 0x98, 0xf8, 0x70, 0xf6, 0x90, 0xf4, 0x9c, 0xf3,
  0x52, 0xf3, 0x84, 0xf3, 0x32, 0xf4, 0xd2, 0xf4, 0xe0, 0xf5, 0x6e, 0xf7,
  0x08, 0xf9, 0x00, 0xfb, 0x4c, 0xfd, 0x18, 0xff, 0xda, 0x00, 0xb4, 0x02,
  0x80, 0x04, 0x50, 0x06, 0x3c, 0x08, 0xc0, 0x09, 0x62, 0x0b, 0xa4, 0x0c,
  0x3c, 0x0d, 0x54, 0x0d, 0x12, 0x0d, 0xd4, 0x0b, 0xcc, 0x09, 0x28, 0x07,
  0xe0, 0x03, 0x56, 0x00, 0x82, 0xfc, 0xdc, 0xf8, 0x30, 0xf6, 0xfa, 0xf3,
  0x92, 0xf2, 0x00, 0xf2, 0xe4, 0xf1, 0x4e, 0xf2, 0xde, 0xf2, 0xb0, 0xf3,
  0x28, 0xf5, 0x9e, 0xf6, 0x5c, 0xf8, 0x52, 0xfa, 0x28, 0xfc, 0xbe, 0xfd,
  0x78, 0xff, 0xda, 0x01, 0x2c, 0x04, 0xa8, 0x06, 0xfa, 0x08, 0x18, 0x0b,
  0x20, 0x0d, 0x7e, 0x0e, 0x2a, 0x0f, 0x68, 0x0f, 0xf0, 0x0e, 0x72, 0x0d,
  0x38, 0x0b, 0x50, 0x08, 0xe4, 0x04, 0x2e, 0x01, 0x30, 0xfd, 0xb4, 0xf9,
  0xf0, 0xf6, 0x9c, 0xf4, 0x5a, 0xf3, 0xb2, 0xf2, 0x80, 0xf2, 0x04, 0xf3,
  0xe2, 0xf3, 0x20, 0xf5, 0xf6, 0xf6, 0xb4, 0xf8, 0xce, 0xfa, 0xfa, 0xfc,
  0xce, 0xfe, 0x58, 0x00, 0xf8, 0x01, 0x12, 0x04, 0x12, 0x06, 0x28, 0x08,
  0x04, 0x0a, 0xb0, 0x0b, 0x3a, 0x0d, 0x18, 0x0e, 0x56, 0x0e, 0x3a, 0x0e,
  0x32, 0x0d, 0x44, 0x0b, 0xb4, 0x08, 0x90, 0x05, 0x0e, 0x02, 0x60, 0xfe,
  0xc4, 0xfa, 0xc2, 0xf7, 0x4c, 0xf5, 0x5e, 0xf3, 0x70, 0xf2, 0x3a, 0xf2,
  0x60, 0xf2, 0x2e, 0xf3, 0x52, 0xf4, 0xc0, 0xf5, 0xae, 0xf7, 0x8c, 0xf9,
  0x64, 0xfb, 0x68, 0xfd, 0x14, 0xff, 0x5c, 0x00, 0xc6, 0x01, 0xa6, 0x03,
  0x9a, 0x05, 0x8e, 0x07, 0x6c, 0x09, 0x3e, 0x0b, 0xfc, 0x0c, 0x46, 0x0e,
  0xd8, 0x0e, 0x0e, 0x0f, 0x98, 0x0e, 0x1c, 0x0d, 0xe6, 0x0a, 0xe0, 0x07,
  0x5e, 0x04, 0x9e, 0x00, 0xd2, 0xfc, 0x32, 0xf9, 0x38, 0xf6, 0xd4, 0xf3,
  0x32, 0xf2, 0x96, 0xf1, 0xa4, 0xf1, 0x3e, 0xf2, 0x74, 0xf3, 0xdc, 0xf4,
  0xc8, 0xf6, 0xc8, 0xf8, 0x82, 0xfa, 0x82, 0xfc, 0x72, 0xfe, 0xf4, 0xff,
  0x46, 0x01, 0xc6, 0x02, 0xa8, 0x04, 0xb0, 0x06, 0xa4, 0x08, 0x7a, 0x0a,
  0x34, 0x0c, 0x90, 0x0d, 0x5a, 0x0e, 0x7e, 0x0e, 0x14, 0x0e, 0xea, 0x0c,
  0xe4, 0x0a, 0x3c, 0x08, 0xee, 0x04, 0x46, 0x01, 0xc6, 0xfd, 0x50, 0xfa,
  0x30, 0xf7, 0xc2, 0xf4, 0xf4, 0xf2, 0xf2, 0xf1, 0xe8, 0xf1, 0x3a, 0xf2,
  0x20, 0xf3, 0x88, 0xf4, 0xe8, 0xf5, 0xb6, 0xf7, 0x8c, 0xf9, 0x1e, 0xfb,
  0xe4, 0xfc, 0x92, 0xfe, 0x12, 0x00, 0x5c, 0x01, 0xd0, 0x02, 0x96, 0x04,
  0x90, 0x06, 0x76, 0x08, 0x44, 0x0a, 0xf2, 0x0b, 0x54, 0x0d, 0x32, 0x0e,
  0x66, 0x0e, 0x10, 0x0e, 0x0c, 0x0d, 0x24, 0x0b, 0x96, 0x08, 0x66, 0x05,
  0xc4, 0x01, 0x76, 0xfe, 0x2a, 0xfb, 0x1c, 0xf8, 0xb0, 0xf5, 0xea, 0xf3,
  0xd4, 0xf2, 0xac, 0xf2, 0xda, 0xf2, 0x6a, 0xf3, 0x9e, 0xf4, 0xda, 0xf5,
  0x4c, 0xf7, 0x0a, 0xf9, 0xb0, 0xfa, 0x60, 0xfc, 0x24, 0xfe, 0xba, 0xff,
  0x16, 0x01, 0x64, 0x02, 0xf8, 0x03, 0xd8, 0x05, 0xc6, 0x07, 0x96, 0x09,
  0x50, 0x0b, 0xd4, 0x0c, 0xf2, 0x0d, 0x78, 0x0e, 0x5c, 0x0e, 0xb6, 0x0d,
  0x44, 0x0c, 0x00, 0x0a, 0x2c, 0x07, 0xac, 0x03, 0x18, 0x00, 0xd2, 0xfc,
  0x8e, 0xf9, 0x76, 0xf6, 0x1c, 0xf4, 0x68, 0xf2, 0x82, 0xf1, 0x8e, 0xf1,
  0xda, 0xf1, 0xb0, 0xf2, 0x12, 0xf4, 0x70, 0xf5, 0x2a, 0xf7, 0x18, 0xf9,
  0xec, 0xfa, 0xce, 0xfc, 0xba, 0xfe, 0xa2, 0x00, 0x44, 0x02, 0xda, 0x03,
  0xae, 0x05, 0x84, 0x07, 0x54, 0x09, 0xf6, 0x0a, 0x3e, 0x0c, 0x16, 0x0d,
  0xbc, 0x0d, 0xcc, 0x0d, 0x4e, 0x0d, 0x5a, 0x0c, 0xd2, 0x0a, 0xb2, 0x08,
  0x2a, 0x06, 0x3a, 0x03, 0x2e, 0x00, 0x70, 0xfd, 0xde, 0xfa, 0x64, 0xf8,
  0x64, 0xf6, 0xec, 0xf4, 0xfa, 0xf3, 0xc8, 0xf3, 0x1e, 0xf4, 0xa2, 0xf4,
  0xa4, 0xf5, 0xec, 0xf6, 0x50, 0xf8, 0xf2, 0xf9, 0xa6, 0xfb, 0x3c, 0xfd,
  0xe4, 0xfe, 0x84, 0x00, 0x0a, 0x02, 0x68, 0x03, 0xa0, 0x04, 0xee, 0x05,
  0x2e, 0x07, 0x50, 0x08, 0x4e, 0x09, 0x04, 0x0a, 0x5c, 0x0a, 0x7c, 0x0a,
  0x5a, 0x0a, 0xc0, 0x09, 0xd0, 0x08, 0x90, 0x07, 0xda, 0x05, 0xe0, 0x03,
  0xa6, 0x01, 0x2e, 0xff, 0xc6, 0xfc, 0xc6, 0xfa, 0xfa, 0xf8, 0x4c, 0xf7,
  0x06, 0xf6, 0x40, 0xf5, 0xd4, 0xf4, 0xf6, 0xf4, 0xa8, 0xf5, 0x70, 0xf6,
  0x82, 0xf7, 0xda, 0xf8, 0x34, 0xfa, 0xd4, 0xfb, 0x7a, 0xfd, 0xf8, 0xfe,
  0x8c, 0x00, 0x0e, 0x02, 0x6c, 0x03, 0x9c, 0x04, 0x96, 0x05, 0x72, 0x06,
  0x48, 0x07, 0xfa, 0x07, 0x82, 0x08, 0xe2, 0x08, 0x00, 0x09, 0xd4, 0x08,
  0x7c, 0x08, 0xd2, 0x07, 0xe0, 0x06, 0xb6, 0x05, 0x6c, 0x04, 0xe2, 0x02,
  0x08, 0x01, 0x36, 0xff, 0x4c, 0xfd, 0x6e, 0xfb, 0xc2, 0xf9, 0x7c, 0xf8,
  0x5e, 0xf7, 0x7a, 0xf6, 0x0a, 0xf6, 0xf6, 0xf5, 0x2a, 0xf6, 0xda, 0xf6,
  0xd8, 0xf7, 0x28, 0xf9, 0x88, 0xfa, 0x12, 0xfc, 0x9c, 0xfd, 0x12, 0xff,
  0x8a, 0x00, 0xe0, 0x01, 0xf2, 0x02, 0xf0, 0x03, 0xc0, 0x04, 0x5e, 0x05,
  0xc8, 0x05, 0x06, 0x06, 0x42, 0x06, 0x7e, 0x06, 0xa2, 0x06, 0xb6, 0x06,
  0x66, 0x06, 0xfe, 0x05, 0x72, 0x05, 0xc8, 0x04, 0xfc, 0x03, 0x12, 0x03,
  0x1e, 0x02, 0xfe, 0x00, 0xec, 0xff, 0xa8, 0xfe, 0x90, 0xfd, 0x8c, 0xfc,
  0xa2, 0xfb, 0xe6, 0xfa, 0x62, 0xfa, 0x0c, 0xfa, 0x04, 0xfa, 0x20, 0xfa,
  0x6e, 0xfa, 0xde, 0xfa, 0x78, 0xfb, 0x5e, 0xfc, 0x44, 0xfd, 0x34, 0xfe,
  0x20, 0xff, 0x0c, 0x00, 0xe6, 0x00, 0xd0, 0x01, 0x94, 0x02, 0x34, 0x03,
  0xae, 0x03, 0x0c, 0x04, 0x48, 0x04, 0x5c, 0x04, 0x50, 0x04, 0xfa, 0x03,
  0xaa, 0x03, 0x50, 0x03, 0xe8, 0x02, 0x76, 0x02, 0xf6, 0x01, 0x78, 0x01,
  0xf6, 0x00, 0x7c, 0x00, 0x04, 0x00, 0x8c, 0xff, 0x1c, 0xff, 0xae, 0xfe,
  0x7e, 0xfe, 0x2a, 0xfe, 0xe0, 0xfd, 0xa8, 0xfd, 0x7a, 0xfd, 0x56, 0xfd,
  0x50, 0xfd, 0x5c, 0xfd, 0x7c, 0xfd, 0xb0, 0xfd, 0xf2, 0xfd, 0x42, 0xfe,
  0x9c, 0xfe, 0xfc, 0xfe, 0x5e, 0xff, 0xc0, 0xff, 0x1e, 0x00, 0x76, 0x00,
  0xc6, 0x00, 0x0c, 0x01, 0x46, 0x01, 0x74, 0x01, 0x94, 0x01, 0xa6, 0x01,
  0xaa, 0x01, 0xa2, 0x01, 0x8e, 0x01, 0x6e, 0x01, 0x46, 0x01, 0x16, 0x01,
  0xe0, 0x00, 0xa6, 0x00, 0x6a, 0x00, 0x2e, 0x00, 0x0e, 0x00, 0xe0, 0xff,
  0xb8, 0xff, 0x94, 0xff, 0x90, 0xff, 0x82, 0xff, 0x78, 0xff, 0x72, 0xff,
  0x8c, 0xff, 0x9c, 0xff, 0xae, 0xff, 0xc0, 0xff, 0xd4, 0xff, 0xea, 0xff,
  0xfe, 0xff, 0x10, 0x00, 0x20, 0x00, 0x16, 0x00, 0x00, 0x00, 0xde, 0xff,
  0xcc, 0xff, 0xa0, 0xff, 0x86, 0xff, 0x70, 0xff, 0x60, 0xff, 0x58, 0xff,
  0x52, 0xff, 0x54, 0xff, 0x5c, 0xff, 0x68, 0xff, 0x8c, 0xff, 0xa4, 0xff,
  0xbe, 0xff, 0xda, 0xff, 0x0a, 0x00, 0x2c, 0x00, 0x5c, 0x00, 0x78, 0x00,
  0x94, 0x00, 0xbc, 0x00, 0xdc, 0x00, 0xfc, 0x00, 0x06, 0x01, 0x08, 0x01,
  0x14, 0x01, 0x1c, 0x01, 0x0e, 0x01, 0xf6, 0x00, 0xd6, 0x00, 0xc4, 0x00,
  0xa0, 0x00, 0x7c, 0x00, 0x40, 0x00, 0x14, 0x00, 0xec, 0xff, 0xc2, 0xff,
  0xa0, 0xff, 0x74, 0xff, 0x3e, 0xff, 0x06, 0xff, 0xe2, 0xfe, 0xc2, 0xfe,
  0xa6, 0xfe, 0xa2, 0xfe, 0xa2, 0xfe, 0xb2, 0xfe, 0xca, 0xfe, 0xea, 0xfe,
  0x12, 0xff, 0x40, 0xff, 0x70, 0xff, 0xb4, 0xff, 0xec, 0xff, 0x0e, 0x00,
  0x3a, 0x00, 0x60, 0x00, 0x84, 0x00, 0xb0, 0x00, 0xc4, 0x00, 0xd2, 0x00,
  0xda, 0x00, 0xdc, 0x00, 0xd6, 0x00, 0xc8, 0x00, 0xb4, 0x00, 0x9c, 0x00,
  0x82, 0x00, 0x64, 0x00, 0x44, 0x00, 0x18, 0x00, 0xea, 0xff, 0xca, 0xff,
  0xa0, 0xff, 0x82, 0xff, 0x74, 0xff, 0x64, 0xff, 0x5a, 0xff, 0x56, 0xff,
  0x64, 0xff, 0x70, 0xff, 0x7e, 0xff, 0x90, 0xff, 0xa6, 0xff, 0xcc, 0xff,
  0xe6, 0xff, 0xfe, 0xff, 0x16, 0x00, 0x2e, 0x00, 0x44, 0x00, 0x54, 0x00,
  0x60, 0x00, 0x5c, 0x00, 0x60, 0x00, 0x60, 0x00, 0x5c, 0x00, 0x54, 0x00,
  0x48, 0x00, 0x3c, 0x00, 0x30, 0x00, 0x22, 0x00, 0x06, 0x00, 0xf6, 0xff,
  0xe8, 0xff, 0xda, 0xff, 0xce, 0xff, 0xc2, 0xff, 0xba, 0xff, 0xb6, 0xff,
  0xb4, 0xff, 0xb2, 0xff, 0xb2, 0xff, 0xb6, 0xff, 0xba, 0xff, 0xc6, 0xff,
  0xca, 0xff, 0xd8, 0xff, 0xe2, 0xff, 0xe6, 0xff, 0xfa, 0xff, 0x04, 0x00,
  0x0e, 0x00, 0x18, 0x00, 0x22, 0x00, 0x2e, 0x00, 0x30, 0x00, 0x32, 0x00,
  0x32, 0x00, 0x32, 0x00, 0x2e, 0x00, 0x2a, 0x00, 0x1e, 0x00, 0x14, 0x00,
  0x0e, 0x00, 0x04, 0x00, 0xfc, 0xff, 0xf4, 0xff, 0xee, 0xff, 0xe8, 0xff,
  0xda, 0xff, 0xd4, 0xff, 0xce, 0xff, 0xd0, 0xff, 0xce, 0xff, 0xd0, 0xff,
  0xd4, 0xff, 0xda, 0xff, 0xee, 0xff, 0xf2, 0xff, 0xfc, 0xff, 0x02, 0x00,
  0x0c, 0x00, 0x1a, 0x00, 0x1a, 0x00, 0x24, 0x00, 0x22, 0x00, 0x3c, 0x00,
  0x3a, 0x00, 0x38, 0x00, 0x38, 0x00, 0x28, 0x00, 0x28, 0x00, 0x20, 0x00,
  0x1c, 0x00, 0x0e, 0x00, 0x06, 0x00, 0xfa, 0xff, 0xf0, 0xff, 0xea, 0xff,
  0xe4, 0xff, 0xde, 0xff, 0xda, 0xff, 0xe0, 0xff, 0xde, 0xff, 0xe4, 0xff,
  0xe8, 0xff, 0xf2, 0xff, 0xf4, 0xff, 0xf4, 0xff, 0xfc, 0xff, 0x00, 0x00,
  0x0a, 0x00, 0x08, 0x00, 0x12, 0x00, 0x10, 0x00, 0x1c, 0x00, 0x1e, 0x00,
  0x38, 0x00, 0x22, 0x00, 0x24, 0x00, 0x28, 0x00, 0x16, 0x00, 0x18, 0x00,
  0x06, 0x00, 0x10, 0x00, 0x12, 0x00, 0x20, 0x00, 0x0e, 0x00, 0x26, 0x00,
  0x2a, 0x00, 0x16, 0x00, 0x20, 0x00, 0x10, 0x00, 0x0e, 0x00, 0x28, 0x00,
  0x06, 0x00, 0x0e, 0x00, 0xe8, 0xff, 0xd0, 0xff, 0xd6, 0xff, 0xcc, 0xff,
  0xcc, 0xff, 0xd0, 0xff, 0xd8, 0xff, 0xdc, 0xff, 0xc2, 0xff, 0xd6, 0xff,
  0xd8, 0xff, 0xe6, 0xff, 0x02, 0x00, 0x06, 0x00, 0x1c, 0x00, 0x1c, 0x00,
  0x20, 0x00, 0x24, 0x00, 0x24, 0x00, 0x20, 0x00, 0x20, 0x00, 0x16, 0x00,
  0x0c, 0x00, 0x06, 0x00, 0xf6, 0xff, 0xf6, 0xff, 0xea, 0xff, 0xea, 0xff,
  0xe8, 0xff, 0xe6, 0xff, 0xea, 0xff, 0xec, 0xff, 0xf2, 0xff, 0xf6, 0xff,
  0xfe, 0xff, 0xc8, 0xfe, 0x6a, 0x00, 0xea, 0xfd, 0x6e, 0x00, 0x04, 0xff,
  0xcc, 0xff, 0x2e, 0x00, 0x82, 0xff, 0x8a, 0x00, 0xfe, 0x00, 0x02, 0xff,
  0xc2, 0x03, 0x30, 0xff, 0xb8, 0x00, 0x3c, 0x01, 0xfc, 0xfe, 0x3c, 0x01,
  0xf0, 0xfd, 0x8e, 0x00, 0xe2, 0xfe, 0x8a, 0xff, 0xf0, 0xfe, 0xcc, 0xff,
  0x3a, 0xff, 0x7a, 0xff, 0x2a, 0x00, 0x44, 0xff, 0x00, 0x01, 0x62, 0xff,
  0x02, 0x01, 0x22, 0x00, 0x7c, 0x00, 0x98, 0x00, 0x3a, 0x00, 0x9a, 0x00,
  0x54, 0x00, 0x56, 0x00, 0x54, 0x00, 0x2c, 0x00, 0xca, 0xff, 0x1a, 0x00,
  0x26, 0xff, 0xf4, 0xff, 0xfc, 0xfe, 0x12, 0x00, 0x58, 0xff, 0xd6, 0xff,
  0xf0, 0xff, 0xaa, 0xff, 0x3e, 0x00, 0x6a, 0xff, 0xa0, 0x00, 0xa0, 0xff,
  0x3c, 0x00, 0xdc, 0xff, 0x34, 0x00, 0xf8, 0xff, 0x0c, 0x00, 0x44, 0x00,
  0xda, 0xff, 0x5e, 0x00, 0xb0, 0xff, 0x5a, 0x00, 0xba, 0xff, 0x1e, 0x00,
  0xf0, 0xff, 0xea, 0xff, 0x0e, 0x00, 0xcc, 0xff, 0x20, 0x00, 0xc0, 0xff,
  0x28, 0x00, 0xdc, 0xff, 0x1e, 0x00, 0x0a, 0x00, 0x04, 0x00, 0x24, 0x00,
  0xf2, 0xff, 0x16, 0x00, 0xf4, 0xff, 0x02, 0x00, 0x08, 0x00, 0xfc, 0xff,
  0x02, 0x00, 0x0c, 0x00, 0xfe, 0xff, 0xfa, 0xff, 0xd0, 0xff, 0xf2, 0xff,
  0xc6, 0xff, 0x8c, 0xff, 0xb4, 0xff, 0x98, 0xff, 0x8e, 0xff, 0xb8, 0xff,
  0xce, 0xff, 0xd6, 0xff, 0x44, 0xff, 0x2c, 0x00, 0x4c, 0xff, 0xc4, 0xff,
  0xe4, 0xff, 0xce, 0xff, 0x26, 0x00, 0x12, 0x00, 0x66, 0x00, 0x2c, 0x00,
  0x78, 0x00, 0x2e, 0x00, 0x76, 0x00, 0x28, 0x00, 0x4c, 0x00, 0x44, 0x00,
  0x0a, 0x00, 0x3c, 0x00, 0xde, 0xff, 0x10, 0x00, 0xb6, 0xff, 0xec, 0xff,
  0xae, 0xff, 0xc6, 0xff, 0xca, 0xff, 0xb8, 0xff, 0xe2, 0xff, 0x8a, 0xff,
  0x40, 0xff, 0xbe, 0xff, 0xd0, 0xfe, 0x4e, 0xff, 0xac, 0xfe, 0xa0, 0xfe,
  0x50, 0xfe, 0x00, 0xfe, 0xf2, 0xfd, 0xd6, 0xfd, 0x7c, 0xfe, 0xa6, 0xfd,
  0x4a, 0xff, 0xe4, 0xfe, 0x76, 0xff, 0x54, 0x00, 0x62, 0x00, 0xf8, 0x00,
  0x16, 0x01, 0xb0, 0x01, 0x6a, 0x02, 0xee, 0x01, 0x38, 0x04, 0x54, 0x04,
  0x52, 0x04, 0x0a, 0x06, 0x74, 0x05, 0xfa, 0x04, 0xda, 0x04, 0xea, 0x03,
  0x24, 0x02, 0x70, 0x01, 0xe8, 0xff, 0x72, 0xfe, 0x5a, 0xfc, 0x96, 0xfc,
  0xea, 0xf8, 0x2e, 0xf9, 0x66, 0xf8, 0xbc, 0xf6, 0x9c, 0xf7, 0x08, 0xf7,
  0xa2, 0xf7, 0x78, 0xf7, 0xee, 0xf8, 0xcc, 0xf9, 0x2e, 0xfa, 0xbe, 0xfc,
  0xc2, 0xfc, 0x2a, 0xff, 0x06, 0x00, 0xd8, 0x02, 0x00, 0x03, 0x68, 0x05,
  0xd2, 0x07, 0x90, 0x06, 0x8c, 0x09, 0xb0, 0x09, 0x98, 0x08, 0x0e, 0x0a,
  0x8e, 0x09, 0x72, 0x07, 0x94, 0x07, 0x02, 0x06, 0x26, 0x03, 0x54, 0x02,
  0x0e, 0xff, 0x9e, 0xfc, 0xb4, 0xfa, 0x0a, 0xf8, 0x6a, 0xf6, 0xfa, 0xf4,
  0x74, 0xf4, 0x86, 0xf3, 0x6c, 0xf5, 0x48, 0xf5, 0x92, 0xf7, 0xe4, 0xf9,
  0x56, 0xfb, 0x40, 0xfe, 0xf8, 0xff, 0x08, 0x02, 0x40, 0x03, 0xbc, 0x04,
  0x0e, 0x05, 0x58, 0x05, 0x5c, 0x05, 0xaa, 0x04, 0x7a, 0x04, 0x44, 0x03,
  0xcc, 0x04, 0x96, 0x02, 0xf8, 0x03, 0x26, 0x05, 0xd4, 0x03, 0xbe, 0x05,
  0x2c, 0x06, 0x3e, 0x06, 0xce, 0x05, 0xec, 0x06, 0x1c, 0x05, 0x44, 0x03,
  0xaa, 0x03, 0xba, 0xff, 0x4e, 0xfe, 0x9a, 0xfc, 0x52, 0xfa, 0x5c, 0xf8,
  0x96, 0xf7, 0x0a, 0xf7, 0xaa, 0xf5, 0x2e, 0xf7, 0x50, 0xf7, 0x6e, 0xf8,
  0x08, 0xfb, 0xf4, 0xfb, 0x98, 0xfe, 0x46, 0x00, 0xf2, 0x01, 0x4a, 0x03,
  0x58, 0x04, 0xaa, 0x04, 0xc8, 0x04, 0x80, 0x04, 0x9e, 0x03, 0x7c, 0x03,
  0xbc, 0x01, 0x6a, 0x02, 0xe6, 0x02, 0xb0, 0x00, 0xc6, 0x04, 0x86, 0x04,
  0x20, 0x04, 0xf4, 0x07, 0x96, 0x07, 0x42, 0x07, 0x78, 0x08, 0x26, 0x08,
  0xa8, 0x04, 0xa2, 0x04, 0x40, 0x02, 0xce, 0xfd, 0x12, 0xfd, 0x06, 0xfa,
  0xe8, 0xf7, 0xca, 0xf5, 0x5a, 0xf6, 0xda, 0xf4, 0x08, 0xf5, 0x8a, 0xf7,
  0x62, 0xf7, 0xa4, 0xfa, 0x58, 0xfd, 0x6c, 0xff, 0x82, 0x01, 0x88, 0x04,
  0x00, 0x05, 0xf8, 0x05, 0xde, 0x06, 0x98, 0x05, 0x56, 0x05, 0x9e, 0x03,
  0xf0, 0x02, 0xe0, 0x00, 0xca, 0xfe, 0xca, 0x01, 0x40, 0xfd, 0xe4, 0xff,
  0x20, 0x03, 0x48, 0x00, 0x98, 0x04, 0x94, 0x06, 0x86, 0x06, 0x1a, 0x07,
  0x68, 0x09, 0x02, 0x07, 0xdc, 0x04, 0x1a, 0x05, 0xd4, 0x00, 0x20, 0xfd,
  0x3e, 0xfc, 0x2a, 0xf9, 0x4c, 0xf5, 0xec, 0xf5, 0x34, 0xf5, 0x78, 0xf3,
  0x2a, 0xf6, 0xb2, 0xf7, 0xbe, 0xf7, 0xbc, 0xfc, 0xd2, 0xfe, 0xee, 0xff,
  0x92, 0x03, 0x6c, 0x05, 0xb0, 0x04, 0xa2, 0x06, 0x1c, 0x06, 0x64, 0x04,
  0x3a, 0x04, 0xf2, 0x01, 0xee, 0x01, 0xba, 0xfe, 0xb2, 0xfe, 0xc4, 0x01,
  0x8c, 0xfc, 0x0c, 0x02, 0x22, 0x04, 0x40, 0x01, 0xcc, 0x06, 0xa6, 0x07,
  0x82, 0x07, 0xbe, 0x07, 0xf2, 0x09, 0x90, 0x06, 0x6e, 0x04, 0xa4, 0x04,
  0xe0, 0xff, 0x66, 0xfc, 0x98, 0xfb, 0xf6, 0xf8, 0xc6, 0xf4, 0x40, 0xf6,
  0x88, 0xf5, 0xc4, 0xf3, 0x98, 0xf7, 0x4a, 0xf8, 0x30, 0xf9, 0x18, 0xfe,
  0x34, 0x00, 0xec, 0x00, 0x6e, 0x05, 0x12, 0x06, 0x9c, 0x05, 0xa4, 0x07,
  0xf6, 0x05, 0x00, 0x04, 0xd2, 0x03, 0x6c, 0x00, 0x72, 0x00, 0x04, 0xfd,
  0xda, 0xfc, 0x9e, 0x00, 0x3e, 0xfb, 0x52, 0x02, 0x0c, 0x04, 0x60, 0x02,
  0x2c, 0x08, 0x34, 0x09, 0x56, 0x09, 0x28, 0x09, 0x34, 0x0b, 0x52, 0x07,
  0x40, 0x04, 0x46, 0x04, 0x28, 0xfe, 0x92, 0xfa, 0x44, 0xf9, 0x6c, 0xf6,
  0x5e, 0xf2, 0x2a, 0xf4, 0x28, 0xf4, 0xaa, 0xf2, 0xa4, 0xf7, 0xc6, 0xf8,
  0x3a, 0xfa, 0xa4, 0xff, 0xf2, 0x01, 0x96, 0x02, 0xe8, 0x06, 0x5c, 0x07,
  0x4a, 0x06, 0x3c, 0x07, 0xde, 0x05, 0xc2, 0x02, 0x02, 0x02, 0x46, 0xff,
  0xd0, 0xfd, 0x1a, 0xfc, 0x1c, 0xfb, 0x5e, 0xff, 0xe4, 0xfb, 0xb4, 0xff,
  0x3a, 0x05, 0xa8, 0x01, 0x1c, 0x07, 0xb6, 0x09, 0xf6, 0x08, 0xb6, 0x08,
  0x34, 0x0b, 0x1a, 0x08, 0xa8, 0x03, 0x3c, 0x05, 0xda, 0xfe, 0xea, 0xfa,
  0x36, 0xfa, 0x48, 0xf6, 0x48, 0xf3, 0x2c, 0xf3, 0xe8, 0xf3, 0x2c, 0xf2,
  0xf4, 0xf5, 0x08, 0xf8, 0x00, 0xf9, 0x8e, 0xfe, 0x02, 0x01, 0x7a, 0x02,
  0x3a, 0x06, 0xd4, 0x07, 0x9a, 0x06, 0xac, 0x07, 0xce, 0x06, 0x38, 0x03,
  0x06, 0x02, 0xea, 0xfe, 0x32, 0xfd, 0x10, 0xfa, 0xa0, 0xf9, 0xa6, 0xfd,
  0xb0, 0xf9, 0x94, 0xfe, 0x8c, 0x04, 0x54, 0x01, 0x8e, 0x07, 0x36, 0x0b,
  0x3c, 0x0a, 0xd6, 0x09, 0x38, 0x0d, 0xc4, 0x08, 0xf6, 0x03, 0x7c, 0x05,
  0x2e, 0xfe, 0x98, 0xf9, 0xca, 0xf8, 0x24, 0xf5, 0x40, 0xf1, 0xe8, 0xf2,
  0x6c, 0xf3, 0x5c, 0xf2, 0x52, 0xf7, 0x72, 0xf9, 0x12, 0xfb, 0x7a, 0x00,
  0x54, 0x04, 0x2a, 0x04, 0x78, 0x08, 0x76, 0x0a, 0x4c, 0x07, 0xd4, 0x08,
  0x70, 0x07, 0x2c, 0x03, 0x12, 0x01, 0xa0, 0xfe, 0x20, 0xfd, 0x80, 0xf9,
  0x60, 0xf9, 0xe4, 0xfe, 0x60, 0xf9, 0x8a, 0xfe, 0x68, 0x05, 0x02, 0x01,
  0x1c, 0x07, 0x44, 0x0b, 0x4c, 0x0a, 0x08, 0x09, 0x2e, 0x0d, 0x88, 0x09,
  0x44, 0x03, 0x02, 0x06, 0x22, 0xff, 0xa2, 0xf9, 0x34, 0xf9, 0x20, 0xf5,
  0x5e, 0xf1, 0x96, 0xf1, 0x74, 0xf2, 0x52, 0xf1, 0x16, 0xf5, 0xe0, 0xf7,
  0xac, 0xf9, 0x00, 0xff, 0xf0, 0x02, 0x0e, 0x04, 0x2e, 0x08, 0x56, 0x0a,
  0x56, 0x08, 0x92, 0x09, 0x42, 0x08, 0x3e, 0x04, 0x2a, 0x02, 0x16, 0xff,
  0xb8, 0xfd, 0xe6, 0xf9, 0x78, 0xf9, 0x88, 0xfe, 0x16, 0xf9, 0xaa, 0xfe,
  0x80, 0x04, 0x58, 0x01, 0xdc, 0x07, 0xa8, 0x0b, 0x92, 0x0b, 0xc6, 0x0a,
  0xb6, 0x0e, 0x0e, 0x0a, 0xe4, 0x04, 0x40, 0x06, 0x08, 0xfe, 0x88, 0xf9,
  0x9e, 0xf7, 0xf2, 0xf2, 0xc2, 0xef, 0x0c, 0xf0, 0x40, 0xf1, 0x6e, 0xf0,
  0xe2, 0xf5, 0x8e, 0xf8, 0x3c, 0xfa, 0x0e, 0x02, 0xc0, 0x03, 0x1c, 0x05,
  0x34, 0x0a, 0x0c, 0x0a, 0xa0, 0x07, 0x28, 0x09, 0x92, 0x06, 0xac, 0x01,
  0x54, 0x00, 0x8c, 0xfd, 0xca, 0xfb, 0x20, 0xf8, 0xf4, 0xfa, 0xce, 0xfe,
  0x08, 0xf9, 0x26, 0x03, 0x36, 0x06, 0x00, 0x03, 0xe6, 0x0b, 0x54, 0x0d,
  0x68, 0x0b, 0xca, 0x0b, 0x2c, 0x0e, 0x58, 0x07, 0xa0, 0x03, 0x78, 0x04,
  0x3c, 0xfb, 0xba, 0xf7, 0xae, 0xf6, 0x82, 0xf1, 0x24, 0xef, 0xfa, 0xf0,
  0x54, 0xf1, 0x6e, 0xf1, 0x98, 0xf7, 0xa2, 0xf8, 0x18, 0xfc, 0x3c, 0x03,
  0x34, 0x03, 0x4c, 0x06, 0xba, 0x0a, 0x5c, 0x08, 0xd2, 0x07, 0xf8, 0x08,
  0x48, 0x04, 0x00, 0x01, 0x90, 0xff, 0x20, 0xfd, 0x3c, 0xfa, 0x8a, 0xf7,
  0x50, 0xfd, 0x8e, 0xfa, 0xb0, 0xf9, 0xb8, 0x04, 0x98, 0x01, 0x92, 0x03,
  0x0c, 0x0c, 0x04, 0x0b, 0x40, 0x09, 0x5a, 0x0c, 0x46, 0x0b, 0x92, 0x03,
  0xf4, 0x03, 0x00, 0x00, 0xb8, 0xf8, 0x92, 0xf6, 0xc6, 0xf3, 0x7a, 0xf0,
  0xfc, 0xee, 0x60, 0xf1, 0xbc, 0xf1, 0xbc, 0xf3, 0x3a, 0xf9, 0x10, 0xfa,
  0xe6, 0xff, 0x10, 0x04, 0x44, 0x04, 0xf8, 0x08, 0xc8, 0x09, 0x5e, 0x07,
  0x30, 0x08, 0x72, 0x06, 0x6a, 0x01, 0x34, 0xff, 0x5c, 0xfe, 0xe8, 0xfa,
  0x04, 0xf7, 0xc4, 0xfc, 0x8e, 0xfc, 0xda, 0xf8, 0xb8, 0x04, 0x1e, 0x05,
  0x6a, 0x03, 0xf6, 0x0d, 0x92, 0x0e, 0x02, 0x0b, 0x76, 0x0e, 0x24, 0x0e,
  0xb8, 0x05, 0x74, 0x04, 0xd2, 0x01, 0xec, 0xf8, 0x84, 0xf5, 0x20, 0xf4,
  0xf8, 0xee, 0xb8, 0xed, 0x82, 0xf1, 0xb8, 0xf0, 0xb4, 0xf3, 0x56, 0xfa,
  0xb8, 0xfa, 0x48, 0x00, 0x56, 0x06, 0xc2, 0x05, 0x40, 0x09, 0x4c, 0x0c,
  0x6a, 0x08, 0x3a, 0x08, 0xc6, 0x07, 0xf2, 0x01, 0x94, 0xfe, 0x90, 0xfe,
  0x18, 0xfb, 0x0c, 0xf6, 0x94, 0xfc, 0x7e, 0xfc, 0x5a, 0xf8, 0x42, 0x04,
  0x08, 0x05, 0xe6, 0x02, 0x14, 0x0d, 0xc8, 0x0d, 0xbc, 0x09, 0x62, 0x0d,
  0x86, 0x0c, 0xd6, 0x03, 0x80, 0x03, 0x08, 0x00, 0x62, 0xf7, 0x0a, 0xf5,
  0x44, 0xf3, 0x62, 0xee, 0x78, 0xee, 0xac, 0xf1, 0xe0, 0xf0, 0x92, 0xf5,
  0x1a, 0xfb, 0xb0, 0xfb, 0x58, 0x02, 0xd2, 0x06, 0xc6, 0x05, 0x38, 0x0a,
  0x26, 0x0b, 0xec, 0x06, 0x6a, 0x08, 0xf8, 0x05, 0x74, 0x00, 0x92, 0xff,
  0x0e, 0xff, 0xe8, 0xf9, 0xd8, 0xf9, 0x20, 0x00, 0x42, 0xfa, 0x9c, 0xfe,
  0x10, 0x07, 0xe4, 0x02, 0xd4, 0x07, 0x88, 0x0e, 0x52, 0x0b, 0xe8, 0x0a,
  0x26, 0x0e, 0xba, 0x08, 0x3e, 0x03, 0x74, 0x03, 0x70, 0xfc, 0x8c, 0xf6,
  0x1c, 0xf5, 0x74, 0xf1, 0x74, 0xee, 0x46, 0xf0, 0x30, 0xf1, 0xd6, 0xf2,
  0x7a, 0xf8, 0x44, 0xfb, 0xb4, 0xfe, 0xf2, 0x04, 0x88, 0x05, 0x94, 0x07,
  0x7a, 0x0a, 0x52, 0x07, 0x18, 0x07, 0x1a, 0x06, 0x70, 0x01, 0x48, 0xff,
  0x38, 0xff, 0x0a, 0xfb, 0xe6, 0xf9, 0x26, 0x00, 0x6c, 0xfb, 0xe6, 0xfe,
  0x48, 0x07, 0x5e, 0x03, 0x5e, 0x08, 0x30, 0x0e, 0xa8, 0x0b, 0x62, 0x0b,
  0x34, 0x0e, 0x0a, 0x09, 0x64, 0x03, 0xe2, 0x03, 0xf6, 0xfb, 0x98, 0xf5,
  0x08, 0xf5, 0x7e, 0xef, 0xce, 0xec, 0x1e, 0xef, 0xc8, 0xee, 0x26, 0xf1,
  0x3a, 0xf7, 0x80, 0xf9, 0x34, 0xfe, 0xd8, 0x04, 0x24, 0x05, 0xe2, 0x08,
  0x4a, 0x0b, 0x4a, 0x08, 0xfc, 0x08, 0x1c, 0x07, 0x26, 0x02, 0xb6, 0x00,
  0xc0, 0xff, 0x28, 0xfa, 0x6e, 0xfc, 0x88, 0xff, 0x6a, 0xfa, 0xee, 0x02,
  0xc6, 0x05, 0x90, 0x03, 0xc2, 0x0b, 0xae, 0x0c, 0x8c, 0x0a, 0xea, 0x0c,
  0x8e, 0x0b, 0x94, 0x06, 0x14, 0x04, 0x20, 0x01, 0x64, 0xfa, 0x7e, 0xf7,
  0x76, 0xf4, 0x1c, 0xf1, 0x14, 0xf1, 0xfc, 0xf0, 0xa0, 0xf1, 0x20, 0xf6,
  0x9e, 0xf7, 0xbe, 0xfa, 0xc6, 0xff, 0x82, 0x02, 0x04, 0x03, 0x54, 0x06,
  0x30, 0x07, 0x0c, 0x04, 0x88, 0x05, 0x4e, 0x03, 0x7e, 0xff, 0x94, 0x01,
  0xdc, 0xfd, 0xbe, 0xfd, 0x24, 0x03, 0xba, 0xfd, 0xa6, 0x03, 0x28, 0x08,
  0x8c, 0x03, 0x7a, 0x0a, 0x66, 0x0c, 0xea, 0x07, 0xc2, 0x0a, 0x5e, 0x0a,
  0xee, 0x03, 0x08, 0x03, 0x26, 0x01, 0x72, 0xf9, 0x4e, 0xf8, 0xe4, 0xf5,
  0x56, 0xf1, 0xb4, 0xf2, 0x30, 0xf2, 0xf8, 0xf1, 0xb6, 0xf6, 0xde, 0xf7,
  0x0e, 0xfa, 0x8a, 0xff, 0xfe, 0x00, 0xe2, 0x02, 0x5a, 0x05, 0x9e, 0x05,
  0x80, 0x05, 0x2c, 0x04, 0x5c, 0x03, 0x78, 0x01, 0x16, 0x01, 0x4e, 0xfe,
  0x60, 0x00, 0x74, 0x02, 0x12, 0xfe, 0x1e, 0x06, 0xae, 0x06, 0xdc, 0x03,
  0x20, 0x0c, 0x98, 0x0a, 0x6c, 0x08, 0x6c, 0x0b, 0x24, 0x09, 0x5c, 0x04,
  0x32, 0x03, 0x5c, 0x00, 0x9c, 0xf9, 0xda, 0xf7, 0xa6, 0xf5, 0x26, 0xf1,
  0x52, 0xf2, 0xd2, 0xf1, 0x1c, 0xf2, 0x50, 0xf6, 0x96, 0xf7, 0x4e, 0xfa,
  0x96, 0xff, 0xf6, 0x00, 0xd4, 0x02, 0x1e, 0x06, 0x54, 0x05, 0x7a, 0x05,
  0x24, 0x05, 0x80, 0x02, 0xf0, 0x02, 0x50, 0x01, 0xe2, 0xfd, 0x50, 0x03,
  0x8a, 0x00, 0xa8, 0xfe, 0x18, 0x08, 0x42, 0x03, 0x74, 0x04, 0x4a, 0x0c,
  0xe4, 0x06, 0x2e, 0x08, 0xa6, 0x0a, 0x2c, 0x06, 0xcc, 0x03, 0xc0, 0x02,
  0xec, 0xfe, 0x58, 0xf9, 0xc0, 0xf8, 0x8c, 0xf5, 0x5c, 0xf1, 0x42, 0xf4,
  0x98, 0xf1, 0x02, 0xf3, 0x94, 0xf7, 0x3a, 0xf6, 0x5e, 0xfb, 0x24, 0xff,
  0x0e, 0xff, 0x02, 0x03, 0x92, 0x04, 0xfe, 0x03, 0xf4, 0x04, 0x0a, 0x04,
  0xb2, 0x02, 0xc8, 0x03, 0xda, 0xff, 0xe6, 0x01, 0x90, 0x04, 0x56, 0xfe,
  0x10, 0x06, 0x20, 0x07, 0x32, 0x02, 0x5a, 0x0b, 0xb4, 0x09, 0xdc, 0x06,
  0x50, 0x0b, 0xfa, 0x07, 0xbc, 0x04, 0x44, 0x03, 0x5c, 0x00, 0xdc, 0xfa,
  0xce, 0xf7, 0xe6, 0xf6, 0xac, 0xf1, 0xf0, 0xf1, 0x4a, 0xf3, 0x18, 0xf1,
  0xea, 0xf5, 0xc6, 0xf7, 0x28, 0xf8, 0x9e, 0xfe, 0x1a, 0xff, 0xb0, 0xff,
  0x92, 0x04, 0x7c, 0x02, 0xde, 0x02, 0x46, 0x04, 0x24, 0x01, 0x20, 0x03,
  0x4c, 0x01, 0x9a, 0x00, 0x78, 0x05, 0x92, 0x00, 0x78, 0x04, 0x1e, 0x09,
  0x2e, 0x03, 0xbc, 0x09, 0xf4, 0x0a, 0x34, 0x06, 0x5c, 0x0a, 0xd8, 0x07,
  0xd2, 0x03, 0x14, 0x03, 0x9a, 0xff, 0x5a, 0xfb, 0xe2, 0xf7, 0x0e, 0xf7,
  0x10, 0xf3, 0xdc, 0xf1, 0x68, 0xf4, 0xb8, 0xf1, 0x4e, 0xf5, 0x8e, 0xf8,
  0x26, 0xf7, 0x7c, 0xfd, 0x5a, 0xff, 0x38, 0xfe, 0x10, 0x04, 0x06, 0x03,
  0xec, 0x01, 0xf2, 0x04, 0xb6, 0x01, 0xb8, 0x02, 0x20, 0x02, 0x66, 0x00,
  0xe6, 0x04, 0x9a, 0x00, 0x50, 0x03, 0xba, 0x07, 0x5c, 0x02, 0xd2, 0x07,
  0x46, 0x09, 0x42, 0x05, 0xea, 0x08, 0x0c, 0x07, 0xec, 0x03, 0x5e, 0x03,
  0x9e, 0x00, 0x44, 0xfd, 0x46, 0xfa, 0xf6, 0xf8, 0x14, 0xf6, 0x44, 0xf4,
  0x96, 0xf5, 0xb2, 0xf3, 0xca, 0xf4, 0x34, 0xf8, 0xa8, 0xf6, 0xd8, 0xfa,
  0x26, 0xfe, 0x60, 0xfc, 0xae, 0x01, 0x28, 0x02, 0xde, 0x00, 0x30, 0x04,
  0x38, 0x02, 0x48, 0x03, 0xd8, 0x02, 0x54, 0x02, 0xc6, 0x05, 0xf6, 0x01,
  0x2e, 0x04, 0x02, 0x08, 0x90, 0x02, 0x06, 0x07, 0xbc, 0x08, 0xf6, 0x03,
  0x5a, 0x07, 0xcc, 0x06, 0xbe, 0x01, 0xd8, 0x02, 0xa0, 0x00, 0x44, 0xfb,
  0x32, 0xfb, 0xc4, 0xf8, 0xfc, 0xf4, 0xcc, 0xf5, 0xd4, 0xf4, 0x9e, 0xf3,
  0x0a, 0xf6, 0xf2, 0xf6, 0x4e, 0xf7, 0xa4, 0xfb, 0xa8, 0xfc, 0x76, 0xfd,
  0xc8, 0x01, 0x4a, 0x01, 0x5c, 0x02, 0x76, 0x04, 0xa2, 0x03, 0xe0, 0x04,
  0xce, 0x04, 0x72, 0x05, 0x44, 0x06, 0xb4, 0x04, 0x64, 0x06, 0x20, 0x06,
  0x44, 0x04, 0xb8, 0x06, 0x20, 0x05, 0xe4, 0x03, 0x66, 0x05, 0x8e, 0x03,
  0xca, 0x01, 0x78, 0x02, 0x52, 0xff, 0x9e, 0xfd, 0x64, 0xfd, 0x52, 0xfa,
  0xac, 0xf9, 0x94, 0xf9, 0xec, 0xf7, 0x5a, 0xf8, 0x42, 0xf9, 0xc6, 0xf8,
  0xe8, 0xfa, 0x60, 0xfc, 0x96, 0xfc, 0x1e, 0xff, 0xec, 0xff, 0x3e, 0x00,
  0xc2, 0x01, 0x9a, 0x01, 0x7e, 0x02, 0x86, 0x02, 0xa6, 0x02, 0x9e, 0x03,
  0x92, 0x02, 0x7e, 0x03, 0x5c, 0x03, 0xbe, 0x02, 0x62, 0x03, 0x70, 0x03,
  0xe0, 0x02, 0xce, 0x03, 0x66, 0x03, 0xaa, 0x02, 0x00, 0x03, 0xd8, 0x01,
  0x98, 0x00, 0x82, 0x00, 0xce, 0xfe, 0xf6, 0xfd, 0xd8, 0xfd, 0x52, 0xfc,
  0x1c, 0xfc, 0x38, 0xfc, 0x5c, 0xfb, 0x04, 0xfc, 0xb4, 0xfc, 0x6e, 0xfc,
  0x74, 0xfd, 0x1c, 0xfe, 0x1c, 0xfe, 0xfc, 0xfe, 0x52, 0xff, 0xc6, 0xff,
  0x5a, 0x00, 0xa8, 0x00, 0x50, 0x01, 0x5e, 0x01, 0xbc, 0x01, 0x02, 0x02,
  0xe8, 0x01, 0x38, 0x02, 0xc2, 0x02, 0x82, 0x02, 0x0e, 0x03, 0x44, 0x03,
  0xe4, 0x02, 0x02, 0x03, 0xac, 0x02, 0xa6, 0x01, 0x5c, 0x01, 0x7e, 0x00,
  0x6a, 0xff, 0x3a, 0xff, 0x3e, 0xfe, 0x8e, 0xfd, 0xa0, 0xfd, 0xee, 0xfc,
  0xbe, 0xfc, 0x3c, 0xfd, 0xd2, 0xfc, 0x0c, 0xfd, 0x94, 0xfd, 0x70, 0xfd,
  0xcc, 0xfd, 0x6c, 0xfe, 0xb6, 0xfe, 0xec, 0xfe, 0xa6, 0xff, 0x0a, 0x00,
  0x20, 0x00, 0xce, 0x00, 0x0a, 0x01, 0x10, 0x01, 0xa6, 0x01, 0xfa, 0x01,
  0xf2, 0x01, 0x6a, 0x02, 0x90, 0x02, 0x50, 0x02, 0x78, 0x02, 0x3e, 0x02,
  0xf6, 0x01, 0x0c, 0x02, 0x86, 0x01, 0x36, 0x01, 0x12, 0x01, 0x60, 0x00,
  0x04, 0x00, 0xd4, 0xff, 0x36, 0xff, 0xfa, 0xfe, 0xf6, 0xfe, 0x26, 0xfe,
  0xda, 0xfd, 0x90, 0xfd, 0x10, 0xfd, 0xf0, 0xfc, 0x0c, 0xfd, 0x10, 0xfd,
  0x18, 0xfd, 0x94, 0xfd, 0xd2, 0xfd, 0x00, 0xfe, 0xfe, 0xfe, 0x32, 0xff,
  0xfe, 0xff, 0x8c, 0x00, 0x2a, 0x01, 0xbc, 0x01, 0x28, 0x02, 0xb0, 0x02,
  0xce, 0x02, 0x00, 0x03, 0xf8, 0x02, 0xcc, 0x02, 0xc6, 0x02, 0x46, 0x02,
  0x00, 0x02, 0xb0, 0x01, 0xec, 0x00, 0xa0, 0x00, 0x32, 0x00, 0x82, 0xff,
  0x52, 0xff, 0xe8, 0xfe, 0x30, 0xfe, 0xe2, 0xfd, 0x8e, 0xfd, 0x28, 0xfd,
  0x10, 0xfd, 0x30, 0xfd, 0x1e, 0xfd, 0x3c, 0xfd, 0xba, 0xfd, 0xcc, 0xfd,
  0x48, 0xfe, 0xf4, 0xfe, 0x4e, 0xff, 0xf0, 0xff, 0x80, 0x00, 0x12, 0x01,
  0x78, 0x01, 0xfa, 0x01, 0x4e, 0x02, 0x68, 0x02, 0xe2, 0x02, 0xb2, 0x02,
  0xb8, 0x02, 0xc4, 0x02, 0x88, 0x02, 0x52, 0x02, 0x04, 0x02, 0xe0, 0x01,
  0x22, 0x01, 0x1e, 0x01, 0x74, 0x00, 0xec, 0xff, 0xa6, 0xff, 0xbc, 0xfe,
  0x50, 0xfe, 0xfc, 0xfd, 0x72, 0xfd, 0x4e, 0xfd, 0x0a, 0xfd, 0xe4, 0xfc,
  0xfc, 0xfc, 0x10, 0xfd, 0x46, 0xfd, 0xba, 0xfd, 0x2e, 0xfe, 0xb4, 0xfe,
  0xf8, 0xfe, 0xbc, 0xff, 0x3a, 0x00, 0x8a, 0x00, 0x44, 0x01, 0x76, 0x01,
  0xf2, 0x01, 0x4a, 0x02, 0x56, 0x02, 0x8e, 0x02, 0xae, 0x02, 0xaa, 0x02,
  0x62, 0x02, 0x84, 0x02, 0x02, 0x02, 0xbc, 0x01, 0x84, 0x01, 0x0c, 0x01,
  0xae, 0x00, 0xdc, 0xff, 0x58, 0xff, 0xd8, 0xfe, 0xf2, 0xfd, 0xbe, 0xfd,
  0x34, 0xfd, 0x9c, 0xfc, 0xb4, 0xfc, 0x84, 0xfc, 0x74, 0xfc, 0xe6, 0xfc,
  0x0a, 0xfd, 0x80, 0xfd, 0xcc, 0xfd, 0x60, 0xfe, 0xce, 0xfe, 0x86, 0xff,
  0x7c, 0x00, 0xaa, 0x00, 0x98, 0x01, 0x42, 0x02, 0x52, 0x02, 0x32, 0x03,
  0x82, 0x03, 0x80, 0x03, 0xb2, 0x03, 0xd8, 0x03, 0x5c, 0x03, 0x2a, 0x03,
  0xf0, 0x02, 0x42, 0x02, 0xcc, 0x01, 0xec, 0x00, 0x08, 0x00, 0x6a, 0xff,
  0x62, 0xfe, 0xd4, 0xfd, 0x2a, 0xfd, 0x6e, 0xfc, 0xf0, 0xfb, 0xa0, 0xfb,
  0x90, 0xfb, 0x90, 0xfb, 0xcc, 0xfb, 0x4e, 0xfc, 0x7e, 0xfc, 0x26, 0xfd,
  0xd2, 0xfd, 0x9e, 0xfe, 0xc2, 0xff, 0x56, 0x00, 0x70, 0x01, 0x4c, 0x02,
  0xca, 0x02, 0xd0, 0x03, 0x58, 0x04, 0xee, 0x04, 0x38, 0x05, 0x60, 0x05,
  0x4a, 0x05, 0xf0, 0x04, 0x94, 0x04, 0xfa, 0x03, 0x30, 0x03, 0x3a, 0x02,
  0x7e, 0x01, 0x66, 0x00, 0x28, 0xff, 0x3a, 0xfe, 0x10, 0xfd, 0x18, 0xfc,
  0xec, 0xfa, 0x50, 0xfa, 0x14, 0xfa, 0xa0, 0xf9, 0x86, 0xf9, 0xea, 0xf9,
  0x14, 0xfa, 0x9c, 0xfa, 0x86, 0xfb, 0xaa, 0xfc, 0xc6, 0xfd, 0xe0, 0xfe,
  0x6a, 0x00, 0x62, 0x01, 0x7c, 0x02, 0xec, 0x03, 0xf4, 0x04, 0xdc, 0x05,
  0x94, 0x06, 0xfe, 0x06, 0x02, 0x07, 0x24, 0x07, 0xbe, 0x06, 0x0e, 0x06,
  0x4c, 0x05, 0x24, 0x04, 0xa6, 0x02, 0x24, 0x01, 0x88, 0xff, 0xb2, 0xfd,
  0x38, 0xfc, 0xb6, 0xfa, 0x1e, 0xf9, 0x66, 0xf8, 0xe6, 0xf7, 0x5e, 0xf7,
  0x92, 0xf7, 0x0a, 0xf8, 0x7c, 0xf8, 0x78, 0xf9, 0x7c, 0xfa, 0xea, 0xfb,
  0x54, 0xfd, 0xd4, 0xfe, 0x30, 0x00, 0x6e, 0x01, 0xe4, 0x02, 0x24, 0x04,
  0xc4, 0x05, 0xe2, 0x06, 0xa4, 0x07, 0x6a, 0x08, 0xce, 0x08, 0xe6, 0x08,
  0xa0, 0x08, 0x08, 0x08, 0xf2, 0x06, 0xc8, 0x05, 0xae, 0x03, 0xaa, 0x01,
  0xb8, 0xff, 0x52, 0xfd, 0x70, 0xfb, 0x74, 0xf9, 0xd6, 0xf7, 0x06, 0xf7,
  0x38, 0xf6, 0x3e, 0xf6, 0x96, 0xf6, 0x1c, 0xf7, 0x28, 0xf8, 0x6a, 0xf9,
  0xe0, 0xfa, 0x86, 0xfc, 0xfa, 0xfd, 0x7a, 0xff, 0xc8, 0x00, 0x0a, 0x02,
  0x58, 0x03, 0xd4, 0x04, 0x38, 0x06, 0x96, 0x07, 0x08, 0x09, 0x12, 0x0a,
  0xf0, 0x0a, 0x64, 0x0b, 0x28, 0x0b, 0x64, 0x0a, 0x2e, 0x09, 0xfa, 0x06,
  0x54, 0x04, 0xa8, 0x01, 0x72, 0xfe, 0x8c, 0xfb, 0xd8, 0xf8, 0x56, 0xf6,
  0xd4, 0xf4, 0x04, 0xf4, 0xd0, 0xf3, 0x6c, 0xf4, 0x7c, 0xf5, 0xec, 0xf6,
  0xb8, 0xf8, 0x6a, 0xfa, 0x4e, 0xfc, 0xf6, 0xfd, 0x6a, 0xff, 0xca, 0x00,
  0xfc, 0x01, 0x42, 0x03, 0xc2, 0x04, 0x3a, 0x06, 0xac, 0x07, 0x26, 0x09,
  0x52, 0x0a, 0x3e, 0x0b, 0xc2, 0x0b, 0x9a, 0x0b, 0xdc, 0x0a, 0x5e, 0x09,
  0x08, 0x07, 0x32, 0x04, 0x28, 0x01, 0x16, 0xfe, 0x22, 0xfb, 0xac, 0xf8,
  0x96, 0xf6, 0x4a, 0xf5, 0xf4, 0xf4, 0x24, 0xf5, 0x0e, 0xf6, 0x3e, 0xf7,
  0xbc, 0xf8, 0x6c, 0xfa, 0xa2, 0xfb, 0xe4, 0xfc, 0xe2, 0xfd, 0x70, 0xfe,
  0x38, 0xff, 0x02, 0x00, 0xf4, 0x00, 0x8e, 0x02, 0x66, 0x04, 0x68, 0x06,
  0xb4, 0x08, 0xca, 0x0a, 0x92, 0x0c, 0xe0, 0x0d, 0x50, 0x0e, 0xda, 0x0d,
  0x58, 0x0c, 0xae, 0x09, 0x26, 0x06, 0x34, 0x02, 0x16, 0xfe, 0x16, 0xfa,
  0xda, 0xf6, 0x2a, 0xf4, 0x8e, 0xf2, 0x46, 0xf2, 0x88, 0xf2, 0xce, 0xf3,
  0x7a, 0xf5, 0x5a, 0xf7, 0x80, 0xf9, 0x1e, 0xfb, 0xa4, 0xfc, 0xe4, 0xfd,
  0x9c, 0xfe, 0x7c, 0xff, 0x58, 0x00, 0x5c, 0x01, 0x08, 0x03, 0xf6, 0x04,
  0x18, 0x07, 0x7e, 0x09, 0xb2, 0x0b, 0x68, 0x0d, 0xaa, 0x0e, 0x00, 0x0f,
  0x48, 0x0e, 0x5e, 0x0c, 0x58, 0x09, 0x68, 0x05, 0x0a, 0x01, 0xa4, 0xfc,
  0x72, 0xf8, 0x50, 0xf5, 0xd0, 0xf2, 0x82, 0xf1, 0xb2, 0xf1, 0x66, 0xf2,
  0x18, 0xf4, 0x2e, 0xf6, 0x50, 0xf8, 0xa0, 0xfa, 0x50, 0xfc, 0xc6, 0xfd,
  0xe6, 0xfe, 0x74, 0xff, 0x22, 0x00, 0xce, 0x00, 0xaa, 0x01, 0x32, 0x03,
  0x06, 0x05, 0x16, 0x07, 0x3c, 0x09, 0x46, 0x0b, 0xd4, 0x0c, 0xca, 0x0d,
  0x32, 0x0e, 0x72, 0x0d, 0x54, 0x0b, 0xa8, 0x08, 0xd8, 0x04, 0x96, 0x00,
  0x9c, 0xfc, 0x9a, 0xf8, 0xa4, 0xf5, 0x66, 0xf3, 0x2e, 0xf2, 0x62, 0xf2,
  0x22, 0xf3, 0xc2, 0xf4, 0xba, 0xf6, 0xca, 0xf8, 0xfc, 0xfa, 0x8c, 0xfc,
  0xba, 0xfd, 0xa8, 0xfe, 0x00, 0xff, 0x64, 0xff, 0xec, 0xff, 0xa2, 0x00,
  0x00, 0x02, 0xcc, 0x03, 0xd2, 0x05, 0x00, 0x08, 0x1e, 0x0a, 0xce, 0x0b,
  0xe8, 0x0c, 0xaa, 0x0d, 0x34, 0x0d, 0xa6, 0x0b, 0x86, 0x09, 0x36, 0x06,
  0x8a, 0x02, 0xee, 0xfe, 0x34, 0xfb, 0x2c, 0xf8, 0xc2, 0xf5, 0x32, 0xf4,
  0x9e, 0xf3, 0xbe, 0xf3, 0xa0, 0xf4, 0xd2, 0xf5, 0x60, 0xf7, 0x22, 0xf9,
  0x76, 0xfa, 0xaa, 0xfb, 0xba, 0xfc, 0x5c, 0xfd, 0x1e, 0xfe, 0x30, 0xff,
  0x54, 0x00, 0x18, 0x02, 0x52, 0x04, 0x60, 0x06, 0xa0, 0x08, 0xba, 0x0a,
  0x00, 0x0c, 0xe2, 0x0c, 0x5e, 0x0d, 0x84, 0x0c, 0xd6, 0x0a, 0x9a, 0x08,
  0x42, 0x05, 0xba, 0x01, 0x4c, 0xfe, 0xf8, 0xfa, 0x48, 0xf8, 0x3c, 0xf6,
  0x0c, 0xf5, 0xb2, 0xf4, 0x02, 0xf5, 0xf2, 0xf5, 0x16, 0xf7, 0x84, 0xf8,
  0x1c, 0xfa, 0x3c, 0xfb, 0x42, 0xfc, 0x48, 0xfd, 0xee, 0xfd, 0xcc, 0xfe,
  0x10, 0x00, 0x58, 0x01, 0x2a, 0x03, 0x46, 0x05, 0xfe, 0x06, 0xac, 0x08,
  0x80, 0x0a, 0x38, 0x0b, 0x8c, 0x0b, 0xfa, 0x0b, 0x02, 0x0b, 0x54, 0x09,
  0x80, 0x07, 0xaa, 0x04, 0x58, 0x01, 0x86, 0xfe, 0xc4, 0xfb, 0x4a, 0xf9,
  0x86, 0xf7, 0x64, 0xf6, 0xda, 0xf5, 0xe0, 0xf5, 0xb8, 0xf6, 0x7c, 0xf7,
  0xe2, 0xf8, 0x32, 0xfa, 0x2c, 0xfb, 0x34, 0xfc, 0xfe, 0xfc, 0xa0, 0xfd,
  0xfa, 0xfd, 0xee, 0xfe, 0x00, 0x00, 0x46, 0x01, 0x4c, 0x03, 0xfe, 0x04,
  0x98, 0x06, 0xa4, 0x08, 0x0e, 0x0a, 0xbe, 0x0a, 0xaa, 0x0b, 0xa6, 0x0b,
  0x64, 0x0a, 0x02, 0x09, 0xb8, 0x06, 0x72, 0x03, 0xfc, 0x00, 0x94, 0xfe,
  0x10, 0xfc, 0x1e, 0xfa, 0xb0, 0xf8, 0xc6, 0xf7, 0xfe, 0xf6, 0x0c, 0xf7,
  0xc4, 0xf7, 0x3c, 0xf8, 0x2a, 0xf9, 0x0a, 0xfa, 0xd4, 0xfa, 0xa8, 0xfb,
  0x9e, 0xfc, 0x2e, 0xfd, 0x40, 0xfe, 0xce, 0xff, 0xf6, 0x00, 0xb6, 0x02,
  0x70, 0x04, 0x6e, 0x05, 0x5c, 0x07, 0xce, 0x08, 0x2a, 0x09, 0xee, 0x09,
  0xfe, 0x09, 0x18, 0x09, 0xc4, 0x07, 0x52, 0x06, 0xea, 0x03, 0xca, 0x01,
  0xc0, 0xff, 0x2a, 0xfd, 0x04, 0xfb, 0x5a, 0xf9, 0x04, 0xf8, 0xf8, 0xf6,
  0x92, 0xf6, 0x4a, 0xf7, 0x7c, 0xf7, 0x5e, 0xf8, 0x8e, 0xf9, 0x42, 0xfa,
  0x2a, 0xfb, 0x30, 0xfc, 0x0c, 0xfd, 0xb2, 0xfd, 0x20, 0xff, 0xf6, 0xff,
  0xa8, 0x00, 0x7e, 0x02, 0x6a, 0x03, 0x88, 0x04, 0x30, 0x06, 0xe2, 0x06,
  0xe6, 0x07, 0x50, 0x08, 0x44, 0x08, 0xc4, 0x07, 0x6a, 0x06, 0x7c, 0x05,
  0xbe, 0x03, 0x36, 0x02, 0x92, 0x00, 0xa8, 0xfe, 0x18, 0xfd, 0xd2, 0xfb,
  0xcc, 0xfa, 0xa2, 0xf9, 0x20, 0xfa, 0x24, 0xfa, 0x48, 0xfa, 0xf6, 0xfa,
  0x8e, 0xfb, 0xf6, 0xfb, 0x6c, 0xfc, 0x4a, 0xfd, 0xbe, 0xfd, 0x32, 0xfe,
  0x6c, 0xff, 0xc0, 0xff, 0x54, 0x00, 0xd2, 0x01, 0x36, 0x02, 0x12, 0x03,
  0x9c, 0x04, 0xf8, 0x04, 0xcc, 0x05, 0x4e, 0x06, 0x3c, 0x06, 0x52, 0x06,
  0x0a, 0x05, 0x4a, 0x04, 0xcc, 0x03, 0x56, 0x02, 0xd8, 0x00, 0xb6, 0xff,
  0x8a, 0xfe, 0x3e, 0xfd, 0x68, 0xfc, 0x96, 0xfb, 0x6c, 0xfb, 0xe8, 0xfa,
  0x32, 0xfb, 0x64, 0xfb, 0x66, 0xfb, 0x98, 0xfb, 0x44, 0xfc, 0xda, 0xfc,
  0xf4, 0xfc, 0xb6, 0xfd, 0xfc, 0xfe, 0xf0, 0xfe, 0x7c, 0xff, 0x24, 0x01,
  0x2e, 0x01, 0xaa, 0x01, 0x14, 0x03, 0x3a, 0x03, 0x76, 0x03, 0xca, 0x03,
  0x4c, 0x05, 0x06, 0x04, 0x0e, 0x03, 0x9a, 0x03, 0x52, 0x03, 0x7e, 0x01,
  0xe4, 0x00, 0x00, 0x01, 0xac, 0xff, 0x9e, 0xfe, 0xbe, 0xfe, 0x82, 0xfe,
  0xde, 0xfd, 0x9a, 0xfd, 0x5a, 0xfe, 0x44, 0xfe, 0xac, 0xfd, 0x14, 0xfe,
  0xe0, 0xfc, 0x86, 0xff, 0xee, 0xfd, 0x7c, 0xfa, 0x60, 0xfd, 0xb6, 0xff,
  0x52, 0xfb, 0xde, 0xfc, 0x86, 0x00, 0xd0, 0x00, 0xee, 0xfe, 0x9a, 0x01,
  0x42, 0x04, 0x98, 0x02, 0x24, 0x03, 0xca, 0x04, 0xaa, 0x04, 0x92, 0x02,
  0x2e, 0x03, 0xc8, 0x03, 0xf2, 0x01, 0x00, 0x01, 0x90, 0x01, 0x3a, 0x01,
  0xb0, 0xff, 0xba, 0xff, 0x3e, 0x00, 0x7e, 0xff, 0xde, 0xfe, 0x7c, 0xff,
  0x8c, 0xff, 0xfe, 0xfe, 0x8e, 0xfe, 0xb8, 0xff, 0xd8, 0xff, 0x02, 0xfe,
  0xdc, 0xfe, 0x9c, 0x00, 0x30, 0xff, 0x0e, 0xfd, 0xc2, 0x00, 0x76, 0x00,
  0x96, 0xfe, 0x7e, 0xff, 0x18, 0x03, 0x36, 0xfe, 0x4c, 0xfe, 0x24, 0x02,
  0x24, 0x00, 0xe6, 0xfd, 0x2e, 0x00, 0x18, 0x03, 0x06, 0x00, 0x10, 0xff,
  0x12, 0x02, 0xc2, 0x01, 0x1e, 0xff, 0x18, 0x00, 0x04, 0x02, 0x26, 0x00,
  0x12, 0xff, 0xe2, 0x00, 0xf6, 0x00, 0x3c, 0xff, 0x64, 0xff, 0xf0, 0x01,
  0x24, 0x00, 0x26, 0xff, 0x3a, 0x01, 0xba, 0x00, 0xec, 0xff, 0x7c, 0xff,
  0x1e, 0x01, 0x42, 0x00, 0x82, 0xff, 0x0a, 0x00, 0xb6, 0x00, 0xcc, 0xff,
  0x78, 0xff, 0x7c, 0x00, 0x24, 0x00, 0x9c, 0xff, 0xda, 0xff, 0x6c, 0x00,
  0xd0, 0xff, 0xb8, 0xff, 0x26, 0x00, 0x26, 0x00, 0xc8, 0xff, 0xe6, 0xff,
  0x36, 0x00, 0xf6, 0xff, 0xda, 0xff, 0x0a, 0x00, 0x24, 0x00, 0xe4, 0xff,
  0xb6, 0xfe, 0x8e, 0xff, 0x8e, 0x00, 0x1e, 0xff, 0xee, 0xfd, 0x4c, 0x02,
  0x2e, 0xff, 0x5e, 0xfd, 0x6c, 0x02, 0x4c, 0x00, 0x22, 0xfe, 0x42, 0x00,
  0xde, 0x01, 0xa2, 0xfe, 0x68, 0xfe, 0xc2, 0x01, 0x34, 0x01, 0xf8, 0xfd,
  0x1e, 0x00, 0xda, 0x01, 0x60, 0xff, 0xdc, 0xfe, 0x22, 0x01, 0xac, 0x00,
  0xe8, 0xfe, 0xf8, 0xff, 0xea, 0x00, 0xd0, 0xff, 0x4c, 0xff, 0x6c, 0x00,
  0x70, 0x00, 0x82, 0xff, 0xc4, 0xff, 0x7c, 0x00, 0x08, 0x00, 0x8a, 0xff,
  0x22, 0x00, 0x18, 0xff, 0xe0, 0x00, 0x84, 0xff, 0xa0, 0xff, 0x10, 0x00,
  0x5e, 0x00, 0x7e, 0xff, 0xf0, 0xff, 0x74, 0x00, 0xb0, 0xff, 0x02, 0x00,
  0x04, 0x00, 0x42, 0x00, 0xbc, 0xff, 0x18, 0x00, 0x10, 0x00, 0x0e, 0x00,
  0xe4, 0xff, 0x3c, 0x01, 0x0e, 0xff, 0x24, 0x00, 0xa6, 0x00, 0x08, 0x00,
  0x78, 0xff, 0x64, 0x00, 0x52, 0x00, 0x80, 0xff, 0x24, 0x00, 0x14, 0x00,
  0x18, 0x00, 0xa8, 0xff, 0x2c, 0x00, 0x0c, 0x00, 0xb0, 0xff, 0xdc, 0xfe,
  0x26, 0x01, 0xb2, 0xff, 0x26, 0xff, 0xf2, 0xfe, 0x70, 0x00, 0x7e, 0x01,
  0xb0, 0xfd, 0xfe, 0xfe, 0x2e, 0x02, 0xa6, 0xff, 0xee, 0xfd, 0xf4, 0xff,
  0x1e, 0x02, 0xb4, 0xfe, 0x0a, 0xff, 0xfa, 0x00, 0xe6, 0x00, 0x14, 0xff,
  0x86, 0xff, 0x70, 0x01, 0xb6, 0xff, 0x52, 0xff, 0x54, 0x00, 0xbe, 0x00,
  0x44, 0xff, 0xbe, 0xff, 0xaa, 0x00, 0xe6, 0xff, 0x82, 0xff, 0x14, 0x00,
  0x7c, 0x00, 0xa2, 0xff, 0x9e, 0xff, 0x2c, 0x00, 0x74, 0x00, 0x7a, 0xff,
  0x40, 0xfe, 0xf2, 0x01, 0x6c, 0xff, 0x78, 0xff, 0x40, 0x01, 0xc2, 0xfe,
  0xb8, 0x00, 0xd8, 0x01, 0x92, 0xfc, 0x9a, 0x01, 0xc6, 0x02, 0x4e, 0xfb,
  0xb4, 0x01, 0x08, 0x03, 0x22, 0xfd, 0x7a, 0xff, 0x04, 0x02, 0x0e, 0x00,
  0x88, 0xfe, 0xc4, 0xfe, 0xb6, 0x02, 0x40, 0xff, 0xf6, 0xfd, 0x06, 0x01,
  0x64, 0x01, 0x74, 0xfe, 0x70, 0xff, 0xaa, 0x01, 0x90, 0xff, 0x46, 0xff,
  0x4e, 0x00, 0xf0, 0x00, 0x2e, 0xff, 0x2c, 0x01, 0xb6, 0xfe, 0x38, 0xff,
  0x8a, 0x02, 0x7a, 0xfe, 0xc0, 0xfd, 0x80, 0x02, 0x36, 0x00, 0xcc, 0xfc,
  0x2a, 0x02, 0x56, 0x00, 0x44, 0xff, 0x6a, 0xff, 0xf6, 0x00, 0xd2, 0x00,
  0x6a, 0xfe, 0x8a, 0x00, 0xd2, 0x00, 0xb6, 0xff, 0xfe, 0xfe, 0x00, 0x01,
  0x96, 0xfe, 0x64, 0x01, 0x48, 0xff, 0x6a, 0xff, 0xba, 0x00, 0xbc, 0xff,
  0x7c, 0x00, 0x2e, 0xff, 0xa4, 0x00, 0xf2, 0xff, 0x2e, 0x00, 0x9c, 0xff,
  0x2e, 0x00, 0x4c, 0x00, 0xda, 0xff, 0xe2, 0xff, 0x8e, 0xff, 0xf2, 0x00,
  0xd0, 0xfd, 0xd0, 0x01, 0xa8, 0xff, 0x0a, 0xff, 0x2c, 0x00, 0xbc, 0x00,
  0x2e, 0x00, 0xa6, 0xfe, 0x1c, 0x01, 0xb2, 0x01, 0x42, 0xff, 0xfc, 0xfd,
  0x0a, 0x04, 0x1a, 0xfe, 0x62, 0xff, 0xb6, 0x00, 0x02, 0x00, 0x2a, 0x00,
  0x3e, 0xfd, 0x70, 0x03, 0x5e, 0xff, 0x8a, 0xfd, 0xba, 0x01, 0xf8, 0x00,
  0x0e, 0xff, 0xe6, 0xfe, 0xce, 0x01, 0xc6, 0xff, 0x68, 0xff, 0xca, 0xff,
  0xde, 0x00, 0xca, 0xff, 0x00, 0xfe, 0xd6, 0x02, 0x66, 0xfe, 0x62, 0xfe,
  0x9c, 0x02, 0x20, 0xff, 0x4a, 0xff, 0xe8, 0xff, 0x70, 0x01, 0x6a, 0xff,
  0x32, 0xff, 0xc2, 0x00, 0x72, 0x00, 0x86, 0xff, 0x3e, 0xfe, 0x3a, 0x03,
  0xec, 0xfd, 0xea, 0x00, 0xee, 0xfe, 0x1c, 0x01, 0x72, 0x00, 0x06, 0xfe,
  0xe4, 0x01, 0x2e, 0xff, 0x68, 0x00, 0x3a, 0xff, 0xda, 0x00, 0xa6, 0xff,
  0xba, 0xff, 0xc4, 0x01, 0x72, 0xfd, 0xc6, 0x01, 0xbe, 0xff, 0x16, 0x00,
  0x9a, 0xfe, 0x4c, 0x01, 0x62, 0x00, 0x5c, 0xfd, 0x80, 0x02, 0xc2, 0xfe,
  0x36, 0x00, 0xb8, 0xff, 0x48, 0x00, 0x1a, 0x00, 0xac, 0xff, 0x60, 0x00,
  0xa4, 0xff, 0x9e, 0x00, 0x84, 0xfe, 0xea, 0x01, 0x5a, 0x00, 0x08, 0xfe,
  0xc0, 0x01, 0x30, 0xfe, 0xa8, 0x04, 0xf6, 0xf9, 0x62, 0x03, 0x86, 0x00,
  0x6c, 0xfe, 0x62, 0x02, 0x3a, 0xfc, 0xb4, 0x05, 0x44, 0xfb, 0xf6, 0x01,
  0x32, 0x00, 0xf6, 0x00, 0x04, 0xfe, 0xbc, 0x00, 0xf6, 0x00, 0x54, 0xfe,
  0xde, 0x01, 0x50, 0xfc, 0xaa, 0x05, 0xf0, 0xfa, 0xfc, 0x01, 0xa6, 0x00,
  0xa6, 0xfe, 0x80, 0x01, 0x10, 0xfe, 0x32, 0x02, 0x46, 0xfe, 0x18, 0x01,
  0x66, 0xfe, 0xf6, 0x01, 0x4c, 0x00, 0xcc, 0xfd, 0x5e, 0x02, 0x16, 0xff,
  0xae, 0xff, 0xfc, 0x00, 0xda, 0xfe, 0x8e, 0x00, 0x56, 0x00, 0xf2, 0xfd,
  0x6c, 0x02, 0x4c, 0xfe, 0x0a, 0x00, 0x5a, 0xff, 0x78, 0x01, 0x48, 0xfe,
  0x7c, 0x00, 0xf2, 0xfe, 0x92, 0x01, 0xee, 0xfe, 0x02, 0xfe, 0x8e, 0x03,
  0xd8, 0xfc, 0x9e, 0x01, 0x04, 0xff, 0x7c, 0x00, 0x36, 0x00, 0x8a, 0xff,
  0x32, 0x00, 0xe2, 0xff, 0xea, 0x00, 0x48, 0xfd, 0xa0, 0x03, 0xea, 0xfc,
  0x72, 0x01, 0x0a, 0x01, 0x2e, 0xfd, 0xf6, 0x02, 0x72, 0xfe, 0x84, 0x00,
  0xa2, 0xff, 0xbe, 0x00, 0xea, 0xfe, 0x30, 0x01, 0x2a, 0xff, 0xd8, 0xff,
  0xee, 0x00, 0xca, 0xfe, 0xbc, 0xff, 0x58, 0x01, 0x40, 0xfe, 0xc2, 0x00,
  0xe8, 0xff, 0x46, 0xff, 0x06, 0x01, 0x06, 0xff, 0x4e, 0x00, 0x2a, 0x00,
  0xe2, 0xff, 0xd2, 0xff, 0x60, 0x00, 0xba, 0xff, 0xbc, 0x00, 0x38, 0xff,
  0x24, 0x01, 0xa8, 0xfe, 0x00, 0x01, 0xf4, 0xff, 0x4c, 0xff, 0xbc, 0x00,
  0x64, 0xff, 0x16, 0x01, 0x86, 0xfe, 0x54, 0x01, 0x36, 0xff, 0x82, 0x00,
  0xc2, 0xff, 0xda, 0xff, 0xf8, 0xff, 0x4a, 0x00, 0xb0, 0xff, 0xae, 0xff,
  0xac, 0x00, 0x38, 0xff, 0x98, 0x00, 0x7e, 0xff, 0x3e, 0x00, 0x04, 0x00,
  0xd8, 0xff, 0x1c, 0x00, 0xe8, 0xff, 0x36, 0x00, 0x46, 0x00, 0x6a, 0xff,
  0xa2, 0x00, 0x06, 0x00, 0xbe, 0xff, 0x74, 0x00, 0x8e, 0xff, 0x6c, 0x00,
  0xe6, 0xff, 0xde, 0xff, 0x16, 0x00, 0x7e, 0xff, 0xec, 0x00, 0xe0, 0xfe,
  0x9e, 0x00, 0xb0, 0xff, 0x16, 0x00, 0x92, 0xff, 0x4e, 0x00, 0xd8, 0xff,
  0xc4, 0xff, 0xa8, 0x00, 0x1c, 0xff, 0x8c, 0x00, 0xdc, 0xff, 0xa8, 0xff,
  0x66, 0x00, 0x42, 0xff, 0xa4, 0x00, 0x68, 0xff, 0xe6, 0xff, 0x30, 0x00,
  0xbe, 0xff, 0xfe, 0xff, 0xde, 0xff, 0x2a, 0x00, 0xc2, 0xff, 0x3c, 0x00,
  0xc6, 0xff, 0x3a, 0x00, 0xee, 0xff, 0x02, 0x00, 0x24, 0x00, 0xe6, 0xff,
  0x88, 0x00, 0x70, 0xff, 0x94, 0x00, 0xca, 0xff, 0x2e, 0x00, 0xf8, 0xff,
  0xee, 0xff, 0xe2, 0xff, 0x2c, 0x00, 0xd2, 0xff, 0xe8, 0xff, 0x16, 0x00,
  0xba, 0xff, 0x38, 0x00, 0xa6, 0xff, 0x32, 0x00, 0xc4, 0xff, 0x1c, 0x00,
  0xe6, 0xff, 0xea, 0xff, 0x26, 0x00, 0xce, 0xff, 0x2e, 0x00, 0xd4, 0xff,
  0x2e, 0x00, 0xe2, 0xff, 0x44, 0x00, 0xd6, 0xff, 0x2a, 0x00, 0x0e, 0x00,
  0xfa, 0xff, 0x22, 0x00, 0xfc, 0xff, 0x24, 0x00, 0xe2, 0xff, 0x2a, 0x00,
  0xe8, 0xff, 0x16, 0x00, 0xec, 0xff, 0xec, 0xff, 0x10, 0x00, 0xb2, 0xff,
  0x2e, 0x00, 0xe8, 0xff, 0xe0, 0xff, 0x06, 0x00, 0xf4, 0xff, 0x06, 0x00,
  0xe6, 0xff, 0x12, 0x00, 0xfa, 0xff, 0x04, 0x00, 0xd2, 0xff, 0x5e, 0x00,
  0xe6, 0xff, 0xfc, 0xff, 0x26, 0x00, 0x30, 0x00, 0x00, 0x00, 0x02, 0x00,
  0x0a, 0x00, 0x26, 0x00, 0xee, 0xff, 0xf2, 0xff, 0x2e, 0x00, 0xe8, 0xff,
  0xf8, 0xff, 0x00, 0x00, 0x02, 0x00, 0xf6, 0xff, 0xec, 0xff, 0xee, 0xff,
  0x04, 0x00, 0xe2, 0xff, 0xf8, 0xff, 0x06, 0x00, 0xe6, 0xff, 0x08, 0x00,
  0xf0, 0xff, 0x0c, 0x00, 0xfa, 0xff, 0x00, 0x00, 0xe2, 0xff, 0x1e, 0x00,
  0xde, 0xff, 0x18, 0x00, 0x22, 0x00, 0xe0, 0xff, 0x38, 0x00, 0x1e, 0x00,
  0x0c, 0x00, 0x1a, 0x00, 0x36, 0x00, 0x30, 0x00, 0x02, 0x00, 0x2a, 0x00,
  0x1e, 0x00, 0x16, 0x00, 0xf6, 0xff, 0x12, 0x00, 0x02, 0x00, 0xc8, 0xff,
  0x0e, 0x00, 0xca, 0xff, 0xfc, 0xff, 0xc6, 0xff, 0xf4, 0xff, 0xe8, 0xff,
  0xdc, 0xff, 0xfa, 0xff, 0x0e, 0x00, 0xee, 0xff, 0x08, 0x00, 0x10, 0x00,
  0x04, 0x00, 0x12, 0x00, 0x06, 0x00, 0x2e, 0x00, 0xde, 0xff, 0x30, 0x00,
  0xfc, 0xff, 0x24, 0x00, 0xf4, 0xff, 0x06, 0x00, 0x1e, 0x00, 0xf4, 0xff,
  0x08, 0x00, 0xfa, 0xff, 0x14, 0x00, 0xe6, 0xff, 0x08, 0x00, 0xf4, 0xff,
  0x02, 0x00, 0xee, 0xff, 0xfa, 0xff, 0xfe, 0xff, 0xd0, 0xff, 0x1a, 0x00,
  0xd2, 0xff, 0x14, 0x00, 0xde, 0xff, 0x14, 0x00, 0xf6, 0xff, 0xfc, 0xff,
  0x10, 0x00, 0xf2, 0xff, 0x1a, 0x00, 0xee, 0xff, 0x42, 0x00, 0xf4, 0xff,
  0x20, 0x00, 0x12, 0x00, 0x12, 0x00, 0x1a, 0x00, 0xf6, 0xff, 0x26, 0x00,
  0xf2, 0xff, 0x12, 0x00, 0xf4, 0xff, 0x0a, 0x00, 0x18, 0x00, 0xde, 0xff,
  0x20, 0x00, 0x06, 0x00, 0xd6, 0xff, 0x04, 0x00, 0xec, 0xff, 0xf4, 0xff,
  0xee, 0xff, 0xec, 0xff, 0xfe, 0xff, 0xec, 0xff, 0xde, 0xff, 0x10, 0x00,
  0xe2, 0xff, 0x08, 0x00, 0xee, 0xff, 0x04, 0x00, 0x08, 0x00, 0x00, 0x00,
  0x0e, 0x00, 0x02, 0x00, 0x18, 0x00, 0x00, 0x00, 0x14, 0x00, 0x02, 0x00,
  0x10, 0x00, 0x02, 0x00, 0x06, 0x00, 0x06, 0x00, 0xfc, 0xff, 0x06, 0x00,
  0xf6, 0xff, 0x06, 0x00, 0xda, 0xff, 0xfa, 0xff, 0xee, 0xff, 0xee, 0xff,
  0xf8, 0xff, 0xea, 0xff, 0x04, 0x00, 0xea, 0xff, 0xec, 0xff, 0x08, 0x00,
  0xe8, 0xff, 0x0e, 0x00, 0xee, 0xff, 0x0e, 0x00, 0xfc, 0xff, 0x02, 0x00,
  0x0a, 0x00, 0xfe, 0xff, 0x0e, 0x00, 0xfc, 0xff, 0x0e, 0x00, 0xfe, 0xff,
  0x08, 0x00, 0x00, 0x00, 0x04, 0x00, 0xe8, 0xff, 0x10, 0x00, 0xe6, 0xff,
  0x0a, 0x00, 0xee, 0xff, 0xf8, 0xff, 0xfe, 0xff, 0xec, 0xff, 0x08, 0x00,
  0xec, 0xff, 0x0a, 0x00, 0xd8, 0xff, 0x00, 0x00, 0xea, 0xff, 0xde, 0xff,
  0x0a, 0x00, 0xd4, 0xff, 0xfc, 0xff, 0xec, 0xff, 0xf4, 0xff, 0x00, 0x00,
  0xf6, 0xff, 0x0a, 0x00, 0xfe, 0xff, 0x08, 0x00, 0x3c, 0x00, 0xda, 0xff,
  0x42, 0x00, 0xe0, 0xff, 0x22, 0x00, 0xf4, 0xff, 0x02, 0x00, 0x0e, 0x00,
  0xe6, 0xff, 0x14, 0x00, 0xe2, 0xff, 0x12, 0x00, 0xde, 0xff, 0x12, 0x00,
  0xea, 0xff, 0x06, 0x00, 0xfc, 0xff, 0xf8, 0xff, 0x0e, 0x00, 0xee, 0xff,
  0x16, 0x00, 0xee, 0xff, 0x14, 0x00, 0xf4, 0xff, 0x0a, 0x00, 0x00, 0x00,
  0xfe, 0xff, 0x08, 0x00, 0xc0, 0xff, 0x34, 0x00, 0xbc, 0xff, 0x60, 0x00,
  0xa8, 0xff, 0x4c, 0x00, 0x0a, 0x00, 0xac, 0xff, 0x7c, 0x00, 0xb0, 0xff,
  0x5a, 0x00, 0xfe, 0xff, 0xf2, 0xff, 0x3c, 0x00, 0xbe, 0xff, 0x08, 0x00,
  0xfe, 0xff, 0xe0, 0xff, 0x08, 0x00, 0xe0, 0xff, 0x04, 0x00, 0x04, 0x00,
  0xf8, 0xff, 0x0e, 0x00, 0xfe, 0xff, 0x0a, 0x00, 0x0e, 0x00, 0xf8, 0xff,
  0x0a, 0x00, 0xfe, 0xff, 0xfc, 0xff, 0x00, 0x00, 0xfc, 0xff, 0x00, 0x00,
  0xfc, 0xff, 0x00, 0x00, 0x00, 0x00, 0x00, 0x00, 0xfe, 0xff, 0x04, 0x00,
  0xfe, 0xff, 0x02, 0x00, 0x00, 0x00, 0x00, 0x00, 0x02, 0x00, 0xfe, 0xff,
  0x02, 0x00, 0xfe, 0xff, 0x02, 0x00, 0xfe, 0xff, 0x02, 0x00, 0xfc, 0xff,
  0xac, 0xff, 0x62, 0x00, 0x9a, 0xff, 0xa2, 0x00, 0x6a, 0xff, 0x82, 0x00,
  0xba, 0xff, 0x1c, 0x00, 0x22, 0x00, 0x50, 0xff, 0xd6, 0x00, 0x38, 0xff,
  0xf4, 0x00, 0xd2, 0xfe, 0x04, 0x01, 0x58, 0xff, 0xa4, 0x00, 0x8e, 0xff,
  0x26, 0x00, 0x96, 0x00, 0x10, 0xff, 0x0a, 0x01, 0xf4, 0xfe, 0xe0, 0x00,
  0x46, 0xff, 0x76, 0x00, 0x36, 0xfe, 0xbc, 0x00, 0xfe, 0x00, 0x70, 0xfb,
  0xd4, 0x05, 0x94, 0xfd, 0x04, 0x00, 0x6c, 0x00, 0x2e, 0x00, 0x30, 0x00,
  0xd4, 0xfe, 0x7c, 0x01, 0x10, 0x00, 0xf0, 0xfe, 0x5a, 0x00, 0x88, 0x00,
  0x62, 0xff, 0x0a, 0x00, 0x3e, 0x00, 0xd8, 0xff, 0x10, 0x00, 0xe2, 0xff,
  0x44, 0x00, 0xc6, 0xff, 0x16, 0x00, 0xfc, 0xff, 0x14, 0x00, 0xd4, 0xff,
  0xd4, 0xff, 0x5e, 0x00, 0xb8, 0xff, 0x6e, 0x00, 0x8a, 0xff, 0x64, 0x00,
  0x5c, 0x01, 0xc0, 0xfd, 0xa4, 0x01, 0xd2, 0xfe, 0xca, 0x00, 0x8c, 0xff,
  0x34, 0x00, 0xd2, 0xff, 0xe8, 0xff, 0x98, 0x00, 0x0e, 0x01, 0x0e, 0xfe,
  0x2c, 0x01, 0x3a, 0x00, 0x22, 0xff, 0x7e, 0x00, 0xce, 0xff, 0x3a, 0x00,
  0x7c, 0xff, 0x86, 0x00, 0xc2, 0xff, 0x08, 0x00, 0xee, 0x00, 0xe0, 0xfe,
  0xca, 0x00, 0x82, 0xff, 0x4a, 0x00, 0x22, 0x00, 0xb2, 0xfe, 0x64, 0x01,
  0x2e, 0xff, 0x56, 0xff, 0x1c, 0x02, 0x7e, 0xfe, 0x68, 0x00, 0xf6, 0x00,
  0x20, 0xff, 0x96, 0x00, 0x80, 0xff, 0x38, 0x01, 0xa8, 0xfe, 0x8a, 0x00,
  0xec, 0xff, 0xfc, 0xfe, 0x24, 0x01, 0x46, 0xff, 0xa4, 0xff, 0xa6, 0x00,
  0xea, 0xff, 0x1e, 0x00, 0xd8, 0xff, 0x62, 0x00, 0xa0, 0xff, 0x38, 0x00,
  0x38, 0x00, 0x66, 0xff, 0x60, 0x00, 0xc4, 0xff, 0xd4, 0xff, 0xa4, 0x00,
  0x80, 0xff, 0x34, 0x00, 0x30, 0x00, 0xe2, 0xff, 0x66, 0x00, 0x8c, 0xff,
  0x74, 0x00, 0xbc, 0xff, 0xf8, 0xff, 0xfc, 0xff, 0xde, 0xfe, 0x74, 0x00,
  0xa0, 0xff, 0xe4, 0xfe, 0x6a, 0x00, 0x20, 0x00, 0x08, 0x00, 0x22, 0x00,
  0x82, 0x00, 0x12, 0x00, 0x0a, 0x00, 0x6a, 0x00, 0xa8, 0xff, 0x18, 0x00,
  0xb8, 0xff, 0x98, 0xff, 0x7e, 0x00, 0xb6, 0xff, 0x0a, 0x00, 0x68, 0x00,
  0x1a, 0x00, 0x0c, 0x03, 0x88, 0x01, 0x74, 0x02, 0xaa, 0x02, 0x62, 0xff,
  0xf4, 0xff, 0x36, 0xfe, 0x50, 0xff, 0xa6, 0xfe, 0x6e, 0xfe, 0x3e, 0x00,
  0x08, 0x00, 0x1c, 0x00, 0x42, 0x00, 0xec, 0x00, 0x02, 0x00, 0x3c, 0x00,
  0x98, 0x00, 0xaa, 0xff, 0x0e, 0x00, 0xb0, 0xff, 0xa4, 0xff, 0x52, 0x00,
  0xb6, 0xff, 0x02, 0x00, 0x64, 0x00, 0xb6, 0x02, 0x48, 0x04, 0x8a, 0x03,
  0xd0, 0x04, 0xe0, 0x01, 0xaa, 0x05, 0x38, 0x01, 0x10, 0xff, 0x60, 0x00,
  0x04, 0xff, 0x66, 0xfc, 0xee, 0xfc, 0x30, 0xfb, 0xdc, 0xfc, 0x18, 0xfd,
  0xb6, 0xfc, 0xf6, 0xfb, 0x7c, 0xff, 0xc8, 0xfb, 0xdc, 0xf9, 0x64, 0xfa,
  0x84, 0xfb, 0x84, 0xfa, 0xa0, 0xfb, 0x58, 0xfb, 0x26, 0xff, 0xb8, 0xff,
  0xa0, 0x01, 0x8a, 0x07, 0x54, 0x0a, 0x6e, 0x0c, 0xbc, 0x0c, 0xdc, 0x0e,
  0xa8, 0x0d, 0x24, 0x07, 0xc6, 0x04, 0x2e, 0x02, 0xb2, 0xfc, 0xa0, 0xf9,
  0xd0, 0xf6, 0x04, 0xf9, 0x02, 0xf9, 0x86, 0xf9, 0x08, 0xfa, 0x74, 0xff,
  0x02, 0xfd, 0x48, 0xfb, 0xaa, 0xfc, 0x02, 0xfe, 0x4a, 0xfc, 0x7a, 0xfc,
  0x4e, 0xfc, 0x46, 0xff, 0x2c, 0xff, 0xf8, 0x00, 0xe4, 0x06, 0xd8, 0x09,
  0xcc, 0x0b, 0x72, 0x0c, 0xd2, 0x0c, 0x8c, 0x0a, 0x4e, 0x07, 0x06, 0x03,
  0xb2, 0xff, 0x8e, 0xfc, 0x8e, 0xfb, 0xc0, 0xf8, 0xca, 0xf8, 0xf0, 0xfa,
  0xa8, 0xfb, 0x56, 0xfc, 0x66, 0xfe, 0x7a, 0x00, 0x16, 0x00, 0xa2, 0xff,
  0xaa, 0xff, 0xfc, 0xfc, 0x8e, 0xfc, 0xe2, 0xfa, 0x14, 0xf9, 0xa6, 0xf9,
  0x06, 0xfa, 0x8c, 0xf8, 0x74, 0xf9, 0x26, 0xfd, 0x88, 0xfe, 0xa4, 0x02,
  0x90, 0x04, 0x54, 0x07, 0x3c, 0x0c, 0x32, 0x0b, 0xa8, 0x0a, 0x14, 0x0b,
  0xf4, 0x09, 0x66, 0x05, 0x34, 0x02, 0x7c, 0x00, 0xfc, 0xfd, 0x04, 0xfb,
  0xc0, 0xf8, 0x98, 0xf9, 0xac, 0xf9, 0x3e, 0xf8, 0xee, 0xf8, 0x7a, 0xfa,
  0xb8, 0xfb, 0xfc, 0xfb, 0xa6, 0xfc, 0x32, 0xfe, 0x7e, 0xff, 0xa4, 0xfe,
  0x24, 0xff, 0xa4, 0xff, 0xd2, 0xfe, 0xe2, 0xff, 0x5e, 0x02, 0xda, 0x02,
  0xa2, 0x05, 0x58, 0x09, 0x0c, 0x0e, 0x14, 0x0e, 0x74, 0x0c, 0x02, 0x0e,
  0x06, 0x0c, 0x7a, 0x06, 0x3e, 0x02, 0x46, 0x00, 0x28, 0xff, 0xe6, 0xfa,
  0xde, 0xf8, 0xb0, 0xfa, 0x26, 0xfb, 0x80, 0xf9, 0x5e, 0xf9, 0x2e, 0xfb,
  0x32, 0xfc, 0xaa, 0xfb, 0x0c, 0xfb, 0xce, 0xfc, 0x32, 0xfe, 0x18, 0xfb,
  0x6c, 0xfb, 0xd2, 0xfc, 0x8c, 0xf9, 0xc2, 0xfa, 0xba, 0xfd, 0x20, 0xff,
  0x06, 0x02, 0xe4, 0x05, 0xd4, 0x0c, 0xf2, 0x0d, 0xea, 0x0c, 0xa4, 0x0e,
  0x26, 0x0e, 0xae, 0x09, 0x2a, 0x04, 0xe6, 0x01, 0x20, 0x01, 0xe4, 0xfc,
  0x72, 0xf9, 0x5a, 0xfa, 0xdc, 0xfb, 0x2e, 0xfa, 0x24, 0xf9, 0xec, 0xfa,
  0xb8, 0xfd, 0x56, 0xfd, 0x8e, 0xfc, 0x1e, 0xfe, 0xc0, 0x01, 0x8a, 0x01,
  0x48, 0xfc, 0x8c, 0xfd, 0xca, 0xff, 0x4a, 0xfa, 0x8a, 0xf7, 0xaa, 0xf9,
  0x4e, 0xfc, 0x88, 0xfd, 0x8c, 0xfe, 0x4e, 0x05, 0x38, 0x0d, 0x6a, 0x0c,
  0xee, 0x0a, 0x3c, 0x0e, 0xc8, 0x0d, 0xd6, 0x07, 0x48, 0x02, 0xfc, 0x00,
  0x12, 0x01, 0x0a, 0xfd, 0x60, 0xf9, 0x64, 0xf9, 0xfc, 0xfb, 0x4a, 0xfa,
  0x06, 0xf7, 0xb0, 0xf8, 0x20, 0xfc, 0x28, 0xfb, 0xe4, 0xf9, 0x1a, 0xfa,
  0x24, 0xfe, 0x0e, 0x01, 0xe8, 0xfb, 0xca, 0xfb, 0xd8, 0x00, 0xaa, 0xfe,
  0xf6, 0xf8, 0x38, 0xf7, 0x16, 0xfc, 0xf6, 0xfc, 0x4c, 0xfb, 0x84, 0xfe,
  0x1a, 0x08, 0x5e, 0x0e, 0x92, 0x0a, 0xee, 0x0b, 0xfc, 0x10, 0x62, 0x0e,
  0x50, 0x07, 0x4e, 0x02, 0xc0, 0x02, 0x26, 0x02, 0xda, 0xfc, 0xca, 0xf9,
  0xa6, 0xfb, 0x7c, 0xfd, 0x24, 0xfa, 0xfe, 0xf6, 0x16, 0xf9, 0x6a, 0xfb,
  0x58, 0xf9, 0xe0, 0xf7, 0x3a, 0xfa, 0xc2, 0xfd, 0x52, 0xff, 0x08, 0xfc,
  0x24, 0xfc, 0x86, 0x00, 0x70, 0xfe, 0xd6, 0xf8, 0x46, 0xf7, 0x72, 0xfb,
  0x00, 0xfd, 0x74, 0xfb, 0x0c, 0xff, 0x80, 0x08, 0x82, 0x10, 0xc6, 0x0d,
  0xd8, 0x0b, 0xea, 0x10, 0xbc, 0x0e, 0xfe, 0x05, 0xc4, 0xff, 0x60, 0xff,
  0xa2, 0xff, 0x42, 0xfb, 0x4a, 0xf8, 0xc0, 0xfb, 0xac, 0xfd, 0x84, 0xfb,
  0xae, 0xf8, 0x3a, 0xf8, 0x78, 0xfa, 0x86, 0xf8, 0xe6, 0xf5, 0x08, 0xf9,
  0x26, 0xfc, 0xce, 0xfe, 0x1e, 0xff, 0x46, 0xfe, 0xfe, 0x01, 0xa6, 0x00,
  0xda, 0xfc, 0x90, 0xf9, 0x52, 0xfa, 0x22, 0xfd, 0x68, 0xfc, 0x72, 0xfe,
  0x08, 0x04, 0x98, 0x0e, 0xa4, 0x11, 0xe8, 0x0c, 0xac, 0x0f, 0x34, 0x12,
  0xf4, 0x0a, 0x92, 0x02, 0x0e, 0x00, 0x36, 0xff, 0x2a, 0xfd, 0x1a, 0xf9,
  0x78, 0xf9, 0x16, 0xfd, 0x28, 0xfc, 0x84, 0xf9, 0x38, 0xf9, 0x46, 0xfa,
  0x2a, 0xfa, 0xc4, 0xf7, 0x1a, 0xf9, 0x3c, 0xfc, 0x46, 0xfe, 0x72, 0x00,
  0x82, 0xff, 0x6a, 0x00, 0x18, 0x01, 0x44, 0xff, 0xba, 0xfa, 0x94, 0xf8,
  0x1c, 0xfb, 0x34, 0xfc, 0xaa, 0xfc, 0x1c, 0xff, 0xec, 0x08, 0xbc, 0x11,
  0x0c, 0x0f, 0x62, 0x0d, 0x58, 0x12, 0x70, 0x0f, 0x2a, 0x06, 0x7e, 0x00,
  0x12, 0xfe, 0x4a, 0xfe, 0xf0, 0xfa, 0xcc, 0xf7, 0x44, 0xfc, 0xa0, 0xfe,
  0x70, 0xfb, 0xfc, 0xf9, 0xf4, 0xfb, 0xf2, 0xfb, 0x8e, 0xf8, 0xa6, 0xf8,
  0xfa, 0xfb, 0xb0, 0xfc, 0x02, 0xfe, 0xee, 0xff, 0x72, 0x00, 0xd2, 0x00,
  0xc2, 0xff, 0x1e, 0xfe, 0xc4, 0xfb, 0x78, 0xf9, 0x72, 0xfa, 0x7c, 0xfc,
  0x8e, 0xfd, 0x78, 0x00, 0xe6, 0x08, 0xde, 0x10, 0xc0, 0x0e, 0xa4, 0x0e,
  0x90, 0x11, 0x60, 0x0d, 0x36, 0x06, 0xc4, 0x00, 0x56, 0xfe, 0x9c, 0xfe,
  0x04, 0xfc, 0x78, 0xfa, 0x2a, 0xfe, 0x40, 0xff, 0xc4, 0xfc, 0x7a, 0xfb,
  0xba, 0xfb, 0x24, 0xfb, 0x54, 0xf8, 0xa0, 0xf8, 0x78, 0xfb, 0x36, 0xfc,
  0x56, 0xfe, 0xbe, 0x00, 0xce, 0x00, 0x94, 0x00, 0xfc, 0xff, 0x40, 0xfe,
  0x30, 0xfb, 0xca, 0xf8, 0x34, 0xfa, 0x9c, 0xfc, 0x94, 0xfd, 0x62, 0x00,
  0x6c, 0x09, 0x76, 0x11, 0xe8, 0x0d, 0x90, 0x0e, 0x4e, 0x13, 0x82, 0x0e,
  0x8e, 0x07, 0xf4, 0x02, 0xca, 0x00, 0xda, 0x00, 0xea, 0xfb, 0xb0, 0xf9,
  0xd6, 0xfd, 0x80, 0xfd, 0x38, 0xfb, 0xa4, 0xf9, 0x60, 0xf9, 0xa6, 0xf9,
  0x7c, 0xf6, 0x44, 0xf6, 0xe8, 0xf9, 0xf2, 0xfa, 0xce, 0xfc, 0xb0, 0xff,
  0x2a, 0x00, 0x62, 0x00, 0x1e, 0x00, 0x62, 0xfe, 0xc8, 0xfb, 0xc6, 0xf9,
  0xe6, 0xfa, 0x40, 0xfd, 0x70, 0xfe, 0xe8, 0xff, 0xbc, 0x08, 0xba, 0x10,
  0xe0, 0x0c, 0x7c, 0x0d, 0x4e, 0x12, 0xf0, 0x0d, 0x66, 0x07, 0xd6, 0x02,
  0xa8, 0x00, 0x00, 0x01, 0x32, 0xfc, 0xa8, 0xf9, 0xb4, 0xfd, 0x90, 0xfd,
  0x3a, 0xfb, 0xb6, 0xf9, 0xa6, 0xf9, 0x26, 0xf9, 0x42, 0xf7, 0xda, 0xf6,
  0x64, 0xf9, 0xf4, 0xfa, 0xa6, 0xfc, 0x1c, 0xff, 0x98, 0xff, 0x1a, 0x00,
  0x60, 0x00, 0xf2, 0xfe, 0x6e, 0xfc, 0xb0, 0xfa, 0x9e, 0xfb, 0x3c, 0xfd,
  0xdc, 0xfe, 0x24, 0x00, 0x46, 0x09, 0x3e, 0x10, 0xae, 0x0b, 0x80, 0x0d,
  0x46, 0x12, 0x5a, 0x0d, 0xe0, 0x07, 0xe0, 0x03, 0x58, 0x01, 0x80, 0x01,
  0x28, 0xfc, 0x1e, 0xf9, 0x0e, 0xfd, 0x42, 0xfc, 0xda, 0xf9, 0x68, 0xf9,
  0x6e, 0xf9, 0x32, 0xf9, 0xee, 0xf7, 0xb4, 0xf7, 0x54, 0xfa, 0x96, 0xfb,
  0xdc, 0xfc, 0x52, 0xff, 0x9e, 0xff, 0xac, 0xff, 0x08, 0x00, 0xe0, 0xfe,
  0x66, 0xfc, 0x00, 0xfc, 0xdc, 0xfb, 0x54, 0xfd, 0xb4, 0xff, 0x02, 0x00,
  0x96, 0x08, 0x82, 0x0f, 0x2e, 0x0b, 0x04, 0x0e, 0xd6, 0x11, 0x02, 0x0d,
  0x7e, 0x09, 0x0a, 0x05, 0xb8, 0x02, 0x70, 0x03, 0x9c, 0xfd, 0x8c, 0xfa,
  0xe0, 0xfd, 0x34, 0xfc, 0xe8, 0xf9, 0xa2, 0xf9, 0xb0, 0xf8, 0x14, 0xf9,
  0x34, 0xf8, 0x62, 0xf7, 0xfe, 0xf9, 0x22, 0xfb, 0xfc, 0xfb, 0x6c, 0xfe,
  0x7c, 0xfe, 0x92, 0xfe, 0xbc, 0xff, 0x46, 0xfd, 0x04, 0xfb, 0x66, 0xfb,
  0x92, 0xfb, 0xec, 0xfc, 0x0c, 0xff, 0x1c, 0x00, 0x48, 0x07, 0xd6, 0x0e,
  0xda, 0x0a, 0xc4, 0x0c, 0xd0, 0x11, 0x20, 0x0d, 0x7e, 0x09, 0xf2, 0x05,
  0x60, 0x03, 0xc4, 0x02, 0x32, 0xfd, 0xd6, 0xf9, 0x20, 0xfc, 0xb0, 0xfa,
  0x46, 0xf8, 0x4c, 0xf8, 0x0c, 0xf8, 0x9e, 0xf9, 0x60, 0xf9, 0x24, 0xf9,
  0x60, 0xfc, 0x7a, 0xfd, 0xf6, 0xfd, 0xf2, 0xff, 0x00, 0x00, 0x2c, 0x00,
  0xc6, 0x00, 0xa6, 0xfe, 0x34, 0xfd, 0x92, 0xfd, 0x30, 0xfe, 0xf4, 0xfe,
  0x52, 0x00, 0xde, 0x01, 0x86, 0x07, 0xb0, 0x0b, 0x0c, 0x09, 0xe4, 0x0b,
  0xd6, 0x0e, 0x0a, 0x0c, 0xe6, 0x09, 0x62, 0x07, 0xf0, 0x05, 0x36, 0x04,
  0x3a, 0xff, 0xf2, 0xfc, 0x34, 0xfd, 0xb0, 0xfa, 0xb4, 0xf8, 0x52, 0xf8,
  0xfc, 0xf7, 0xca, 0xf8, 0x86, 0xf8, 0x2e, 0xf9, 0x3e, 0xfa, 0xf6, 0xfb,
  0x84, 0xfd, 0xbe, 0xfc, 0x48, 0xfe, 0x7a, 0xff, 0xb8, 0xfe, 0xe2, 0xfd,
  0xfa, 0xfc, 0x8a, 0xfd, 0x20, 0xff, 0xb2, 0xff, 0x54, 0xff, 0x44, 0x02,
  0x3a, 0x07, 0xbc, 0x07, 0x2a, 0x06, 0x88, 0x09, 0x78, 0x0a, 0x40, 0x08,
  0x80, 0x06, 0x64, 0x05, 0xf0, 0x04, 0x0e, 0x02, 0xcc, 0xfe, 0xa8, 0xfd,
  0xa4, 0xfc, 0x18, 0xfa, 0x68, 0xf8, 0xf2, 0xf7, 0xe2, 0xf7, 0xac, 0xf7,
  0x00, 0xf8, 0x30, 0xf9, 0x0c, 0xfa, 0x7e, 0xfb, 0xf0, 0xfc, 0x4c, 0xfd,
  0xba, 0xfe, 0x7c, 0xff, 0x08, 0xff, 0x98, 0xfe, 0x6e, 0xfe, 0x26, 0xfe,
  0x80, 0xfe, 0x7e, 0xfe, 0x34, 0xfe, 0x66, 0x01, 0x6a, 0x04, 0x54, 0x04,
  0x9c, 0x06, 0xf4, 0x09, 0xae, 0x0a, 0x7e, 0x0b, 0x0a, 0x0b, 0xa4, 0x0a,
  0x1c, 0x0a, 0x9a, 0x06, 0xde, 0x03, 0x7e, 0x01, 0x1a, 0xfe, 0x5c, 0xfb,
  0xb8, 0xf8, 0xf8, 0xf6, 0x96, 0xf6, 0x58, 0xf6, 0xc2, 0xf6, 0x5e, 0xf7,
  0x64, 0xf9, 0xae, 0xfa, 0x20, 0xfb, 0x78, 0xfc, 0x48, 0xfd, 0x56, 0xfd,
  0xfc, 0xfc, 0xd8, 0xfc, 0xec, 0xfc, 0x2a, 0xfd, 0x7a, 0xfd, 0xde, 0xfd,
  0x1a, 0x00, 0xc8, 0x02, 0x9a, 0x04, 0x4a, 0x06, 0x0a, 0x0a, 0xde, 0x0b,
  0x16, 0x0c, 0x26, 0x0d, 0xc4, 0x0c, 0x56, 0x0b, 0xfa, 0x08, 0x3a, 0x06,
  0x9a, 0x02, 0x48, 0xff, 0x04, 0xfc, 0x8e, 0xf8, 0x96, 0xf6, 0x14, 0xf5,
  0x3a, 0xf4, 0xb6, 0xf4, 0x1a, 0xf5, 0x80, 0xf6, 0x6c, 0xf8, 0x7c, 0xf9,
  0xf6, 0xfa, 0x8a, 0xfc, 0x28, 0xfd, 0x64, 0xfd, 0xc0, 0xfd, 0xd6, 0xfd,
  0x3e, 0xfe, 0xdc, 0xfe, 0xf2, 0xfe, 0xb2, 0x00, 0x94, 0x03, 0x0e, 0x05,
  0x94, 0x06, 0x14, 0x0a, 0xd6, 0x0b, 0xda, 0x0b, 0x50, 0x0d, 0xc8, 0x0c,
  0x4c, 0x0b, 0x88, 0x09, 0x98, 0x06, 0x34, 0x03, 0x16, 0x00, 0xb0, 0xfc,
  0x4a, 0xf9, 0x62, 0xf7, 0x74, 0xf5, 0x6c, 0xf4, 0x26, 0xf4, 0xd6, 0xf4,
  0xc2, 0xf5, 0x98, 0xf6, 0x24, 0xf8, 0x6a, 0xf9, 0x7c, 0xfa, 0xfc, 0xfb,
  0xa6, 0xfc, 0xd6, 0xfc, 0xf2, 0xfd, 0x78, 0xfe, 0xd4, 0xfe, 0x5c, 0x00,
  0x8e, 0x01, 0x12, 0x03, 0x5e, 0x05, 0x88, 0x06, 0x86, 0x08, 0x00, 0x0b,
  0x3a, 0x0b, 0x3e, 0x0c, 0xec, 0x0c, 0xae, 0x0b, 0x80, 0x0a, 0xe8, 0x08,
  0xb8, 0x05, 0xfc, 0x02, 0x5a, 0x00, 0x9e, 0xfc, 0x3c, 0xfa, 0x46, 0xf8,
  0x36, 0xf6, 0x58, 0xf5, 0x50, 0xf5, 0x38, 0xf5, 0xe8, 0xf5, 0x08, 0xf7,
  0xca, 0xf7, 0x22, 0xf9, 0x8c, 0xfa, 0x14, 0xfb, 0xd6, 0xfb, 0xe8, 0xfc,
  0x68, 0xfd, 0x32, 0xfe, 0x5a, 0xff, 0x72, 0x00, 0x66, 0x02, 0x96, 0x04,
  0xfa, 0x05, 0x82, 0x08, 0x32, 0x0a, 0x18, 0x0b, 0x38, 0x0c, 0xe8, 0x0b,
  0x06, 0x0b, 0xe6, 0x09, 0x5c, 0x07, 0x98, 0x04, 0x0e, 0x02, 0xf4, 0xfe,
  0x20, 0xfc, 0x12, 0xfa, 0x20, 0xf8, 0x08, 0xf7, 0x8a, 0xf6, 0x66, 0xf6,
  0xf4, 0xf6, 0xa2, 0xf7, 0x5e, 0xf8, 0x54, 0xf9, 0x38, 0xfa, 0x64, 0xfb,
  0x08, 0xfc, 0x8e, 0xfc, 0x76, 0xfd, 0x30, 0xfe, 0xde, 0xfe, 0x40, 0x00,
  0x6c, 0x01, 0x72, 0x03, 0xa0, 0x05, 0x00, 0x07, 0x4e, 0x09, 0xec, 0x0a,
  0x98, 0x0b, 0x52, 0x0c, 0xfe, 0x0b, 0xce, 0x0a, 0x76, 0x09, 0xfe, 0x06,
  0x1c, 0x04, 0x8e, 0x01, 0x9e, 0xfe, 0xcc, 0xfb, 0xc6, 0xf9, 0x06, 0xf8,
  0xde, 0xf6, 0x66, 0xf6, 0x56, 0xf6, 0xc8, 0xf6, 0x6e, 0xf7, 0x34, 0xf8,
  0xfc, 0xf8, 0xe0, 0xf9, 0xf8, 0xfa, 0x90, 0xfb, 0x1c, 0xfc, 0x30, 0xfd,
  0xd2, 0xfd, 0xc4, 0xfe, 0x40, 0x00, 0x70, 0x01, 0x90, 0x03, 0xba, 0x05,
  0x28, 0x07, 0x5c, 0x09, 0xe8, 0x0a, 0x8e, 0x0b, 0x50, 0x0c, 0xf8, 0x0b,
  0xac, 0x0a, 0x7e, 0x09, 0x1e, 0x07, 0x1c, 0x04, 0xb8, 0x01, 0xcc, 0xfe,
  0x02, 0xfc, 0x16, 0xfa, 0x4e, 0xf8, 0x1e, 0xf7, 0xbe, 0xf6, 0x92, 0xf6,
  0xe0, 0xf6, 0x8a, 0xf7, 0x24, 0xf8, 0xce, 0xf8, 0xe2, 0xf9, 0xd8, 0xfa,
  0x8c, 0xfb, 0x48, 0xfc, 0x5e, 0xfd, 0x1e, 0xfe, 0x38, 0xff, 0xa2, 0x00,
  0xa8, 0x01, 0x92, 0x03, 0x9c, 0x05, 0x86, 0x06, 0x80, 0x08, 0xc6, 0x09,
  0x20, 0x0a, 0xd4, 0x0a, 0x72, 0x0a, 0x36, 0x09, 0x2a, 0x08, 0x24, 0x06,
  0xc8, 0x03, 0xec, 0x01, 0x56, 0xff, 0x22, 0xfd, 0x92, 0xfb, 0xe8, 0xf9,
  0xb2, 0xf8, 0x3e, 0xf8, 0xc2, 0xf7, 0x92, 0xf7, 0xf6, 0xf7, 0x0c, 0xf8,
  0x92, 0xf8, 0xaa, 0xf9, 0x16, 0xfa, 0xbc, 0xfa, 0xd2, 0xfb, 0x76, 0xfc,
  0x74, 0xfd, 0xda, 0xfe, 0xd4, 0xff, 0xcc, 0x01, 0xb0, 0x03, 0xe2, 0x04,
  0xec, 0x06, 0x4c, 0x08, 0x52, 0x09, 0x4e, 0x0a, 0x78, 0x0a, 0x34, 0x0a,
  0xc4, 0x09, 0x66, 0x08, 0xb4, 0x06, 0x08, 0x05, 0xba, 0x02, 0x72, 0x00,
  0x6a, 0xfe, 0x5e, 0xfc, 0xbe, 0xfa, 0x6e, 0xf9, 0x40, 0xf8, 0xb8, 0xf7,
  0x7a, 0xf7, 0x56, 0xf7, 0x98, 0xf7, 0x16, 0xf8, 0xc6, 0xf8, 0x76, 0xf9,
  0x0a, 0xfa, 0x1a, 0xfb, 0xf6, 0xfb, 0x08, 0xfd, 0x4e, 0xfe, 0x72, 0xff,
  0x2c, 0x01, 0xa6, 0x02, 0xcc, 0x03, 0x3e, 0x05, 0x8e, 0x06, 0x46, 0x07,
  0x14, 0x08, 0x8e, 0x08, 0x5e, 0x08, 0x46, 0x08, 0x72, 0x07, 0x3e, 0x06,
  0x10, 0x05, 0xa0, 0x03, 0x06, 0x02, 0x78, 0x00, 0xce, 0xfe, 0x74, 0xfd,
  0x20, 0xfc, 0x18, 0xfb, 0x42, 0xfa, 0x92, 0xf9, 0x38, 0xf9, 0xfe, 0xf8,
  0x3c, 0xf9, 0x88, 0xf9, 0xfa, 0xf9, 0x62, 0xfa, 0x4c, 0xfb, 0xc6, 0xfb,
  0xba, 0xfc, 0xd0, 0xfd, 0x86, 0xfe, 0xfe, 0xff, 0x4e, 0x01, 0x12, 0x02,
  0x5e, 0x03, 0x4e, 0x04, 0x72, 0x05, 0x28, 0x06, 0xa2, 0x06, 0xc8, 0x06,
  0xbc, 0x06, 0x3c, 0x06, 0x76, 0x05, 0x68, 0x04, 0x1c, 0x03, 0xcc, 0x01,
  0x74, 0x00, 0x2e, 0xff, 0xaa, 0xfd, 0x6a, 0xfc, 0x64, 0xfb, 0x6e, 0xfa,
  0xc6, 0xf9, 0x40, 0xf9, 0x18, 0xf9, 0x36, 0xf9, 0x74, 0xf9, 0xd8, 0xf9,
  0x84, 0xfa, 0x52, 0xfb, 0x3c, 0xfc, 0x84, 0xfd, 0x88, 0xfe, 0xea, 0xff,
  0x18, 0x01, 0x26, 0x02, 0x3c, 0x03, 0x0c, 0x04, 0xd4, 0x04, 0x46, 0x05,
  0xcc, 0x05, 0xd6, 0x05, 0xd6, 0x05, 0x86, 0x05, 0x06, 0x05, 0x70, 0x04,
  0x94, 0x03, 0xb8, 0x02, 0xb2, 0x01, 0xca, 0x00, 0xd0, 0xff, 0xe6, 0xfe,
  0xd8, 0xfd, 0x26, 0xfd, 0x7e, 0xfc, 0xf2, 0xfb, 0x96, 0xfb, 0x5c, 0xfb,
  0x6e, 0xfb, 0x78, 0xfb, 0xea, 0xfb, 0x50, 0xfc, 0xec, 0xfc, 0x62, 0xfd,
  0xf6, 0xfd, 0xac, 0xfe, 0x60, 0xff, 0x20, 0x00, 0xa2, 0x00, 0x5a, 0x01,
  0xea, 0x01, 0x5e, 0x02, 0xc0, 0x02, 0xfe, 0x02, 0x42, 0x03, 0x68, 0x03,
  0x5e, 0x03, 0x36, 0x03, 0xf6, 0x02, 0xd4, 0x02, 0x5e, 0x02, 0xf6, 0x01,
  0x76, 0x01, 0xfc, 0x00, 0x86, 0x00, 0xf8, 0xff, 0x70, 0xff, 0xfa, 0xfe,
  0x76, 0xfe, 0x20, 0xfe, 0xca, 0xfd, 0x96, 0xfd, 0x76, 0xfd, 0x66, 0xfd,
  0x84, 0xfd, 0xa6, 0xfd, 0xe6, 0xfd, 0x12, 0xfe, 0x86, 0xfe, 0xda, 0xfe,
  0x56, 0xff, 0xc4, 0xff, 0x20, 0x00, 0x98, 0x00, 0x1c, 0x01, 0x72, 0x01,
  0xbe, 0x01, 0x08, 0x02, 0x46, 0x02, 0x7a, 0x02, 0x52, 0x02, 0x54, 0x02,
  0x1a, 0x02, 0x04, 0x02, 0xaa, 0x01, 0x52, 0x01, 0xfc, 0x00, 0xba, 0x00,
  0x6a, 0x00, 0x02, 0x00, 0xa2, 0xff, 0x80, 0xff, 0x28, 0xff, 0xfc, 0xfe,
  0xc6, 0xfe, 0xa8, 0xfe, 0xa0, 0xfe, 0x94, 0xfe, 0xac, 0xfe, 0xb8, 0xfe,
  0xdc, 0xfe, 0x12, 0xff, 0x44, 0xff, 0x84, 0xff, 0xbe, 0xff, 0x06, 0x00,
  0x34, 0x00, 0x74, 0x00, 0xbc, 0x00, 0xde, 0x00, 0x0a, 0x01, 0x06, 0x01,
  0x14, 0x01, 0x1e, 0x01, 0xfc, 0x00, 0xec, 0x00, 0xc0, 0x00, 0xaa, 0x00,
  0x7a, 0x00, 0x48, 0x00, 0x22, 0x00, 0x00, 0x00, 0xe4, 0xff, 0xb2, 0xff,
  0x92, 0xff, 0x88, 0xff, 0x6c, 0xff, 0x62, 0xff, 0x56, 0xff, 0x3a, 0xff,
  0x4a, 0xff, 0x46, 0xff, 0x5c, 0xff, 0x86, 0xff, 0x8e, 0xff, 0xb8, 0xff,
  0xd4, 0xff, 0x02, 0x00, 0x26, 0x00, 0x4c, 0x00, 0x7c, 0x00, 0x92, 0x00,
  0xce, 0x00, 0xd6, 0x00, 0xee, 0x00, 0xea, 0x00, 0xec, 0x00, 0xd8, 0x00,
  0xba, 0x00, 0xa4, 0x00, 0x7e, 0x00, 0x64, 0x00, 0x2a, 0x00, 0xf0, 0xff,
  0xd4, 0xff, 0xb6, 0xff, 0xa2, 0xff, 0x76, 0xff, 0x5c, 0xff, 0x5a, 0xff,
  0x4c, 0xff, 0x54, 0xff, 0x50, 0xff, 0x46, 0xff, 0x4c, 0xff, 0x5e, 0xff,
  0x7a, 0xff, 0xa6, 0xff, 0xb2, 0xff, 0xd2, 0xff, 0x08, 0x00, 0x24, 0x00,
  0x4e, 0x00, 0x58, 0x00, 0x7e, 0x00, 0x92, 0x00, 0xb4, 0x00, 0xbe, 0x00,
  0xb6, 0x00, 0xb6, 0x00, 0xa8, 0x00, 0x98, 0x00, 0x78, 0x00, 0x5c, 0x00,
  0x3e, 0x00, 0x22, 0x00, 0x0c, 0x00, 0xd4, 0xff, 0xc6, 0xff, 0xb2, 0xff,
  0xba, 0xff, 0x9c, 0xff, 0x8e, 0xff, 0x98, 0xff, 0x78, 0xff, 0x90, 0xff,
  0x88, 0xff, 0x80, 0xff, 0x84, 0xff, 0x88, 0xff, 0xa2, 0xff, 0xbe, 0xff,
  0xa4, 0xff, 0xc6, 0xff, 0xd6, 0xff, 0x04, 0x00, 0x14, 0x00, 0x1a, 0x00,
  0x2e, 0x00, 0x36, 0x00, 0x52, 0x00, 0x54, 0x00, 0x54, 0x00, 0x50, 0x00,
  0x5a, 0x00, 0x50, 0x00, 0x34, 0x00, 0x30, 0x00, 0x1c, 0x00, 0x16, 0x00,
  0x02, 0x00, 0xf2, 0xff, 0xea, 0xff, 0xe2, 0xff, 0xdc, 0xff, 0xd2, 0xff,
  0xd2, 0xff, 0xc8, 0xff, 0xb8, 0xff, 0xc0, 0xff, 0xba, 0xff, 0xc2, 0xff,
  0xc4, 0xff, 0xce, 0xff, 0xdc, 0xff, 0xd4, 0xff, 0xee, 0xff, 0xf6, 0xff,
  0x1c, 0x00, 0x1c, 0x00, 0x26, 0x00, 0x34, 0x00, 0x38, 0x00, 0x48, 0x00,
  0x42, 0x00, 0x44, 0x00, 0x3a, 0x00, 0x36, 0x00, 0x30, 0x00, 0x30, 0x00,
  0x26, 0x00, 0x1a, 0x00, 0x0c, 0x00, 0x04, 0x00, 0x04, 0x00, 0xe6, 0xff,
  0xe6, 0xff, 0xf2, 0xff, 0xec, 0xff, 0xec, 0xff, 0xe6, 0xff, 0xd8, 0xff,
  0xe0, 0xff, 0xd2, 0xff, 0xe0, 0xff, 0xe0, 0xff, 0xe6, 0xff, 0xec, 0xff,
  0xee, 0xff, 0xe6, 0xff, 0xee, 0xff, 0xf8, 0xff, 0xfc, 0xff, 0x00, 0x00,
  0x02, 0x00, 0x06, 0x00, 0x08, 0x00, 0xf8, 0xff, 0x00, 0x00, 0xfe, 0xff,
  0x00, 0x00, 0x00, 0x00, 0xfc, 0xff, 0xfe, 0xff, 0xfc, 0xff, 0xec, 0xff,
  0xee, 0xff, 0xee, 0xff, 0xf6, 0xff, 0xf6, 0xff, 0xf6, 0xff, 0xf8, 0xff,
  0xf4, 0xff, 0xfc, 0xff, 0xfa, 0xff, 0xfe, 0xff, 0x12, 0x00, 0x0c, 0x00,
  0x10, 0x00, 0x0e, 0x00, 0x0c, 0x00, 0x0e, 0x00, 0x0c, 0x00, 0x0c, 0x00,
  0x06, 0x00, 0x04, 0x00, 0x02, 0x00, 0x00, 0x00, 0xfe, 0xff, 0xfc, 0xff,
  0xfc, 0xff, 0x14, 0x00, 0x0e, 0x00, 0x0a, 0x00, 0x1e, 0x00, 0x16, 0x00,
  0x14, 0x00, 0x0c, 0x00, 0xf2, 0xff, 0xf6, 0xff, 0xf4, 0xff, 0xf8, 0xff,
  0xf2, 0xff, 0xf0, 0xff, 0xf2, 0xff, 0xf2, 0xff, 0xf8, 0xff, 0xf8, 0xff,
  0xfc, 0xff, 0xfe, 0xff, 0x00, 0x00, 0x02, 0x00, 0xea, 0xff, 0xda, 0xff,
  0xe4, 0xff, 0xee, 0xff, 0xf4, 0xff, 0x0e, 0x00, 0x0a, 0x00, 0x0e, 0x00,
  0x0c, 0x00, 0x0e, 0x00, 0x18, 0x00, 0x14, 0x00, 0x14, 0x00, 0x26, 0x00,
  0x18, 0x00, 0x12, 0x00, 0x0a, 0x00, 0x08, 0x00, 0x04, 0x00, 0xfe, 0xff,
  0xfc, 0xff, 0xf6, 0xff, 0xf6, 0xff, 0xf4, 0xff, 0xf4, 0xff, 0xf4, 0xff,
  0xf6, 0xff, 0xf8, 0xff, 0xf4, 0xff, 0x0c, 0x00, 0x0a, 0x00, 0x0a, 0x00,
  0x06, 0x00, 0x06, 0x00, 0x08, 0x00, 0xf2, 0xff, 0xfa, 0xff, 0xfc, 0xff,
  0x00, 0x00, 0xfc, 0xff, 0xfa, 0xff, 0xfc, 0xff, 0xfa, 0xff, 0xfe, 0xff,
  0xfe, 0xff, 0x02, 0x00, 0x02, 0x00, 0xee, 0xff, 0xf4, 0xff, 0xf8, 0xff,
  0xfe, 0xff, 0xfe, 0xff, 0xfe, 0xff, 0x14, 0x00, 0x0e, 0x00, 0x0c, 0x00,
  0x06, 0x00, 0x08, 0x00, 0x0a, 0x00, 0x06, 0x00, 0x06, 0x00, 0x16, 0x00,
  0x0c, 0x00, 0x04, 0x00, 0xfe, 0xff, 0xfe, 0xff, 0x00, 0x00, 0xea, 0xff,
  0xf0, 0xff, 0xde, 0xff, 0xe8, 0xff, 0xd8, 0xff, 0xe2, 0xff, 0xec, 0xff,
  0xec, 0xff, 0xf6, 0xff, 0xf6, 0xff, 0x02, 0x00, 0x16, 0x00, 0x18, 0x00,
  0x1a, 0x00, 0x14, 0x00, 0x14, 0x00, 0x12, 0x00, 0x10, 0x00, 0x0e, 0x00,
  0x0a, 0x00, 0x04, 0x00, 0x00, 0x00, 0x10, 0x00, 0x08, 0x00, 0x02, 0x00,
  0xfc, 0xff, 0xfc, 0xff, 0xfa, 0xff, 0xf4, 0xff, 0xf6, 0xff, 0xf4, 0xff,
  0xf6, 0xff, 0xf2, 0xff, 0xf4, 0xff, 0xf8, 0xff, 0xf8, 0xff, 0xfc, 0xff,
  0xfc, 0xff, 0x00, 0x00, 0x08, 0x00, 0xf8, 0xff, 0xfa, 0xff, 0xfe, 0xff,
  0x12, 0x00, 0x10, 0x00, 0xfa, 0xff, 0xfa, 0xff, 0xfc, 0xff, 0xfe, 0xff,
  0x10, 0x00, 0x16, 0x00, 0x0e, 0x00, 0x04, 0x00, 0x00, 0x00, 0x00, 0x00,
  0x00, 0x00, 0x0e, 0x00, 0x0a, 0x00, 0x12, 0x00, 0x06, 0x00, 0xfc, 0xff,
  0xfa, 0xff, 0xfe, 0xff, 0x00, 0x00, 0xee, 0xff, 0xf2, 0xff, 0xf4, 0xff,
  0xfa, 0xff, 0xf8, 0xff, 0xe4, 0xff, 0xea, 0xff, 0xf2, 0xff, 0xf8, 0xff,
  0xfa, 0xff, 0xfc, 0xff, 0xfe, 0xff, 0xfe, 0xff, 0xfe, 0xff, 0x00, 0x00,
  0x06, 0x00, 0x08, 0x00, 0x08, 0x00, 0x1a, 0x00, 0x14, 0x00, 0x0c, 0x00,
  0x08, 0x00, 0x08, 0x00, 0x08, 0x00, 0x1a, 0x00, 0x16, 0x00, 0x0c, 0x00,
  0x04, 0x00, 0xfe, 0xff, 0xfe, 0xff, 0xfe, 0xff, 0x00, 0x00, 0x00, 0x00,
  0xfc, 0xff, 0xf4, 0xff, 0xf2, 0xff, 0xf4, 0xff, 0xf8, 0xff, 0xe8, 0xff,
  0xec, 0xff, 0xf2, 0xff, 0xf6, 0xff, 0xe4, 0xff, 0xea, 0xff, 0xe0, 0xff,
  0xea, 0xff, 0x08, 0x00, 0x0e, 0x00, 0x0c, 0x00, 0x06, 0x00, 0x04, 0x00,
  0x06, 0x00, 0x0a, 0x00, 0x12, 0x00, 0x14, 0x00, 0x10, 0x00, 0x08, 0x00,
  0xee, 0xff, 0xf0, 0xff, 0xf6, 0xff, 0x06, 0x00, 0x06, 0x00, 0x02, 0x00,
  0xfe, 0xff, 0xfa, 0xff, 0xf8, 0xff, 0xfa, 0xff, 0xfc, 0xff, 0xf2, 0xff,
  0xf6, 0xff, 0xf8, 0xff, 0xf4, 0xff, 0xf4, 0xff, 0xf2, 0xff, 0xf4, 0xff,
  0xfe, 0xff, 0x02, 0x00, 0x02, 0x00, 0x02, 0x00, 0x02, 0x00, 0x02, 0x00,
  0x10, 0x00, 0x12, 0x00, 0x10, 0x00, 0x0e, 0x00, 0x0a, 0x00, 0x02, 0x00,
  0x00, 0x00, 0x02, 0x00, 0x06, 0x00, 0x06, 0x00, 0xf6, 0xff, 0xf4, 0xff,
  0xf4, 0xff, 0xf6, 0xff, 0xf8, 0xff, 0xf6, 0xff, 0xf2, 0xff, 0xf6, 0xff,
  0xec, 0xff, 0xea, 0xff, 0xee, 0xff, 0xf0, 0xff, 0xf2, 0xff, 0xf0, 0xff,
  0xf8, 0xff, 0xfc, 0xff, 0xf2, 0xff, 0xf4, 0xff, 0xfa, 0xff, 0x10, 0x00,
  0x10, 0x00, 0x10, 0x00, 0x10, 0x00, 0x10, 0x00, 0x10, 0x00, 0x1e, 0x00,
  0x1c, 0x00, 0x1a, 0x00, 0x18, 0x00, 0x14, 0x00, 0x10, 0x00, 0x0c, 0x00,
  0x08, 0x00, 0x04, 0x00, 0x02, 0x00, 0xfe, 0xff, 0xfa, 0xff, 0xf8, 0xff,
  0xf6, 0xff, 0xf4, 0xff, 0xf4, 0xff, 0xf4, 0xff, 0xf4, 0xff, 0xf6, 0xff,
  0xf8, 0xff, 0xfa, 0xff, 0xfc, 0xff, 0xfe, 0xff, 0xf0, 0xff, 0xf2, 0xff,
  0xf4, 0xff, 0xf6, 0xff, 0xf8, 0xff, 0xfa, 0xff, 0x00, 0x00, 0x02, 0x00,
  0x04, 0x00, 0x04, 0x00, 0x06, 0x00, 0xf8, 0xff, 0xf8, 0xff, 0xf8, 0xff,
  0x08, 0x00, 0x0a, 0x00, 0x1a, 0x00, 0x1a, 0x00, 0x08, 0x00, 0x06, 0x00,
  0x02, 0x00, 0x00, 0x00, 0xfe, 0xff, 0xfe, 0xff, 0xee, 0xff, 0xfe, 0xff,
  0xf0, 0xff, 0xee, 0xff, 0xfe, 0xff, 0xee, 0xff, 0xf0, 0xff, 0xf2, 0xff,
  0xf2, 0xff, 0x04, 0x00, 0x0a, 0x00, 0x0e, 0x00, 0x14, 0x00, 0x0a, 0x00,
  0x0a, 0x00, 0x08, 0x00, 0x14, 0x00, 0x12, 0x00, 0x12, 0x00, 0x12, 0x00,
  0x02, 0x00, 0x00, 0x00, 0xfa, 0xff, 0xf4, 0xff, 0xf0, 0xff, 0xee, 0xff,
  0xec, 0xff, 0xec, 0xff, 0xee, 0xff, 0xee, 0xff, 0xf0, 0xff, 0xf2, 0xff,
  0xf0, 0xff, 0xe2, 0xff, 0xe6, 0xff, 0xe2, 0xff, 0xe2, 0xff, 0xe4, 0xff,
  0xe6, 0xff, 0xee, 0xff, 0xf4, 0xff, 0xfa, 0xff, 0x00, 0x00, 0x02, 0x00,
  0x06, 0x00, 0x0a, 0x00, 0x10, 0x00, 0x12, 0x00, 0x14, 0x00, 0x14, 0x00,
  0x10, 0x00, 0x0e, 0x00, 0x0a, 0x00, 0x06, 0x00, 0x02, 0x00, 0xfe, 0xff,
  0xfa, 0xff, 0xf6, 0xff, 0xf4, 0xff, 0xf2, 0xff, 0xf0, 0xff, 0xf0, 0xff,
  0xec, 0xff, 0xdc, 0xff, 0xd8, 0xff, 0xd0, 0xff, 0xca, 0xff, 0xcc, 0xff,
  0xca, 0xff, 0xd2, 0xff, 0xb8, 0xff, 0xb6, 0xff, 0xb4, 0xff, 0xae, 0xff,
  0xb2, 0xff, 0xb6, 0xff, 0xc0, 0xff, 0xce, 0xff, 0xde, 0xff, 0xec, 0xff,
  0xf8, 0xff, 0x26, 0x00, 0x3c, 0x00, 0x52, 0x00, 0x88, 0x00, 0xbe, 0x00,
  0xdc, 0x00, 0xf6, 0x00, 0x00, 0x01, 0xfc, 0x00, 0xf2, 0x00, 0xd8, 0x00,
  0xb4, 0x00, 0x7e, 0x00, 0x22, 0x00, 0xe4, 0xff, 0x7c, 0xff, 0x36, 0xff,
  0xfc, 0xfe, 0xc8, 0xfe, 0x94, 0xfe, 0x7e, 0xfe, 0x58, 0xfe, 0x36, 0xfe,
  0x3e, 0xfe, 0x4c, 0xfe, 0x72, 0xfe, 0xae, 0xfe, 0xee, 0xfe, 0x40, 0xff,
  0x8c, 0xff, 0xe4, 0xff, 0xb0, 0x00, 0x2a, 0x01, 0xb8, 0x01, 0x6c, 0x02,
  0xd8, 0x02, 0x32, 0x03, 0x66, 0x03, 0x58, 0x03, 0x2c, 0x03, 0xdc, 0x02,
  0x60, 0x02, 0xdc, 0x01, 0x26, 0x01, 0x52, 0x00, 0x90, 0xff, 0xac, 0xfe,
  0xf4, 0xfd, 0x6a, 0xfd, 0xea, 0xfc, 0x96, 0xfc, 0x70, 0xfc, 0x48, 0xfc,
  0x36, 0xfc, 0x5a, 0xfc, 0x92, 0xfc, 0xf6, 0xfc, 0x82, 0xfd, 0x1a, 0xfe,
  0xcc, 0xfe, 0xd4, 0xff, 0xac, 0x00, 0xf4, 0x01, 0x4a, 0x03, 0x94, 0x04,
  0xd6, 0x05, 0xc8, 0x06, 0x58, 0x07, 0x8a, 0x07, 0x52, 0x07, 0x60, 0x06,
  0x58, 0x05, 0xa8, 0x03, 0xfe, 0x01, 0xf6, 0xff, 0xec, 0xfd, 0x36, 0xfc,
  0x8a, 0xfa, 0x4e, 0xf9, 0x8a, 0xf8, 0x16, 0xf8, 0x14, 0xf8, 0x6e, 0xf8,
  0xfe, 0xf8, 0xb2, 0xf9, 0x68, 0xfa, 0x20, 0xfb, 0xf0, 0xfb, 0xce, 0xfc,
  0xc4, 0xfd, 0xc8, 0xfe, 0x10, 0x00, 0x66, 0x01, 0x02, 0x03, 0xe4, 0x04,
  0xb6, 0x06, 0x8e, 0x08, 0x1a, 0x0a, 0x24, 0x0b, 0x9c, 0x0b, 0x7a, 0x0b,
  0x7a, 0x0a, 0xda, 0x08, 0xae, 0x06, 0xf4, 0x03, 0x22, 0x01, 0xfc, 0xfd,
  0x46, 0xfb, 0xe4, 0xf8, 0xfc, 0xf6, 0x04, 0xf6, 0x8c, 0xf5, 0xb4, 0xf5,
  0x6a, 0xf6, 0x64, 0xf7, 0x9c, 0xf8, 0xdc, 0xf9, 0x08, 0xfb, 0xfe, 0xfb,
  0xd0, 0xfc, 0xae, 0xfd, 0x76, 0xfe, 0x50, 0xff, 0x7c, 0x00, 0xaa, 0x01,
  0x40, 0x03, 0x1c, 0x05, 0xea, 0x06, 0xc8, 0x08, 0x50, 0x0a, 0x48, 0x0b,
  0xb6, 0x0b, 0x76, 0x0b, 0x5a, 0x0a, 0xa2, 0x08, 0x52, 0x06, 0x88, 0x03,
  0x9e, 0x00, 0x9c, 0xfd, 0xf6, 0xfa, 0xdc, 0xf8, 0x42, 0xf7, 0x88, 0xf6,
  0x6c, 0xf6, 0xd2, 0xf6, 0xba, 0xf7, 0xd6, 0xf8, 0x08, 0xfa, 0x2c, 0xfb,
  0x1c, 0xfc, 0xc0, 0xfc, 0x26, 0xfd, 0x4c, 0xfd, 0x6e, 0xfd, 0x9a, 0xfd,
  0x10, 0xfe, 0xd8, 0xfe, 0x12, 0x00, 0xda, 0x01, 0xe4, 0x03, 0x20, 0x06,
  0x86, 0x08, 0x70, 0x0a, 0xde, 0x0b, 0xb4, 0x0c, 0x7e, 0x0c, 0x7a, 0x0b,
  0xac, 0x09, 0xf8, 0x06, 0xf6, 0x03, 0x9e, 0x00, 0x50, 0xfd, 0x9a, 0xfa,
  0x42, 0xf8, 0xce, 0xf6, 0x2c, 0xf6, 0x12, 0xf6, 0xa8, 0xf6, 0x96, 0xf7,
  0xae, 0xf8, 0xd8, 0xf9, 0xd6, 0xfa, 0x96, 0xfb, 0x10, 0xfc, 0x48, 0xfc,
  0x86, 0xfc, 0xbc, 0xfc, 0x3a, 0xfd, 0x32, 0xfe, 0x74, 0xff, 0x4a, 0x01,
  0x7c, 0x03, 0xbe, 0x05, 0x0c, 0x08, 0x18, 0x0a, 0x82, 0x0b, 0x64, 0x0c,
  0x78, 0x0c, 0xa6, 0x0b, 0x10, 0x0a, 0xc2, 0x07, 0xfa, 0x04, 0xfa, 0x01,
  0xec, 0xfe, 0x42, 0xfc, 0x0c, 0xfa, 0x6a, 0xf8, 0x90, 0xf7, 0x40, 0xf7,
  0x70, 0xf7, 0x08, 0xf8, 0xce, 0xf8, 0xa4, 0xf9, 0x6a, 0xfa, 0x00, 0xfb,
  0x60, 0xfb, 0x8a, 0xfb, 0xaa, 0xfb, 0xd8, 0xfb, 0x2a, 0xfc, 0xf6, 0xfc,
  0x10, 0xfe, 0xa0, 0xff, 0xb8, 0x01, 0x12, 0x04, 0x30, 0x06, 0x90, 0x08,
  0x86, 0x0a, 0xcc, 0x0b, 0xb2, 0x0c, 0x9a, 0x0c, 0xa2, 0x0b, 0x16, 0x0a,
  0xb4, 0x07, 0xf6, 0x04, 0x04, 0x02, 0x06, 0xff, 0x7c, 0xfc, 0x56, 0xfa,
  0xce, 0xf8, 0xfe, 0xf7, 0xaa, 0xf7, 0xce, 0xf7, 0x4a, 0xf8, 0x12, 0xf9,
  0xd6, 0xf9, 0x86, 0xfa, 0x0c, 0xfb, 0x4a, 0xfb, 0x5e, 0xfb, 0x6c, 0xfb,
  0xa0, 0xfb, 0x08, 0xfc, 0xdc, 0xfc, 0x0e, 0xfe, 0xac, 0xff, 0xda, 0x01,
  0x1c, 0x04, 0x40, 0x06, 0x94, 0x08, 0x68, 0x0a, 0xac, 0x0b, 0x78, 0x0c,
  0x4c, 0x0c, 0x64, 0x0b, 0xe4, 0x09, 0xb0, 0x07, 0x02, 0x05, 0x06, 0x02,
  0x16, 0xff, 0x7e, 0xfc, 0x4c, 0xfa, 0xb6, 0xf8, 0xc4, 0xf7, 0x58, 0xf7,
  0x94, 0xf7, 0x20, 0xf8, 0x04, 0xf9, 0xf6, 0xf9, 0xc8, 0xfa, 0x78, 0xfb,
  0xd8, 0xfb, 0x00, 0xfc, 0x18, 0xfc, 0x72, 0xfc, 0xee, 0xfc, 0xd0, 0xfd,
  0x14, 0xff, 0x84, 0x00, 0x8e, 0x02, 0x9a, 0x04, 0x76, 0x06, 0x86, 0x08,
  0x18, 0x0a, 0x1c, 0x0b, 0xbe, 0x0b, 0x76, 0x0b, 0x9e, 0x0a, 0x56, 0x09,
  0x76, 0x07, 0x3e, 0x05, 0xca, 0x02, 0x78, 0x00, 0x42, 0xfe, 0x60, 0xfc,
  0xee, 0xfa, 0xd4, 0xf9, 0x1e, 0xf9, 0xd2, 0xf8, 0xb2, 0xf8, 0xe2, 0xf8,
  0x1e, 0xf9, 0x4e, 0xf9, 0x8e, 0xf9, 0xea, 0xf9, 0x2c, 0xfa, 0xac, 0xfa,
  0x34, 0xfb, 0x0c, 0xfc, 0x46, 0xfd, 0x9c, 0xfe, 0x0e, 0x00, 0xf4, 0x01,
  0xa0, 0x03, 0x4a, 0x05, 0x1c, 0x07, 0x5e, 0x08, 0x4c, 0x09, 0xee, 0x09,
  0xc6, 0x09, 0x6a, 0x09, 0x88, 0x08, 0x22, 0x07, 0x78, 0x05, 0x6e, 0x03,
  0x7e, 0x01, 0x5a, 0xff, 0x7e, 0xfd, 0xfe, 0xfb, 0xbc, 0xfa, 0xe0, 0xf9,
  0x64, 0xf9, 0x28, 0xf9, 0x0e, 0xf9, 0x28, 0xf9, 0x34, 0xf9, 0x4c, 0xf9,
  0x94, 0xf9, 0xec, 0xf9, 0xe4, 0xfa, 0x88, 0xfb, 0xb4, 0xfc, 0x2c, 0xfe,
  0x4c, 0xff, 0xbc, 0x00, 0x48, 0x02, 0x5e, 0x03, 0xa0, 0x04, 0xec, 0x05,
  0xdc, 0x06, 0x76, 0x07, 0xe8, 0x07, 0xc2, 0x07, 0xa6, 0x07, 0xf8, 0x06,
  0xfc, 0x05, 0xdc, 0x04, 0x5c, 0x03, 0xca, 0x01, 0x2a, 0x00, 0xc2, 0xfe,
  0x3e, 0xfd, 0x34, 0xfc, 0x3a, 0xfb, 0x90, 0xfa, 0x24, 0xfa, 0xa2, 0xf9,
  0x9a, 0xf9, 0xc4, 0xf9, 0xc0, 0xf9, 0x42, 0xfa, 0x9e, 0xfa, 0x8c, 0xfb,
  0x46, 0xfc, 0x38, 0xfd, 0x42, 0xfe, 0x48, 0xff, 0x68, 0x00, 0xb4, 0x01,
  0xb4, 0x02, 0xc2, 0x03, 0x14, 0x05, 0xf0, 0x05, 0x84, 0x06, 0x00, 0x07,
  0xe0, 0x06, 0xd0, 0x06, 0x90, 0x06, 0x98, 0x05, 0xb6, 0x04, 0xd8, 0x03,
  0x6a, 0x02, 0x68, 0x01, 0x3a, 0x00, 0xfc, 0xfe, 0x3c, 0xfe, 0x1a, 0xfd,
  0x84, 0xfc, 0xe6, 0xfb, 0x30, 0xfb, 0x2a, 0xfb, 0xde, 0xfa, 0xde, 0xf9,
  0xfa, 0xfa, 0x62, 0xfa, 0x1e, 0xfb, 0xba, 0xfb, 0xfc, 0xfb, 0x68, 0xfd,
  0x92, 0xfd, 0xe2, 0xfe, 0xe0, 0xff, 0x84, 0x00, 0xb2, 0x01, 0x96, 0x02,
  0x64, 0x03, 0xd2, 0x04, 0x96, 0x04, 0x6c, 0x05, 0xa6, 0x05, 0x70, 0x05,
  0x5a, 0x05, 0x9c, 0x04, 0x86, 0x04, 0x40, 0x03, 0xa6, 0x02, 0xe0, 0x01,
  0xb4, 0x00, 0x3a, 0x00, 0x12, 0xff, 0xa4, 0xfe, 0xe2, 0xfd, 0x1c, 0xfd,
  0xf4, 0xfc, 0x5a, 0xfd, 0x94, 0xfa, 0xb4, 0xfd, 0x62, 0xfc, 0x7e, 0xfa,
  0x02, 0xfe, 0x10, 0xfb, 0x8c, 0xfd, 0x1c, 0xfd, 0x36, 0xfd, 0xb0, 0xff,
  0x9a, 0xfd, 0xb0, 0x00, 0x6e, 0x00, 0x46, 0x01, 0xf4, 0x01, 0x34, 0x02,
  0x30, 0x03, 0x54, 0x03, 0x60, 0x03, 0xca, 0x03, 0xbc, 0x03, 0x52, 0x03,
  0x7a, 0x03, 0xda, 0x02, 0x9c, 0x02, 0x1e, 0x02, 0x7e, 0x01, 0x32, 0x01,
  0x5e, 0x00, 0x0e, 0x00, 0x6e, 0xff, 0xfa, 0xfe, 0x9c, 0xfe, 0x2a, 0xfe,
  0x02, 0xfe, 0xf0, 0xfc, 0x3c, 0xfd, 0x1e, 0xfd, 0xa6, 0xfc, 0x08, 0xfe,
  0xb2, 0xfc, 0x5a, 0xfe, 0xea, 0xfd, 0x56, 0xfe, 0x74, 0xff, 0xe6, 0xfe,
  0x60, 0x00, 0xf8, 0xff, 0xe8, 0x00, 0x36, 0x01, 0x30, 0x01, 0x04, 0x02,
  0x9a, 0x01, 0xfe, 0x02, 0x98, 0x01, 0xe2, 0x02, 0x38, 0x02, 0xfa, 0x01,
  0x6e, 0x02, 0xf6, 0x01, 0xb6, 0x01, 0x78, 0x01, 0x42, 0x01, 0xa0, 0x00,
  0x9c, 0x00, 0xfe, 0xff, 0xce, 0xff, 0x74, 0xff, 0x1a, 0xff, 0x06, 0xff,
  0x9c, 0xfe, 0xb4, 0xfe, 0x68, 0xfe, 0x86, 0xfe, 0x76, 0xfe, 0x46, 0xff,
  0x5c, 0xfd, 0x40, 0x00, 0xb8, 0xfe, 0x4a, 0xfe, 0x0a, 0x01, 0x0c, 0xfe,
  0x20, 0x01, 0x06, 0x00, 0x0a, 0x00, 0x2e, 0x02, 0x5e, 0xff, 0xb6, 0x02,
  0x2c, 0x00, 0xf4, 0x01, 0x40, 0x01, 0x00, 0x01, 0xe8, 0x01, 0x42, 0x00,
  0xea, 0x01, 0xfa, 0xff, 0x3e, 0x01, 0x18, 0x00, 0x3a, 0x00, 0x4a, 0x00,
  0x52, 0xff, 0x40, 0x00, 0x9a, 0xff, 0x44, 0xff, 0x32, 0xff, 0x76, 0xff,
  0xe6, 0xfe, 0x5c, 0xff, 0xe4, 0xfe, 0x50, 0xff, 0x24, 0xff, 0x34, 0xff,
  0xb6, 0xff, 0x26, 0xff, 0x2a, 0x00, 0x6c, 0xff, 0x4a, 0x00, 0xf4, 0xff,
  0x48, 0x00, 0x2c, 0x01, 0x60, 0xff, 0xb0, 0x02, 0xc2, 0xfe, 0xec, 0x01,
  0x66, 0x01, 0x46, 0xff, 0xc0, 0x02, 0xee, 0xfe, 0x24, 0x02, 0x9e, 0xff,
  0xf6, 0x00, 0xfa, 0xff, 0x22, 0x00, 0x7a, 0x00, 0x06, 0xff, 0x0e, 0x00,
  0x82, 0xff, 0x3e, 0xff, 0x90, 0xff, 0x18, 0xff, 0x74, 0xff, 0x24, 0xff,
  0x7c, 0xff, 0x36, 0xff, 0x8c, 0xff, 0xc0, 0xff, 0x48, 0xff, 0x76, 0x00,
  0x3a, 0xff, 0x6c, 0x00, 0x46, 0x00, 0xc8, 0xff, 0xac, 0x01, 0xe8, 0xfe,
  0x38, 0x02, 0x90, 0xff, 0x30, 0x01, 0x8e, 0x00, 0x6a, 0x00, 0x10, 0x01,
  0xc4, 0xff, 0x12, 0x01, 0xaa, 0xff, 0xb0, 0x00, 0xbe, 0xff, 0x5a, 0xff,
  0xe4, 0x00, 0x50, 0xfe, 0x0e, 0x00, 0x76, 0xff, 0x02, 0xff, 0xb4, 0xff,
  0xdc, 0xff, 0x70, 0xfe, 0xf2, 0xff, 0x0a, 0x00, 0x72, 0xfe, 0x24, 0x01,
  0xdc, 0xfd, 0xba, 0x01, 0x68, 0xfe, 0xfc, 0x00, 0x7c, 0xff, 0x48, 0x00,
  0x8e, 0x00, 0x84, 0xff, 0x44, 0x01, 0x28, 0xff, 0x82, 0x01, 0x4c, 0xff,
  0x04, 0x01, 0x34, 0x01, 0x58, 0xfe, 0x20, 0x03, 0x88, 0xfd, 0xf6, 0x01,
  0x9e, 0xff, 0x98, 0xff, 0x1e, 0x01, 0x82, 0xfe, 0x2e, 0x01, 0xa6, 0xfe,
  0xe0, 0x00, 0xbc, 0xfe, 0x68, 0x00, 0x8e, 0xff, 0x56, 0xff, 0xea, 0xff,
  0xa4, 0xff, 0x94, 0xff, 0xc4, 0xff, 0xd4, 0xff, 0x9e, 0xff, 0x12, 0x00,
  0xba, 0xff, 0x02, 0x00, 0x10, 0x00, 0x6e, 0x00, 0x18, 0x00, 0xf4, 0xff,
  0x10, 0x01, 0x24, 0xff, 0x6c, 0x01, 0x36, 0xff, 0xfa, 0x00, 0xb2, 0xff,
  0x64, 0x00, 0x52, 0xff, 0xf4, 0x00, 0xf4, 0xfe, 0x78, 0x00, 0xba, 0xff,
  0x76, 0xff, 0xc8, 0xff, 0x24, 0x00, 0xda, 0xfe, 0x94, 0x00, 0xe2, 0xff,
  0xc0, 0xfe, 0xa4, 0x01, 0x28, 0xfe, 0xb2, 0x00, 0x42, 0x00, 0xe2, 0xfe,
  0x48, 0x01, 0xdc, 0xfe, 0x1c, 0x01, 0x46, 0xff, 0xf6, 0xff, 0xf0, 0x00,
  0x94, 0xfe, 0x8a, 0x01, 0x8a, 0xfe, 0x34, 0x01, 0x22, 0xff, 0x42, 0x01,
  0x34, 0xff, 0x7e, 0x00, 0x8c, 0x00, 0x3e, 0xff, 0x64, 0x01, 0xcc, 0xfe,
  0x10, 0x01, 0x94, 0xff, 0x12, 0x00, 0x14, 0x00, 0x06, 0x00, 0xd0, 0xff,
  0x08, 0x00, 0xc6, 0x00, 0x3c, 0xfe, 0x50, 0x02, 0xba, 0xfd, 0xb6, 0x01,
  0x06, 0xff, 0x2e, 0x00, 0x28, 0x01, 0xe4, 0xfd, 0xdc, 0x02, 0x4a, 0xfd,
  0x6a, 0x02, 0x72, 0xfe, 0x24, 0x00, 0x28, 0x01, 0xd0, 0xfd, 0x6a, 0x02,
  0x8c, 0xfd, 0xe2, 0x01, 0x84, 0xfe, 0xca, 0x00, 0x9c, 0xff, 0xce, 0xff,
  0x8a, 0x00, 0x0e, 0xff, 0x28, 0x01, 0xb6, 0xfe, 0x88, 0x00, 0x24, 0x00,
  0x1c, 0xff, 0x04, 0x01, 0xea, 0xfe, 0xc4, 0x00, 0x72, 0xff, 0x46, 0x00,
  0xe4, 0xff, 0x38, 0xff, 0x68, 0x01, 0x04, 0xfe, 0xba, 0x02, 0xf2, 0xfc,
  0x02, 0x03, 0xde, 0xfd, 0x44, 0x01, 0x02, 0x00, 0x0a, 0xff, 0xe4, 0x01,
  0xc2, 0xfd, 0x68, 0x02, 0x1a, 0xfd, 0x40, 0x02, 0x44, 0xfe, 0x56, 0x00,
  0xf0, 0x00, 0x82, 0xfd, 0x1a, 0x03, 0xb4, 0xfc, 0xce, 0x02, 0xe8, 0xfd,
  0x1a, 0x01, 0xdc, 0xff, 0x66, 0xff, 0xa4, 0x00, 0x7a, 0xff, 0x66, 0x00,
  0x7a, 0xff, 0xaa, 0x00, 0xba, 0xff, 0x56, 0xff, 0x8a, 0x01, 0x12, 0xfe,
  0xd6, 0x01, 0x98, 0xfe, 0xce, 0x00, 0xcc, 0xff, 0xba, 0xff, 0x9e, 0x00,
  0x2a, 0xff, 0xf0, 0x00, 0x12, 0xff, 0xd8, 0x00, 0x4e, 0xff, 0x80, 0x00,
  0xba, 0xff, 0x08, 0x00, 0x34, 0x00, 0x2c, 0x00, 0x90, 0xff, 0xb8, 0x00,
  0x7e, 0xff, 0x5e, 0x00, 0x0a, 0x00, 0xc0, 0xff, 0x7c, 0x00, 0x80, 0xff,
  0x7e, 0x00, 0x7c, 0xff, 0x78, 0x00, 0x90, 0xff, 0x40, 0x00, 0x6e, 0x00,
  0x0c, 0xff, 0x34, 0x01, 0x02, 0xff, 0xc2, 0x00, 0xa4, 0xff, 0x14, 0x00,
  0x30, 0x00, 0x44, 0x00, 0x02, 0x00, 0xe4, 0xff, 0x44, 0x01, 0x56, 0xfe,
  0x46, 0x02, 0x26, 0xfe, 0x94, 0x01, 0x7c, 0x00, 0x0c, 0xfe, 0xda, 0x01,
  0x54, 0xff, 0x06, 0x00, 0x00, 0x00, 0xa6, 0xff, 0x54, 0x00, 0xc4, 0xff,
  0xea, 0xff, 0xc0, 0xff, 0x46, 0x00, 0xb2, 0xff, 0x1e, 0x00, 0xc8, 0xff,
  0x1a, 0x00, 0x44, 0x01, 0xee, 0xfe, 0x6e, 0xff, 0x9e, 0x02, 0xf6, 0xfb,
  0xd0, 0x04, 0x36, 0xfb, 0x78, 0x03, 0x26, 0xfe, 0x4c, 0x00, 0x7e, 0xff,
  0x50, 0x00, 0xd2, 0xff, 0x30, 0xff, 0x22, 0x01, 0x2e, 0xfe, 0x02, 0x02,
  0xf6, 0xfd, 0x7a, 0x01, 0x4e, 0xff, 0x00, 0x00, 0x72, 0x00, 0x64, 0xff,
  0xda, 0x00, 0x1a, 0xff, 0x02, 0x01, 0x1c, 0xff, 0xd8, 0x00, 0x72, 0xff,
  0x4c, 0x00, 0x10, 0x00, 0xb2, 0xff, 0x8a, 0x00, 0x1c, 0xfe, 0xd8, 0x02,
  0xe2, 0xfc, 0x94, 0x02, 0x80, 0xfe, 0xcc, 0xff, 0x5c, 0x01, 0x18, 0xfe,
  0x8a, 0x01, 0xbc, 0xfd, 0xb8, 0x02, 0x28, 0xfd, 0x00, 0x02, 0x00, 0xff,
  0x42, 0xff, 0x58, 0x02, 0xd4, 0xfc, 0x0a, 0x02, 0x12, 0xff, 0x66, 0x00,
  0xa6, 0xff, 0xa0, 0x00, 0x20, 0xfe, 0xf2, 0x02, 0x68, 0xfd, 0x32, 0x01,
  0xb4, 0xff, 0xec, 0xff, 0xbe, 0x00, 0x8c, 0xfe, 0x84, 0x01, 0xc6, 0xfe,
  0x50, 0x01, 0xa6, 0xfe, 0xd4, 0x00, 0xdc, 0xff, 0x04, 0x00, 0x8c, 0xff,
  0xfe, 0xff, 0xc4, 0x00, 0xc2, 0xfe, 0xda, 0x01, 0xe6, 0xfd, 0x58, 0x01,
  0xe2, 0x00, 0x74, 0xfd, 0x2c, 0x02, 0x02, 0xff, 0x74, 0x01, 0xd2, 0xfd,
  0x78, 0x02, 0xa0, 0xfd, 0x4a, 0x02, 0xbc, 0xfe, 0x0c, 0xff, 0x68, 0x01,
  0x0a, 0xff, 0xc0, 0x00, 0x44, 0xfe, 0xde, 0x01, 0x2e, 0xfe, 0xa2, 0x00,
  0x28, 0x00, 0xae, 0xfe, 0x6c, 0x00, 0x32, 0x00, 0x8c, 0xff, 0xb0, 0xff,
  0x22, 0x00, 0x14, 0x00, 0x1c, 0x00, 0x9c, 0xff, 0x1a, 0x00, 0x1a, 0xff,
  0x08, 0x02, 0xb8, 0xfe, 0x6e, 0xff, 0x36, 0x01, 0x74, 0xff, 0x6c, 0x01,
  0xb6, 0xfd, 0x9e, 0x01, 0x0c, 0xff, 0xa4, 0x02, 0xdc, 0xfb, 0x40, 0x03,
  0xaa, 0xfe, 0xfe, 0x00, 0xac, 0xff, 0x2a, 0xfe, 0x34, 0x03, 0x96, 0xfd,
  0x48, 0x01, 0xe2, 0xfd, 0x5a, 0x02, 0xb2, 0xfe, 0x74, 0x00, 0x42, 0xff,
  0xbe, 0xff, 0x7c, 0x01, 0x62, 0xfe, 0x8e, 0x00, 0x8e, 0xfe, 0x74, 0x02,
  0x3e, 0xff, 0x70, 0xfe, 0x9c, 0x01, 0xac, 0x00, 0x68, 0xff, 0x22, 0x00,
  0xba, 0xfe, 0xf6, 0x01, 0x50, 0x00, 0x52, 0xfe, 0xce, 0x00, 0x56, 0x00,
  0x60, 0x00, 0xd2, 0xff, 0x3a, 0xff, 0x8c, 0x00, 0x7a, 0x00, 0xb2, 0xff,
  0x76, 0xff, 0x56, 0x00, 0x08, 0x00, 0x60, 0x00, 0x4a, 0xff, 0x06, 0x00,
  0x64, 0x00, 0xd2, 0xff, 0xf4, 0xff, 0xf4, 0xfe, 0x44, 0x01, 0xee, 0xff,
  0x86, 0xff, 0x02, 0x00, 0xd6, 0xff, 0xe0, 0x00, 0x68, 0xff, 0xde, 0xff,
  0xe0, 0xff, 0xca, 0x00, 0xfe, 0xfe, 0x9a, 0x00, 0xa2, 0xff, 0x54, 0x00,
  0xfc, 0xff, 0xa4, 0xff, 0xe6, 0xff, 0x22, 0x01, 0x50, 0xff, 0x48, 0xff,
  0x18, 0x01, 0x92, 0xff, 0xa0, 0x00, 0x1a, 0xff, 0x32, 0x00, 0x6a, 0x00,
  0x0c, 0x00, 0x96, 0xff, 0xf4, 0xff, 0x5e, 0x00, 0xc6, 0xff, 0xd4, 0xff,
  0xe2, 0xff, 0x36, 0x00, 0xea, 0xff, 0xee, 0xff, 0xf4, 0xff, 0x1a, 0x00,
  0x0e, 0x00, 0xee, 0xff, 0xa0, 0xff, 0xe2, 0x00, 0xc2, 0xff, 0x8c, 0xff,
  0x78, 0x00, 0xa4, 0xff, 0x98, 0x00, 0x6e, 0xff, 0x1a, 0x00, 0x16, 0x00,
  0xf6, 0xff, 0x06, 0x00, 0xdc, 0xff, 0x1c, 0x00, 0xea, 0xff, 0x28, 0x00,
  0xc4, 0xff, 0x3e, 0x00, 0xd2, 0xff, 0x22, 0x00, 0xf8, 0xff, 0xf2, 0xff,
  0x22, 0x00, 0xd8, 0xff, 0x2a, 0x00, 0xda, 0xff, 0x20, 0x00, 0x72, 0xff,
  0x70, 0x00, 0xb6, 0xff, 0x20, 0x00, 0xe0, 0xff, 0xe4, 0xff, 0x4c, 0x00,
  0x36, 0x00, 0xc6, 0xff, 0x22, 0x00, 0xf4, 0xff, 0x42, 0x00, 0x0c, 0x00,
  0x1a, 0x00, 0xd2, 0xff, 0x2a, 0x00, 0xf4, 0xff, 0xfa, 0xff, 0x04, 0x00,
  0xd2, 0xff, 0x22, 0x00, 0xd8, 0xff, 0x0c, 0x00, 0xee, 0xff, 0x06, 0x00,
  0xfe, 0xff, 0x46, 0x00, 0x92, 0xff, 0x4e, 0x00, 0xe6, 0xff, 0x0a, 0x00,
  0x1c, 0x00, 0xc2, 0xff, 0x3e, 0x00, 0xdc, 0xff, 0xd2, 0xff, 0x10, 0x00,
  0xd4, 0xff, 0x0c, 0x00, 0xf6, 0xff, 0xe6, 0xff, 0x16, 0x00, 0xfa, 0xff,
  0x08, 0x00, 0x2a, 0x00, 0xf0, 0xff, 0x14, 0x00, 0x0a, 0x00, 0x02, 0x00,
  0x68, 0x00, 0xce, 0xff, 0x18, 0x00, 0xfe, 0xff, 0x04, 0x00, 0x12, 0x00,
  0xda, 0xff, 0xfe, 0xff, 0x3e, 0x00, 0xd0, 0xff, 0x08, 0x00, 0xfc, 0xff,
  0xfa, 0xff, 0x20, 0x00, 0xa8, 0xff, 0xd0, 0xff, 0x2c, 0x00, 0xda, 0xff,
  0x06, 0x00, 0x2a, 0x00, 0xcc, 0xff, 0x4a, 0x00, 0xf4, 0xff, 0x7c, 0xff,
  0x56, 0x00, 0xbc, 0xff, 0x06, 0x00, 0x6e, 0x00, 0x94, 0xff, 0xda, 0xff,
  0x2c, 0x00, 0xd4, 0xff, 0x30, 0x00, 0xe2, 0xff, 0x5a, 0xff, 0x62, 0x00,
  0x4a, 0x00, 0xd2, 0xff, 0x30, 0x00, 0xce, 0xff, 0x46, 0x00, 0x48, 0x00,
  0xce, 0xff, 0x10, 0x00, 0x2e, 0x00, 0x80, 0x00, 0xea, 0xff, 0xa8, 0xff,
  0x1c, 0x00, 0x10, 0x00, 0x0c, 0x00, 0xa6, 0xff, 0xcc, 0xff, 0x08, 0x00,
  0xf6, 0xff, 0xe6, 0xff, 0xd8, 0xff, 0x06, 0x00, 0x0a, 0x00, 0xfa, 0xff,
  0xd0, 0xff, 0x0c, 0x00, 0x0a, 0x00, 0x06, 0x00, 0x20, 0x00, 0xea, 0xff,
  0x02, 0x00, 0x1c, 0x00, 0x04, 0x00, 0x08, 0x00, 0x02, 0x00, 0xd8, 0xff,
  0x1e, 0x00, 0xba, 0xff, 0xe2, 0xff, 0xee, 0xff, 0xca, 0xff, 0xf4, 0xff,
  0xd2, 0xff, 0xde, 0xff, 0xee, 0xff, 0xf4, 0xff, 0xe8, 0xff, 0xfc, 0xff,
  0xfe, 0xff, 0xfc, 0xff, 0xbc, 0xff, 0xf6, 0xff, 0xf4, 0xff, 0xec, 0xff,
  0xfa, 0xff, 0xd6, 0xff, 0xfe, 0xff, 0x04, 0x00, 0xfa, 0xff, 0xf8, 0xff,
  0x00, 0x00, 0x62, 0x00, 0xba, 0xff, 0x22, 0x00, 0x0a, 0x00, 0xfa, 0xff,
  0x98, 0x00, 0x3a, 0x00, 0x2a, 0x00, 0x56, 0x00, 0xec, 0xff, 0x44, 0x00,
  0x36, 0x00, 0xe6, 0xff, 0x68, 0x00, 0x08, 0x00, 0x04, 0x00, 0x2c, 0x00,
  0xf0, 0xff, 0x0c, 0x00, 0x0e, 0x00, 0xe2, 0xff, 0xf0, 0xff, 0x5e, 0x00,
  0xe0, 0xff, 0x12, 0x00, 0x04, 0x00, 0xe8, 0xff, 0x3e, 0x00, 0xf0, 0xff,
  0xf0, 0xff, 0x08, 0x00, 0x02, 0x00, 0x04, 0x00, 0x6c, 0xff, 0xa6, 0xff,
  0xbc, 0xff, 0xac, 0xff, 0xba, 0xff, 0x84, 0xff, 0xa6, 0xff, 0xcc, 0xff,
  0x3a, 0xff, 0x72, 0xff, 0x98, 0xff, 0x82, 0xff, 0xba, 0xff, 0x9a, 0xff,
  0x9e, 0xff, 0xe0, 0xff, 0xec, 0xff, 0xe0, 0xff, 0xfe, 0xff, 0x0a, 0x00,
  0x16, 0x00, 0xcc, 0x00, 0x72, 0x00, 0x5e, 0x00, 0x3a, 0x01, 0xc0, 0x00,
  0xe0, 0x00, 0x8c, 0x01, 0xda, 0x00, 0x9e, 0x01, 0x78, 0x01, 0xda, 0x00,
  0x36, 0x01, 0xf4, 0x00, 0xb6, 0x00, 0xb2, 0x00, 0x48, 0x00, 0x08, 0x00,
  0x2a, 0x00, 0xe0, 0xff, 0x9c, 0xff, 0xac, 0xff, 0x72, 0xff, 0xe0, 0xfe,
  0x18, 0xff, 0x76, 0xfe, 0xa6, 0xfe, 0xf8, 0xfe, 0x96, 0xfe, 0xe0, 0xfe,
  0xf8, 0xfe, 0x0e, 0xff, 0x68, 0xff, 0x88, 0xff, 0x94, 0xff, 0xdc, 0xff,
  0xf8, 0xff, 0x32, 0x00, 0x00, 0x01, 0xd0, 0x00, 0xd2, 0x00, 0xba, 0x01,
  0xd6, 0x02, 0xda, 0x02, 0x74, 0x04, 0x5e, 0x04, 0xda, 0x03, 0x22, 0x04,
  0x02, 0x03, 0x72, 0x02, 0x24, 0x02, 0x4c, 0x01, 0xd0, 0x00, 0x68, 0x00,
  0xe6, 0xff, 0x9a, 0xff, 0x7e, 0xff, 0x24, 0xff, 0x14, 0xff, 0x7e, 0xfd,
  0xb8, 0xfc, 0xa2, 0xfb, 0x0e, 0xfb, 0xda, 0xfb, 0x2e, 0xfc, 0x94, 0xfc,
  0x56, 0xfd, 0xee, 0xfd, 0x8e, 0xfe, 0x24, 0xff, 0x72, 0xff, 0xbc, 0xff,
  0x4c, 0x00, 0x88, 0x00, 0xb2, 0x00, 0x8e, 0x01, 0x9c, 0x01, 0xf6, 0x02,
  0x06, 0x07, 0xa4, 0x07, 0xca, 0x07, 0x90, 0x09, 0x42, 0x08, 0xb0, 0x07,
  0xf0, 0x05, 0xb2, 0x01, 0x48, 0x00, 0x24, 0x00, 0x6e, 0xfd, 0x64, 0xfc,
  0x1c, 0xfd, 0x54, 0xfd, 0xb2, 0xfe, 0xa4, 0xff, 0xea, 0xfe, 0xae, 0xff,
  0x82, 0xff, 0xde, 0xfc, 0xca, 0xfa, 0xb6, 0xf8, 0x20, 0xf8, 0xd4, 0xf9,
  0x9c, 0xf9, 0xda, 0xf9, 0x78, 0xfc, 0x7a, 0xfe, 0xbc, 0xff, 0x6e, 0x00,
  0x02, 0x00, 0x12, 0x00, 0x30, 0xff, 0xb6, 0xfd, 0xdc, 0xfd, 0x28, 0xff,
  0x10, 0x00, 0xa2, 0x03, 0x48, 0x08, 0x1c, 0x0a, 0xcc, 0x0d, 0x6a, 0x10,
  0xae, 0x0d, 0xb4, 0x09, 0xf4, 0x04, 0x54, 0x00, 0x9e, 0xfe, 0x6a, 0xfd,
  0xb6, 0xfa, 0xfc, 0xfa, 0x70, 0xfd, 0xb4, 0xfe, 0xcc, 0xff, 0xee, 0xff,
  0xb4, 0xfd, 0x96, 0xfd, 0x3c, 0xfd, 0x24, 0xfa, 0x34, 0xf8, 0x16, 0xf7,
  0x80, 0xf7, 0x8a, 0xfa, 0xe2, 0xfb, 0x26, 0xfc, 0xb4, 0xfe, 0x2e, 0x01,
  0x10, 0x02, 0xf6, 0x01, 0xa4, 0x00, 0xba, 0x01, 0xba, 0x02, 0x7c, 0x00,
  0xd0, 0xfc, 0xfa, 0xfb, 0x88, 0xfd, 0x1e, 0x00, 0xac, 0x04, 0xc8, 0x07,
  0x76, 0x0a, 0xee, 0x11, 0x32, 0x15, 0x0e, 0x0e, 0x5e, 0x05, 0x86, 0xfe,
  0x9a, 0xf9, 0x2c, 0xfa, 0xde, 0xf9, 0x4c, 0xf7, 0xea, 0xfa, 0xc8, 0x01,
  0xda, 0x04, 0x62, 0x05, 0x76, 0x03, 0x7c, 0xfd, 0xaa, 0xfa, 0xa0, 0xf9,
  0x0c, 0xf5, 0x84, 0xf2, 0x9e, 0xf5, 0xfa, 0xf9, 0xee, 0xfe, 0xb4, 0x01,
  0xba, 0x00, 0x6e, 0x01, 0x1a, 0x03, 0x74, 0x01, 0x80, 0xfe, 0x8e, 0xfe,
  0xbe, 0x01, 0x38, 0x04, 0x7c, 0x03, 0x5a, 0xff, 0xda, 0xfd, 0x82, 0xfe,
  0x26, 0xfe, 0x0e, 0xff, 0x50, 0x03, 0x26, 0x07, 0xf0, 0x0b, 0x80, 0x13,
  0x7e, 0x13, 0x30, 0x0a, 0x46, 0x01, 0xfe, 0xf9, 0x32, 0xf5, 0x9c, 0xf4,
  0xf2, 0xf4, 0xd4, 0xf5, 0xc4, 0xfb, 0x1e, 0x03, 0xea, 0x05, 0xce, 0x05,
  0x62, 0x04, 0xc2, 0xfe, 0x10, 0xf9, 0xf4, 0xf6, 0x7c, 0xf4, 0x84, 0xf3,
  0x5a, 0xf7, 0x90, 0xfc, 0x50, 0x01, 0xee, 0x06, 0x76, 0x07, 0x9c, 0x04,
  0x42, 0x01, 0x86, 0xfd, 0xd8, 0xfc, 0xc2, 0xfb, 0x34, 0xfd, 0x58, 0x02,
  0x8a, 0x05, 0xcc, 0x04, 0x24, 0x01, 0x20, 0xfb, 0x3c, 0xf9, 0x3e, 0xfa,
  0x12, 0xfc, 0x8a, 0xff, 0xde, 0x03, 0xc4, 0x09, 0x7e, 0x13, 0xfa, 0x16,
  0xf2, 0x0d, 0xca, 0x02, 0x0c, 0xfb, 0xe4, 0xf3, 0x0a, 0xf1, 0xe6, 0xf1,
  0x12, 0xf4, 0xc6, 0xfc, 0x12, 0x09, 0xc0, 0x0d, 0x64, 0x0b, 0x00, 0x08,
  0xb8, 0x02, 0xd2, 0xfa, 0xfc, 0xf4, 0x1a, 0xf2, 0x44, 0xf2, 0x40, 0xf7,
  0x5a, 0xfe, 0xfe, 0x02, 0x6c, 0x06, 0x2c, 0x09, 0x2e, 0x07, 0xb2, 0x02,
  0x0a, 0xfd, 0xee, 0xf8, 0x56, 0xfa, 0x66, 0xfc, 0x4a, 0xff, 0xb8, 0x04,
  0x7a, 0x07, 0x26, 0x06, 0xde, 0x01, 0xa4, 0xfa, 0x9a, 0xf4, 0xa2, 0xf4,
  0x60, 0xf8, 0x60, 0xfe, 0xc2, 0x02, 0xd4, 0x06, 0x66, 0x10, 0x32, 0x1a,
  0xdc, 0x15, 0x18, 0x07, 0xd6, 0xfc, 0x8a, 0xf6, 0x5c, 0xf2, 0xd4, 0xf1,
  0xac, 0xf2, 0xc8, 0xf8, 0x3a, 0x05, 0x2a, 0x0d, 0xe0, 0x09, 0xf6, 0x03,
  0x36, 0x01, 0x00, 0xfe, 0xe6, 0xf7, 0xa2, 0xf2, 0x32, 0xf3, 0x26, 0xf9,
  0x0a, 0x00, 0xd8, 0x03, 0x22, 0x04, 0x18, 0x03, 0xee, 0x03, 0x4a, 0x02,
  0xbc, 0xfd, 0x98, 0xfb, 0x56, 0xfc, 0x78, 0x00, 0xf8, 0x02, 0x38, 0x03,
  0x1c, 0x05, 0xd0, 0x05, 0xf0, 0x02, 0x6c, 0xfd, 0xc2, 0xf6, 0x52, 0xf3,
  0x30, 0xf6, 0xfe, 0xfb, 0x12, 0x00, 0xb8, 0x02, 0xde, 0x05, 0x6a, 0x0d,
  0x5a, 0x19, 0x38, 0x17, 0xb8, 0x07, 0x44, 0xfd, 0x9c, 0xf8, 0x56, 0xf4,
  0x62, 0xf2, 0x46, 0xf2, 0x56, 0xf7, 0xac, 0x03, 0x4c, 0x0c, 0x38, 0x0b,
  0xa2, 0x03, 0x82, 0xff, 0x18, 0xfc, 0x78, 0xf6, 0x26, 0xf2, 0x3a, 0xf3,
  0x6a, 0xf9, 0xb4, 0x00, 0x46, 0x05, 0xa2, 0x05, 0x8e, 0x03, 0xaa, 0x03,
  0x5a, 0x02, 0xda, 0xfd, 0xba, 0xfb, 0x3c, 0xfe, 0xd2, 0x02, 0xda, 0x03,
  0x84, 0x01, 0xca, 0x00, 0x0e, 0x02, 0xc2, 0x00, 0x32, 0xfc, 0x96, 0xf8,
  0x72, 0xf7, 0x72, 0xf8, 0x5c, 0xfc, 0xbc, 0xff, 0x94, 0x01, 0x0c, 0x04,
  0x46, 0x08, 0x9c, 0x12, 0x3a, 0x19, 0x10, 0x0f, 0x42, 0x02, 0xae, 0xfc,
  0x36, 0xf7, 0xc2, 0xf2, 0x9e, 0xf1, 0x0e, 0xf4, 0x1a, 0xfe, 0x9c, 0x08,
  0xd2, 0x0a, 0xb4, 0x05, 0xea, 0xfe, 0xc8, 0xfb, 0x88, 0xf7, 0x8e, 0xf2,
  0x1c, 0xf3, 0x96, 0xf9, 0x08, 0x01, 0x2e, 0x07, 0x18, 0x09, 0x20, 0x06,
  0x08, 0x03, 0x46, 0x01, 0xd0, 0xfc, 0xa8, 0xf9, 0x92, 0xfc, 0x98, 0x00,
  0x42, 0x03, 0x9c, 0x03, 0x4a, 0x01, 0xe6, 0x00, 0xac, 0x00, 0x00, 0xfd,
  0x3a, 0xfa, 0x8a, 0xf8, 0x00, 0xf7, 0xf0, 0xf8, 0xd6, 0xfb, 0x30, 0xfe,
  0x7a, 0x01, 0xf4, 0x03, 0x52, 0x0a, 0x3c, 0x19, 0x60, 0x1b, 0x7c, 0x0b,
  0x5e, 0x00, 0x16, 0xfd, 0x20, 0xf7, 0x0a, 0xf2, 0x52, 0xee, 0xc8, 0xf2,
  0x92, 0x01, 0x26, 0x0c, 0x36, 0x0b, 0x72, 0x03, 0x72, 0xfd, 0x30, 0xfb,
  0x9a, 0xf4, 0x48, 0xee, 0x4a, 0xf0, 0xd6, 0xf9, 0xa2, 0x03, 0xe0, 0x08,
  0x54, 0x09, 0x6e, 0x06, 0xea, 0x03, 0x1a, 0x01, 0x90, 0xfa, 0x36, 0xf8,
  0x52, 0xfe, 0xc2, 0x03, 0x62, 0x05, 0xc0, 0x03, 0xa2, 0x00, 0xf0, 0x00,
  0x4c, 0x01, 0x6c, 0xfc, 0xfa, 0xf8, 0x3e, 0xfa, 0x9a, 0xfa, 0x66, 0xfb,
  0x6e, 0xfc, 0x6c, 0xfd, 0xc4, 0x00, 0x48, 0x03, 0x66, 0x08, 0xee, 0x16,
  0xf4, 0x1a, 0xec, 0x0c, 0xde, 0x02, 0x94, 0xfe, 0xda, 0xf6, 0xae, 0xf0,
  0x12, 0xed, 0xe8, 0xf1, 0xe4, 0x00, 0x3c, 0x0b, 0x4a, 0x0b, 0x58, 0x05,
  0xfa, 0xff, 0x90, 0xfc, 0x5a, 0xf4, 0x5c, 0xed, 0x90, 0xf0, 0x46, 0xfa,
  0x06, 0x03, 0x16, 0x08, 0xde, 0x09, 0x34, 0x08, 0x0c, 0x05, 0x72, 0x00,
  0x4e, 0xf9, 0xea, 0xf7, 0x7c, 0xfe, 0xf8, 0x02, 0x56, 0x02, 0xc4, 0x02,
  0x00, 0x03, 0x66, 0x01, 0x04, 0x01, 0xf8, 0xfc, 0x1a, 0xfa, 0xf2, 0xfd,
  0x50, 0xfd, 0x68, 0xf9, 0x8c, 0xfa, 0x18, 0xfd, 0x1a, 0x00, 0xde, 0x01,
  0xba, 0x06, 0x70, 0x18, 0xd2, 0x1e, 0x0e, 0x0e, 0xa2, 0x01, 0x60, 0xfd,
  0x7c, 0xf6, 0xee, 0xf1, 0xca, 0xed, 0xac, 0xf1, 0x68, 0x02, 0x7a, 0x0d,
  0xbe, 0x0b, 0x28, 0x07, 0xc0, 0x03, 0xa0, 0xff, 0xe4, 0xf5, 0xa8, 0xec,
  0x40, 0xef, 0x64, 0xf9, 0xaa, 0x00, 0x7a, 0x03, 0x18, 0x07, 0x96, 0x09,
  0xe2, 0x07, 0x48, 0x02, 0x80, 0xfa, 0xdc, 0xfa, 0x50, 0x01, 0xa2, 0x01,
  0x76, 0xfe, 0x6a, 0x00, 0x4c, 0x03, 0x56, 0x02, 0x68, 0x00, 0x8c, 0xfe,
  0xc6, 0xfe, 0x1a, 0x01, 0x26, 0xfd, 0xa0, 0xf7, 0xe0, 0xf9, 0xc4, 0xfd,
  0x68, 0xff, 0xde, 0xff, 0xda, 0x04, 0xd4, 0x17, 0x34, 0x1f, 0xdc, 0x0c,
  0xac, 0x00, 0xcc, 0xfe, 0x98, 0xf7, 0x26, 0xf0, 0x8e, 0xe9, 0xd4, 0xee,
  0x60, 0x02, 0x12, 0x0d, 0x0a, 0x0b, 0x5e, 0x08, 0xd4, 0x06, 0x9e, 0x02,
  0x82, 0xf6, 0x7a, 0xeb, 0xc6, 0xee, 0x3e, 0xf9, 0x52, 0xff, 0xe4, 0x01,
  0x62, 0x06, 0x84, 0x0c, 0xdc, 0x0b, 0x32, 0x03, 0x6e, 0xfc, 0x14, 0xfc,
  0xec, 0xfe, 0x20, 0xfd, 0x3a, 0xf9, 0xea, 0xfd, 0x4a, 0x04, 0x46, 0x03,
  0x18, 0x02, 0x24, 0x01, 0xd2, 0x00, 0x72, 0x01, 0xd8, 0xfa, 0x02, 0xf5,
  0xf0, 0xf7, 0xcc, 0xfb, 0x3c, 0xfe, 0x1a, 0x00, 0x68, 0x07, 0x20, 0x1b,
  0xc0, 0x1f, 0xea, 0x0a, 0xc4, 0xff, 0x34, 0x00, 0x28, 0xf7, 0x3c, 0xec,
  0x86, 0xe7, 0xdc, 0xf0, 0xb4, 0x04, 0xa8, 0x0c, 0x12, 0x09, 0xdc, 0x09,
  0x1c, 0x0b, 0x34, 0x03, 0x92, 0xf3, 0x68, 0xea, 0x50, 0xf0, 0x1c, 0xf9,
  0x7e, 0xfb, 0x64, 0xff, 0x56, 0x08, 0xe6, 0x0e, 0x86, 0x0b, 0x56, 0x02,
  0xe2, 0xfd, 0x6e, 0xfe, 0xa0, 0xfe, 0x94, 0xfa, 0x60, 0xf8, 0x2c, 0xff,
  0xf2, 0x03, 0xe6, 0x00, 0x8c, 0xff, 0x2a, 0x01, 0x5a, 0x00, 0x60, 0xff,
  0xaa, 0xfa, 0x42, 0xf6, 0xf8, 0xf9, 0x20, 0xfd, 0xba, 0xfd, 0x8a, 0x00,
  0xe2, 0x09, 0x26, 0x1a, 0x72, 0x19, 0x70, 0x07, 0xee, 0x02, 0x06, 0x02,
  0xa6, 0xf6, 0xfe, 0xec, 0x3c, 0xeb, 0xe0, 0xf5, 0x6e, 0x04, 0x3c, 0x07,
  0xba, 0x06, 0x4e, 0x0b, 0xc6, 0x0a, 0xb6, 0xff, 0xb0, 0xf2, 0xbc, 0xef,
  0x3c, 0xf5, 0xe0, 0xf7, 0x50, 0xf9, 0x30, 0x01, 0xd6, 0x0a, 0x18, 0x0d,
  0xa2, 0x07, 0xd2, 0x02, 0xf8, 0x02, 0x0e, 0x00, 0x38, 0xfa, 0x9a, 0xf8,
  0x42, 0xfc, 0x14, 0x01, 0x92, 0x00, 0xb6, 0x00, 0x68, 0x03, 0xa8, 0x02,
  0xc2, 0xfe, 0x50, 0xfb, 0xd8, 0xf8, 0xf2, 0xf7, 0xe6, 0xf8, 0xa4, 0xfb,
  0xc8, 0xfd, 0xb2, 0x04, 0x20, 0x17, 0xf6, 0x1c, 0x66, 0x0e, 0x3e, 0x09,
  0x3c, 0x08, 0xc2, 0xfa, 0x88, 0xee, 0x76, 0xea, 0x7a, 0xf0, 0x08, 0xfd,
  0xfa, 0x01, 0x38, 0x04, 0x7c, 0x0b, 0x82, 0x0c, 0x62, 0x04, 0x70, 0xf9,
  0x4a, 0xf4, 0x10, 0xf6, 0xb4, 0xf5, 0x16, 0xf4, 0xbc, 0xf9, 0xbe, 0x03,
  0x12, 0x0a, 0xae, 0x08, 0xf6, 0x06, 0x2a, 0x09, 0xca, 0x05, 0x2e, 0xfe,
  0x54, 0xfa, 0x4c, 0xfb, 0x46, 0xfd, 0x3e, 0xfc, 0xd8, 0xfd, 0x22, 0x02,
  0x6c, 0x02, 0xda, 0xff, 0x86, 0xfd, 0xe2, 0xfa, 0x9c, 0xfa, 0xe2, 0xfa,
  0xd4, 0xfb, 0xc4, 0xfd, 0xbc, 0x06, 0xdc, 0x18, 0x7a, 0x19, 0x10, 0x0b,
  0xf0, 0x0b, 0x84, 0x09, 0xee, 0xf8, 0x08, 0xee, 0xd6, 0xec, 0x1c, 0xf4,
  0xa4, 0xf9, 0xb0, 0xfa, 0x96, 0x02, 0xd8, 0x0a, 0x2a, 0x0b, 0xdc, 0x03,
  0x92, 0xfc, 0xce, 0xf9, 0x06, 0xf7, 0xf0, 0xf4, 0xda, 0xf5, 0xe0, 0xfb,
  0x04, 0x05, 0x7e, 0x08, 0x7e, 0x07, 0xbe, 0x09, 0xd2, 0x08, 0x00, 0x02,
  0xcc, 0xfc, 0xe8, 0xfa, 0xda, 0xf8, 0x04, 0xfb, 0x70, 0xfe, 0x32, 0xfe,
  0x38, 0x00, 0xe2, 0x01, 0x78, 0xff, 0x26, 0xfc, 0x56, 0xfa, 0xca, 0xfa,
  0xc4, 0xfc, 0xac, 0xfc, 0x0a, 0x01, 0xfe, 0x12, 0xfc, 0x19, 0x02, 0x0d,
  0x42, 0x0c, 0xb8, 0x0d, 0x68, 0xfe, 0xc2, 0xf1, 0xba, 0xed, 0x52, 0xf1,
  0x94, 0xf7, 0x3a, 0xf9, 0xe4, 0xfe, 0xaa, 0x08, 0x5e, 0x0c, 0xcc, 0x05,
  0x84, 0x00, 0xf0, 0xfd, 0x7c, 0xf9, 0xd4, 0xf6, 0x14, 0xf5, 0x5a, 0xf8,
  0x50, 0xfe, 0xf6, 0x00, 0x7c, 0x03, 0xb0, 0x07, 0xa0, 0x08, 0x78, 0x05,
  0x86, 0x02, 0x50, 0xff, 0x9c, 0xfb, 0x40, 0xfc, 0x58, 0xfc, 0x9e, 0xfa,
  0x50, 0xfd, 0x0c, 0x00, 0x7a, 0xfd, 0xe6, 0xfb, 0x10, 0xfd, 0x4e, 0xff,
  0x44, 0xff, 0x1e, 0xfd, 0x2a, 0x07, 0x58, 0x16, 0xd6, 0x0e, 0x58, 0x09,
  0x6c, 0x11, 0x84, 0x09, 0x76, 0xfb, 0xa4, 0xf4, 0xa0, 0xf2, 0xc2, 0xf5,
  0xa2, 0xf5, 0xca, 0xf7, 0xd6, 0x01, 0xa4, 0x09, 0xbe, 0x07, 0x4a, 0x04,
  0xae, 0x02, 0xf6, 0xfe, 0x30, 0xfa, 0xae, 0xf4, 0xe8, 0xf4, 0x30, 0xfa,
  0x46, 0xfd, 0x4a, 0x00, 0xf4, 0x04, 0xa4, 0x08, 0x64, 0x08, 0xc2, 0x04,
  0x02, 0x00, 0x96, 0xfd, 0xd4, 0xfd, 0x80, 0xf9, 0x3a, 0xf6, 0x3e, 0xfb,
  0xa4, 0xfb, 0xce, 0xf8, 0x92, 0xfb, 0xc6, 0xff, 0x2e, 0x03, 0x1c, 0x01,
  0xae, 0x03, 0x40, 0x14, 0xdc, 0x13, 0xcc, 0x06, 0xb6, 0x0c, 0x1a, 0x0d,
  0x24, 0xfe, 0xa8, 0xf5, 0x3a, 0xf3, 0xcc, 0xf5, 0x4a, 0xf7, 0xda, 0xf5,
  0x36, 0xfd, 0x54, 0x06, 0xee, 0x06, 0xba, 0x04, 0xf4, 0x02, 0xfa, 0xff,
  0x3c, 0xfd, 0x86, 0xf8, 0xec, 0xf4, 0xc4, 0xf7, 0x02, 0xfc, 0xc2, 0xfd,
  0xb0, 0x00, 0xda, 0x03, 0xb8, 0x06, 0x5c, 0x06, 0xb2, 0x00, 0xd4, 0xff,
  0xec, 0x01, 0x7e, 0xfd, 0x9e, 0xf9, 0xf2, 0xfb, 0xda, 0xfa, 0x72, 0xf8,
  0x0e, 0xfa, 0x06, 0xfe, 0x64, 0x01, 0xcc, 0xff, 0x6c, 0x0a, 0xbc, 0x16,
  0xa4, 0x0c, 0x32, 0x0a, 0x0c, 0x10, 0xce, 0x05, 0xa8, 0xfb, 0xea, 0xf5,
  0xcc, 0xf3, 0x48, 0xf5, 0x18, 0xf3, 0xd4, 0xf7, 0x64, 0xff, 0x3c, 0x01,
  0x00, 0x05, 0x8e, 0x05, 0xae, 0x00, 0x54, 0xff, 0xfe, 0xfc, 0x68, 0xf7,
  0xf0, 0xf5, 0xe4, 0xf7, 0x7a, 0xfa, 0xc4, 0xfc, 0x86, 0xfe, 0xe4, 0x03,
  0xf6, 0x06, 0xce, 0x03, 0x16, 0x04, 0x76, 0x05, 0xf0, 0x00, 0xf6, 0xfc,
  0x8a, 0xfa, 0x40, 0xf7, 0x22, 0xf7, 0x10, 0xfa, 0x60, 0xfd, 0x9a, 0xfe,
  0x6a, 0x04, 0x30, 0x12, 0x56, 0x11, 0x3e, 0x0a, 0xc6, 0x0f, 0xca, 0x0b,
  0x16, 0xff, 0xa4, 0xf8, 0x98, 0xf4, 0x4a, 0xf5, 0x1c, 0xf4, 0xba, 0xf2,
  0xe6, 0xfc, 0x78, 0x03, 0x40, 0x02, 0x78, 0x06, 0xfe, 0x06, 0x82, 0x03,
  0xec, 0xff, 0xd0, 0xf8, 0xc4, 0xf6, 0x9e, 0xf7, 0xe8, 0xf4, 0xce, 0xf7,
  0xcc, 0xfb, 0x60, 0xff, 0xe6, 0x03, 0x86, 0x03, 0x34, 0x06, 0xb2, 0x09,
  0xa2, 0x04, 0x38, 0x01, 0x04, 0xfd, 0xe6, 0xf8, 0x5c, 0xf8, 0x7a, 0xf7,
  0x18, 0xf9, 0x38, 0xfa, 0xf2, 0x00, 0x06, 0x0f, 0xcc, 0x0d, 0x2a, 0x09,
  0xe8, 0x11, 0x3e, 0x0f, 0x20, 0x02, 0x32, 0xfc, 0xec, 0xf6, 0x52, 0xf5,
  0x18, 0xf2, 0xea, 0xed, 0x56, 0xf6, 0x4a, 0xfc, 0xb4, 0xfe, 0xa8, 0x04,
  0x80, 0x05, 0x28, 0x05, 0x90, 0x04, 0x68, 0xfe, 0xaa, 0xfb, 0x36, 0xfb,
  0xf8, 0xf7, 0x98, 0xf8, 0xce, 0xf9, 0x52, 0xfc, 0xdc, 0xff, 0xe2, 0xff,
  0xce, 0x03, 0x4a, 0x07, 0x30, 0x04, 0x0c, 0x03, 0x72, 0xfe, 0x28, 0xfb,
  0x5e, 0xfc, 0xb6, 0xfa, 0x44, 0xf8, 0x46, 0xfc, 0x04, 0x05, 0x98, 0x0a,
  0x50, 0x07, 0xe0, 0x08, 0x6e, 0x10, 0x1a, 0x0c, 0xac, 0x03, 0x44, 0xfd,
  0xca, 0xfa, 0x66, 0xf7, 0xfc, 0xef, 0x90, 0xee, 0x92, 0xf2, 0x50, 0xf8,
  0xca, 0xfb, 0xa2, 0xff, 0x50, 0x03, 0xe2, 0x05, 0x92, 0x06, 0x06, 0x04,
  0xe2, 0x02, 0x18, 0xff, 0x70, 0xfc, 0xae, 0xfb, 0x0e, 0xf9, 0x10, 0xf9,
  0x58, 0xf9, 0x52, 0xfa, 0x70, 0xfe, 0x34, 0xff, 0x16, 0x00, 0x1c, 0x01,
  0x40, 0xff, 0x60, 0x00, 0xf8, 0x01, 0xac, 0x00, 0x1a, 0xfe, 0x46, 0x04,
  0x72, 0x09, 0x3a, 0x05, 0x08, 0x03, 0x38, 0x08, 0x20, 0x08, 0x48, 0x01,
  0x5a, 0xfd, 0x46, 0xfd, 0xbe, 0xfd, 0x92, 0xf7, 0x0e, 0xf4, 0xc6, 0xf8,
  0x38, 0xfb, 0xe8, 0xf9, 0xe4, 0xf6, 0xf0, 0xf9, 0xfe, 0xff, 0x98, 0xff,
  0x2e, 0xfd, 0x76, 0xff, 0xa4, 0x01, 0x14, 0x02, 0x2e, 0x00, 0xc0, 0xfe,
  0xf2, 0x00, 0x0a, 0x00, 0x64, 0xfd, 0x3c, 0xfd, 0xee, 0xfd, 0x72, 0xfe,
  0xe2, 0xfd, 0xae, 0xfe, 0x48, 0x00, 0x0e, 0x01, 0x1c, 0x01, 0x34, 0x01,
  0x70, 0x03, 0xfa, 0x03, 0x94, 0x02, 0x5c, 0x02, 0xa4, 0x02, 0x52, 0x02,
  0x30, 0x01, 0xcc, 0xff, 0xb6, 0xff, 0xf2, 0xff, 0x0c, 0xff, 0x54, 0xfe,
  0x10, 0xfd, 0x8a, 0xfd, 0x6a, 0xfe, 0x06, 0xfd, 0x64, 0xfb, 0xac, 0xfc,
  0xfc, 0xfd, 0xbe, 0xfd, 0x80, 0xfd, 0x02, 0xfe, 0xa8, 0xff, 0x6e, 0x00,
  0xb2, 0xff, 0xf4, 0xff, 0xce, 0x00, 0x02, 0x01, 0x84, 0x00, 0xf0, 0xff,
  0x3e, 0x00, 0x9e, 0x00, 0x6e, 0x00, 0xca, 0xff, 0xe0, 0xff, 0x4e, 0x00,
  0x50, 0x00, 0x42, 0x00, 0x0e, 0x00, 0x4c, 0x00, 0x90, 0x00, 0xd0, 0x00,
  0x8a, 0x00, 0x04, 0x01, 0x30, 0x01, 0xe0, 0x00, 0xba, 0x00, 0xaa, 0x00,
  0x38, 0x00, 0xcc, 0xff, 0x18, 0xff, 0xea, 0xfe, 0xa0, 0xfe, 0x46, 0xfe,
  0x70, 0xfe, 0x9a, 0xfe, 0xda, 0xfe, 0x88, 0xfe, 0xe0, 0xfe, 0x94, 0xff,
  0x24, 0xff, 0x48, 0xff, 0xae, 0xff, 0xd8, 0xff, 0xa0, 0x00, 0x76, 0x00,
  0xcc, 0x00, 0xfe, 0x01, 0x06, 0x02, 0x86, 0x01, 0x8c, 0x01, 0x80, 0x01,
  0xa2, 0x01, 0x30, 0x01, 0x42, 0x00, 0x4e, 0x00, 0x54, 0x00, 0xf0, 0xff,
  0x8a, 0xff, 0x90, 0xff, 0xd6, 0xff, 0xce, 0xff, 0xa8, 0xff, 0xbe, 0xff,
  0x02, 0x00, 0xfc, 0xff, 0xda, 0xff, 0xde, 0xff, 0x04, 0x00, 0x86, 0xff,
  0xac, 0xff, 0xda, 0xff, 0x98, 0xff, 0xc4, 0xff, 0xd6, 0xff, 0xca, 0xff,
  0x08, 0x00, 0xf2, 0xff, 0x0e, 0x00, 0x52, 0x00, 0x30, 0x00, 0xc8, 0xff,
  0x38, 0x00, 0x3c, 0x00, 0xf4, 0xff, 0x80, 0x00, 0x3e, 0x00, 0xe8, 0x00,
  0x32, 0x01, 0x04, 0x01, 0xde, 0x00, 0xb8, 0x00, 0x9a, 0x00, 0xce, 0x00,
  0x1c, 0x00, 0x32, 0xff, 0xb4, 0xff, 0xa4, 0xff, 0x2a, 0xff, 0x12, 0xff,
  0x58, 0xff, 0xc8, 0xff, 0xb2, 0xff, 0xaa, 0xff, 0xf4, 0xff, 0x58, 0x00,
  0x1c, 0x00, 0x00, 0x00, 0x2e, 0x00, 0x1e, 0x00, 0x18, 0x00, 0xd8, 0xff,
  0xf8, 0xff, 0x34, 0x00, 0x02, 0x00, 0x22, 0x00, 0x08, 0x00, 0x1e, 0x00,
  0x12, 0x00, 0xe8, 0xff, 0xfe, 0xff, 0xf8, 0xff, 0xf4, 0xff, 0xea, 0xff,
  0xf4, 0xff, 0x06, 0x00, 0xfe, 0xff, 0x44, 0x00, 0x0c, 0x00, 0x14, 0x00,
  0x1e, 0x00, 0x4c, 0x00, 0x0a, 0x00, 0xec, 0xff, 0x0e, 0x00, 0xfc, 0xff,
  0xea, 0xff, 0xd4, 0xff, 0xf4, 0xff, 0x4a, 0x00, 0xf4, 0xff, 0x40, 0x00,
  0x70, 0x00, 0x6c, 0x00, 0x26, 0x00, 0x06, 0x00, 0x24, 0x00, 0xf2, 0xff,
  0x7c, 0xff, 0xbc, 0xff, 0xe2, 0xff, 0xd0, 0xff, 0xd0, 0xff, 0xf6, 0xff,
  0x38, 0x00, 0x22, 0x00, 0x0c, 0x00, 0x26, 0x00, 0x32, 0x00, 0x10, 0x00,
  0xb6, 0xff, 0xf6, 0xff, 0xfe, 0xff, 0xd6, 0xff, 0xe6, 0xff, 0xf4, 0xff,
  0x1c, 0x00, 0x04, 0x00, 0xfa, 0xff, 0x1a, 0x00
};
