unsigned char dec_wav[] = {
  0x52, 0x49, 0x46, 0x46, 0x24, 0x7d, 0x00, 0x00, 0x57, 0x41, 0x56, 0x45,
  0x66, 0x6d, 0x74, 0x20, 0x10, 0x00, 0x00, 0x00, 0x01, 0x00, 0x01, 0x00,
  0x40, 0x1f, 0x00, 0x00, 0x80, 0x3e, 0x00, 0x00, 0x02, 0x00, 0x10, 0x00,
  0x64, 0x61, 0x74, 0x61, 0x00, 0x7d, 0x00, 0x00, 0x00, 0x00, 0x00, 0x00,
  0x00, 0x00, 0x00, 0x00, 0x00, 0x00, 0x00, 0x00, 0x00, 0x00, 0x00, 0x00,
  0x00, 0x00, 0x00, 0x00, 0x00, 0x00, 0x00, 0x00, 0x00, 0x00, 0x00, 0x00,
  0x00, 0x00, 0x00, 0x00, 0x00, 0x00, 0x00, 0x00, 0x00, 0x00, 0x00, 0x00,
  0x00, 0x00, 0x00, 0x00, 0x00, 0x00, 0x00, 0x00, 0x00, 0x00, 0x00, 0x00,
  0x00, 0x00, 0x00, 0x00, 0x00, 0x00, 0x00, 0x00, 0x00, 0x00, 0x00, 0x00,
  0x00, 0x00, 0x00, 0x00, 0x00, 0x00, 0x00, 0x00, 0x00, 0x00, 0x00, 0x00,
  0x00, 0x00, 0x00, 0x00, 0xf8, 0xff, 0xf8, 0xff, 0xf8, 0xff, 0x00, 0x00,
  0x08, 0x00, 0x00, 0x00, 0x00, 0x00, 0x00, 0x00, 0x00, 0x00, 0xf8, 0xff,
  0xf8, 0xff, 0xf8, 0xff, 0xf8, 0xff, 0xf8, 0xff, 0xf8, 0xff, 0xf8, 0xff,
  0x10, 0x00, 0x10, 0x00, 0x08, 0x00, 0x00, 0x00, 0x00, 0x00, 0x00, 0x00,
  0xf8, 0xff, 0xf8, 0xff, 0xe0, 0xff, 0xc8, 0xff, 0xd0, 0xff, 0xc8, 0xff,
  0xe8, 0xff, 0x10, 0x00, 0x08, 0x00, 0xf0, 0xff, 0x08, 0x00, 0x30, 0x00,
  0x30, 0x00, 0x18, 0x00, 0x10, 0x00, 0x10, 0x00, 0x08, 0x00, 0xf8, 0xff,
  0xe0, 0xff, 0xc8, 0xff, 0xb8, 0xff, 0xb0, 0xff, 0xc0, 0xff, 0xd8, 0xff,
  0xf0, 0xff, 0x00, 0x00, 0x10, 0x00, 0x18, 0x00, 0x18, 0x00, 0x18, 0x00,
  0x18, 0x00, 0x18, 0x00, 0x30, 0x00, 0x40, 0x00, 0x48, 0x00, 0x38, 0x00,
  0x28, 0x00, 0x18, 0x00, 0x08, 0x00, 0xf8, 0xff, 0xf0, 0xff, 0xf0, 0xff,
  0xf0, 0xff, 0xf0, 0xff, 0xf0, 0xff, 0x08, 0x00, 0x08, 0x00, 0xe8, 0xff,
  0xe0, 0xff, 0xe8, 0xff, 0xf0, 0xff, 0xd8, 0xff, 0xd8, 0xff, 0xe8, 0xff,
  0xf0, 0xff, 0xf8, 0xff, 0xf8, 0xff, 0x00, 0x00, 0x00, 0x00, 0x00, 0x00,
  0x20, 0x00, 0x40, 0x00, 0x30, 0x00, 0x18, 0x00, 0xf8, 0xff, 0x00, 0x00,
  0x10, 0x00, 0x20, 0x00, 0x18, 0x00, 0x00, 0x00, 0xf8, 0xff, 0xf0, 0xff,
  0xe8, 0xff, 0xc8, 0xff, 0xc0, 0xff, 0xd0, 0xff, 0xd8, 0xff, 0xf0, 0xff,
  0xf8, 0xff, 0xe8, 0xff, 0xc8, 0xff, 0xd0, 0xff, 0xe0, 0xff, 0xd8, 0xff,
  0xe0, 0xff, 0xf0, 0xff, 0xd8, 0xff, 0xe0, 0xff, 0xd0, 0xff, 0xe0, 0xff,
  0xf8, 0xff, 0x00, 0x00, 0x40, 0x00, 0x50, 0x00, 0x20, 0x00, 0x10, 0x00,
  0x08, 0x00, 0x18, 0x00, 0x30, 0x00, 0xf0, 0xff, 0xf8, 0x00, 0x98, 0x01,
  0xe8, 0x00, 0x28, 0x00, 0xb8, 0xff, 0xb0, 0xff, 0xc0, 0xff, 0xa8, 0xff,
  0xc0, 0xff, 0xf8, 0xff, 0x00, 0x00, 0xe0, 0xff, 0xc0, 0xff, 0x68, 0xfe,
  0xe8, 0xfd, 0x90, 0xfe, 0x08, 0xfe, 0xf8, 0xfd, 0xa8, 0xfe, 0x90, 0xff,
  0xc0, 0x00, 0x08, 0x01, 0xb0, 0x00, 0xa8, 0x00, 0x50, 0x03, 0xa0, 0x04,
  0x08, 0x03, 0x10, 0xfe, 0x38, 0xfb, 0x08, 0xfd, 0x60, 0x01, 0xb0, 0x04,
  0xd8, 0x03, 0xb0, 0xff, 0xa8, 0xfd, 0x80, 0xfe, 0xf0, 0xff, 0x70, 0x00,
  0x18, 0xff, 0xf0, 0xfd, 0x08, 0xff, 0x20, 0x01, 0x18, 0x02, 0x50, 0x01,
  0x98, 0xff, 0xd8, 0xfe, 0x58, 0xff, 0x00, 0x00, 0x18, 0x00, 0x10, 0x00,
  0x70, 0x00, 0x00, 0x01, 0xf0, 0x00, 0xd0, 0xff, 0xa8, 0xfe, 0x68, 0xfe,
  0x38, 0xff, 0x50, 0x00, 0xc0, 0x00, 0x58, 0x00, 0xe0, 0xff, 0xd8, 0xff,
  0xe8, 0xff, 0xd8, 0xff, 0xb0, 0xff, 0xb8, 0xff, 0x10, 0x00, 0xb8, 0x00,
  0xf0, 0x00, 0xc0, 0x00, 0x60, 0x00, 0xe8, 0xff, 0xa8, 0xff, 0xa8, 0xff,
  0xb8, 0xff, 0xd8, 0xff, 0xf0, 0xff, 0xf8, 0xff, 0xf0, 0xff, 0xe8, 0xff,
  0xe8, 0xff, 0xc0, 0xff, 0x88, 0xff, 0x78, 0xff, 0xe0, 0xff, 0xb0, 0x00,
  0x30, 0x01, 0xd0, 0x00, 0xb8, 0xff, 0xc8, 0xfe, 0xa0, 0xfe, 0x28, 0xff,
  0xf0, 0xff, 0x60, 0x00, 0xb8, 0xff, 0xd0, 0xfe, 0x40, 0xfe, 0x40, 0xfe,
  0x20, 0xff, 0x68, 0x00, 0x78, 0x00, 0xd0, 0xff, 0x80, 0x00, 0x08, 0x02,
  0xe8, 0x02, 0xf0, 0x02, 0x90, 0x01, 0xf0, 0xfe, 0xf8, 0xfd, 0xc0, 0xff,
  0xe0, 0x01, 0x20, 0x03, 0x70, 0x02, 0xb0, 0x00, 0xd8, 0xff, 0xc0, 0xff,
  0x48, 0xff, 0x78, 0xfe, 0x30, 0xfe, 0x50, 0xfe, 0x10, 0xff, 0x08, 0x00,
  0x40, 0x00, 0xd0, 0xff, 0x68, 0xff, 0x20, 0xff, 0x48, 0xff, 0xc8, 0xff,
  0x40, 0xff, 0x10, 0xfe, 0x48, 0xfd, 0x40, 0xfc, 0x50, 0xfc, 0xc0, 0xfd,
  0xb0, 0xfe, 0x60, 0xff, 0xd0, 0x01, 0xa8, 0x06, 0xf8, 0x0a, 0x30, 0x0a,
  0xd0, 0x02, 0x10, 0xf9, 0xf0, 0xf4, 0x20, 0xfa, 0xe0, 0x02, 0x08, 0x08,
  0x38, 0x07, 0x68, 0x03, 0x30, 0x01, 0xc0, 0x00, 0x48, 0xfe, 0xe8, 0xf9,
  0x08, 0xf8, 0x98, 0xfa, 0x38, 0x00, 0xd0, 0x04, 0x90, 0x05, 0x30, 0x03,
  0x60, 0x00, 0x50, 0xfe, 0x28, 0xfd, 0xc0, 0xfc, 0x80, 0xfc, 0x50, 0xfe,
  0xa8, 0x02, 0x70, 0x05, 0x30, 0x04, 0x30, 0x00, 0x90, 0xfb, 0x28, 0xfa,
  0x90, 0xfc, 0xa0, 0xfe, 0x78, 0xff, 0x58, 0xff, 0x28, 0xfd, 0x58, 0xfc,
  0xc0, 0xfb, 0xb8, 0xfa, 0xc0, 0xfc, 0x30, 0x03, 0xe8, 0x0c, 0xf0, 0x12,
  0xf0, 0x0c, 0x08, 0xfe, 0x70, 0xf1, 0x70, 0xf1, 0xa0, 0xfc, 0x28, 0x07,
  0xd0, 0x09, 0xe8, 0x06, 0xf0, 0x03, 0x10, 0x03, 0xb0, 0x00, 0xf0, 0xf9,
  0x80, 0xf4, 0x98, 0xf6, 0x28, 0xfe, 0xf0, 0x05, 0x98, 0x08, 0x70, 0x06,
  0xa0, 0x03, 0x20, 0x02, 0xc0, 0xff, 0xb8, 0xfb, 0x30, 0xf9, 0x48, 0xfb,
  0xe0, 0x00, 0x18, 0x05, 0xa0, 0x04, 0xc8, 0x00, 0x38, 0xff, 0xd8, 0xfe,
  0x08, 0xfd, 0xb8, 0xfb, 0x38, 0xfb, 0xe8, 0xfc, 0x48, 0x00, 0xb8, 0xfd,
  0x10, 0xf9, 0x58, 0xf6, 0x38, 0xf6, 0x08, 0xfb, 0x48, 0x03, 0x98, 0x0f,
  0xe0, 0x19, 0x38, 0x15, 0xb0, 0x02, 0x20, 0xef, 0xa8, 0xea, 0xa0, 0xf7,
  0x18, 0x06, 0x30, 0x0b, 0x58, 0x09, 0x78, 0x06, 0x80, 0x06, 0xe0, 0x03,
  0xa8, 0xf9, 0x70, 0xf0, 0xb0, 0xf0, 0xf0, 0xf9, 0x08, 0x05, 0xc0, 0x08,
  0x68, 0x05, 0x30, 0x02, 0x68, 0x04, 0x60, 0x06, 0xd8, 0x01, 0xb8, 0xf7,
  0x38, 0xf2, 0x00, 0xfa, 0xb8, 0x07, 0x18, 0x0e, 0xb8, 0x0a, 0x08, 0x00,
  0x90, 0xf7, 0xd0, 0xf6, 0xf0, 0xf7, 0x28, 0xf9, 0x48, 0xfd, 0x28, 0x02,
  0x48, 0x06, 0x78, 0x03, 0x10, 0xf9, 0xf8, 0xf2, 0x50, 0xf4, 0x10, 0xf7,
  0xf8, 0xf9, 0x50, 0x00, 0xa8, 0x10, 0xe0, 0x1f, 0xc0, 0x1a, 0x10, 0x03,
  0x78, 0xeb, 0xa0, 0xe7, 0x78, 0xf7, 0xf0, 0x06, 0x38, 0x0b, 0xb8, 0x0b,
  0x08, 0x0d, 0x90, 0x0b, 0x98, 0x01, 0xc8, 0xf1, 0xb0, 0xea, 0x10, 0xf3,
  0x70, 0x00, 0x80, 0x07, 0x28, 0x08, 0x60, 0x08, 0xa0, 0x09, 0xe0, 0x07,
  0x98, 0xff, 0xd0, 0xf5, 0xf0, 0xf3, 0xa0, 0xfb, 0x88, 0x04, 0x28, 0x08,
  0x78, 0x06, 0x10, 0x03, 0x68, 0x00, 0x28, 0xfc, 0x08, 0xf7, 0x50, 0xf6,
  0x98, 0xf8, 0x80, 0xfc, 0x48, 0xff, 0x78, 0xfc, 0x98, 0xf9, 0x38, 0xf8,
  0x10, 0xf8, 0xe8, 0xfa, 0xf0, 0x01, 0x80, 0x0f, 0xb0, 0x19, 0xd0, 0x13,
  0x50, 0x02, 0x60, 0xf2, 0xb8, 0xf1, 0xc0, 0xfd, 0xe8, 0x05, 0xc0, 0x06,
  0xf8, 0x06, 0xe8, 0x07, 0xb0, 0x07, 0xa0, 0xff, 0xf8, 0xf4, 0x48, 0xf3,
  0x20, 0xf8, 0x80, 0xfc, 0x68, 0x00, 0xf0, 0x03, 0x08, 0x08, 0x48, 0x0a,
  0xd8, 0x05, 0x68, 0xfd, 0xb8, 0xf8, 0xc0, 0xfa, 0x50, 0xff, 0x90, 0x02,
  0x98, 0x04, 0x50, 0x05, 0xd8, 0x03, 0x38, 0xfe, 0x60, 0xf7, 0x78, 0xf4,
  0x50, 0xf4, 0x38, 0xf6, 0xa8, 0xf7, 0x98, 0xf6, 0xe8, 0xf8, 0x30, 0xfc,
  0x48, 0xfc, 0xe0, 0xfc, 0x60, 0x03, 0x28, 0x15, 0x08, 0x22, 0x68, 0x13,
  0xd8, 0xfb, 0x58, 0xf0, 0x48, 0xf7, 0x28, 0x02, 0x78, 0x00, 0x90, 0xff,
  0xb8, 0x07, 0x78, 0x0e, 0xf0, 0x0c, 0x98, 0xfd, 0x18, 0xf3, 0xb8, 0xf7,
  0x90, 0xfc, 0xb0, 0xfc, 0x48, 0xfb, 0xd0, 0xfe, 0xa8, 0x0a, 0xd0, 0x0e,
  0xb8, 0x05, 0x58, 0xfc, 0x10, 0xf9, 0x40, 0xfc, 0x68, 0xfe, 0x78, 0xfe,
  0xc8, 0x02, 0x70, 0x07, 0xb8, 0x05, 0x30, 0xfd, 0xf8, 0xf5, 0x78, 0xf4,
  0x98, 0xf4, 0x30, 0xf4, 0xf8, 0xf3, 0x58, 0xf6, 0xf8, 0xfb, 0xa0, 0xfc,
  0x90, 0xf9, 0x00, 0xfc, 0x98, 0x0c, 0xe0, 0x24, 0xe0, 0x20, 0x28, 0x05,
  0xa8, 0xf5, 0x50, 0xf7, 0xb8, 0x01, 0x08, 0x02, 0x90, 0xfa, 0x18, 0x04,
  0x00, 0x10, 0xd8, 0x0f, 0x48, 0x03, 0x78, 0xf3, 0x08, 0xf5, 0xd8, 0xfc,
  0x88, 0xf9, 0x40, 0xf6, 0xe0, 0xfa, 0x30, 0x07, 0xd8, 0x0f, 0x48, 0x0a,
  0x28, 0x01, 0x10, 0xfd, 0xf0, 0xfa, 0xd0, 0xf9, 0x78, 0xf9, 0xd0, 0xfe,
  0x50, 0x07, 0x80, 0x06, 0xf0, 0xff, 0x60, 0xfa, 0x38, 0xf6, 0x48, 0xf3,
  0x10, 0xf0, 0xd0, 0xf0, 0x20, 0xf6, 0x20, 0xfb, 0xc8, 0xfc, 0xa8, 0xf9,
  0xf0, 0xf8, 0x30, 0x01, 0xc8, 0x17, 0x70, 0x28, 0x40, 0x16, 0xc8, 0xff,
  0x68, 0xf9, 0x48, 0xfc, 0x18, 0x01, 0x78, 0xf9, 0xb8, 0xfb, 0xf8, 0x0b,
  0xa0, 0x10, 0xd0, 0x0a, 0x78, 0xfc, 0xd0, 0xf3, 0x38, 0xfb, 0x40, 0xf9,
  0x90, 0xf1, 0x28, 0xf5, 0x58, 0x00, 0xd0, 0x0d, 0xe0, 0x0f, 0x20, 0x07,
  0xa8, 0x02, 0x18, 0xff, 0xd8, 0xf9, 0x78, 0xf7, 0x78, 0xf9, 0x28, 0x01,
  0xc0, 0x05, 0x18, 0x01, 0xd8, 0xfd, 0x00, 0xfc, 0xb0, 0xf7, 0x98, 0xf2,
  0x80, 0xef, 0x28, 0xf3, 0xd8, 0xf6, 0x48, 0xf8, 0xa8, 0xf8, 0x48, 0xfb,
  0xa8, 0xfe, 0x98, 0x08, 0xa0, 0x20, 0xd0, 0x1e, 0x68, 0x09, 0x90, 0x02,
  0xb0, 0xff, 0xf0, 0x01, 0xb8, 0xfb, 0x58, 0xf7, 0x48, 0x09, 0x38, 0x10,
  0xc0, 0x0b, 0x08, 0x05, 0xd8, 0xfb, 0xe8, 0xff, 0xc0, 0xfb, 0x30, 0xed,
  0x68, 0xef, 0xe0, 0xf9, 0x98, 0x05, 0x20, 0x0b, 0xf0, 0x07, 0xb0, 0x0a,
  0x48, 0x09, 0x80, 0xfe, 0x60, 0xf7, 0x08, 0xf7, 0x68, 0xfd, 0x38, 0x01,
  0xe8, 0xfc, 0x70, 0xfd, 0x78, 0xff, 0x18, 0xfb, 0xe8, 0xf3, 0x18, 0xf0,
  0x00, 0xf3, 0x88, 0xf4, 0x50, 0xf4, 0xd8, 0xf6, 0x78, 0xfb, 0x58, 0xfe,
  0xe8, 0x11, 0xf0, 0x25, 0x28, 0x16, 0xd0, 0x09, 0xc0, 0x07, 0x98, 0x02,
  0x30, 0xff, 0xd8, 0xf3, 0x00, 0xfc, 0x78, 0x0c, 0x00, 0x09, 0xa8, 0x08,
  0x88, 0x04, 0x68, 0x04, 0x68, 0x06, 0xe8, 0xf5, 0xc8, 0xee, 0x98, 0xf4,
  0xe8, 0xf9, 0xc0, 0x00, 0x68, 0x01, 0xc0, 0x07, 0x60, 0x0e, 0xe8, 0x05,
  0xa0, 0xfd, 0x78, 0xfa, 0x00, 0xfa, 0x80, 0xfb, 0x68, 0xf7, 0x88, 0xf6,
  0xa8, 0xfc, 0x90, 0xfc, 0x50, 0xf7, 0xa0, 0xf3, 0xf8, 0xf5, 0x98, 0xf6,
  0xf8, 0xf3, 0x68, 0xf3, 0x60, 0xf7, 0xf8, 0xfa, 0x80, 0x13, 0xd8, 0x1f,
  0xb0, 0x11, 0x60, 0x0f, 0x10, 0x0b, 0x98, 0x06, 0x38, 0x02, 0x38, 0xf7,
  0x78, 0xfe, 0x40, 0x05, 0xc8, 0x02, 0xa8, 0x05, 0x08, 0x02, 0x38, 0x05,
  0x88, 0x06, 0xe0, 0xf9, 0xe0, 0xf6, 0xa0, 0xf8, 0xf0, 0xfb, 0x20, 0x01,
  0xe0, 0xfc, 0x38, 0x01, 0xf8, 0x06, 0xe8, 0x04, 0x70, 0x03, 0x00, 0xff,
  0x90, 0x02, 0x28, 0x02, 0xd0, 0xf8, 0xf8, 0xf6, 0xb8, 0xf7, 0x08, 0xf8,
  0xd0, 0xf4, 0xb0, 0xf1, 0x68, 0xf6, 0x48, 0xf8, 0x78, 0xf6, 0xc8, 0xf6,
  0x80, 0xf6, 0x70, 0x03, 0x80, 0x14, 0x00, 0x13, 0xc8, 0x0e, 0xd0, 0x10,
  0x50, 0x11, 0xf8, 0x0c, 0x00, 0x02, 0x78, 0x00, 0xb8, 0x05, 0xf8, 0x02,
  0x20, 0xff, 0xc8, 0xfd, 0x50, 0xff, 0xf0, 0x01, 0x78, 0xfb, 0x88, 0xf8,
  0xb0, 0xfb, 0x68, 0xfc, 0x18, 0xfe, 0x58, 0xfd, 0x88, 0xfd, 0xd0, 0x01,
  0xf8, 0x00, 0x58, 0x00, 0xa0, 0x00, 0x08, 0x00, 0x10, 0x03, 0x18, 0x00,
  0x00, 0xfc, 0xa0, 0xfc, 0xb8, 0xfb, 0x60, 0xfb, 0xc8, 0xf8, 0x78, 0xf5,
  0x30, 0xf8, 0xa8, 0xf6, 0x20, 0xf3, 0x38, 0xf5, 0x50, 0xf7, 0xb8, 0x00,
  0xc8, 0x04, 0x68, 0x02, 0xe0, 0x09, 0x58, 0x0d, 0x58, 0x0c, 0xd0, 0x0d,
  0x30, 0x0c, 0xf8, 0x0e, 0xe8, 0x0e, 0x70, 0x09, 0x78, 0x08, 0xb0, 0x05,
  0x78, 0x02, 0x38, 0x00, 0xe8, 0xfb, 0x20, 0xfb, 0x88, 0xfa, 0x98, 0xf9,
  0xb0, 0xfa, 0x08, 0xf9, 0x90, 0xf9, 0xb8, 0xfb, 0x20, 0xfc, 0x98, 0xfd,
  0x78, 0xfe, 0x18, 0x00, 0x90, 0x00, 0x38, 0xfe, 0xa8, 0xfd, 0x08, 0xfe,
  0xf0, 0xfc, 0xa8, 0xfa, 0xb8, 0xf7, 0x40, 0xf7, 0x28, 0xf5, 0x38, 0xf1,
  0xe0, 0xf1, 0x60, 0xf4, 0x20, 0xfa, 0x98, 0xfd, 0xd0, 0x01, 0x20, 0x06,
  0x80, 0x08, 0x28, 0x0d, 0x58, 0x11, 0xd8, 0x12, 0x48, 0x14, 0xe8, 0x13,
  0x20, 0x11, 0x88, 0x0e, 0xf0, 0x0a, 0x18, 0x07, 0xa0, 0x03, 0x78, 0xff,
  0x30, 0xfd, 0x40, 0xfb, 0x00, 0xf8, 0xb8, 0xf6, 0x40, 0xf6, 0x28, 0xf6,
  0xe0, 0xf6, 0x58, 0xf7, 0x28, 0xf9, 0x58, 0xfa, 0x30, 0xfa, 0x48, 0xfb,
  0x50, 0xfc, 0xa8, 0xfc, 0x28, 0xfc, 0xb0, 0xfa, 0x50, 0xfa, 0x58, 0xf8,
  0x90, 0xf6, 0x50, 0xf5, 0xd8, 0xf5, 0x50, 0xf9, 0x78, 0xfa, 0x20, 0xff,
  0x70, 0x03, 0x80, 0x05, 0x88, 0x0a, 0xc0, 0x0d, 0x68, 0x10, 0x80, 0x13,
  0x30, 0x13, 0x18, 0x12, 0xe0, 0x0f, 0x68, 0x0c, 0xa8, 0x09, 0x80, 0x06,
  0xe8, 0x02, 0x58, 0x00, 0x00, 0xfe, 0x68, 0xfb, 0x68, 0xf9, 0x08, 0xf8,
  0xc0, 0xf6, 0x30, 0xf6, 0x48, 0xf6, 0x20, 0xf7, 0x20, 0xf8, 0xa8, 0xf7,
  0x10, 0xf8, 0x90, 0xf9, 0x50, 0xfa, 0xc0, 0xfa, 0x78, 0xfa, 0xb8, 0xfa,
  0xa8, 0xf9, 0x58, 0xf8, 0x20, 0xf7, 0x60, 0xf6, 0xe0, 0xf9, 0xc0, 0xfb,
  0x88, 0xfe, 0xc0, 0x03, 0x68, 0x05, 0x68, 0x08, 0x50, 0x0c, 0xa8, 0x0d,
  0x40, 0x11, 0x30, 0x13, 0x88, 0x12, 0xa8, 0x11, 0xf8, 0x0d, 0xa8, 0x0a,
  0x10, 0x08, 0x50, 0x04, 0x50, 0x01, 0x80, 0xff, 0x98, 0xfd, 0xe8, 0xfa,
  0xf8, 0xf8, 0x78, 0xf8, 0x70, 0xf7, 0xf8, 0xf6, 0x80, 0xf7, 0xe8, 0xf7,
  0x10, 0xf8, 0x50, 0xf7, 0x88, 0xf7, 0xb8, 0xf8, 0xa0, 0xf8, 0xa8, 0xf8,
  0x50, 0xf9, 0xd8, 0xf8, 0x08, 0xf8, 0x98, 0xf7, 0x90, 0xf5, 0xf0, 0xf6,
  0x60, 0xfb, 0x50, 0xfd, 0x50, 0x02, 0xe8, 0x06, 0x68, 0x08, 0x80, 0x0c,
  0x18, 0x0f, 0x80, 0x10, 0xb8, 0x13, 0x20, 0x14, 0xd8, 0x12, 0x58, 0x10,
  0x00, 0x0c, 0x10, 0x09, 0xa8, 0x05, 0x68, 0x01, 0xc0, 0xff, 0x00, 0xfe,
  0x58, 0xfb, 0xc8, 0xf9, 0x90, 0xf8, 0x98, 0xf7, 0x50, 0xf7, 0x48, 0xf7,
  0xc0, 0xf7, 0x40, 0xf8, 0xd0, 0xf7, 0x50, 0xf8, 0xc0, 0xf8, 0x40, 0xf8,
  0x70, 0xf8, 0xb0, 0xf8, 0xf8, 0xf7, 0x60, 0xf7, 0xd0, 0xf6, 0x08, 0xf5,
  0x30, 0xf6, 0x58, 0xfa, 0x10, 0xfd, 0xb0, 0x01, 0x30, 0x06, 0x40, 0x08,
  0x00, 0x0c, 0xa0, 0x0e, 0x58, 0x10, 0x18, 0x14, 0xe8, 0x14, 0x88, 0x13,
  0x50, 0x11, 0x10, 0x0d, 0x60, 0x09, 0x90, 0x05, 0x60, 0x01, 0xc8, 0xfe,
  0x70, 0xfc, 0x38, 0xfa, 0x48, 0xf8, 0xa8, 0xf6, 0x50, 0xf6, 0xf0, 0xf5,
  0x40, 0xf6, 0x80, 0xf7, 0x70, 0xf8, 0x50, 0xf9, 0xf8, 0xf9, 0x60, 0xfa,
  0x80, 0xfa, 0x28, 0xfa, 0x28, 0xfa, 0x00, 0xfa, 0xd0, 0xf8, 0x48, 0xf8,
  0xe8, 0xf6, 0x70, 0xf5, 0xf0, 0xf7, 0xa0, 0xfa, 0x28, 0xfd, 0xa0, 0x02,
  0xd8, 0x05, 0xb8, 0x08, 0xd8, 0x0c, 0x50, 0x0e, 0x80, 0x11, 0x78, 0x14,
  0xb8, 0x13, 0x38, 0x13, 0x48, 0x10, 0x30, 0x0c, 0x08, 0x09, 0x60, 0x04,
  0x50, 0x01, 0x48, 0xff, 0x60, 0xfc, 0x70, 0xfa, 0xb8, 0xf8, 0x88, 0xf7,
  0xd8, 0xf6, 0x48, 0xf6, 0xd8, 0xf6, 0xc0, 0xf7, 0x18, 0xf8, 0x08, 0xf9,
  0xa8, 0xf9, 0x98, 0xf9, 0xb0, 0xf9, 0x68, 0xf9, 0x00, 0xf9, 0x08, 0xf8,
  0x28, 0xf7, 0xf0, 0xf5, 0x98, 0xf4, 0x00, 0xf7, 0x28, 0xfa, 0x38, 0xfc,
  0x88, 0x01, 0x20, 0x05, 0x90, 0x07, 0xf8, 0x0b, 0x90, 0x0d, 0xa0, 0x10,
  0x18, 0x14, 0x40, 0x13, 0xf8, 0x12, 0xa8, 0x10, 0x28, 0x0c, 0x30, 0x09,
  0xa0, 0x04, 0x40, 0x01, 0x70, 0xff, 0x68, 0xfc, 0x00, 0xfb, 0x30, 0xf9,
  0xa8, 0xf7, 0x80, 0xf7, 0x70, 0xf6, 0xe0, 0xf6, 0x18, 0xf8, 0x50, 0xf8,
  0x90, 0xf9, 0x78, 0xfa, 0x90, 0xfa, 0x00, 0xfb, 0xa8, 0xfa, 0x60, 0xfa,
  0xb0, 0xf9, 0x60, 0xf8, 0x50, 0xf7, 0x40, 0xf5, 0xe0, 0xf5, 0x20, 0xf9,
  0x70, 0xfa, 0x70, 0xfe, 0xa8, 0x03, 0x28, 0x06, 0x28, 0x0a, 0xf8, 0x0c,
  0x10, 0x0f, 0x00, 0x13, 0x58, 0x13, 0xb0, 0x12, 0xe0, 0x11, 0xb8, 0x0d,
  0x70, 0x0a, 0x10, 0x07, 0x20, 0x03, 0x08, 0x01, 0x68, 0xfe, 0x50, 0xfc,
  0x70, 0xfa, 0x88, 0xf8, 0x28, 0xf8, 0x20, 0xf7, 0x00, 0xf7, 0x20, 0xf8,
  0x18, 0xf8, 0xd8, 0xf8, 0xc0, 0xf9, 0xc0, 0xf9, 0x30, 0xfa, 0xf8, 0xf9,
  0xb8, 0xf9, 0x80, 0xf9, 0x68, 0xf8, 0xd0, 0xf7, 0x58, 0xf6, 0xd8, 0xf5,
  0x70, 0xf8, 0xe8, 0xf9, 0x88, 0xfc, 0xb8, 0x01, 0x18, 0x05, 0xe8, 0x08,
  0xd0, 0x0c, 0x08, 0x0f, 0xa0, 0x12, 0x38, 0x14, 0x50, 0x13, 0xc8, 0x12,
  0xa0, 0x0f, 0xb8, 0x0b, 0x68, 0x08, 0x18, 0x04, 0x08, 0x01, 0x08, 0xfe,
  0xa8, 0xfb, 0x50, 0xfa, 0x38, 0xf8, 0xd8, 0xf7, 0x38, 0xf7, 0x78, 0xf6,
  0x70, 0xf7, 0x98, 0xf7, 0x18, 0xf8, 0x30, 0xf9, 0x60, 0xf9, 0x10, 0xfa,
  0x48, 0xfa, 0xd0, 0xf9, 0xe0, 0xf9, 0xf0, 0xf8, 0x38, 0xf8, 0x58, 0xf7,
  0x28, 0xf6, 0x00, 0xf8, 0x90, 0xf9, 0x10, 0xfb, 0x98, 0xff, 0x30, 0x03,
  0x70, 0x06, 0x40, 0x0a, 0x18, 0x0d, 0xa8, 0x10, 0xf0, 0x12, 0x18, 0x13,
  0x38, 0x13, 0x58, 0x11, 0x28, 0x0e, 0x00, 0x0b, 0xf8, 0x06, 0x88, 0x03,
  0x28, 0x00, 0x38, 0xfd, 0xa8, 0xfb, 0x80, 0xf9, 0xa0, 0xf8, 0x38, 0xf8,
  0x28, 0xf7, 0xd0, 0xf7, 0x20, 0xf8, 0x10, 0xf8, 0x28, 0xf9, 0x60, 0xf9,
  0xd0, 0xf9, 0x68, 0xfa, 0xf8, 0xf9, 0x20, 0xfa, 0xa8, 0xf9, 0xd8, 0xf8,
  0x98, 0xf8, 0x40, 0xf7, 0xa8, 0xf7, 0x98, 0xf9, 0x60, 0xfa, 0x88, 0xfd,
  0x70, 0x01, 0x08, 0x04, 0xb0, 0x07, 0x88, 0x0a, 0x60, 0x0d, 0x40, 0x10,
  0xd8, 0x10, 0x48, 0x11, 0x98, 0x10, 0x08, 0x0e, 0xa0, 0x0b, 0x40, 0x08,
  0xe8, 0x04, 0x18, 0x02, 0xd8, 0xfe, 0x10, 0xfd, 0x30, 0xfb, 0x70, 0xf9,
  0xb0, 0xf8, 0x78, 0xf7, 0x50, 0xf7, 0xc8, 0xf7, 0xb8, 0xf7, 0xb0, 0xf8,
  0x68, 0xf9, 0xe8, 0xf9, 0xc8, 0xfa, 0xb0, 0xfa, 0xe0, 0xfa, 0xe0, 0xfa,
  0x10, 0xfa, 0xd0, 0xf9, 0x18, 0xf9, 0xf8, 0xf7, 0xc8, 0xf8, 0x08, 0xfa,
  0xf8, 0xfa, 0xc8, 0xfd, 0xe8, 0x00, 0x80, 0x03, 0xb8, 0x06, 0x68, 0x09,
  0x28, 0x0c, 0xa8, 0x0e, 0x78, 0x0f, 0xf0, 0x0f, 0x48, 0x0f, 0x38, 0x0d,
  0xf8, 0x0a, 0x00, 0x08, 0x20, 0x05, 0x78, 0x02, 0xb0, 0xff, 0x10, 0xfe,
  0x60, 0xfc, 0xe8, 0xfa, 0x10, 0xfa, 0xe8, 0xf8, 0x90, 0xf8, 0xa0, 0xf8,
  0x70, 0xf8, 0x38, 0xf9, 0xd8, 0xf9, 0x60, 0xfa, 0x70, 0xfb, 0xa0, 0xfb,
  0x70, 0xfb, 0x90, 0xfb, 0x08, 0xfb, 0x60, 0xfa, 0x28, 0xfa, 0x78, 0xf9,
  0xc0, 0xf8, 0x40, 0xfa, 0x58, 0xfb, 0x28, 0xfc, 0xf8, 0xfe, 0xb0, 0x01,
  0x10, 0x04, 0xb8, 0x06, 0x30, 0x09, 0x00, 0x0c, 0x00, 0x0e, 0xb0, 0x0e,
  0x28, 0x0f, 0x68, 0x0e, 0x50, 0x0c, 0x68, 0x0a, 0xd8, 0x07, 0x70, 0x05,
  0x00, 0x03, 0x98, 0x00, 0x40, 0xff, 0x60, 0xfd, 0xc0, 0xfb, 0xa0, 0xfa,
  0x28, 0xf9, 0xb0, 0xf8, 0x50, 0xf8, 0xf0, 0xf7, 0xa0, 0xf8, 0xf0, 0xf8,
  0xd0, 0xf9, 0x00, 0xfb, 0x30, 0xfb, 0x58, 0xfb, 0xb0, 0xfb, 0x90, 0xfb,
  0xf0, 0xfa, 0x18, 0xfb, 0x98, 0xfa, 0xd8, 0xf9, 0x00, 0xfb, 0xc0, 0xfb,
  0x58, 0xfc, 0x08, 0xff, 0x08, 0x01, 0x08, 0x03, 0x58, 0x05, 0x88, 0x07,
  0x20, 0x0a, 0xa0, 0x0b, 0x40, 0x0c, 0xe0, 0x0c, 0x30, 0x0c, 0x78, 0x0a,
  0x18, 0x09, 0x38, 0x07, 0x00, 0x05, 0xd8, 0x02, 0xe8, 0x00, 0xa0, 0xff,
  0xb0, 0xfd, 0x18, 0xfc, 0x10, 0xfb, 0xb0, 0xf9, 0x40, 0xf9, 0xd8, 0xf8,
  0xa8, 0xf8, 0x48, 0xf9, 0x88, 0xf9, 0x20, 0xfa, 0x18, 0xfb, 0x18, 0xfb,
  0x48, 0xfb, 0xd0, 0xfb, 0x80, 0xfb, 0xe0, 0xfa, 0xf8, 0xfa, 0xd8, 0xfa,
  0x58, 0xfa, 0xe0, 0xfa, 0xe8, 0xfa, 0xc0, 0xfa, 0xa0, 0xfc, 0x28, 0xff,
  0x58, 0x00, 0xc0, 0x03, 0xb8, 0x06, 0x70, 0x08, 0xd0, 0x0a, 0x40, 0x0c,
  0xf0, 0x0d, 0x60, 0x0e, 0x40, 0x0d, 0xd8, 0x0c, 0xa8, 0x0a, 0xc0, 0x08,
  0xc0, 0x06, 0x38, 0x04, 0x58, 0x02, 0xf0, 0xff, 0x38, 0xfe, 0xb8, 0xff,
  0xe0, 0xfd, 0x70, 0xfd, 0xe0, 0xfb, 0x70, 0xf9, 0x70, 0xf9, 0x90, 0xf5,
  0xf8, 0xf5, 0x60, 0xf6, 0xe8, 0xf4, 0x00, 0xf7, 0x58, 0xf6, 0x78, 0xf7,
  0x80, 0xf8, 0xc0, 0xf6, 0xe0, 0xfa, 0xf8, 0xf8, 0xa0, 0xf9, 0xb0, 0xff,
  0x18, 0xfd, 0x10, 0x01, 0xc8, 0x05, 0xa0, 0x05, 0x28, 0x0a, 0xd0, 0x0a,
  0x48, 0x0c, 0x30, 0x0f, 0x68, 0x0c, 0x68, 0x0e, 0xa0, 0x0d, 0x78, 0x08,
  0x38, 0x08, 0xf0, 0x03, 0x28, 0x01, 0x48, 0xff, 0x68, 0xfb, 0x10, 0xfc,
  0x90, 0xf9, 0x90, 0xf8, 0x18, 0xfd, 0xe8, 0xfb, 0x40, 0xfd, 0x30, 0xff,
  0x10, 0xfd, 0x40, 0xff, 0x48, 0xfc, 0xb8, 0xfc, 0x08, 0xfd, 0x98, 0xf9,
  0x78, 0xfa, 0x68, 0xf8, 0x28, 0xf7, 0x38, 0xf7, 0x20, 0xf5, 0xd0, 0xf6,
  0x08, 0xf8, 0x80, 0xf4, 0xd8, 0xfa, 0xc8, 0xff, 0x78, 0xfd, 0x08, 0x05,
  0x28, 0x0a, 0xd0, 0x0a, 0x80, 0x0e, 0x30, 0x0f, 0xe0, 0x13, 0x90, 0x11,
  0x38, 0x0d, 0x18, 0x11, 0x40, 0x0a, 0x60, 0x03, 0x38, 0x02, 0xa8, 0xfc,
  0xb8, 0xf9, 0xf8, 0xf5, 0x98, 0xf5, 0x60, 0xf7, 0xf0, 0xf3, 0xe0, 0xf8,
  0x60, 0xfd, 0xa0, 0xfc, 0x18, 0x01, 0xb0, 0x02, 0xe8, 0x02, 0x10, 0x02,
  0x68, 0x00, 0xa8, 0x01, 0x20, 0xfd, 0xd0, 0xfa, 0x10, 0xfa, 0x28, 0xf6,
  0x60, 0xf5, 0x30, 0xf3, 0xd0, 0xf4, 0x60, 0xf1, 0x38, 0xf1, 0xd0, 0xfe,
  0x80, 0xfc, 0x00, 0x00, 0x38, 0x0e, 0xd8, 0x0d, 0x18, 0x12, 0x18, 0x14,
  0xc0, 0x17, 0x40, 0x19, 0xe8, 0x0e, 0x70, 0x12, 0x28, 0x0e, 0x60, 0x00,
  0x10, 0xff, 0x00, 0xf9, 0x30, 0xf4, 0xd0, 0xf0, 0x48, 0xef, 0x88, 0xf4,
  0x78, 0xf1, 0x18, 0xf6, 0x78, 0xff, 0xa8, 0xfd, 0xd0, 0x02, 0x68, 0x05,
  0x10, 0x06, 0xb0, 0x04, 0x38, 0x00, 0x48, 0x03, 0x30, 0xfd, 0x28, 0xf8,
  0x00, 0xf9, 0x40, 0xf3, 0xc8, 0xf1, 0x80, 0xef, 0xb0, 0xf0, 0xa0, 0xef,
  0x38, 0xf5, 0x98, 0x01, 0xa8, 0xfe, 0x40, 0x0a, 0x20, 0x13, 0xe0, 0x11,
  0xc8, 0x17, 0x58, 0x17, 0xf0, 0x1a, 0x58, 0x16, 0x90, 0x0d, 0xb8, 0x10,
  0x70, 0x05, 0xa0, 0xfa, 0x98, 0xf9, 0x98, 0xf2, 0x20, 0xf0, 0xb8, 0xec,
  0x00, 0xf0, 0xe0, 0xf3, 0x68, 0xf2, 0x50, 0xfd, 0x58, 0x00, 0x48, 0x01,
  0x00, 0x07, 0x80, 0x06, 0x28, 0x07, 0x90, 0x02, 0x30, 0x02, 0xf0, 0x00,
  0xc8, 0xf8, 0x60, 0xf8, 0x10, 0xf5, 0x78, 0xf0, 0xd0, 0xef, 0x08, 0xef,
  0xe8, 0xed, 0x08, 0xf3, 0xc8, 0x00, 0xd8, 0xfc, 0x10, 0x07, 0xe0, 0x13,
  0x38, 0x11, 0x70, 0x17, 0x68, 0x18, 0xf8, 0x1a, 0x38, 0x16, 0x28, 0x0d,
  0xb8, 0x11, 0x18, 0x05, 0x40, 0xfb, 0x68, 0xfc, 0x30, 0xf4, 0x48, 0xf0,
  0xf8, 0xed, 0xf8, 0xf0, 0xc0, 0xf3, 0x18, 0xf3, 0xc0, 0xfd, 0x60, 0x00,
  0x28, 0x01, 0x10, 0x07, 0xd0, 0x06, 0x18, 0x06, 0x10, 0x03, 0xa0, 0x02,
  0x20, 0x00, 0x00, 0xf9, 0xf8, 0xf7, 0xa8, 0xf4, 0x88, 0xef, 0x78, 0xef,
  0xa8, 0xee, 0xe0, 0xeb, 0xf0, 0xf8, 0xf0, 0xff, 0x88, 0xfc, 0x60, 0x0e,
  0xe0, 0x13, 0xa8, 0x13, 0x10, 0x1a, 0x10, 0x1a, 0x28, 0x1c, 0x18, 0x12,
  0x00, 0x0f, 0xf8, 0x0e, 0xd8, 0xfe, 0x20, 0xfc, 0x80, 0xf9, 0x28, 0xf1,
  0xe0, 0xee, 0xc0, 0xed, 0xd0, 0xf1, 0xc0, 0xf2, 0x80, 0xf5, 0x00, 0xff,
  0x30, 0x00, 0x08, 0x02, 0xe0, 0x06, 0x50, 0x06, 0x10, 0x05, 0x18, 0x03,
  0x18, 0x02, 0x80, 0xfe, 0x30, 0xf9, 0x90, 0xf7, 0x40, 0xf4, 0xb0, 0xef,
  0xd8, 0xef, 0x18, 0xed, 0x50, 0xed, 0x90, 0xfd, 0xe8, 0xfa, 0x90, 0xff,
  0xf0, 0x12, 0x90, 0x10, 0xf0, 0x15, 0xa0, 0x1a, 0x20, 0x1b, 0xd8, 0x1a,
  0x80, 0x0f, 0x90, 0x12, 0x58, 0x0a, 0xf0, 0xfb, 0x38, 0xfd, 0x90, 0xf5,
  0xe0, 0xee, 0xd8, 0xec, 0x30, 0xed, 0xf0, 0xf1, 0x30, 0xf1, 0x20, 0xf8,
  0x10, 0x01, 0x30, 0x00, 0xb8, 0x04, 0xe8, 0x08, 0x40, 0x07, 0x88, 0x05,
  0xb0, 0x03, 0x30, 0x02, 0xe0, 0xfb, 0x78, 0xf7, 0xf0, 0xf6, 0xa0, 0xf1,
  0x08, 0xef, 0xc8, 0xef, 0x10, 0xec, 0x48, 0xf1, 0x20, 0xff, 0xc8, 0xfa,
  0xa0, 0x05, 0xb0, 0x14, 0x30, 0x11, 0xb8, 0x18, 0x70, 0x1b, 0x90, 0x1b,
  0x60, 0x18, 0xb8, 0x0e, 0xa0, 0x11, 0x88, 0x05, 0x10, 0xfa, 0x30, 0xfb,
  0xf0, 0xf2, 0x30, 0xed, 0x20, 0xec, 0xf0, 0xed, 0x90, 0xf2, 0x30, 0xf2,
  0xe0, 0xfa, 0x88, 0x02, 0xa8, 0x00, 0x90, 0x06, 0x78, 0x09, 0xa8, 0x06,
  0x90, 0x05, 0x70, 0x03, 0xf0, 0x00, 0x48, 0xfa, 0xe8, 0xf6, 0x28, 0xf5,
  0x90, 0xef, 0x88, 0xee, 0xf0, 0xed, 0x70, 0xea, 0xd8, 0xf6, 0xb8, 0xfe,
  0x20, 0xfb, 0x30, 0x0e, 0x80, 0x13, 0x50, 0x13, 0x20, 0x1b, 0x98, 0x1a,
  0xa8, 0x1c, 0x58, 0x13, 0x30, 0x0f, 0x38, 0x10, 0xe8, 0xfe, 0x50, 0xfb,
  0x50, 0xf9, 0x50, 0xf0, 0xa0, 0xed, 0x98, 0xeb, 0x98, 0xf0, 0xb8, 0xf2,
  0x70, 0xf3, 0x50, 0xff, 0xe8, 0x01, 0xc8, 0x01, 0xf0, 0x08, 0xd8, 0x08,
  0xe0, 0x06, 0x70, 0x05, 0xa8, 0x03, 0x10, 0x00, 0x28, 0xf9, 0x40, 0xf7,
  0x38, 0xf4, 0x38, 0xef, 0xb0, 0xef, 0xb8, 0xec, 0x78, 0xed, 0xd8, 0xfc,
  0x18, 0xfc, 0x80, 0x00, 0xb0, 0x12, 0x28, 0x11, 0x28, 0x16, 0xa0, 0x1a,
  0x58, 0x1a, 0xa0, 0x1a, 0x08, 0x0f, 0x70, 0x10, 0xf0, 0x0a, 0x58, 0xfb,
  0x98, 0xfc, 0x30, 0xf7, 0xd0, 0xef, 0x30, 0xee, 0xc8, 0xed, 0xa8, 0xf2,
  0x50, 0xf2, 0x80, 0xf7, 0xc0, 0xff, 0x98, 0x00, 0x68, 0x03, 0xf0, 0x06,
  0x28, 0x07, 0x08, 0x05, 0x28, 0x03, 0x18, 0x02, 0xc8, 0xfc, 0x58, 0xf8,
  0x70, 0xf6, 0x90, 0xf3, 0x10, 0xf0, 0xc8, 0xef, 0x70, 0xec, 0x88, 0xf2,
  0x00, 0xff, 0xc8, 0xf9, 0x50, 0x05, 0x20, 0x13, 0x38, 0x10, 0x68, 0x17,
  0xe8, 0x19, 0x30, 0x1b, 0xa0, 0x17, 0x40, 0x0e, 0x60, 0x11, 0x00, 0x07,
  0x90, 0xfa, 0x50, 0xfd, 0x28, 0xf6, 0x48, 0xef, 0x38, 0xee, 0x90, 0xef,
  0x00, 0xf3, 0xa8, 0xf1, 0x80, 0xf9, 0xa0, 0xff, 0x80, 0xff, 0xd0, 0x03,
  0xc0, 0x06, 0x88, 0x07, 0x10, 0x05, 0xf0, 0x03, 0xe0, 0x02, 0x28, 0xfd,
  0x28, 0xf9, 0x50, 0xf7, 0xc8, 0xf3, 0x48, 0xf0, 0x18, 0xef, 0xc0, 0xec,
  0xd8, 0xf5, 0x00, 0xfc, 0xc8, 0xf8, 0xe8, 0x07, 0x58, 0x0f, 0xa0, 0x0e,
  0x18, 0x16, 0x88, 0x17, 0x98, 0x19, 0xa0, 0x13, 0x70, 0x0e, 0x98, 0x10,
  0xd0, 0x03, 0xd8, 0xfc, 0xf0, 0xfd, 0x00, 0xf6, 0xc8, 0xf1, 0x00, 0xf0,
  0xa0, 0xf2, 0x70, 0xf4, 0x68, 0xf3, 0xc8, 0xfb, 0xe0, 0xfe, 0x00, 0xff,
  0x18, 0x03, 0xc0, 0x04, 0x88, 0x05, 0x28, 0x03, 0x88, 0x02, 0x90, 0x01,
  0x70, 0xfc, 0xc0, 0xf9, 0x78, 0xf8, 0x00, 0xf5, 0x00, 0xf3, 0x50, 0xf1,
  0x30, 0xf0, 0xb0, 0xfa, 0xb0, 0xfb, 0xf8, 0xfa, 0xf8, 0x09, 0x18, 0x0c,
  0x60, 0x0d, 0x58, 0x13, 0x60, 0x14, 0x48, 0x17, 0xd0, 0x0f, 0x40, 0x0e,
  0xc8, 0x0f, 0x30, 0x03, 0x58, 0xff, 0x90, 0xff, 0xf8, 0xf7, 0x10, 0xf4,
  0x10, 0xf2, 0xa8, 0xf4, 0xd8, 0xf4, 0x10, 0xf4, 0x98, 0xfb, 0x88, 0xfd,
  0xf8, 0xfd, 0x10, 0x01, 0x10, 0x03, 0xf0, 0x03, 0x88, 0x01, 0xb8, 0x01,
  0x88, 0x01, 0x48, 0xfd, 0x28, 0xfb, 0x70, 0xfa, 0x80, 0xf8, 0x28, 0xf6,
  0xa8, 0xf4, 0xb8, 0xf3, 0x08, 0xfa, 0x90, 0xfb, 0xe8, 0xf9, 0x08, 0x04,
  0x80, 0x07, 0x50, 0x07, 0xb0, 0x0c, 0x58, 0x0e, 0x20, 0x11, 0xf0, 0x0e,
  0x00, 0x0c, 0x18, 0x0f, 0x88, 0x08, 0x98, 0x03, 0x50, 0x03, 0x80, 0xfe,
  0x98, 0xfa, 0xc8, 0xf7, 0x98, 0xf7, 0x38, 0xf8, 0xc0, 0xf6, 0x10, 0xfa,
  0xa0, 0xfc, 0xe0, 0xfc, 0xd8, 0xfe, 0x40, 0x00, 0xc0, 0x01, 0x08, 0x02,
  0x58, 0x01, 0xb8, 0x01, 0x48, 0x01, 0x80, 0xfe, 0xc0, 0xfc, 0x80, 0xfb,
  0x40, 0xf9, 0x90, 0xf6, 0xd8, 0xf3, 0xe8, 0xf6, 0xd8, 0xf8, 0x10, 0xf7,
  0x18, 0xfc, 0x78, 0x00, 0x60, 0x01, 0x90, 0x04, 0xc8, 0x06, 0x50, 0x0a,
  0x68, 0x0c, 0x20, 0x0b, 0xd0, 0x0d, 0x08, 0x0d, 0xe0, 0x09, 0x88, 0x09,
  0x20, 0x06, 0xd8, 0x03, 0x38, 0x02, 0xb0, 0xfe, 0x80, 0xfe, 0x70, 0xfd,
  0x18, 0xfc, 0xa8, 0xfc, 0xf8, 0xfb, 0x08, 0xfc, 0x30, 0xfc, 0xc8, 0xfb,
  0x50, 0xfd, 0x58, 0xfd, 0x40, 0xfc, 0xb0, 0xfd, 0x10, 0xfd, 0xf8, 0xfb,
  0x18, 0xfb, 0xd0, 0xf9, 0x38, 0xf9, 0xe8, 0xf6, 0xa8, 0xf6, 0xf0, 0xf8,
  0x58, 0xf8, 0xe0, 0xf9, 0x90, 0xfd, 0x60, 0xff, 0x28, 0x02, 0xd0, 0x04,
  0x88, 0x07, 0x38, 0x0b, 0x10, 0x0c, 0x58, 0x0d, 0xc0, 0x0e, 0xb0, 0x0c,
  0x98, 0x0b, 0xc0, 0x09, 0x30, 0x06, 0xb0, 0x04, 0xd8, 0x01, 0x58, 0xff,
  0x08, 0xff, 0xa8, 0xfc, 0xa8, 0xfb, 0x30, 0xfc, 0x30, 0xfb, 0xa0, 0xfb,
  0xe8, 0xfb, 0x20, 0xfc, 0x80, 0xfd, 0xa0, 0xfc, 0xa8, 0xfc, 0x68, 0xfd,
  0xc0, 0xfb, 0xc8, 0xfa, 0xf0, 0xf9, 0xe0, 0xf7, 0x58, 0xf6, 0xb8, 0xf5,
  0xb0, 0xf5, 0xc0, 0xf6, 0x20, 0xf8, 0x20, 0xfb, 0xa8, 0xfe, 0x48, 0x01,
  0x08, 0x05, 0xe0, 0x08, 0xe0, 0x0b, 0x58, 0x0e, 0xc0, 0x0f, 0x08, 0x10,
  0x10, 0x0f, 0x88, 0x0c, 0x20, 0x0a, 0xe8, 0x06, 0x90, 0x03, 0x28, 0x01,
  0xa0, 0xfe, 0x30, 0xfd, 0xd8, 0xfb, 0x60, 0xfa, 0xe0, 0xfa, 0x28, 0xfb,
  0xa0, 0xfa, 0x78, 0xfb, 0x78, 0xfc, 0x08, 0xfd, 0xa8, 0xfd, 0xe8, 0xfd,
  0x58, 0xfe, 0xe8, 0xfd, 0x30, 0xfc, 0x30, 0xfb, 0x48, 0xf9, 0x30, 0xf6,
  0x78, 0xf5, 0x40, 0xf4, 0xc0, 0xf3, 0x68, 0xf5, 0x00, 0xf7, 0x78, 0xfa,
  0x38, 0xfe, 0x10, 0x01, 0x90, 0x05, 0x20, 0x09, 0xd0, 0x0b, 0x08, 0x0f,
  0x20, 0x10, 0x50, 0x10, 0x78, 0x0f, 0x80, 0x0c, 0x10, 0x0a, 0xc8, 0x06,
  0x30, 0x03, 0x28, 0x01, 0xa0, 0xfe, 0x30, 0xfd, 0x28, 0xfc, 0x88, 0xfa,
  0xd0, 0xfa, 0x08, 0xfb, 0xb8, 0xfa, 0x00, 0xfc, 0xe8, 0xfc, 0xc8, 0xfd,
  0xd8, 0xfe, 0x08, 0xff, 0x98, 0xff, 0x40, 0xff, 0xd0, 0xfd, 0x30, 0xfd,
  0x30, 0xfb, 0x90, 0xf8, 0x88, 0xf7, 0x98, 0xf5, 0x48, 0xf5, 0x88, 0xf6,
  0xa0, 0xf7, 0x18, 0xfb, 0xa8, 0xfe, 0x98, 0x01, 0xa8, 0x05, 0x70, 0x08,
  0x68, 0x0b, 0x58, 0x0e, 0x78, 0x0f, 0x10, 0x10, 0x40, 0x0f, 0x98, 0x0c,
  0xb8, 0x09, 0x08, 0x06, 0x98, 0x02, 0x10, 0x00, 0x68, 0xfd, 0xd8, 0xfb,
  0x30, 0xfb, 0xe0, 0xf9, 0x78, 0xf9, 0xd8, 0xf9, 0x20, 0xfa, 0xf8, 0xfa,
  0xf8, 0xfb, 0x40, 0xfd, 0x98, 0xfe, 0x28, 0xff, 0x28, 0x00, 0xc8, 0x00,
  0x30, 0x00, 0xb0, 0xff, 0xc8, 0xfe, 0x68, 0xfc, 0x20, 0xfa, 0x08, 0xf8,
  0xc8, 0xf5, 0x88, 0xf5, 0x40, 0xf6, 0xa8, 0xf7, 0xb8, 0xfa, 0x70, 0xfd,
  0x48, 0x00, 0x20, 0x04, 0xa8, 0x06, 0x80, 0x09, 0xb8, 0x0c, 0xb8, 0x0d,
  0x80, 0x0e, 0x80, 0x0d, 0x98, 0x0a, 0x70, 0x08, 0x48, 0x05, 0x28, 0x02,
  0x08, 0x00, 0x90, 0xfd, 0xf8, 0xfb, 0x28, 0xfb, 0x30, 0xfa, 0xd0, 0xf9,
  0xe8, 0xf9, 0x70, 0xfa, 0x80, 0xfb, 0xf8, 0xfb, 0xf8, 0xfc, 0x58, 0xfe,
  0x48, 0xff, 0x88, 0x00, 0xd0, 0x01, 0x48, 0x02, 0xd0, 0x02, 0xb8, 0x02,
  0x98, 0x01, 0xa8, 0xff, 0x68, 0xfd, 0x70, 0xfa, 0x08, 0xf8, 0x68, 0xf7,
  0x38, 0xf7, 0x30, 0xf8, 0x68, 0xfa, 0x48, 0xfc, 0x78, 0xfe, 0x08, 0x02,
  0xe8, 0x04, 0xb0, 0x07, 0xe0, 0x0a, 0x28, 0x0c, 0xc8, 0x0c, 0x30, 0x0c,
  0xa8, 0x09, 0x00, 0x08, 0xd0, 0x05, 0x50, 0x03, 0xb8, 0x01, 0x98, 0xff,
  0xe0, 0xfd, 0x88, 0xfc, 0x10, 0xfb, 0x38, 0xfa, 0x88, 0xf9, 0x70, 0xf9,
  0x48, 0xfa, 0x80, 0xfa, 0x10, 0xfb, 0xb8, 0xfc, 0xf0, 0xfd, 0x88, 0xff,
  0x58, 0x01, 0xa8, 0x02, 0xd0, 0x03, 0x60, 0x04, 0xf8, 0x03, 0x78, 0x02,
  0x30, 0x00, 0x40, 0xfd, 0x00, 0xfa, 0x40, 0xf8, 0x68, 0xf7, 0xe0, 0xf6,
  0xf8, 0xf7, 0x68, 0xf9, 0x20, 0xfb, 0xb0, 0xfd, 0xf8, 0xff, 0xb8, 0x02,
  0x58, 0x06, 0xc0, 0x08, 0x08, 0x0a, 0x10, 0x0b, 0x58, 0x0a, 0xf0, 0x08,
  0x40, 0x07, 0xe0, 0x04, 0x58, 0x03, 0x00, 0x02, 0x90, 0x00, 0x20, 0xff,
  0xc0, 0xfd, 0xb0, 0xfc, 0xc0, 0xfb, 0x40, 0xfb, 0xe8, 0xfa, 0xd8, 0xfa,
  0xa0, 0xfb, 0x58, 0xfc, 0xa8, 0xfc, 0x98, 0xfd, 0xd0, 0xfe, 0xf0, 0xff,
  0x40, 0x01, 0x00, 0x03, 0x60, 0x04, 0x28, 0x05, 0x88, 0x05, 0xa8, 0x04,
  0x20, 0x03, 0x20, 0x01, 0xf8, 0xfd, 0xc0, 0xfa, 0xe8, 0xf7, 0x88, 0xf5,
  0x28, 0xf5, 0x00, 0xf5, 0xb0, 0xf6, 0xc0, 0xf9, 0x20, 0xfc, 0x80, 0xff,
  0xa0, 0x02, 0x68, 0x05, 0xd0, 0x09, 0x50, 0x0b, 0xc8, 0x0b, 0xc8, 0x0c,
  0xc8, 0x0a, 0x00, 0x09, 0xd0, 0x06, 0xb0, 0x03, 0xe8, 0x01, 0xd0, 0xff,
  0xb0, 0xfd, 0xc8, 0xfb, 0x20, 0xfa, 0x88, 0xf9, 0x08, 0xf9, 0xe8, 0xf8,
  0x40, 0xf9, 0x00, 0xfa, 0xc8, 0xfb, 0x18, 0xfd, 0xa8, 0xfd, 0x48, 0xff,
  0x30, 0x01, 0x78, 0x02, 0xb0, 0x03, 0x40, 0x05, 0x20, 0x06, 0x18, 0x06,
  0x50, 0x05, 0x18, 0x04, 0x58, 0x03, 0xa8, 0x02, 0x58, 0x00, 0x28, 0xfd,
  0x08, 0xfb, 0x68, 0xf9, 0xc8, 0xf6, 0xd0, 0xf3, 0x60, 0xf3, 0xd8, 0xf2,
  0xd0, 0xf6, 0x48, 0xfd, 0x20, 0x00, 0xf0, 0x05, 0x18, 0x0b, 0x80, 0x0c,
  0x58, 0x0d, 0xf0, 0x0b, 0x70, 0x0b, 0x10, 0x0a, 0xe8, 0x05, 0xd0, 0x03,
  0x48, 0x02, 0x98, 0xfd, 0x48, 0xfb, 0xe0, 0xf9, 0x60, 0xf7, 0xb8, 0xf9,
  0xe8, 0xf9, 0x28, 0xf9, 0xe8, 0xfb, 0xc0, 0xfb, 0x20, 0xfd, 0x98, 0xff,
  0xf8, 0xfe, 0x80, 0x00, 0xc8, 0x01, 0xf0, 0x02, 0xb8, 0x04, 0x18, 0x04,
  0x88, 0x05, 0x68, 0x06, 0x10, 0x04, 0x90, 0x02, 0xa8, 0x00, 0xb8, 0xfe,
  0x58, 0xfd, 0x80, 0xfb, 0x30, 0xf8, 0xa0, 0xfa, 0xe8, 0xfc, 0x98, 0xfc,
  0xf0, 0xfe, 0x68, 0x03, 0x08, 0x07, 0x08, 0x07, 0xa8, 0x04, 0xc0, 0x04,
  0x60, 0x04, 0xa0, 0x01, 0x10, 0x00, 0x18, 0xff, 0x98, 0xfd, 0x50, 0xfb,
  0xd8, 0xfb, 0x00, 0xfb, 0xc0, 0xf6, 0x00, 0xf3, 0x50, 0xf0, 0x60, 0xf3,
  0x28, 0x02, 0x00, 0x07, 0x88, 0x05, 0xb8, 0x0d, 0x10, 0x10, 0x78, 0x0d,
  0x98, 0x05, 0x30, 0xff, 0x60, 0x03, 0x18, 0x00, 0x78, 0xf9, 0xd0, 0xfe,
  0x20, 0x01, 0x10, 0x02, 0xd0, 0xff, 0x30, 0xfb, 0xe8, 0xff, 0x68, 0xfe,
  0x50, 0xf9, 0x88, 0xfa, 0x30, 0xf9, 0x30, 0xfc, 0xf8, 0xfd, 0xf8, 0xfb,
  0x18, 0x02, 0x38, 0x06, 0x30, 0x05, 0x30, 0x04, 0x28, 0x02, 0x98, 0x03,
  0x10, 0x02, 0x28, 0xfb, 0x30, 0xfc, 0xd8, 0xfe, 0x20, 0xfe, 0xb8, 0xfe,
  0xf0, 0xfd, 0x00, 0x01, 0x00, 0x04, 0x38, 0xff, 0x60, 0xff, 0xe8, 0x01,
  0xc0, 0xfe, 0x70, 0xfe, 0xe0, 0xfd, 0x28, 0xff, 0x78, 0x02, 0x18, 0xff,
  0x20, 0xff, 0xf8, 0x02, 0x70, 0x01, 0x80, 0x01, 0xb0, 0x00, 0xa0, 0x00,
  0xd8, 0x01, 0x88, 0xfe, 0x38, 0xfe, 0xc8, 0xff, 0x70, 0xff, 0x38, 0x01,
  0x70, 0x01, 0xd8, 0xff, 0xc8, 0xfd, 0x60, 0xff, 0x38, 0x02, 0xa0, 0x00,
  0xe8, 0xfe, 0x60, 0x01, 0x00, 0x04, 0x98, 0x02, 0x70, 0x01, 0x58, 0x01,
  0x08, 0x01, 0x58, 0x00, 0xb0, 0xfe, 0x70, 0xfe, 0x40, 0xfd, 0x38, 0xfc,
  0xf0, 0xff, 0x38, 0xff, 0x58, 0xf9, 0x30, 0xf4, 0xe8, 0xef, 0x98, 0xfd,
  0x68, 0x12, 0x30, 0x0d, 0x70, 0x05, 0xc0, 0x0a, 0xd0, 0x0a, 0x50, 0x02,
  0xa0, 0xf2, 0x38, 0xf2, 0x58, 0x00, 0x70, 0x01, 0x28, 0x00, 0x00, 0x04,
  0x70, 0x08, 0x98, 0x0a, 0x78, 0xff, 0x80, 0xf7, 0xb8, 0xfa, 0x98, 0xfc,
  0x50, 0xfa, 0xf8, 0xf5, 0xa8, 0xfa, 0xc8, 0x05, 0xd0, 0x05, 0xc0, 0x00,
  0x70, 0x03, 0x58, 0x07, 0xd0, 0x02, 0xe8, 0xf9, 0x70, 0xf7, 0x80, 0xfd,
  0xe0, 0x00, 0xc8, 0xfd, 0x80, 0xfe, 0x48, 0x04, 0xf0, 0x06, 0x10, 0x02,
  0x18, 0xfd, 0xb8, 0xfe, 0x20, 0x00, 0x08, 0xfc, 0x18, 0xfa, 0x48, 0xfe,
  0x18, 0x03, 0x48, 0x03, 0x48, 0x02, 0x70, 0x05, 0xa0, 0x05, 0xe0, 0x01,
  0xd8, 0xfc, 0x88, 0xfb, 0x88, 0xfe, 0xd8, 0x00, 0x70, 0x00, 0x60, 0x00,
  0x48, 0x04, 0xe0, 0x06, 0x68, 0x02, 0x58, 0xfc, 0xf8, 0xfb, 0x40, 0xfc,
  0xd8, 0xfb, 0x28, 0xfb, 0x30, 0xfc, 0x90, 0x00, 0xd8, 0x01, 0x78, 0xfd,
  0x48, 0xf8, 0xe8, 0xf1, 0xf0, 0xfb, 0xd0, 0x13, 0xc0, 0x12, 0x78, 0x04,
  0x30, 0x02, 0x40, 0x04, 0x48, 0x01, 0x08, 0xf6, 0xf8, 0xf1, 0x48, 0x00,
  0x18, 0x08, 0xc8, 0x04, 0x30, 0x02, 0xe8, 0x02, 0x80, 0x07, 0x58, 0x02,
  0xb0, 0xf7, 0x20, 0xf4, 0x60, 0xf8, 0x68, 0xfe, 0xd8, 0xfd, 0x08, 0xfe,
  0x78, 0x04, 0xa8, 0x07, 0x38, 0x06, 0x28, 0xfe, 0x18, 0xfd, 0x60, 0x02,
  0xf0, 0xfe, 0xf0, 0xf9, 0xe0, 0xfa, 0x18, 0x00, 0xb0, 0x04, 0x70, 0x02,
  0x30, 0x00, 0xf8, 0x01, 0x80, 0x02, 0x38, 0x00, 0xc0, 0xfb, 0xd8, 0xf9,
  0xf0, 0xfc, 0x90, 0x00, 0x80, 0x01, 0x10, 0x01, 0x10, 0x03, 0xd8, 0x07,
  0x40, 0x06, 0xf0, 0xff, 0xf0, 0xf7, 0x48, 0xf6, 0xa8, 0xf8, 0x88, 0xf6,
  0xd8, 0xf2, 0x98, 0xf5, 0x50, 0x0f, 0xe0, 0x1f, 0x18, 0x11, 0xe0, 0x01,
  0xa0, 0xfe, 0x20, 0xff, 0x58, 0xf9, 0x10, 0xf0, 0xd0, 0xf5, 0xf0, 0x05,
  0x38, 0x0c, 0xc0, 0x09, 0xc8, 0x02, 0x08, 0x04, 0x30, 0x06, 0xf0, 0xfa,
  0xf0, 0xef, 0x30, 0xf3, 0xc0, 0xfe, 0x48, 0x06, 0x08, 0x03, 0x00, 0x01,
  0x78, 0x07, 0xa0, 0x07, 0x68, 0xfe, 0xf8, 0xf6, 0xb0, 0xf8, 0x00, 0x00,
  0xc0, 0x01, 0x28, 0xff, 0xa8, 0x03, 0x58, 0x08, 0xd8, 0x07, 0x18, 0x01,
  0xa0, 0xf8, 0x90, 0xf8, 0x00, 0xfc, 0xd8, 0xfc, 0xc8, 0xfd, 0x90, 0x00,
  0x20, 0x06, 0xd8, 0x07, 0xf0, 0xff, 0x18, 0xf9, 0x88, 0xf3, 0xe8, 0xf1,
  0xf0, 0xee, 0x38, 0xf3, 0xa8, 0x11, 0x48, 0x21, 0xd0, 0x11, 0x38, 0x02,
  0xc0, 0xfa, 0x78, 0xfc, 0x78, 0xf8, 0xb0, 0xed, 0x00, 0xf6, 0x90, 0x0b,
  0x78, 0x15, 0x78, 0x0f, 0xb8, 0x02, 0xc8, 0x00, 0x10, 0x04, 0xe8, 0xf7,
  0x40, 0xea, 0x60, 0xef, 0x88, 0x00, 0x78, 0x0c, 0xe8, 0x08, 0xf0, 0x03,
  0x78, 0x08, 0x90, 0x09, 0xc8, 0xfd, 0xa8, 0xf0, 0x10, 0xf1, 0x58, 0xff,
  0xb8, 0x06, 0x68, 0x03, 0xb8, 0x04, 0xb0, 0x06, 0x30, 0x06, 0xe0, 0xfe,
  0xd0, 0xf3, 0x98, 0xf4, 0x10, 0xfc, 0x30, 0x00, 0x70, 0xfd, 0x28, 0xf6,
  0xb0, 0xf6, 0xe8, 0xf6, 0x28, 0xf1, 0xe0, 0x05, 0x78, 0x20, 0x30, 0x18,
  0x98, 0x05, 0x68, 0xf9, 0x60, 0xfa, 0x00, 0x00, 0xb0, 0xf4, 0x78, 0xf1,
  0xa8, 0x04, 0x48, 0x14, 0x60, 0x13, 0xb0, 0x04, 0x10, 0xfc, 0x58, 0x01,
  0xf8, 0x00, 0x68, 0xf3, 0xd0, 0xed, 0x88, 0xf9, 0x90, 0x08, 0x28, 0x0a,
  0xe8, 0x01, 0x38, 0x05, 0x50, 0x0a, 0x58, 0x03, 0xb0, 0xf6, 0x70, 0xf3,
  0x08, 0xfc, 0xb8, 0x03, 0xf8, 0x00, 0x20, 0x01, 0x30, 0x04, 0x48, 0x04,
  0xa0, 0xfe, 0xc0, 0xf8, 0x58, 0xf8, 0x30, 0xfb, 0x20, 0xf7, 0x78, 0xf0,
  0x40, 0xf2, 0x60, 0xf5, 0xe8, 0xf8, 0x48, 0x15, 0x00, 0x27, 0xf0, 0x15,
  0x60, 0x03, 0xa0, 0xf6, 0x30, 0xf7, 0xf8, 0xf9, 0x90, 0xf1, 0x50, 0xf8,
  0x40, 0x0c, 0xb0, 0x15, 0x98, 0x10, 0x40, 0x02, 0x70, 0xfb, 0x90, 0xff,
  0xf8, 0xfb, 0x78, 0xee, 0x90, 0xee, 0x70, 0xfd, 0xc0, 0x0a, 0x10, 0x0c,
  0xd8, 0x06, 0x48, 0x06, 0x00, 0x05, 0x48, 0xfc, 0x88, 0xf4, 0x18, 0xf6,
  0x88, 0xfd, 0xb8, 0x02, 0x98, 0x03, 0x90, 0x04, 0x98, 0x04, 0xc0, 0x00,
  0x10, 0xfb, 0x08, 0xf6, 0xb0, 0xf4, 0x78, 0xf3, 0x10, 0xf0, 0x48, 0xf3,
  0x30, 0xf6, 0xa8, 0xfa, 0x68, 0x1b, 0x30, 0x2b, 0xe0, 0x11, 0xc8, 0xfe,
  0x08, 0xf8, 0x50, 0xf9, 0xc8, 0xf9, 0xc0, 0xf0, 0x80, 0xf9, 0xe8, 0x10,
  0xb8, 0x17, 0xd8, 0x0d, 0x78, 0x01, 0xe8, 0xfc, 0x40, 0xff, 0xf8, 0xf7,
  0xc8, 0xe9, 0xc8, 0xee, 0x18, 0x03, 0x38, 0x0e, 0xe0, 0x0c, 0xb0, 0x06,
  0xb8, 0x04, 0x68, 0x03, 0xb0, 0xf9, 0x20, 0xf4, 0x88, 0xf7, 0x90, 0xfd,
  0x48, 0x03, 0x10, 0x05, 0x90, 0x05, 0xb0, 0x04, 0xc0, 0xff, 0x10, 0xf8,
  0x98, 0xf2, 0x48, 0xf1, 0x80, 0xf0, 0xd0, 0xf0, 0x08, 0xf5, 0x98, 0xf4,
  0xe8, 0x06, 0x50, 0x2b, 0x18, 0x25, 0x48, 0x06, 0xd0, 0xfa, 0x98, 0xf9,
  0xa0, 0xfa, 0x10, 0xf4, 0xe8, 0xef, 0xa0, 0x03, 0xf0, 0x18, 0x90, 0x16,
  0x00, 0x09, 0x70, 0xff, 0x00, 0xfe, 0xb8, 0xfc, 0x58, 0xef, 0x80, 0xe6,
  0xb8, 0xf6, 0xd8, 0x0a, 0xe8, 0x0d, 0x00, 0x09, 0x78, 0x07, 0x98, 0x08,
  0xc0, 0x01, 0xe0, 0xf4, 0x30, 0xf2, 0xf0, 0xf9, 0x28, 0x01, 0xf8, 0x01,
  0xa0, 0x02, 0x20, 0x06, 0x20, 0x06, 0x20, 0xfe, 0x10, 0xf2, 0xf8, 0xed,
  0x68, 0xf0, 0x60, 0xf1, 0x58, 0xf2, 0xc8, 0xf1, 0x10, 0x01, 0xe0, 0x28,
  0xb8, 0x2d, 0xc8, 0x0d, 0xb8, 0xfc, 0x00, 0xfa, 0x78, 0xf8, 0xd0, 0xf1,
  0x30, 0xec, 0x20, 0xff, 0x90, 0x19, 0xb8, 0x1b, 0xd8, 0x0d, 0x50, 0x02,
  0xe8, 0xfd, 0x50, 0xfc, 0x88, 0xef, 0xe8, 0xe4, 0x20, 0xf3, 0x28, 0x09,
  0x40, 0x0f, 0xb8, 0x0a, 0xd0, 0x08, 0xd0, 0x09, 0x18, 0x02, 0xf0, 0xf2,
  0x78, 0xef, 0x88, 0xf8, 0x60, 0x00, 0x78, 0x01, 0x68, 0x02, 0xa0, 0x07,
  0xf8, 0x06, 0x10, 0xfd, 0x00, 0xf1, 0xc8, 0xec, 0x60, 0xf0, 0xe8, 0xf1,
  0x90, 0xf1, 0x68, 0xf2, 0xc8, 0xfd, 0x38, 0x22, 0x50, 0x30, 0x38, 0x13,
  0x50, 0xff, 0x38, 0xfc, 0xc0, 0xf7, 0x20, 0xf1, 0xa8, 0xeb, 0x60, 0xfa,
  0xb0, 0x15, 0xf0, 0x1a, 0xe0, 0x0e, 0x60, 0x05, 0x20, 0x00, 0x70, 0xfc,
  0xa8, 0xf0, 0x28, 0xe5, 0x48, 0xf0, 0x70, 0x04, 0x48, 0x0c, 0x90, 0x0b,
  0xc0, 0x0b, 0x10, 0x0b, 0x28, 0x02, 0x58, 0xf5, 0xf8, 0xf1, 0xf0, 0xf7,
  0x80, 0xfd, 0x78, 0xff, 0x00, 0x03, 0x60, 0x09, 0xb0, 0x07, 0x48, 0xfd,
  0x80, 0xf3, 0x80, 0xed, 0xe8, 0xed, 0x28, 0xf0, 0x08, 0xf1, 0x38, 0xf3,
  0xc0, 0xfa, 0x80, 0x1a, 0xe8, 0x30, 0x18, 0x19, 0x40, 0x03, 0x98, 0x01,
  0xa8, 0xfb, 0xf0, 0xf2, 0x28, 0xeb, 0x80, 0xf4, 0x90, 0x0f, 0x68, 0x18,
  0x28, 0x0e, 0xc0, 0x08, 0x08, 0x06, 0x30, 0x00, 0xe8, 0xf3, 0x00, 0xe7,
  0xf0, 0xed, 0x90, 0xff, 0x08, 0x06, 0xd0, 0x06, 0x18, 0x0b, 0x38, 0x0d,
  0x88, 0x05, 0x28, 0xfa, 0xe8, 0xf5, 0x30, 0xf9, 0xb0, 0xfc, 0xf8, 0xfc,
  0x88, 0xff, 0x38, 0x05, 0xb8, 0x04, 0x48, 0xfd, 0x10, 0xf6, 0x10, 0xf0,
  0xe0, 0xee, 0xd8, 0xf0, 0xe0, 0xf0, 0x68, 0xf2, 0x08, 0xf5, 0xe0, 0x10,
  0x08, 0x31, 0x78, 0x1f, 0xa0, 0x07, 0x58, 0x08, 0xf0, 0x01, 0xf0, 0xf5,
  0xc8, 0xeb, 0xd0, 0xef, 0xa8, 0x09, 0x20, 0x16, 0xa0, 0x0e, 0xc8, 0x0b,
  0xc8, 0x0b, 0x18, 0x06, 0x88, 0xf8, 0xc8, 0xe8, 0xe8, 0xea, 0x40, 0xfa,
  0x68, 0x00, 0x98, 0x02, 0x18, 0x0a, 0x00, 0x10, 0x60, 0x0a, 0x50, 0xfe,
  0xb0, 0xf8, 0xd0, 0xf9, 0xb0, 0xf9, 0xf0, 0xf7, 0xd0, 0xfa, 0x00, 0x02,
  0x60, 0x04, 0x60, 0xff, 0xc8, 0xf9, 0x90, 0xf4, 0xc0, 0xf1, 0xf8, 0xf0,
  0x10, 0xef, 0x88, 0xf0, 0xe0, 0xf1, 0x58, 0x07, 0x88, 0x2a, 0x00, 0x24,
  0x20, 0x0e, 0x70, 0x0d, 0x38, 0x06, 0xa0, 0xf7, 0x20, 0xec, 0x58, 0xeb,
  0xb0, 0x00, 0x60, 0x0f, 0xe8, 0x0b, 0x30, 0x0d, 0xf8, 0x0f, 0x08, 0x0b,
  0x88, 0xfe, 0x78, 0xed, 0x38, 0xea, 0x30, 0xf4, 0x38, 0xfa, 0x28, 0xff,
  0xf8, 0x06, 0x98, 0x0e, 0x28, 0x0e, 0x08, 0x04, 0x98, 0xfb, 0xb0, 0xf9,
  0x88, 0xf9, 0x68, 0xf7, 0xb8, 0xf7, 0x88, 0xfe, 0x90, 0x03, 0xc8, 0x01,
  0x28, 0xfc, 0x98, 0xf5, 0xc8, 0xf3, 0x20, 0xf3, 0xb8, 0xef, 0x78, 0xef,
  0x58, 0xef, 0x58, 0x04, 0x48, 0x26, 0x90, 0x21, 0x20, 0x11, 0x40, 0x13,
  0x58, 0x0b, 0x60, 0xfa, 0xf8, 0xec, 0xc0, 0xea, 0xf8, 0xfc, 0x28, 0x09,
  0xe0, 0x06, 0x28, 0x0c, 0x10, 0x12, 0x68, 0x0e, 0x88, 0x03, 0x50, 0xf4,
  0x10, 0xee, 0x10, 0xf2, 0x50, 0xf5, 0xf8, 0xf9, 0x68, 0x02, 0x30, 0x0b,
  0x90, 0x0d, 0x78, 0x07, 0x08, 0x02, 0x68, 0xff, 0xe0, 0xfb, 0x18, 0xf7,
  0x58, 0xf5, 0x38, 0xfa, 0x08, 0xff, 0x28, 0xfe, 0xe8, 0xfa, 0x68, 0xf7,
  0xd8, 0xf6, 0xf8, 0xf4, 0xa0, 0xf0, 0x10, 0xf1, 0x88, 0xef, 0xe0, 0x01,
  0x98, 0x22, 0x48, 0x1c, 0x08, 0x10, 0xc8, 0x18, 0x28, 0x10, 0x80, 0xfd,
  0x28, 0xf1, 0x18, 0xef, 0x30, 0xfd, 0x40, 0x02, 0x70, 0xff, 0x68, 0x0a,
  0xb0, 0x11, 0x20, 0x0c, 0x08, 0x04, 0xd8, 0xfa, 0x98, 0xf5, 0x18, 0xf4,
  0x40, 0xf2, 0xa0, 0xf6, 0xd8, 0xff, 0x30, 0x06, 0x78, 0x08, 0x68, 0x07,
  0xb8, 0x05, 0xc0, 0x03, 0x08, 0xff, 0x28, 0xf9, 0x18, 0xf6, 0x30, 0xf8,
  0x18, 0xfa, 0x30, 0xfa, 0xd0, 0xf7, 0x38, 0xf5, 0x90, 0xf7, 0xc8, 0xf5,
  0xa8, 0xf2, 0x10, 0xf5, 0x58, 0xf3, 0x70, 0x08, 0x10, 0x23, 0x40, 0x15,
  0xd0, 0x10, 0x60, 0x1b, 0x38, 0x0d, 0xd8, 0xfb, 0xf0, 0xf1, 0xd8, 0xf2,
  0x30, 0xfe, 0x18, 0xfc, 0x18, 0xfe, 0x20, 0x0e, 0xc0, 0x0f, 0x20, 0x08,
  0x78, 0x04, 0x58, 0xfe, 0x30, 0xf8, 0x80, 0xf3, 0x80, 0xf3, 0x28, 0xf9,
  0x38, 0xfe, 0xf0, 0x01, 0x58, 0x05, 0xa8, 0x06, 0xc8, 0x05, 0x60, 0x03,
  0x60, 0x00, 0x98, 0xfc, 0xf0, 0xf8, 0x10, 0xf9, 0x40, 0xf9, 0x28, 0xf8,
  0xf0, 0xf4, 0xf0, 0xf3, 0x70, 0xf7, 0x88, 0xf5, 0x78, 0xf4, 0xe0, 0xf4,
  0x18, 0xf8, 0xa8, 0x12, 0x58, 0x1d, 0xc8, 0x0c, 0x10, 0x13, 0x48, 0x18,
  0x90, 0x07, 0xe8, 0xf9, 0xf8, 0xf3, 0xd8, 0xf9, 0x38, 0xff, 0x18, 0xfa,
  0x18, 0x02, 0xe0, 0x0e, 0xb0, 0x0c, 0x58, 0x08, 0x60, 0x06, 0x30, 0x01,
  0x00, 0xf9, 0xa8, 0xf3, 0xa0, 0xf5, 0xd8, 0xf8, 0x08, 0xfa, 0xd0, 0xfd,
  0xe0, 0x02, 0xd0, 0x03, 0x30, 0x04, 0x90, 0x04, 0x68, 0x02, 0xb0, 0xfe,
  0xc8, 0xfb, 0x40, 0xfb, 0x50, 0xfa, 0x28, 0xf6, 0xc0, 0xf1, 0x88, 0xf4,
  0x28, 0xf6, 0xe8, 0xf2, 0xf0, 0xf3, 0x60, 0xf3, 0xc8, 0x04, 0x38, 0x1e,
  0x48, 0x13, 0xf0, 0x0e, 0xf8, 0x1d, 0x20, 0x13, 0x58, 0x00, 0x78, 0xf7,
  0x48, 0xf7, 0x18, 0xfb, 0x68, 0xf4, 0x38, 0xf6, 0x80, 0x07, 0x50, 0x0c,
  0xf8, 0x07, 0x78, 0x09, 0x80, 0x08, 0x68, 0x01, 0x10, 0xf8, 0x60, 0xf5,
  0x88, 0xf9, 0x28, 0xf8, 0xd8, 0xf6, 0xf8, 0xfd, 0x80, 0x02, 0x50, 0x02,
  0x10, 0x04, 0x58, 0x06, 0xd8, 0x04, 0xa8, 0xff, 0xa0, 0xfc, 0x40, 0xfc,
  0x90, 0xf8, 0x98, 0xf1, 0x48, 0xf1, 0x20, 0xf5, 0xf8, 0xf1, 0x50, 0xf2,
  0x58, 0xf3, 0x98, 0xfc, 0x68, 0x16, 0x58, 0x16, 0x58, 0x0f, 0x60, 0x1d,
  0x50, 0x1b, 0xd0, 0x0a, 0x00, 0xff, 0xc0, 0xf9, 0x58, 0xf9, 0x78, 0xf1,
  0xc8, 0xed, 0x18, 0xfb, 0xb8, 0x02, 0x28, 0x02, 0x18, 0x08, 0xa0, 0x0c,
  0x88, 0x09, 0xa0, 0x03, 0xd0, 0xfe, 0x50, 0xfe, 0x18, 0xfa, 0x10, 0xf5,
  0x70, 0xf8, 0xc8, 0xfa, 0x08, 0xfb, 0x58, 0xff, 0xa0, 0x04, 0xc0, 0x06,
  0x28, 0x04, 0x00, 0x02, 0x20, 0x03, 0x08, 0xff, 0x18, 0xf6, 0x18, 0xf1,
  0xd8, 0xf2, 0x58, 0xef, 0x88, 0xec, 0x28, 0xef, 0x30, 0xf3, 0x58, 0x09,
  0x40, 0x12, 0x78, 0x0b, 0x58, 0x1b, 0xb8, 0x21, 0xd8, 0x14, 0x68, 0x0d,
  0x18, 0x07, 0x20, 0x03, 0xe0, 0xf8, 0x60, 0xed, 0x28, 0xf3, 0x70, 0xf6,
  0xd0, 0xf2, 0xf8, 0xf9, 0x90, 0x03, 0x40, 0x06, 0x70, 0x06, 0x40, 0x07,
  0xd0, 0x09, 0x10, 0x08, 0x00, 0x00, 0x50, 0xfe, 0xe8, 0xfd, 0x80, 0xf8,
  0x10, 0xf7, 0x90, 0xfa, 0xf8, 0xfd, 0x10, 0xfe, 0x20, 0xfe, 0xb0, 0x02,
  0x60, 0x04, 0x30, 0xfe, 0x90, 0xf9, 0xd0, 0xfa, 0xd8, 0xf5, 0x48, 0xef,
  0x58, 0xec, 0x98, 0xf0, 0xc0, 0x03, 0xb0, 0x03, 0x78, 0x00, 0x28, 0x14,
  0x78, 0x18, 0x58, 0x11, 0xb8, 0x11, 0x20, 0x10, 0x48, 0x0e, 0x20, 0x03,
  0x48, 0xf9, 0x38, 0xfd, 0x58, 0xf8, 0xa0, 0xf0, 0xa8, 0xf4, 0xe8, 0xf9,
  0xb8, 0xfa, 0x40, 0xfb, 0x30, 0x01, 0x60, 0x06, 0x48, 0x07, 0x28, 0x05,
  0x20, 0x06, 0xe0, 0x05, 0x28, 0x00, 0x88, 0xfd, 0xd8, 0xfe, 0x68, 0xfc,
  0x08, 0xf9, 0x98, 0xf9, 0x70, 0xfc, 0xd8, 0xfc, 0x78, 0xf8, 0xf8, 0xf7,
  0xb8, 0xfa, 0xc8, 0xf6, 0x08, 0xf3, 0xa0, 0xf2, 0xc0, 0xf6, 0x40, 0x05,
  0x98, 0x03, 0x40, 0x01, 0xd0, 0x11, 0xb0, 0x13, 0xf0, 0x0d, 0xc8, 0x10,
  0x70, 0x10, 0x68, 0x0e, 0x28, 0x06, 0x40, 0xff, 0x08, 0x02, 0xd8, 0xfa,
  0xe0, 0xf2, 0x50, 0xf6, 0xb8, 0xf7, 0xb0, 0xf5, 0xe8, 0xf7, 0x30, 0xfe,
  0x38, 0x02, 0xd0, 0x03, 0x08, 0x05, 0xa8, 0x07, 0x50, 0x07, 0x48, 0x02,
  0x80, 0x01, 0x98, 0x02, 0xe0, 0xfd, 0xf0, 0xf9, 0xf8, 0xfa, 0x38, 0xfc,
  0xb8, 0xfa, 0xb8, 0xf6, 0xb8, 0xf6, 0x00, 0xf9, 0x28, 0xf5, 0xf8, 0xf2,
  0xa0, 0xf3, 0x58, 0xf9, 0x68, 0x05, 0x70, 0x01, 0xe0, 0x03, 0x78, 0x12,
  0x90, 0x10, 0x90, 0x0e, 0x78, 0x11, 0x88, 0x10, 0xf8, 0x0e, 0x58, 0x06,
  0xb8, 0x02, 0xb8, 0x03, 0x00, 0xfa, 0x08, 0xf5, 0x18, 0xf8, 0x20, 0xf6,
  0xe0, 0xf2, 0xa8, 0xf4, 0x40, 0xfb, 0xd0, 0xfd, 0x00, 0xfe, 0xa8, 0x02,
  0x30, 0x07, 0x88, 0x06, 0x20, 0x03, 0x18, 0x05, 0x98, 0x05, 0x78, 0xff,
  0x78, 0xfc, 0x78, 0xfd, 0xe0, 0xfc, 0x98, 0xf9, 0xf8, 0xf5, 0x90, 0xf7,
  0x20, 0xf8, 0xd0, 0xf3, 0x28, 0xf3, 0x40, 0xf4, 0xa0, 0xfc, 0x68, 0x01,
  0xa0, 0xfc, 0x78, 0x08, 0x90, 0x10, 0xa0, 0x0c, 0xd8, 0x0f, 0x00, 0x12,
  0xd8, 0x11, 0x90, 0x0d, 0x18, 0x07, 0x60, 0x08, 0x30, 0x03, 0x10, 0xfa,
  0x08, 0xfa, 0x28, 0xfa, 0xb0, 0xf5, 0x80, 0xf2, 0x58, 0xf6, 0x70, 0xfa,
  0xb8, 0xf8, 0x00, 0xfb, 0x18, 0x02, 0x80, 0x04, 0xa8, 0x02, 0x38, 0x03,
  0x98, 0x07, 0x90, 0x04, 0x38, 0xff, 0x88, 0x00, 0x70, 0x00, 0x48, 0xfd,
  0x70, 0xf9, 0x60, 0xf8, 0x48, 0xfb, 0x70, 0xf7, 0x28, 0xf4, 0x28, 0xf5,
  0xd0, 0xfb, 0x88, 0xfe, 0xb8, 0xfa, 0x70, 0x03, 0xa0, 0x0a, 0xe8, 0x09,
  0x80, 0x0b, 0xa0, 0x0e, 0x68, 0x11, 0x68, 0x0d, 0xb8, 0x08, 0xf8, 0x09,
  0xa0, 0x05, 0x80, 0xfe, 0x18, 0xfe, 0xc0, 0xfc, 0x50, 0xf8, 0x30, 0xf6,
  0x78, 0xf7, 0xf8, 0xf8, 0xe8, 0xf7, 0x50, 0xf9, 0xf8, 0xfd, 0x70, 0xff,
  0x90, 0xfe, 0xb0, 0x00, 0x60, 0x03, 0xa0, 0x01, 0x30, 0x00, 0x58, 0x01,
  0x00, 0x00, 0xe8, 0xfc, 0xd8, 0xfa, 0x88, 0xfc, 0xf8, 0xfb, 0x08, 0xf9,
  0xd0, 0xf8, 0xe0, 0xfc, 0x88, 0x00, 0xf8, 0xfc, 0xb8, 0xfe, 0xb0, 0x04,
  0xb0, 0x04, 0x20, 0x04, 0x68, 0x07, 0x68, 0x0a, 0x18, 0x0a, 0xa0, 0x07,
  0x28, 0x08, 0x50, 0x08, 0x68, 0x03, 0x40, 0x01, 0xa0, 0x00, 0x40, 0xfe,
  0x88, 0xfb, 0xc0, 0xf9, 0xd0, 0xfa, 0x80, 0xfa, 0x18, 0xf9, 0x38, 0xfb,
  0x40, 0xfc, 0x30, 0xfc, 0x30, 0xfd, 0x68, 0xfd, 0x78, 0xfe, 0xc8, 0xfe,
  0xb8, 0xfe, 0x70, 0xff, 0xd0, 0xfe, 0x48, 0xfe, 0x70, 0xff, 0x90, 0xff,
  0x18, 0xfe, 0xb0, 0xfd, 0xf8, 0xfe, 0x38, 0x01, 0xb0, 0xff, 0x08, 0xff,
  0x98, 0x02, 0x38, 0x03, 0x80, 0x01, 0xd8, 0x01, 0x88, 0x03, 0x38, 0x04,
  0x58, 0x03, 0x50, 0x04, 0x10, 0x06, 0x28, 0x05, 0xd8, 0x03, 0x98, 0x03,
  0xe8, 0x02, 0xe0, 0x00, 0xf8, 0xfe, 0xa8, 0xfe, 0x00, 0xfe, 0x98, 0xfc,
  0x70, 0xfc, 0xc8, 0xfd, 0x68, 0xfd, 0x58, 0xfc, 0xe8, 0xfd, 0xe8, 0xfd,
  0x40, 0xfd, 0x80, 0xfd, 0xa0, 0xfd, 0x90, 0xfe, 0x88, 0xfe, 0x68, 0xfe,
  0x48, 0x00, 0x58, 0x00, 0x58, 0x00, 0x90, 0x01, 0x18, 0x01, 0xc8, 0x00,
  0x10, 0x00, 0x88, 0x00, 0xe0, 0x00, 0x00, 0x00, 0x78, 0x00, 0x38, 0x01,
  0xe8, 0x00, 0x38, 0x00, 0xd8, 0xff, 0x70, 0x00, 0xa8, 0x00, 0xa8, 0x00,
  0x90, 0x01, 0x30, 0x02, 0x30, 0x02, 0x60, 0x02, 0x40, 0x02, 0xe0, 0x01,
  0x50, 0x01, 0x18, 0x01, 0xe0, 0x00, 0x50, 0x00, 0x48, 0x00, 0x90, 0x00,
  0x30, 0x00, 0x58, 0xff, 0xe8, 0xfe, 0x78, 0xfe, 0x98, 0xfd, 0x10, 0xfd,
  0xe8, 0xfc, 0x08, 0xfd, 0x38, 0xfd, 0xb8, 0xfd, 0xa8, 0xfe, 0x38, 0xff,
  0xf8, 0xff, 0xd0, 0x00, 0xf8, 0x00, 0xf0, 0x00, 0xa8, 0x00, 0xb8, 0x00,
  0xe0, 0x00, 0x68, 0x00, 0x38, 0x00, 0x00, 0x00, 0x98, 0xff, 0x10, 0xff,
  0xa8, 0xfe, 0xe0, 0xfe, 0x30, 0xff, 0x88, 0xff, 0x28, 0x00, 0xf0, 0x00,
  0x68, 0x01, 0xa8, 0x01, 0xd0, 0x01, 0xc0, 0x01, 0x88, 0x01, 0x60, 0x01,
  0x20, 0x01, 0xd0, 0x00, 0xb0, 0x00, 0x98, 0x00, 0x98, 0x00, 0x68, 0x00,
  0x10, 0x00, 0xc8, 0xff, 0x58, 0xff, 0xb0, 0xfe, 0x48, 0xfe, 0x28, 0xfe,
  0x60, 0xfe, 0x90, 0xfe, 0xd8, 0xfe, 0x48, 0xff, 0x10, 0x00, 0x68, 0x00,
  0x70, 0x00, 0x90, 0x00, 0x78, 0x00, 0x60, 0x00, 0xf8, 0xff, 0x80, 0xff,
  0x78, 0xff, 0x60, 0xff, 0x18, 0xff, 0x00, 0xff, 0x18, 0xff, 0x38, 0xff,
  0x48, 0xff, 0x88, 0xff, 0x00, 0x00, 0x50, 0x00, 0x88, 0x00, 0xd0, 0x00,
  0xc8, 0x00, 0xc8, 0x00, 0x58, 0x00, 0x38, 0x00, 0x38, 0x00, 0x00, 0x00,
  0xf0, 0xff, 0x50, 0x00, 0x88, 0x00, 0xd8, 0x00, 0xe0, 0x00, 0x28, 0x01,
  0x30, 0x01, 0x38, 0x00, 0x28, 0x00, 0xb8, 0xff, 0x78, 0xff, 0x60, 0xff,
  0x38, 0xff, 0x98, 0xff, 0x90, 0xff, 0xb0, 0xff, 0xf8, 0xff, 0xf0, 0xff,
  0xf8, 0xff, 0xe0, 0xff, 0xe8, 0xff, 0xd8, 0xff, 0x98, 0xff, 0xa0, 0xff,
  0xa8, 0xff, 0x68, 0xff, 0xa0, 0xff, 0xa0, 0xff, 0x88, 0xff, 0xb0, 0xff,
  0xb8, 0xff, 0x08, 0x00, 0x78, 0x00, 0xa0, 0x00, 0xe0, 0x00, 0xe0, 0x00,
  0xb0, 0x00, 0x58, 0x00, 0xf0, 0xff, 0xd0, 0xff, 0x98, 0xff, 0xb0, 0xff,
  0xc0, 0xff, 0xe0, 0xff, 0xf8, 0xff, 0x00, 0x00, 0x20, 0x00, 0xd8, 0xff,
  0xc0, 0xff, 0xc0, 0xff, 0xb8, 0xff, 0xc8, 0xff, 0xc0, 0xff, 0xe0, 0xff,
  0x80, 0x00, 0xb0, 0x00, 0x80, 0x00, 0x90, 0x00, 0x78, 0x00, 0x48, 0x00,
  0xf8, 0xff, 0xd8, 0xff, 0x10, 0x00, 0x78, 0x00, 0x30, 0x00, 0xe0, 0xff,
  0xf8, 0xff, 0xd8, 0xff, 0x90, 0xff, 0x60, 0xff, 0x70, 0xff, 0xb8, 0xff,
  0xd8, 0xff, 0xd8, 0xff, 0xf8, 0xff, 0xc8, 0xff, 0xe8, 0xff, 0x80, 0xff,
  0x68, 0xff, 0x90, 0xff, 0xb8, 0xff, 0xe8, 0xff, 0xf8, 0xff, 0x08, 0x00,
  0xa0, 0x00, 0xf0, 0x00, 0xc0, 0x00, 0xc8, 0x00, 0xa0, 0x00, 0x78, 0x00,
  0x30, 0x00, 0xf0, 0xff, 0xe8, 0xff, 0x30, 0x00, 0x20, 0x00, 0xe8, 0xff,
  0x00, 0x00, 0xd8, 0xff, 0xe0, 0xff, 0x98, 0xff, 0x88, 0xff, 0x58, 0xff,
  0x88, 0xff, 0xe8, 0xff, 0x10, 0x00, 0x30, 0x00, 0x00, 0x00, 0xf0, 0xff,
  0xe8, 0xff, 0xd0, 0xff, 0xe0, 0xff, 0x30, 0x00, 0x50, 0x00, 0x20, 0x00,
  0xb0, 0xff, 0x90, 0xff, 0x50, 0xff, 0x18, 0xff, 0x28, 0xff, 0x68, 0xff,
  0x88, 0xff, 0xa0, 0xff, 0xe8, 0xff, 0x90, 0x00, 0xb8, 0x00, 0xb0, 0x00,
  0x78, 0x00, 0xa8, 0x00, 0xd8, 0x00, 0xa0, 0x00, 0x58, 0x00, 0x60, 0x00,
  0x88, 0x00, 0x40, 0x00, 0x48, 0x00, 0x30, 0x00, 0x28, 0x00, 0x00, 0x00,
  0xb8, 0xff, 0x88, 0xff, 0xa8, 0xff, 0xe0, 0xff, 0x08, 0x00, 0xd8, 0xff,
  0xd0, 0xff, 0xd8, 0xff, 0xc8, 0xff, 0xb0, 0xff, 0xa8, 0xff, 0x80, 0xff,
  0x78, 0xff, 0x98, 0xff, 0xb0, 0xff, 0xb0, 0xff, 0xb0, 0xff, 0xc8, 0xff,
  0xc8, 0xff, 0x18, 0x00, 0x28, 0x00, 0x28, 0x00, 0x18, 0x00, 0x20, 0x00,
  0x50, 0x00, 0x18, 0x00, 0x08, 0x00, 0x00, 0x00, 0x18, 0x00, 0x40, 0x00,
  0x30, 0x00, 0x68, 0x00, 0x70, 0x00, 0xb0, 0x00, 0x80, 0x00, 0x60, 0x00,
  0x48, 0x00, 0xe0, 0xff, 0xc0, 0xff, 0xa0, 0xff, 0xa0, 0xff, 0xb0, 0xff,
  0xc8, 0xff, 0x30, 0x00, 0x78, 0x00, 0x18, 0x00, 0xe0, 0xff, 0x70, 0xff,
  0x80, 0xff, 0xb8, 0xff, 0xd8, 0xff, 0xf0, 0xff, 0xb8, 0xff, 0x18, 0x00,
  0xc0, 0xff, 0x58, 0xff, 0x90, 0xff, 0xb8, 0xff, 0x00, 0x00, 0x08, 0x00,
  0xf8, 0xff, 0xc0, 0x00, 0x28, 0x01, 0x10, 0x01, 0xf0, 0x00, 0xa8, 0x00,
  0xe8, 0xff, 0x90, 0xff, 0x68, 0xff, 0x88, 0xff, 0x10, 0x00, 0x08, 0x00,
  0x20, 0x00, 0x40, 0x00, 0xb8, 0xff, 0x90, 0xff, 0x80, 0xff, 0x80, 0xff,
  0x50, 0xff, 0x88, 0xff, 0x40, 0x00, 0xc8, 0x00, 0xa8, 0x00, 0x30, 0x00,
  0x98, 0xff, 0xf8, 0xfe, 0x08, 0xff, 0x80, 0xff, 0xe8, 0xff, 0xf0, 0x00,
  0x10, 0x01, 0x30, 0x01, 0x88, 0x00, 0xa8, 0xff, 0x80, 0xff, 0x00, 0x00,
  0xe8, 0xff, 0xe8, 0xff, 0x40, 0xff, 0x20, 0xff, 0x40, 0xff, 0x80, 0xff,
  0x10, 0x00, 0x60, 0x00, 0x60, 0x00, 0x38, 0x00, 0x30, 0x00, 0x40, 0x00,
  0x88, 0xff, 0x28, 0x00, 0x98, 0x00, 0xc0, 0xff, 0x98, 0xff, 0xf8, 0xff,
  0x18, 0x00, 0xf8, 0xff, 0xe0, 0xff, 0x68, 0xff, 0x88, 0xff, 0xc0, 0xff,
  0x18, 0x00, 0x58, 0x00, 0xe0, 0x00, 0xc8, 0x00, 0x58, 0x00, 0xa8, 0x00,
  0x78, 0x00, 0x00, 0x00, 0xd0, 0xff, 0xd8, 0xff, 0x98, 0x00, 0x70, 0x00,
  0x20, 0xff, 0xd8, 0xff, 0x40, 0x00, 0xd0, 0xff, 0x98, 0xff, 0xd8, 0xff,
  0x18, 0x00, 0xd8, 0xff, 0xe0, 0xfe, 0x60, 0xfe, 0x18, 0xff, 0xc0, 0xff,
  0x10, 0x00, 0x68, 0x00, 0xe8, 0xff, 0xc8, 0xff, 0xe8, 0xff, 0xc8, 0x00,
  0x00, 0x01, 0xb0, 0x00, 0x80, 0x00, 0x08, 0x01, 0x60, 0x01, 0x90, 0x00,
  0xe8, 0xff, 0xd0, 0xff, 0xa0, 0xff, 0x58, 0xff, 0x60, 0xff, 0xb8, 0xff,
  0x20, 0xff, 0x08, 0xff, 0x88, 0xff, 0xe8, 0xff, 0xa8, 0xff, 0x20, 0x00,
  0xc8, 0x00, 0xd8, 0x00, 0x40, 0x00, 0xa0, 0xff, 0xb0, 0xff, 0xd0, 0xff,
  0xd8, 0xff, 0x48, 0x00, 0x78, 0x00, 0xa8, 0xff, 0x30, 0x00, 0x48, 0x00,
  0x10, 0xff, 0x20, 0xfe, 0x10, 0xfe, 0xf8, 0xfe, 0xe0, 0x00, 0xe0, 0x01,
  0xe8, 0x01, 0x48, 0x01, 0x38, 0x00, 0xd8, 0xff, 0x58, 0xfe, 0x80, 0xfe,
  0xd0, 0xff, 0xc0, 0x00, 0x38, 0x01, 0x30, 0x01, 0x18, 0x01, 0x38, 0x00,
  0x30, 0xff, 0x48, 0xff, 0x18, 0x00, 0x50, 0x00, 0x08, 0x00, 0x68, 0x00,
  0x58, 0x00, 0xc0, 0xff, 0x78, 0xff, 0xa0, 0xff, 0x20, 0xff, 0x88, 0xff,
  0x30, 0x00, 0x30, 0x00, 0xe8, 0x00, 0xc0, 0x00, 0x28, 0x00, 0xd8, 0xff,
  0x10, 0xff, 0xf0, 0xfe, 0x80, 0x00, 0x20, 0x01, 0x60, 0xff, 0xf0, 0xfe,
  0x18, 0xff, 0xf8, 0xfe, 0xf8, 0xfe, 0x60, 0x00, 0x00, 0x01, 0xd8, 0x00,
  0x68, 0x00, 0x80, 0xff, 0x30, 0xff, 0x30, 0xff, 0xf8, 0xff, 0x68, 0x00,
  0xd0, 0x00, 0xe0, 0x00, 0x78, 0x01, 0xe8, 0x00, 0xe8, 0xff, 0xa8, 0xff,
  0xf0, 0xfe, 0x50, 0xff, 0xb0, 0x00, 0xf8, 0x00, 0xa0, 0x00, 0x38, 0x00,
  0xc0, 0xff, 0x68, 0xff, 0xf8, 0xfe, 0x68, 0xff, 0x40, 0xff, 0x20, 0x00,
  0x60, 0x00, 0x60, 0x00, 0xf8, 0x00, 0x50, 0x00, 0xc0, 0x00, 0x28, 0x00,
  0x28, 0xff, 0x48, 0xff, 0xb8, 0x00, 0x58, 0x00, 0x30, 0xff, 0x60, 0xff,
  0x10, 0xff, 0x58, 0xfe, 0x68, 0xff, 0x78, 0x00, 0x40, 0x01, 0x30, 0x01,
  0x60, 0x00, 0x38, 0xff, 0x50, 0xfe, 0x08, 0xff, 0x20, 0xff, 0x38, 0x00,
  0x10, 0x00, 0xb8, 0x00, 0x70, 0x01, 0x00, 0x00, 0xe8, 0xff, 0xc0, 0xff,
  0xe8, 0xff, 0x70, 0x00, 0x50, 0x01, 0x80, 0x01, 0x78, 0x00, 0x10, 0x00,
  0x90, 0x00, 0xc8, 0xff, 0xb0, 0xff, 0xa0, 0xff, 0xb0, 0xff, 0xc8, 0x00,
  0x98, 0x00, 0x60, 0x00, 0xc8, 0xff, 0xd0, 0x00, 0xb0, 0xff, 0x68, 0xff,
  0xf0, 0xff, 0xe8, 0xfe, 0x50, 0xff, 0x88, 0xff, 0xb8, 0xff, 0xb8, 0xfe,
  0xd0, 0xff, 0x08, 0x00, 0x58, 0x00, 0xb8, 0x00, 0x50, 0x00, 0xb0, 0xfe,
  0x78, 0xff, 0xd0, 0xff, 0xe8, 0xff, 0xa0, 0x00, 0x70, 0x00, 0x10, 0x00,
  0x78, 0x00, 0x90, 0xff, 0xb0, 0x00, 0x58, 0x00, 0xe0, 0x00, 0xe0, 0xff,
  0x28, 0x01, 0x38, 0x00, 0xa0, 0xff, 0xf8, 0xff, 0x00, 0xff, 0xf0, 0xfc,
  0x70, 0xff, 0x00, 0xff, 0xe8, 0xff, 0xd8, 0x00, 0xe0, 0x00, 0x40, 0x00,
  0x40, 0x01, 0x98, 0x06, 0x68, 0xfa, 0x00, 0x01, 0xc8, 0xfe, 0x50, 0xff,
  0xd8, 0x01, 0x68, 0x01, 0x50, 0xfb, 0x58, 0xfb, 0xa8, 0x00, 0x48, 0xfe,
  0x80, 0x01, 0xc8, 0x01, 0x40, 0x00, 0x30, 0x05, 0xb0, 0x01, 0x68, 0xff,
  0x78, 0xfe, 0x58, 0xfd, 0x00, 0xfe, 0xc8, 0xff, 0x48, 0x00, 0xe8, 0xfe,
  0x60, 0xff, 0x60, 0x01, 0xc8, 0xff, 0xa0, 0x01, 0xf0, 0x00, 0x20, 0x00,
  0xb8, 0x00, 0xb8, 0xff, 0x20, 0x00, 0x00, 0x00, 0x20, 0x00, 0xf8, 0xff,
  0x28, 0x00, 0x38, 0x01, 0x30, 0xff, 0x28, 0x00, 0x38, 0x00, 0x28, 0xfe,
  0x20, 0x01, 0xc0, 0xff, 0xb8, 0xff, 0xe0, 0xff, 0x50, 0x01, 0xa8, 0x01,
  0xe8, 0xff, 0x50, 0x00, 0x00, 0x01, 0x58, 0x00, 0x40, 0x00, 0x70, 0xff,
  0xe8, 0x00, 0x30, 0xff, 0xc0, 0xff, 0x80, 0xff, 0xe0, 0x00, 0x70, 0x01,
  0xa0, 0x00, 0xc8, 0xff, 0x58, 0xfd, 0xf0, 0xfd, 0x90, 0xff, 0xa0, 0xff,
  0x38, 0x00, 0xc8, 0xff, 0xc0, 0xff, 0xe8, 0xff, 0xa0, 0xff, 0x88, 0xfe,
  0x98, 0x00, 0x80, 0xff, 0x58, 0x00, 0x28, 0xff, 0x70, 0xff, 0x98, 0x00,
  0xd0, 0x00, 0xb0, 0xff, 0x70, 0x00, 0xf0, 0xff, 0xb8, 0xff, 0x40, 0x00,
  0x40, 0x00, 0xc0, 0x00, 0xb0, 0xff, 0xb8, 0x01, 0xf8, 0xff, 0x60, 0x00,
  0x18, 0x00, 0x70, 0xff, 0x10, 0x01, 0x00, 0xff, 0x38, 0x00, 0xd8, 0xff,
  0x08, 0x00, 0xd8, 0x00, 0x10, 0xfe, 0x38, 0xff, 0xf0, 0xfe, 0x20, 0xff,
  0x10, 0x02, 0xc0, 0xfe, 0x50, 0x02, 0xc8, 0xfd, 0xa8, 0x01, 0x08, 0x00,
  0xe8, 0xfe, 0x38, 0x01, 0x10, 0xfe, 0x18, 0x01, 0xe8, 0xff, 0xb8, 0xfd,
  0xb0, 0x01, 0xd0, 0xff, 0xe8, 0xfe, 0x00, 0x01, 0xf8, 0xfd, 0x70, 0x02,
  0x08, 0xff, 0xf8, 0xff, 0x30, 0x01, 0x60, 0xfe, 0xd0, 0x01, 0x50, 0x00,
  0xa0, 0xff, 0x60, 0x01, 0x98, 0xfd, 0x18, 0x03, 0x90, 0xfe, 0x00, 0x01,
  0x00, 0x01, 0x00, 0xfe, 0x58, 0x02, 0x78, 0xfd, 0x60, 0xff, 0x70, 0x01,
  0x80, 0xfd, 0xc8, 0x01, 0x08, 0xfe, 0x68, 0x02, 0xe8, 0xfe, 0x98, 0x00,
  0x68, 0x04, 0xf0, 0xf9, 0xb8, 0x03, 0x18, 0xfe, 0x30, 0x00, 0xc8, 0x02,
  0x88, 0xfc, 0x20, 0x03, 0x80, 0xfb, 0x28, 0x02, 0x48, 0xfd, 0x88, 0xff,
  0xa0, 0x03, 0x08, 0xfc, 0x80, 0x03, 0x78, 0xfd, 0x98, 0x02, 0x80, 0xfd,
  0x80, 0xff, 0xc8, 0xff, 0xf0, 0xfd, 0x28, 0x04, 0x18, 0xfd, 0x40, 0x04,
  0x78, 0xfe, 0xa8, 0xff, 0xc0, 0x01, 0x38, 0xfd, 0xc0, 0x02, 0xe0, 0xfd,
  0x00, 0x01, 0x40, 0x00, 0x70, 0xfe, 0xb8, 0x01, 0x20, 0x00, 0xf8, 0xff,
  0x48, 0x00, 0x80, 0xff, 0x10, 0x00, 0x88, 0xff, 0x60, 0x00, 0x00, 0x00,
  0xa0, 0xff, 0x48, 0x00, 0xc0, 0xff, 0x10, 0xfe, 0xe0, 0x00, 0xf8, 0xff,
  0x80, 0xff, 0xe0, 0x00, 0xe8, 0xfe, 0x00, 0x01, 0xa8, 0xff, 0xb0, 0xff,
  0x70, 0x02, 0xf8, 0xfd, 0x18, 0x01, 0x08, 0x02, 0x08, 0xfd, 0xf0, 0x01,
  0xc8, 0xff, 0x90, 0xfe, 0x78, 0x02, 0xb8, 0xfd, 0x70, 0x01, 0x20, 0x01,
  0x00, 0xfe, 0xb8, 0x01, 0x30, 0x00, 0x88, 0xff, 0xc8, 0xfe, 0x38, 0x02,
  0x68, 0xfe, 0xf8, 0xfe, 0xe0, 0x01, 0x08, 0xfe, 0xa0, 0x00, 0xb8, 0xff,
  0x48, 0xff, 0xc0, 0xfe, 0x88, 0xff, 0x78, 0x01, 0x98, 0xfe, 0xb8, 0xfe,
  0xd0, 0x00, 0xf0, 0xfe, 0xe0, 0x01, 0x68, 0xfd, 0x40, 0x01, 0x18, 0x01,
  0x08, 0xfe, 0x68, 0x02, 0x18, 0xff, 0xe8, 0xff, 0x50, 0xff, 0xa8, 0x00,
  0xb8, 0xfe, 0x80, 0xff, 0x90, 0x04, 0xf0, 0xf9, 0xb8, 0x04, 0x08, 0x00,
  0x38, 0xfe, 0x98, 0x01, 0x68, 0xfe, 0xa8, 0x00, 0xe8, 0xfb, 0x60, 0x06,
  0xb0, 0xfc, 0x88, 0xfd, 0x40, 0x05, 0xa8, 0xfb, 0xe0, 0x01, 0x38, 0x02,
  0xd8, 0xfe, 0x58, 0x00, 0xf8, 0xff, 0x58, 0x01, 0x10, 0xfe, 0x08, 0x01,
  0x78, 0x01, 0x48, 0xfb, 0xb0, 0x04, 0x30, 0xfe, 0x78, 0xfe, 0x88, 0x04,
  0x38, 0xfd, 0xc8, 0x00, 0x70, 0x00, 0xb8, 0x01, 0x80, 0xfd, 0xe0, 0x00,
  0x60, 0x03, 0x28, 0xfd, 0xb8, 0x00, 0x98, 0x01, 0xd8, 0xfd, 0xe8, 0xfd,
  0x20, 0x03, 0x70, 0xfc, 0x08, 0x01, 0xc0, 0x00, 0x70, 0xfe, 0x10, 0x01,
  0xe0, 0xfe, 0xe8, 0x00, 0x18, 0xfc, 0x60, 0x02, 0x68, 0xfe, 0x70, 0xfe,
  0x18, 0x03, 0x60, 0xfb, 0xa0, 0x02, 0x90, 0xff, 0x48, 0x00, 0xe8, 0xff,
  0xb8, 0xff, 0x08, 0x01, 0x38, 0xfe, 0x00, 0x05, 0x60, 0xff, 0x30, 0x00,
  0xe8, 0x01, 0x78, 0xfc, 0x30, 0x02, 0x28, 0xfe, 0xe0, 0xff, 0xc0, 0xff,
  0x88, 0x00, 0xb0, 0xff, 0xe0, 0xff, 0xa0, 0xff, 0x70, 0x01, 0x58, 0xff,
  0x48, 0x01, 0xd8, 0x01, 0x60, 0xfe, 0x50, 0x01, 0x78, 0xff, 0x90, 0xff,
  0x78, 0xff, 0xa8, 0xfe, 0x98, 0xfe, 0xd8, 0xff, 0x80, 0xff, 0x70, 0xff,
  0x50, 0x00, 0x60, 0x00, 0xb8, 0x01, 0x18, 0xff, 0x30, 0x02, 0x78, 0x01,
  0x78, 0xfe, 0x78, 0x02, 0xb8, 0xfc, 0xc8, 0x02, 0x10, 0xfe, 0xc0, 0xfe,
  0x28, 0x02, 0xd8, 0xfc, 0x80, 0x01, 0xa8, 0xff, 0xc8, 0xff, 0xd8, 0xff,
  0xd0, 0x00, 0x10, 0x00, 0xd8, 0xfe, 0xb0, 0x00, 0xc0, 0xff, 0x48, 0xff,
  0x98, 0x00, 0x10, 0x00, 0xb8, 0xff, 0xf0, 0xff, 0xa8, 0xfe, 0x38, 0x00,
  0x60, 0xfe, 0xb8, 0xfe, 0xe0, 0xfe, 0x78, 0xfe, 0x58, 0xff, 0xa0, 0x00,
  0x08, 0x00, 0xc8, 0x00, 0x38, 0x01, 0x38, 0x00, 0xd0, 0x00, 0xf8, 0xfe,
  0x40, 0x01, 0x50, 0x01, 0xa0, 0x01, 0x40, 0xff, 0x10, 0x01, 0x88, 0xff,
  0x10, 0xff, 0xc0, 0x00, 0x38, 0xff, 0xb8, 0x00, 0x40, 0x01, 0xc8, 0xff,
  0xa0, 0x00, 0xa8, 0xff, 0xc0, 0x00, 0xc0, 0xff, 0x80, 0x00, 0x00, 0x01,
  0x58, 0x01, 0x18, 0x00, 0xe8, 0xff, 0x88, 0xfe, 0x90, 0xff, 0xe8, 0xfe,
  0xc0, 0xfe, 0x70, 0x00, 0x68, 0xff, 0x10, 0x00, 0xa0, 0xff, 0x18, 0x00,
  0x10, 0xff, 0xf0, 0xff, 0xb8, 0x00, 0x98, 0xfe, 0x58, 0xff, 0x08, 0x02,
  0xa0, 0xfe, 0x28, 0x01, 0xb0, 0x00, 0xd0, 0xff, 0xe8, 0x00, 0xa0, 0xfd,
  0x00, 0x03, 0x58, 0xff, 0x18, 0x00, 0x20, 0x01, 0x88, 0xff, 0x98, 0x00,
  0xb0, 0xfe, 0xb0, 0x00, 0xa0, 0xff, 0x98, 0xff, 0xb8, 0xfe, 0x00, 0x00,
  0x28, 0xfe, 0x78, 0xff, 0xd0, 0xff, 0x78, 0xff, 0xb8, 0xff, 0xe8, 0xfe,
  0x28, 0x00, 0x20, 0x00, 0x20, 0x00, 0x08, 0x01, 0xa8, 0x00, 0x28, 0xff,
  0xf0, 0x01, 0xa8, 0xfe, 0xb0, 0x00, 0xa0, 0x01, 0xb0, 0x00, 0xb8, 0x00,
  0xe0, 0xff, 0x50, 0x00, 0x40, 0xff, 0x90, 0x01, 0x70, 0xff, 0x08, 0x01,
  0x38, 0x01, 0x10, 0xfe, 0x10, 0x01, 0xa8, 0xfe, 0xa0, 0x01, 0x78, 0xfe,
  0x98, 0x00, 0x28, 0x01, 0x58, 0xff, 0x78, 0x02, 0xb0, 0xfe, 0xe8, 0xfe,
  0xf8, 0xff, 0x08, 0xfd, 0x20, 0x00, 0xd8, 0xfd, 0x78, 0x00, 0xc0, 0xff,
  0x60, 0xff, 0xf8, 0x00, 0xc0, 0xfe, 0xc0, 0x01, 0xe0, 0xfd, 0xb0, 0x01,
  0x20, 0x00, 0xb0, 0xff, 0xa0, 0x01, 0x68, 0xfe, 0x28, 0x02, 0x68, 0x00,
  0xf0, 0xff, 0x78, 0x01, 0xd8, 0xfd, 0x40, 0x01, 0x00, 0x00, 0x78, 0xff,
  0x58, 0x01, 0xe8, 0xfe, 0x88, 0x01, 0xc8, 0xfe, 0x68, 0xfe, 0x30, 0x02,
  0xb8, 0xfd, 0x30, 0x01, 0x70, 0xff, 0xb0, 0x00, 0x40, 0x01, 0xd0, 0xfe,
  0xf0, 0x02, 0xa0, 0xfe, 0xa8, 0x00, 0x88, 0xff, 0xa8, 0xff, 0x18, 0x00,
  0xa8, 0xfe, 0x40, 0x01, 0x18, 0xff, 0xe0, 0xff, 0xd0, 0xff, 0x30, 0xff,
  0x18, 0x01, 0x70, 0xff, 0xa8, 0x00, 0xf0, 0x01, 0xa0, 0xff, 0xf0, 0xff,
  0xc8, 0x00, 0xa8, 0xfd, 0x90, 0xff, 0x50, 0xfe, 0x80, 0xfe, 0x28, 0x00,
  0x68, 0xfd, 0x88, 0x00, 0x98, 0xfd, 0x98, 0xff, 0x30, 0x01, 0x18, 0xfe,
  0x50, 0x02, 0x20, 0x00, 0x90, 0x00, 0x18, 0x01, 0x28, 0x00, 0xa8, 0x01,
  0x00, 0x00, 0x98, 0x01, 0xd8, 0x00, 0x40, 0x00, 0xa8, 0x00, 0x10, 0x01,
  0x28, 0x00, 0x78, 0x01, 0xb8, 0x00, 0x90, 0x00, 0x80, 0x00, 0x80, 0xff,
  0xb8, 0xff, 0x88, 0xff, 0xc8, 0x00, 0x88, 0xff, 0x68, 0xff, 0x18, 0x00,
  0xe8, 0xfe, 0xf0, 0xfd, 0x80, 0xfe, 0x00, 0xfd, 0x78, 0xfd, 0x50, 0xfd,
  0xb8, 0xfb, 0x18, 0xfd, 0x58, 0xfb, 0x68, 0xfd, 0xe8, 0xfd, 0x80, 0xfd,
  0xf0, 0xff, 0xe8, 0xff, 0xa8, 0x01, 0x18, 0x02, 0x18, 0x04, 0xb8, 0x04,
  0x08, 0x04, 0xb8, 0x06, 0x08, 0x05, 0x78, 0x04, 0x38, 0x05, 0x98, 0x04,
  0xa0, 0x03, 0x28, 0x03, 0xe0, 0x02, 0x78, 0x01, 0xa0, 0x00, 0xf8, 0xff,
  0xd8, 0xfe, 0xf8, 0xfe, 0x50, 0xfe, 0x98, 0xfd, 0x08, 0xfd, 0x80, 0xfc,
  0xc0, 0xfb, 0x08, 0xfb, 0xc8, 0xfb, 0xf0, 0xf9, 0x00, 0xf9, 0x90, 0xf9,
  0x90, 0xf7, 0x80, 0xf8, 0xa8, 0xf8, 0xb0, 0xf8, 0x28, 0xfa, 0x70, 0xfb,
  0x38, 0xfe, 0xb8, 0xff, 0x00, 0x04, 0x28, 0x06, 0x70, 0x09, 0xf8, 0x0c,
  0xa0, 0x0d, 0x90, 0x0f, 0xa0, 0x0f, 0x10, 0x10, 0x60, 0x0f, 0x80, 0x0c,
  0x28, 0x0b, 0x38, 0x06, 0x18, 0x03, 0x28, 0xff, 0x28, 0xfb, 0xc0, 0xf9,
  0xe8, 0xf6, 0xa0, 0xf5, 0x80, 0xf4, 0xf8, 0xf3, 0x30, 0xf4, 0x10, 0xf4,
  0x98, 0xf6, 0xf0, 0xf5, 0xd0, 0xf6, 0x88, 0xf7, 0x18, 0xf6, 0xf0, 0xf7,
  0x40, 0xf7, 0x78, 0xf9, 0x80, 0xf8, 0xa0, 0xfb, 0x08, 0x02, 0x10, 0x00,
  0xe0, 0x0b, 0x48, 0x0e, 0xb8, 0x11, 0x00, 0x18, 0x20, 0x18, 0x78, 0x1c,
  0x28, 0x1a, 0xf0, 0x18, 0x30, 0x15, 0x70, 0x0d, 0x10, 0x09, 0x30, 0x00,
  0x88, 0xfa, 0xa8, 0xf5, 0x10, 0xf0, 0x28, 0xed, 0xc0, 0xe9, 0x38, 0xec,
  0x98, 0xea, 0x78, 0xed, 0x88, 0xf1, 0xd8, 0xf0, 0x58, 0xf4, 0x68, 0xf3,
  0x90, 0xf3, 0x70, 0xf1, 0x80, 0xf1, 0x30, 0xf3, 0x10, 0xf0, 0xb0, 0xf8,
  0xa8, 0xfd, 0xd0, 0xfc, 0xb0, 0x0e, 0x10, 0x0d, 0x60, 0x14, 0xa8, 0x1a,
  0x58, 0x1d, 0x68, 0x20, 0xf0, 0x1b, 0x18, 0x1e, 0x98, 0x14, 0x50, 0x0e,
  0x28, 0x09, 0x88, 0xfe, 0xd0, 0xf8, 0xa8, 0xf2, 0x98, 0xee, 0x20, 0xe9,
  0x00, 0xeb, 0xe0, 0xec, 0x60, 0xed, 0xb8, 0xf4, 0x58, 0xf6, 0x48, 0xf9,
  0x30, 0xfb, 0xb8, 0xfa, 0x98, 0xf9, 0xe8, 0xf5, 0x48, 0xf7, 0xf0, 0xf2,
  0x60, 0xf3, 0xc0, 0x01, 0xf8, 0xf4, 0xe0, 0x04, 0x08, 0x0f, 0xd8, 0x08,
  0x20, 0x18, 0x10, 0x1a, 0x90, 0x1e, 0x58, 0x1b, 0x90, 0x1c, 0xe8, 0x19,
  0x00, 0x0d, 0xd8, 0x0e, 0xf8, 0x02, 0xe8, 0xfa, 0x70, 0xf6, 0x18, 0xf0,
  0x00, 0xeb, 0xb8, 0xe9, 0xd0, 0xed, 0x80, 0xec, 0xc8, 0xf2, 0x78, 0xf6,
  0x68, 0xf7, 0x18, 0xfd, 0xa0, 0xfa, 0xf8, 0xfb, 0x50, 0xf6, 0x28, 0xf7,
  0xc8, 0xf2, 0x90, 0xf2, 0x38, 0x04, 0xf0, 0xef, 0xd8, 0x05, 0x28, 0x0f,
  0x50, 0x04, 0x48, 0x18, 0x60, 0x19, 0xc0, 0x1c, 0xe0, 0x16, 0x90, 0x1c,
  0xa0, 0x19, 0xa0, 0x07, 0x40, 0x0f, 0xa8, 0x02, 0x00, 0xf8, 0x48, 0xf6,
  0xc8, 0xf0, 0x00, 0xeb, 0x38, 0xe9, 0x40, 0xf0, 0x98, 0xed, 0x30, 0xf3,
  0x10, 0xfa, 0xa8, 0xf8, 0x48, 0xfe, 0x60, 0xfd, 0xe0, 0xfb, 0xa0, 0xf7,
  0x88, 0xf8, 0x60, 0xf1, 0xa0, 0xfa, 0xa0, 0xff, 0x28, 0xf3, 0x78, 0x0b,
  0x48, 0x06, 0x60, 0x08, 0xf0, 0x15, 0x50, 0x16, 0x10, 0x1a, 0x20, 0x15,
  0xd0, 0x1d, 0x88, 0x13, 0x60, 0x0b, 0x30, 0x0f, 0x68, 0x00, 0xd8, 0xfa,
  0xa0, 0xf6, 0xf8, 0xf0, 0x58, 0xeb, 0xa0, 0xee, 0x08, 0xf0, 0x10, 0xf0,
  0x10, 0xf7, 0x48, 0xf9, 0xa0, 0xfa, 0xa8, 0xfc, 0xf0, 0xfc, 0x50, 0xf7,
  0xa0, 0xf6, 0x50, 0xf4, 0x40, 0xf1, 0x08, 0x01, 0xf8, 0xf2, 0xe0, 0x01,
  0x80, 0x09, 0x50, 0x04, 0x50, 0x14, 0xa0, 0x11, 0x60, 0x1a, 0x88, 0x14,
  0xc8, 0x16, 0x38, 0x18, 0x08, 0x09, 0xe0, 0x0d, 0xe8, 0x03, 0xe0, 0xfb,
  0x58, 0xf9, 0xc8, 0xf2, 0xb0, 0xef, 0x98, 0xf0, 0xb0, 0xf2, 0xc0, 0xf2,
  0xd0, 0xf8, 0x20, 0xfb, 0x98, 0xfb, 0xa8, 0xfd, 0xc8, 0xfb, 0xb8, 0xf9,
  0x28, 0xf5, 0x80, 0xf4, 0x00, 0xee, 0xe8, 0xfc, 0x90, 0xf6, 0x58, 0xf5,
  0x90, 0x09, 0x20, 0x01, 0xa0, 0x09, 0x78, 0x11, 0x38, 0x14, 0x38, 0x14,
  0xd0, 0x12, 0xf0, 0x19, 0x00, 0x0d, 0x90, 0x0a, 0x18, 0x0b, 0x00, 0xfe,
  0x60, 0xfa, 0x40, 0xf7, 0x48, 0xf1, 0x48, 0xf0, 0xa8, 0xf2, 0xa8, 0xf3,
  0x48, 0xf6, 0x00, 0xfb, 0x70, 0xfc, 0x68, 0xfd, 0x00, 0xff, 0xf8, 0xfc,
  0x30, 0xf9, 0x90, 0xf7, 0x70, 0xf1, 0x08, 0xf5, 0x50, 0x00, 0x80, 0xf2,
  0xf0, 0x01, 0x90, 0x09, 0x08, 0x03, 0x88, 0x0d, 0x10, 0x13, 0xd0, 0x13,
  0x08, 0x0e, 0xd8, 0x14, 0x60, 0x12, 0x10, 0x05, 0xe8, 0x09, 0x88, 0x03,
  0x28, 0xf9, 0x10, 0xf9, 0x30, 0xf7, 0x80, 0xf1, 0xb0, 0xf3, 0x08, 0xf9,
  0x20, 0xf6, 0xb8, 0xfa, 0xe0, 0xfe, 0xd8, 0xfd, 0xe8, 0xfe, 0xb0, 0xfe,
  0x18, 0xfb, 0x10, 0xf8, 0xb8, 0xf2, 0xd8, 0xf2, 0xe8, 0xff, 0x80, 0xf3,
  0xe8, 0xfb, 0xe0, 0x09, 0xb8, 0x00, 0xc0, 0x0a, 0x88, 0x11, 0x68, 0x13,
  0xb8, 0x0e, 0xb0, 0x12, 0x90, 0x15, 0xe8, 0x05, 0x08, 0x0a, 0x08, 0x07,
  0xc8, 0xf9, 0x30, 0xfa, 0xc0, 0xf6, 0x60, 0xf2, 0x90, 0xf1, 0x00, 0xf7,
  0x68, 0xf6, 0xa0, 0xf7, 0x78, 0xfe, 0x98, 0xfd, 0x10, 0xfe, 0xb8, 0xff,
  0x48, 0xfb, 0x78, 0xf9, 0xa8, 0xf3, 0x78, 0xf1, 0x60, 0x02, 0x18, 0xf3,
  0x40, 0xfb, 0x60, 0x0a, 0x48, 0xff, 0x20, 0x0b, 0xb8, 0x10, 0x80, 0x13,
  0x50, 0x0f, 0xc8, 0x12, 0xa0, 0x15, 0x40, 0x05, 0xe8, 0x0a, 0x00, 0x08,
  0x98, 0xf9, 0xb0, 0xfb, 0xf8, 0xf7, 0x30, 0xf2, 0x70, 0xf2, 0x80, 0xf5,
  0x08, 0xf5, 0x48, 0xf7, 0x88, 0xfc, 0xc8, 0xfc, 0x18, 0xfe, 0x90, 0xff,
  0xd8, 0xfa, 0x50, 0xfa, 0x10, 0xf3, 0xd8, 0xf2, 0x20, 0x02, 0xe8, 0xf1,
  0x50, 0xfd, 0xd0, 0x09, 0xe8, 0xfe, 0x60, 0x0c, 0x08, 0x11, 0x30, 0x13,
  0xb8, 0x0f, 0x68, 0x13, 0x28, 0x15, 0x30, 0x05, 0x78, 0x0b, 0xb0, 0x06,
  0x28, 0xf8, 0xd8, 0xfb, 0x08, 0xf6, 0x60, 0xf1, 0x48, 0xf3, 0xf0, 0xf4,
  0xa0, 0xf6, 0x38, 0xf7, 0x50, 0xfd, 0x28, 0xfd, 0x80, 0xfd, 0x78, 0xfe,
  0x48, 0xf8, 0xf8, 0xf8, 0x68, 0xee, 0xd8, 0xfa, 0x28, 0xfe, 0x18, 0xf0,
  0x58, 0x08, 0x18, 0x03, 0x30, 0x01, 0xb0, 0x10, 0x38, 0x0f, 0xd8, 0x10,
  0x90, 0x0f, 0x98, 0x15, 0xc8, 0x0d, 0x18, 0x07, 0xf8, 0x0d, 0x20, 0x00,
  0x28, 0xfb, 0xd8, 0xfc, 0xf0, 0xf3, 0x68, 0xf3, 0x88, 0xf4, 0x20, 0xf6,
  0x88, 0xf6, 0x80, 0xf9, 0xd0, 0xfe, 0xf0, 0xfa, 0x60, 0xfd, 0x60, 0xf9,
  0xc8, 0xf8, 0x20, 0xf1, 0x38, 0xf6, 0x38, 0x00, 0xe8, 0xf0, 0xe8, 0x03,
  0x78, 0x07, 0xd8, 0xfd, 0x78, 0x10, 0xd8, 0x0f, 0x58, 0x0d, 0xa0, 0x11,
  0x60, 0x14, 0xf0, 0x0d, 0xf8, 0x08, 0x18, 0x0d, 0xc8, 0x01, 0x88, 0xfb,
  0xd0, 0xfd, 0xa0, 0xf4, 0x20, 0xf2, 0xa0, 0xf5, 0x60, 0xf4, 0x30, 0xf5,
  0x70, 0xf9, 0xd8, 0xfc, 0xc0, 0xfa, 0xa8, 0xfd, 0xf8, 0xf9, 0x90, 0xf9,
  0x10, 0xf3, 0x10, 0xf7, 0x20, 0x02, 0x28, 0xf1, 0x20, 0x06, 0x98, 0x08,
  0x98, 0xff, 0x40, 0x13, 0x90, 0x0f, 0xb0, 0x0c, 0xd0, 0x12, 0xe8, 0x11,
  0xf8, 0x0a, 0x10, 0x08, 0x50, 0x09, 0xb0, 0xfd, 0xe8, 0xfa, 0xa0, 0xfb,
  0x08, 0xf3, 0x70, 0xf4, 0x70, 0xf6, 0x90, 0xf6, 0x08, 0xf9, 0xf0, 0xfa,
  0xb0, 0xfd, 0xb8, 0xfb, 0xd0, 0xf8, 0xe0, 0xfb, 0x18, 0xf3, 0x98, 0xf3,
  0xb8, 0x01, 0x68, 0xf2, 0x98, 0xfd, 0xb8, 0x09, 0x20, 0xfe, 0xe8, 0x0c,
  0xc0, 0x11, 0x20, 0x0c, 0x48, 0x11, 0x20, 0x14, 0xa0, 0x0d, 0xf0, 0x09,
  0x48, 0x0c, 0xc0, 0x02, 0x40, 0xfd, 0xa0, 0xfe, 0xe0, 0xf6, 0x10, 0xf5,
  0x68, 0xf7, 0xe8, 0xf6, 0x10, 0xf6, 0x40, 0xfc, 0xf0, 0xf9, 0x38, 0xf9,
  0x08, 0xfa, 0xe0, 0xf7, 0xd0, 0xf2, 0xa8, 0xf4, 0x00, 0x00, 0x28, 0xf2,
  0x10, 0xfe, 0xf8, 0x08, 0x18, 0xfa, 0xa0, 0x0c, 0x98, 0x10, 0x30, 0x07,
  0x88, 0x12, 0x78, 0x13, 0xb0, 0x0b, 0x18, 0x0c, 0x50, 0x0b, 0x58, 0x02,
  0xc0, 0xfd, 0xc0, 0xfd, 0x80, 0xf6, 0x18, 0xf5, 0xc8, 0xf7, 0xf0, 0xf6,
  0xe0, 0xf5, 0x60, 0xfc, 0xd0, 0xf9, 0x78, 0xf8, 0x08, 0xfa, 0x18, 0xf8,
  0x00, 0xf2, 0xe8, 0xfc, 0x38, 0xfd, 0x48, 0xf4, 0x38, 0x08, 0x80, 0x02,
  0x70, 0xff, 0x98, 0x12, 0x48, 0x0a, 0x60, 0x0a, 0xb0, 0x15, 0xa8, 0x0e,
  0x30, 0x0b, 0x68, 0x0e, 0x38, 0x07, 0x38, 0x00, 0xd0, 0xff, 0xc8, 0xfb,
  0xa8, 0xf5, 0xc0, 0xf7, 0xe0, 0xf7, 0xa8, 0xf2, 0x88, 0xf9, 0x28, 0xf9,
  0xd8, 0xf4, 0x68, 0xf9, 0x00, 0xf8, 0x40, 0xf2, 0xf8, 0xf6, 0x98, 0x00,
  0x40, 0xf5, 0xd0, 0xfe, 0x68, 0x0a, 0x10, 0xfd, 0x90, 0x0a, 0x30, 0x12,
  0xd0, 0x05, 0x20, 0x11, 0xc0, 0x12, 0x10, 0x08, 0x40, 0x0d, 0x58, 0x0a,
  0xa8, 0x01, 0xd8, 0x01, 0xe8, 0xff, 0x20, 0xf8, 0xc0, 0xf8, 0x00, 0xf8,
  0x70, 0xf3, 0x98, 0xf6, 0x78, 0xf7, 0x00, 0xf5, 0x00, 0xf6, 0x00, 0xf8,
  0xd0, 0xf4, 0xe0, 0xf5, 0x78, 0x00, 0x30, 0xfb, 0x08, 0xfd, 0xa0, 0x09,
  0x48, 0x03, 0xb8, 0x06, 0xe0, 0x10, 0x00, 0x09, 0x40, 0x0c, 0x38, 0x11,
  0x60, 0x08, 0x68, 0x09, 0x68, 0x0a, 0x80, 0x00, 0x40, 0x00, 0x10, 0x00,
  0xc8, 0xf7, 0xd8, 0xf8, 0x28, 0xf9, 0x88, 0xf4, 0xb0, 0xf8, 0x18, 0xfa,
  0x80, 0xf7, 0x18, 0xfb, 0xc8, 0xfb, 0x38, 0xfa, 0x70, 0xfc, 0x48, 0xfe,
  0xd8, 0xfe, 0x00, 0xff, 0xd8, 0x02, 0x80, 0x03, 0x18, 0x03, 0xa0, 0x07,
  0x70, 0x06, 0x90, 0x05, 0xf8, 0x08, 0xd0, 0x05, 0x98, 0x04, 0x70, 0x06,
  0xe8, 0x01, 0x88, 0x00, 0x68, 0x01, 0x00, 0xfd, 0x88, 0xfc, 0x28, 0xfd,
  0x28, 0xfb, 0xf8, 0xfb, 0x18, 0xfd, 0x30, 0xfc, 0xd0, 0xfc, 0x38, 0xfd,
  0x80, 0xfc, 0x50, 0xfd, 0xb0, 0xfc, 0xe8, 0xfd, 0x00, 0xff, 0x48, 0xff,
  0x58, 0x00, 0x40, 0x00, 0xd0, 0x01, 0x50, 0x02, 0x98, 0x01, 0xb0, 0x03,
  0xf8, 0x02, 0x20, 0x02, 0xa8, 0x03, 0x00, 0x02, 0x48, 0x01, 0x08, 0x02,
  0xc0, 0x00, 0xf8, 0xff, 0x40, 0x00, 0x50, 0xff, 0x80, 0xfe, 0xd8, 0xfe,
  0x68, 0xfe, 0xf0, 0xfd, 0xd8, 0xfd, 0x30, 0xfd, 0x38, 0xfd, 0xd0, 0xfd,
  0x28, 0xfe, 0xb8, 0xfd, 0x08, 0xfe, 0x10, 0xff, 0x48, 0xff, 0xc0, 0xff,
  0xb0, 0x00, 0xd8, 0x00, 0x50, 0x01, 0xe0, 0x01, 0xb8, 0x01, 0x00, 0x02,
  0x08, 0x02, 0x08, 0x01, 0x58, 0x01, 0xf0, 0x00, 0xf0, 0xff, 0x60, 0x00,
  0xd8, 0xff, 0x20, 0xff, 0x58, 0x00, 0x98, 0xff, 0xd8, 0xfe, 0xf8, 0xff,
  0x48, 0xff, 0x38, 0xff, 0xa0, 0xff, 0x40, 0xff, 0x48, 0xff, 0xd0, 0xff,
  0x00, 0x00, 0xe0, 0xff, 0x60, 0x00, 0x98, 0x00, 0x68, 0x00, 0xd0, 0x00,
  0xe0, 0x00, 0xb0, 0x00, 0xa8, 0x00, 0x08, 0x00, 0x18, 0x00, 0xe0, 0xff,
  0x58, 0xff, 0xb8, 0xff, 0xe0, 0xff, 0xb8, 0xff, 0x60, 0x00, 0x20, 0x00,
  0x38, 0x00, 0x98, 0x00, 0x08, 0x00, 0x50, 0x00, 0xc0, 0x00, 0xa0, 0xff,
  0x48, 0x00, 0x60, 0x00, 0xf8, 0xfe, 0xd0, 0xff, 0x20, 0x00, 0x00, 0xff,
  0xf8, 0xff, 0x38, 0x00, 0x18, 0x00, 0x98, 0x00, 0x90, 0x00, 0x88, 0x00,
  0xa8, 0x00, 0x10, 0x00, 0x08, 0x00, 0x18, 0x00, 0x90, 0xff, 0x30, 0xff,
  0x78, 0xff, 0x38, 0xff, 0x08, 0xff, 0xb0, 0xff, 0xe0, 0xff, 0x18, 0x00,
  0xa0, 0x00, 0x68, 0x00, 0x98, 0x00, 0xa8, 0x00, 0x18, 0x00, 0x90, 0x00,
  0x60, 0x00, 0x18, 0xff, 0xe0, 0xfe, 0xb0, 0xfe, 0x18, 0xfe, 0xf0, 0xfe,
  0x70, 0xff, 0x60, 0xff, 0x38, 0x00, 0x20, 0x01, 0xf0, 0x00, 0x30, 0x01,
  0xa8, 0x01, 0x40, 0x01, 0x30, 0x01, 0xc8, 0x00, 0x68, 0x00, 0x28, 0x00,
  0x88, 0xff, 0x60, 0xff, 0x30, 0xff, 0x50, 0xff, 0x98, 0xff, 0xc8, 0xff,
  0x20, 0x00, 0x30, 0x00, 0x18, 0x00, 0x40, 0x00, 0x10, 0x00, 0x88, 0xff,
  0x90, 0xff, 0x70, 0xff, 0x88, 0xfe, 0x38, 0xfe, 0xb8, 0xfe, 0xe0, 0xfe,
  0xb8, 0xff, 0x88, 0x00, 0xa0, 0x00, 0x30, 0x01, 0xd8, 0x01, 0x90, 0x01,
  0x68, 0x01, 0x00, 0x02, 0x80, 0x01, 0xe8, 0x00, 0x80, 0x00, 0x30, 0x00,
  0x98, 0xff, 0x00, 0xff, 0xf8, 0xfe, 0x98, 0xfe, 0x80, 0xfe, 0xf8, 0xfe,
  0x28, 0xff, 0x40, 0xff, 0x40, 0xff, 0x68, 0xff, 0x78, 0xff, 0x50, 0xff,
  0x30, 0xff, 0x58, 0xff, 0x48, 0xff, 0xc8, 0xfe, 0x60, 0xff, 0x90, 0xff,
  0x00, 0x00, 0x28, 0x01, 0x40, 0x01, 0x88, 0x01, 0x30, 0x02, 0x28, 0x02,
  0xd8, 0x01, 0xe0, 0x01, 0x88, 0x01, 0xb8, 0x00, 0x88, 0x00, 0x50, 0x00,
  0x90, 0xff, 0x28, 0xff, 0x18, 0xff, 0xb0, 0xfe, 0x90, 0xfe, 0xf0, 0xfe,
  0xc8, 0xfe, 0xd8, 0xfe, 0xf0, 0xfe, 0x08, 0xff, 0x40, 0xff, 0x88, 0xff,
  0x80, 0xff, 0xb8, 0xff, 0xc0, 0xff, 0x38, 0xff, 0xc0, 0xff, 0xf8, 0xff,
  0x48, 0x00, 0x38, 0x01, 0x80, 0x01, 0xa0, 0x01, 0x10, 0x02, 0x40, 0x02,
  0x70, 0x01, 0x28, 0x01, 0xf8, 0x00, 0x30, 0x00, 0xc0, 0xff, 0x78, 0xff,
  0x10, 0xff, 0xd0, 0xfe, 0xe0, 0xfe, 0x20, 0xff, 0x18, 0xff, 0x48, 0xff,
  0x70, 0xff, 0x88, 0xff, 0xc8, 0xff, 0x28, 0x00, 0x30, 0x00, 0x00, 0x00,
  0xa0, 0xff, 0x90, 0xff, 0x98, 0xff, 0x90, 0xff, 0xe8, 0xff, 0x38, 0x00,
  0x68, 0x00, 0xb8, 0x00, 0x40, 0x01, 0xc8, 0x00, 0xa8, 0x00, 0xc0, 0x00,
  0x68, 0x00, 0xd8, 0xff, 0xb0, 0xff, 0x88, 0xff, 0x38, 0xff, 0x50, 0xff,
  0x60, 0xff, 0x68, 0xff, 0xa0, 0xff, 0xb8, 0xff, 0x28, 0x00, 0x58, 0x00,
  0x60, 0x00, 0x70, 0x00, 0x68, 0x00, 0x68, 0x00, 0x58, 0x00, 0x38, 0x00,
  0x20, 0x00, 0x08, 0x00, 0xe0, 0xff, 0xd0, 0xff, 0xc0, 0xff, 0xb8, 0xff,
  0xc0, 0xff, 0xc0, 0xff, 0xc8, 0xff, 0x28, 0x00, 0x68, 0xff, 0xc0, 0xff,
  0x08, 0x00, 0x38, 0xff, 0x98, 0xff, 0xc0, 0xff, 0x78, 0xff, 0xf0, 0xff,
  0xa0, 0x00, 0x28, 0x00, 0x40, 0x00, 0xa8, 0x00, 0x38, 0x00, 0x40, 0x00,
  0x88, 0x00, 0x40, 0x00, 0xc8, 0xff, 0x08, 0x00, 0x18, 0x00, 0x20, 0x00,
  0x40, 0x00, 0x10, 0x00, 0xd0, 0xff, 0xc0, 0xff, 0x70, 0xff, 0x70, 0xff,
  0x98, 0xff, 0x78, 0xff, 0xf8, 0xff, 0x00, 0x00, 0xb0, 0xff, 0xa8, 0xff,
  0xc8, 0xff, 0x20, 0x00, 0x08, 0x00, 0x40, 0x00, 0x48, 0x00, 0x48, 0x00,
  0xa0, 0x00, 0x70, 0x00, 0x68, 0x00, 0xf8, 0x00, 0x70, 0x00, 0x20, 0x00,
  0x50, 0x00, 0x70, 0x00, 0x30, 0x00, 0x20, 0x00, 0x30, 0x00, 0xa8, 0xff,
  0xf8, 0xff, 0x90, 0xff, 0xb8, 0xfe, 0x10, 0xff, 0x30, 0xff, 0x10, 0xff,
  0x48, 0xff, 0x68, 0xff, 0x50, 0xff, 0x70, 0xff, 0xb0, 0xff, 0xc8, 0xff,
  0x40, 0x00, 0x68, 0x00, 0x68, 0x00, 0x98, 0x00, 0xb0, 0x00, 0x78, 0x00,
  0x68, 0x00, 0xa0, 0x00, 0xc0, 0x00, 0x38, 0x01, 0xf0, 0x00, 0x98, 0x00,
  0x48, 0x00, 0xe8, 0xff, 0xd0, 0xff, 0xc0, 0xff, 0xb0, 0xff, 0xc0, 0xff,
  0x68, 0xff, 0xe0, 0xfe, 0xf0, 0xfe, 0xb0, 0xfe, 0xd0, 0xfe, 0x38, 0xff,
  0x58, 0xff, 0x90, 0xff, 0x60, 0xff, 0xd8, 0xff, 0x88, 0x00, 0xc8, 0x00,
  0xf0, 0x00, 0xf8, 0x00, 0xf8, 0x00, 0x90, 0x00, 0x98, 0x00, 0x30, 0x00,
  0x48, 0x00, 0xa0, 0x00, 0x48, 0x00, 0x70, 0x00, 0x28, 0x00, 0x10, 0x00,
  0xf8, 0xff, 0xd0, 0xff, 0xd8, 0xff, 0xc0, 0xff, 0xa8, 0xff, 0x78, 0xff,
  0x80, 0xff, 0xa0, 0xff, 0x28, 0xff, 0x48, 0xff, 0x90, 0xff, 0xb8, 0xff,
  0xd8, 0xff, 0x38, 0x00, 0x70, 0x00, 0x60, 0x00, 0x80, 0x00, 0x80, 0x00,
  0x60, 0x00, 0x60, 0x00, 0x08, 0x00, 0xe0, 0xff, 0x48, 0x00, 0x48, 0x00,
  0x18, 0x00, 0x38, 0x00, 0x40, 0x00, 0x20, 0x00, 0x28, 0x00, 0x50, 0x00,
  0xf0, 0xff, 0xe0, 0xff, 0xc0, 0xff, 0x88, 0xff, 0xa0, 0xff, 0x70, 0xff,
  0x28, 0xff, 0x58, 0xff, 0xa0, 0xff, 0x78, 0xff, 0x98, 0xff, 0x28, 0x00,
  0x60, 0x00, 0x68, 0x00, 0x80, 0x00, 0x30, 0x00, 0x18, 0x00, 0x30, 0x00,
  0xe0, 0xff, 0xb8, 0xff, 0x18, 0x00, 0xf0, 0xff, 0xc8, 0xff, 0x50, 0x00,
  0x60, 0x00, 0x58, 0x00, 0x78, 0x00, 0x80, 0x00, 0x88, 0x00, 0xa0, 0x00,
  0x70, 0x00, 0x18, 0x00, 0x08, 0x00, 0xc0, 0xff, 0x58, 0xff, 0x58, 0xff,
  0x68, 0xff, 0x90, 0xff, 0x90, 0xff, 0xd8, 0xff, 0x10, 0x00, 0x08, 0x00,
  0x10, 0x00, 0xe0, 0xff, 0x98, 0xff, 0xa8, 0xff, 0xa0, 0xff, 0x98, 0xff,
  0x70, 0xff, 0x60, 0xff, 0xb0, 0xff, 0xf8, 0xff, 0xc8, 0xff, 0xb8, 0xff,
  0x70, 0x00, 0xc0, 0x00, 0x08, 0x01, 0x20, 0x01, 0xe8, 0x00, 0xe8, 0x00,
  0x90, 0x00, 0x58, 0x00, 0x68, 0x00, 0x30, 0x00, 0xe8, 0xff, 0x90, 0xff,
  0x68, 0xff, 0x58, 0xff, 0x70, 0xff, 0x88, 0xff, 0xa0, 0xff, 0x98, 0xff,
  0xa8, 0xff, 0xc8, 0xff, 0xc0, 0xff, 0xa0, 0xff, 0xc8, 0xff, 0xd8, 0xff,
  0xc0, 0xff, 0xb8, 0xff, 0xc0, 0xff, 0xd8, 0xff, 0xf8, 0xff, 0x48, 0x00,
  0x80, 0x00, 0xc0, 0x00, 0xc8, 0x00, 0xa8, 0x00, 0xa8, 0x00, 0xd0, 0x00,
  0xa8, 0x00, 0x58, 0x00, 0x28, 0x00, 0xe8, 0xff, 0x98, 0xff, 0x80, 0xff,
  0x78, 0xff, 0x78, 0xff, 0x88, 0xff, 0x98, 0xff, 0x58, 0xff, 0x60, 0xff,
  0x70, 0xff, 0x28, 0xff, 0x48, 0xff, 0x88, 0xff, 0xb0, 0xff, 0xc8, 0xff,
  0x18, 0x00, 0x38, 0x00, 0x08, 0x00, 0x40, 0x00, 0x80, 0x00, 0xa8, 0x00,
  0xf0, 0x00, 0xf0, 0x00, 0x88, 0x00, 0x80, 0x00, 0x98, 0x00, 0x60, 0x00,
  0x38, 0x00, 0x20, 0x00, 0xa0, 0xff, 0x68, 0xff, 0xc0, 0xff, 0xf8, 0xff,
  0x28, 0x00, 0xf8, 0xff, 0xd0, 0xff, 0xe0, 0xff, 0x20, 0x00, 0x18, 0x00,
  0xb0, 0xff, 0xa8, 0xff, 0x90, 0xff, 0x88, 0xff, 0x00, 0x00, 0x10, 0x00,
  0x38, 0x00, 0x68, 0x00, 0x40, 0x00, 0x20, 0x00, 0x10, 0x00, 0x20, 0x00,
  0x18, 0x00, 0x30, 0x00, 0x28, 0x00, 0xe8, 0xff, 0xe8, 0xff, 0xb0, 0xff,
  0x98, 0xff, 0xb8, 0xff, 0xb8, 0xff, 0xa8, 0xff, 0xa8, 0xff, 0xd8, 0xff,
  0xf8, 0xff, 0x20, 0x00, 0xd0, 0xff, 0xc0, 0xff, 0xf8, 0xff, 0x08, 0x00,
  0x08, 0x00, 0xf0, 0xff, 0x80, 0xff, 0x68, 0xff, 0xa0, 0xff, 0x58, 0xff,
  0xb8, 0xff, 0x20, 0x00, 0x28, 0x00, 0x78, 0x00, 0x78, 0x00, 0x68, 0x00,
  0x58, 0x00, 0xa0, 0x00, 0xa8, 0x00, 0x80, 0x00, 0x88, 0x00, 0x38, 0x00,
  0x18, 0x00, 0x30, 0x00, 0xe0, 0xff, 0xd0, 0xff, 0x08, 0x00, 0x18, 0x00,
  0xd8, 0xff, 0x10, 0x00, 0x18, 0x00, 0x10, 0x00, 0xf8, 0xff, 0x98, 0xff,
  0xb8, 0xff, 0x68, 0xff, 0x90, 0xff, 0x98, 0xff, 0xb0, 0xff, 0x60, 0xff,
  0x58, 0xff, 0x98, 0xff, 0x60, 0xff, 0xf0, 0xff, 0x38, 0x00, 0x58, 0x00,
  0x50, 0x00, 0x30, 0x00, 0x90, 0x00, 0xc8, 0x00, 0x38, 0xff, 0xe8, 0xff,
  0xf8, 0xff, 0xe8, 0xff, 0x38, 0x00, 0x08, 0x00, 0x00, 0x00, 0x18, 0x00,
  0xb0, 0x00, 0xe0, 0x01, 0x28, 0x01, 0xf0, 0x03, 0x78, 0x03, 0xa8, 0x00,
  0x10, 0x00, 0x38, 0xfe, 0xb8, 0xfe, 0x18, 0xfe, 0x40, 0xfe, 0xb0, 0xfc,
  0xd0, 0xfc, 0x38, 0xfd, 0x18, 0xfe, 0xa8, 0xfe, 0x30, 0xff, 0x58, 0x00,
  0xa0, 0x00, 0x50, 0x01, 0x60, 0x01, 0x98, 0x01, 0xf8, 0x01, 0x40, 0x00,
  0x30, 0x02, 0xf0, 0xff, 0x10, 0x00, 0xf8, 0xff, 0x88, 0xff, 0xe0, 0x00,
  0x88, 0xff, 0x20, 0x00, 0xa8, 0xff, 0xc0, 0xff, 0x08, 0x00, 0xb0, 0xff,
  0x20, 0xff, 0x68, 0x00, 0xa0, 0xff, 0x18, 0x00, 0x08, 0x00, 0x10, 0x00,
  0x58, 0x00, 0x00, 0x00, 0x70, 0x00, 0x20, 0x00, 0xa0, 0x00, 0xa0, 0x00,
  0x78, 0xff, 0x88, 0x02, 0x98, 0xff, 0xa0, 0xfe, 0x40, 0x00, 0x10, 0xff,
  0xb0, 0xff, 0x60, 0x00, 0xe8, 0xff, 0x50, 0xff, 0x88, 0x00, 0x48, 0x00,
  0x28, 0x00, 0x00, 0x00, 0x10, 0x00, 0x18, 0x00, 0xd8, 0xff, 0x18, 0x00,
  0xb0, 0xff, 0xf8, 0xff, 0x00, 0x00, 0xa8, 0xff, 0xc8, 0xff, 0xc0, 0xff,
  0xd0, 0xff, 0x00, 0x00, 0x78, 0x00, 0x18, 0x00, 0x18, 0x00, 0x08, 0x00,
  0x78, 0xff, 0xc0, 0xff, 0x88, 0xff, 0xe0, 0xff, 0xa8, 0xff, 0xb0, 0xff,
  0xd8, 0xff, 0xc0, 0xff, 0x98, 0x00, 0x80, 0xff, 0x20, 0x00, 0xf8, 0xff,
  0x88, 0xff, 0x00, 0x00, 0xa8, 0xff, 0x78, 0x00, 0xc0, 0xff, 0xb8, 0xff,
  0x38, 0x00, 0xc8, 0xff, 0x28, 0x00, 0x38, 0x00, 0x88, 0xff, 0x78, 0x00,
  0x30, 0x00, 0xb0, 0xff, 0x90, 0x00, 0x08, 0x00, 0x38, 0x00, 0xa0, 0x00,
  0x90, 0xff, 0x10, 0x00, 0x10, 0x00, 0xe8, 0xff, 0xc8, 0xff, 0xc8, 0xff,
  0x08, 0x00, 0xd0, 0xff, 0xe8, 0xff, 0x00, 0x00, 0x00, 0x00, 0x08, 0x00,
  0x00, 0x00, 0x18, 0x00, 0x10, 0x00, 0x10, 0x00, 0x08, 0x00, 0x08, 0x00,
  0x08, 0x00, 0x00, 0x00, 0x00, 0x00, 0x00, 0x00, 0x58, 0xff, 0xe8, 0xff,
  0xf8, 0xff, 0x28, 0xff, 0x68, 0x00, 0x10, 0x00, 0x58, 0xff, 0x10, 0x00,
  0x40, 0x00, 0x20, 0x00, 0x88, 0x00, 0x50, 0x00, 0xf8, 0x00, 0x68, 0x00,
  0xb0, 0xff, 0x50, 0x00, 0x80, 0xff, 0x50, 0x00, 0x98, 0xff, 0x70, 0xff,
  0x38, 0x00, 0x68, 0x00, 0x40, 0xff, 0x40, 0x00, 0x40, 0x00, 0x98, 0xff,
  0xd8, 0xff, 0x18, 0x00, 0xd8, 0xff, 0x68, 0xff, 0x20, 0x00, 0xe0, 0xff,
  0xb0, 0xff, 0x88, 0x00, 0x18, 0x00, 0xc8, 0x00, 0x58, 0x00, 0x60, 0x00,
  0xa0, 0x00, 0xe0, 0xff, 0x80, 0x00, 0xc0, 0xff, 0xd8, 0xff, 0x10, 0x00,
  0x90, 0xff, 0xb8, 0xff, 0xe8, 0xff, 0xa8, 0xff, 0xe0, 0xff, 0xc8, 0xff,
  0xb8, 0xff, 0x60, 0xff, 0x00, 0x00, 0xc0, 0xff, 0x70, 0xff, 0x38, 0x00,
  0xe0, 0xff, 0x60, 0xff, 0x08, 0x00, 0x48, 0x00, 0x88, 0xff, 0x20, 0x00,
  0x88, 0x00, 0x50, 0x00, 0x50, 0x00, 0x50, 0x00, 0xb8, 0x00, 0x10, 0x00,
  0x18, 0x00, 0x68, 0x00, 0xe0, 0xff, 0xf0, 0xff, 0xe8, 0xff, 0xe0, 0xff,
  0xf0, 0xff, 0xb8, 0xff, 0xd8, 0xff, 0xf8, 0xff, 0xa8, 0x01, 0x88, 0xff,
  0x50, 0x01, 0x20, 0x05, 0xd8, 0xfd, 0xe0, 0xfd, 0x58, 0x03, 0xb8, 0xff,
  0x98, 0xfb, 0x38, 0xfd, 0xa0, 0x01, 0x18, 0xfc, 0xe0, 0xf9, 0xd8, 0x00,
  0x28, 0x01, 0xc8, 0xfc, 0xa8, 0x00, 0xe0, 0x03, 0x40, 0x01, 0x18, 0x00,
  0xf0, 0x02, 0x90, 0x04, 0xe8, 0xff, 0xe0, 0xff, 0x38, 0x03, 0xe0, 0x02,
  0x30, 0xfc, 0xb8, 0x01, 0x40, 0x04, 0xa8, 0xfd, 0x48, 0xfd, 0x48, 0x02,
  0xe8, 0x00, 0x58, 0xfb, 0x28, 0xfe, 0xf0, 0x01, 0x30, 0xfd, 0x80, 0xfb,
  0xc0, 0x00, 0xc8, 0x00, 0xf0, 0xfc, 0x60, 0xff, 0xf0, 0x00, 0x98, 0xfe,
  0xf0, 0xfe, 0x80, 0x00, 0xd8, 0x00, 0x50, 0xff, 0x58, 0x01, 0xc8, 0x01,
  0x28, 0x01, 0xe8, 0xff, 0x00, 0x03, 0x58, 0x02, 0xe0, 0xff, 0xe8, 0x01,
  0xa8, 0x01, 0xd0, 0xff, 0xe8, 0xfe, 0xb8, 0xff, 0x68, 0xfe, 0x28, 0xfd,
  0x60, 0xfe, 0x88, 0xfc, 0xb8, 0xfd, 0xb0, 0xfc, 0xf8, 0xfc, 0x30, 0xff,
  0x60, 0xfe, 0x10, 0x00, 0x98, 0x01, 0xc8, 0x02, 0xf0, 0x03, 0x20, 0x04,
  0x20, 0x04, 0xc8, 0x05, 0x80, 0x05, 0xe0, 0x03, 0xd8, 0x04, 0x18, 0x03,
  0x80, 0x00, 0x98, 0xff, 0xa0, 0xfd, 0x80, 0xf9, 0xf8, 0xf7, 0x78, 0xf7,
  0x70, 0xf5, 0x78, 0xf5, 0x38, 0xf6, 0x10, 0xf9, 0x28, 0xfb, 0x50, 0xfd,
  0xa0, 0x01, 0x48, 0x04, 0xb0, 0x08, 0x30, 0x0c, 0x48, 0x0d, 0x68, 0x0e,
  0x98, 0x0e, 0x18, 0x0d, 0x20, 0x0a, 0x60, 0x07, 0xe0, 0x03, 0xc8, 0xfe,
  0x00, 0xfb, 0x88, 0xf6, 0xe0, 0xf1, 0x70, 0xef, 0x40, 0xed, 0x48, 0xeb,
  0x70, 0xec, 0x90, 0xee, 0xc8, 0xf3, 0xb8, 0xf8, 0x10, 0xfe, 0x28, 0x06,
  0x50, 0x0b, 0xb0, 0x10, 0x88, 0x15, 0x90, 0x17, 0xc8, 0x18, 0x30, 0x17,
  0x48, 0x14, 0xf8, 0x0f, 0x68, 0x09, 0x40, 0x03, 0x48, 0xfc, 0x90, 0xf5,
  0xe0, 0xef, 0xa0, 0xea, 0xe8, 0xe7, 0x90, 0xe6, 0x70, 0xe6, 0xa0, 0xe9,
  0xc0, 0xec, 0x48, 0xf4, 0xb8, 0xf9, 0x68, 0xff, 0x08, 0x0a, 0x60, 0x0e,
  0x00, 0x13, 0xe8, 0x19, 0x20, 0x19, 0x60, 0x19, 0x98, 0x18, 0x68, 0x14,
  0xb0, 0x0f, 0xd0, 0x08, 0xa0, 0x03, 0x88, 0xfc, 0xb0, 0xf4, 0x50, 0xf2,
  0xe0, 0xeb, 0x40, 0xe6, 0xc0, 0xe8, 0xc8, 0xe6, 0x08, 0xe7, 0x38, 0xec,
  0xb0, 0xf1, 0x70, 0xf8, 0x50, 0xfc, 0xf8, 0x05, 0x98, 0x0e, 0x70, 0x0f,
  0x10, 0x17, 0x90, 0x1b, 0xb8, 0x17, 0x88, 0x18, 0x80, 0x16, 0xd0, 0x10,
  0xd0, 0x0b, 0xc8, 0x04, 0xa0, 0xff, 0x28, 0xf8, 0x60, 0xf1, 0xf8, 0xef,
  0x70, 0xe9, 0xe8, 0xe5, 0x30, 0xe9, 0xc0, 0xe6, 0x58, 0xe8, 0xd0, 0xef,
  0x68, 0xf5, 0xe0, 0xf9, 0x00, 0x01, 0xe0, 0x0a, 0xd0, 0x0e, 0xc8, 0x11,
  0x68, 0x19, 0x50, 0x19, 0x10, 0x16, 0xe8, 0x16, 0xc0, 0x12, 0x30, 0x0c,
  0xb8, 0x07, 0x50, 0x01, 0x08, 0xfb, 0xc0, 0xf4, 0xa0, 0xf0, 0x28, 0xee,
  0x20, 0xe9, 0x90, 0xe9, 0x40, 0xeb, 0x18, 0xea, 0xd0, 0xed, 0x58, 0xf4,
  0x98, 0xf9, 0x98, 0xfd, 0x18, 0x05, 0x58, 0x0d, 0x08, 0x0f, 0x50, 0x13,
  0xe8, 0x18, 0x58, 0x16, 0xa0, 0x14, 0x50, 0x14, 0x18, 0x0f, 0xa8, 0x09,
  0xe0, 0x04, 0x58, 0xff, 0xb0, 0xf9, 0x18, 0xf4, 0xb8, 0xf1, 0xa0, 0xee,
  0xe8, 0xea, 0x88, 0xec, 0x20, 0xec, 0xa8, 0xeb, 0xd8, 0xef, 0x70, 0xf4,
  0x70, 0xf9, 0x90, 0xfc, 0xe8, 0x03, 0xe0, 0x0b, 0x70, 0x0c, 0x88, 0x12,
  0xe0, 0x17, 0x48, 0x14, 0x60, 0x15, 0x00, 0x15, 0x50, 0x0f, 0x10, 0x0c,
  0x70, 0x06, 0x90, 0x01, 0x50, 0xfc, 0xc8, 0xf5, 0x58, 0xf4, 0xd8, 0xef,
  0xc0, 0xeb, 0x58, 0xee, 0x08, 0xec, 0xb0, 0xeb, 0x98, 0xf0, 0x28, 0xf4,
  0x70, 0xf9, 0x20, 0xfc, 0xb8, 0x03, 0x58, 0x0b, 0xe8, 0x0a, 0x10, 0x12,
  0xf8, 0x16, 0xf0, 0x12, 0x60, 0x15, 0xb8, 0x14, 0xb8, 0x0e, 0x68, 0x0c,
  0xe8, 0x06, 0x40, 0x01, 0x98, 0xfc, 0x30, 0xf6, 0xc0, 0xf3, 0x98, 0xef,
  0xb8, 0xeb, 0x98, 0xed, 0xa0, 0xeb, 0xa8, 0xeb, 0xd8, 0xef, 0x88, 0xf2,
  0x68, 0xf8, 0x38, 0xfb, 0xd0, 0x00, 0x70, 0x09, 0xd8, 0x09, 0x68, 0x0f,
  0x90, 0x15, 0xa0, 0x12, 0x68, 0x14, 0xc8, 0x14, 0x90, 0x0f, 0x20, 0x0d,
  0x90, 0x08, 0x90, 0x02, 0x38, 0xfe, 0x20, 0xf8, 0xa8, 0xf4, 0x28, 0xf1,
  0xc8, 0xec, 0xa0, 0xed, 0xc8, 0xec, 0xc0, 0xeb, 0x78, 0xef, 0xd8, 0xf0,
  0xc0, 0xf6, 0xa0, 0xfb, 0x00, 0xfd, 0xf8, 0x06, 0xd0, 0x0a, 0x90, 0x0b,
  0x30, 0x14, 0x70, 0x14, 0xe8, 0x12, 0xc0, 0x15, 0x00, 0x12, 0x38, 0x0e,
  0xa8, 0x0a, 0x28, 0x05, 0x70, 0x00, 0x58, 0xfa, 0x30, 0xf6, 0x48, 0xf3,
  0x50, 0xee, 0x78, 0xed, 0x10, 0xee, 0x60, 0xec, 0x60, 0xee, 0xb0, 0xf0,
  0xc0, 0xf4, 0x88, 0xfa, 0x28, 0xfc, 0xb0, 0x03, 0x20, 0x0a, 0x28, 0x0b,
  0xd8, 0x11, 0x90, 0x14, 0x50, 0x13, 0xe8, 0x14, 0xb8, 0x12, 0x98, 0x0f,
  0xd8, 0x0a, 0x68, 0x06, 0x08, 0x03, 0x90, 0xfb, 0x38, 0xf8, 0xd0, 0xf5,
  0x38, 0xf0, 0x40, 0xef, 0xf0, 0xee, 0x20, 0xee, 0x48, 0xef, 0x10, 0xf1,
  0x90, 0xf2, 0x68, 0xf7, 0x98, 0xfc, 0x98, 0xfd, 0x38, 0x04, 0x58, 0x0a,
  0xc8, 0x0a, 0x68, 0x10, 0xf0, 0x12, 0x58, 0x11, 0x90, 0x12, 0x88, 0x10,
  0xe0, 0x0d, 0xf0, 0x08, 0xe0, 0x04, 0x98, 0x02, 0xd8, 0xfa, 0x10, 0xf8,
  0xa0, 0xf6, 0xa8, 0xf0, 0x30, 0xf0, 0x48, 0xf0, 0x18, 0xef, 0x88, 0xf0,
  0x10, 0xf2, 0x50, 0xf3, 0xa0, 0xf7, 0xb8, 0xfc, 0x30, 0xfe, 0xc0, 0x03,
  0x88, 0x09, 0x20, 0x0b, 0x48, 0x0f, 0x80, 0x11, 0xa0, 0x10, 0x98, 0x10,
  0xb8, 0x0e, 0xc8, 0x0b, 0xd0, 0x07, 0x18, 0x04, 0x50, 0x00, 0x58, 0xfb,
  0x80, 0xf8, 0xa8, 0xf5, 0x20, 0xf2, 0x58, 0xf1, 0xc0, 0xf1, 0xf0, 0xf0,
  0x78, 0xf2, 0x60, 0xf5, 0xf8, 0xf5, 0x18, 0xfa, 0xa0, 0xfe, 0xa0, 0xff,
  0x58, 0x04, 0x48, 0x08, 0xc0, 0x09, 0xe0, 0x0c, 0xd0, 0x0d, 0x80, 0x0d,
  0x00, 0x0d, 0x58, 0x0b, 0x68, 0x09, 0x40, 0x06, 0xa8, 0x03, 0x88, 0x00,
  0xf0, 0xfc, 0xf8, 0xfa, 0x50, 0xf8, 0xe8, 0xf5, 0xd8, 0xf5, 0x50, 0xf5,
  0xe0, 0xf4, 0x60, 0xf6, 0xb0, 0xf7, 0x20, 0xf8, 0x60, 0xfb, 0x30, 0xfe,
  0xf0, 0xfe, 0x58, 0x02, 0xb8, 0x05, 0x60, 0x06, 0xc0, 0x08, 0xc0, 0x0a,
  0xc0, 0x09, 0xb0, 0x09, 0xa8, 0x09, 0xa0, 0x07, 0xf0, 0x05, 0x70, 0x04,
  0x90, 0x01, 0x58, 0xff, 0x08, 0xfd, 0xc0, 0xfa, 0xc8, 0xf8, 0xa8, 0xf7,
  0x38, 0xf7, 0x48, 0xf6, 0x80, 0xf7, 0x70, 0xf8, 0x40, 0xf8, 0x98, 0xfb,
  0x38, 0xfd, 0xc8, 0xfd, 0x90, 0x00, 0x00, 0x03, 0xe8, 0x03, 0xa8, 0x05,
  0x88, 0x07, 0xc0, 0x07, 0x38, 0x08, 0x18, 0x08, 0xf0, 0x06, 0x28, 0x06,
  0x20, 0x05, 0x50, 0x03, 0xd0, 0x01, 0x58, 0x00, 0x10, 0xfe, 0x88, 0xfc,
  0xe0, 0xfb, 0x30, 0xfa, 0x48, 0xf9, 0xc8, 0xf9, 0xc0, 0xf9, 0x60, 0xfa,
  0x00, 0xfb, 0xf8, 0xfb, 0xb0, 0xfd, 0x88, 0xfe, 0x18, 0x00, 0x60, 0x01,
  0xa0, 0x02, 0xd0, 0x03, 0x58, 0x04, 0x48, 0x05, 0xe0, 0x04, 0xe0, 0x04,
  0x58, 0x04, 0xd8, 0x02, 0x78, 0x02, 0x68, 0x01, 0x98, 0xff, 0x10, 0xff,
  0x10, 0xfe, 0x90, 0xfc, 0x18, 0xfc, 0xf0, 0xfb, 0xc8, 0xfb, 0xc8, 0xfb,
  0x68, 0xfc, 0x40, 0xfd, 0xe0, 0xfd, 0x98, 0xfe, 0x98, 0x00, 0xf8, 0x00,
  0xb8, 0x01, 0x58, 0x03, 0x58, 0x03, 0xa8, 0x03, 0x08, 0x04, 0xb8, 0x03,
  0x40, 0x03, 0xb0, 0x02, 0xf8, 0x01, 0x78, 0x01, 0x88, 0x00, 0xa0, 0xff,
  0x48, 0xff, 0xb0, 0xfe, 0x18, 0xfe, 0x68, 0xfd, 0x70, 0xfd, 0xa0, 0xfd,
  0x18, 0xfd, 0xb0, 0xfd, 0xe8, 0xfe, 0xe0, 0xfd, 0xb0, 0xfe, 0xa8, 0xff,
  0x78, 0xff, 0x08, 0x00, 0xe0, 0x00, 0xf0, 0x00, 0x00, 0x01, 0x88, 0x01,
  0x80, 0x01, 0x30, 0x01, 0x48, 0x01, 0x28, 0x01, 0x58, 0x01, 0xb8, 0x00,
  0xc8, 0xff, 0xd0, 0x00, 0xb8, 0xff, 0xf8, 0xfe, 0xb8, 0xff, 0x00, 0xff,
  0xd0, 0xfe, 0x40, 0xfe, 0xb0, 0xfe, 0x90, 0xfe, 0x10, 0xfe, 0x20, 0xff,
  0xe0, 0xff, 0xb0, 0xff, 0x68, 0x00, 0xf0, 0x00, 0xf0, 0xff, 0x70, 0x00,
  0x50, 0x01, 0x98, 0xff, 0x38, 0x00, 0xb0, 0x00, 0xc8, 0xff, 0x28, 0x00,
  0xf8, 0xff, 0xe8, 0x00, 0x68, 0x00, 0x18, 0x00, 0xf0, 0x00, 0x60, 0xff,
  0xa8, 0xff, 0xa8, 0xff, 0x08, 0xff, 0x70, 0xff, 0x10, 0xff, 0x70, 0xff,
  0xc0, 0xff, 0xa0, 0xff, 0x20, 0x00, 0x10, 0x00, 0xd8, 0xff, 0x80, 0x00,
  0x88, 0x00, 0x40, 0xff, 0x28, 0x01, 0xa0, 0x00, 0xe8, 0xff, 0xf0, 0x00,
  0x68, 0xff, 0x58, 0x00, 0xe0, 0x01, 0x18, 0x00, 0x80, 0x01, 0xc8, 0x00,
  0xe0, 0xff, 0x88, 0x00, 0xe8, 0xfe, 0xb8, 0xff, 0x88, 0xff, 0xf0, 0xfe,
  0xe0, 0xff, 0x60, 0xfe, 0x58, 0xff, 0x88, 0xff, 0x88, 0xff, 0x90, 0x00,
  0x10, 0x00, 0xb8, 0x00, 0xf8, 0x00, 0x70, 0x00, 0xf8, 0x00, 0x80, 0x00,
  0x28, 0x00, 0xb0, 0x00, 0xa8, 0x00, 0x28, 0x00, 0x48, 0x00, 0xe0, 0xff,
  0x90, 0xff, 0x98, 0xff, 0x80, 0xff, 0xb8, 0xfe, 0x70, 0xfe, 0x20, 0xff,
  0xd0, 0xff, 0x88, 0xff, 0x10, 0xff, 0x28, 0x00, 0x08, 0x00, 0x98, 0xff,
  0xb0, 0xff, 0x40, 0x00, 0x40, 0x00, 0x10, 0x00, 0xb0, 0x00, 0x68, 0x00,
  0x38, 0x00, 0x80, 0x00, 0x48, 0x00, 0x40, 0x00, 0x38, 0x00, 0x30, 0x00,
  0x68, 0xff, 0xd0, 0xff, 0xd8, 0xff, 0xa8, 0xff, 0x08, 0x00, 0xe0, 0xff,
  0x58, 0xfe, 0x80, 0x00, 0x20, 0x00, 0x30, 0xff, 0xe0, 0x00, 0x30, 0x00,
  0x08, 0x00, 0xb8, 0xff, 0x60, 0x00, 0x68, 0x00, 0xf8, 0xff, 0xd0, 0x01,
  0x70, 0xff, 0xa8, 0xff, 0xe0, 0x00, 0xa0, 0xff, 0xe0, 0xff, 0x38, 0x00,
  0x28, 0x00, 0xd0, 0xff, 0x28, 0x01, 0x70, 0x00, 0x38, 0x00, 0xf8, 0x01,
  0x18, 0xff, 0xe0, 0xff, 0x60, 0x00, 0xf8, 0xfe, 0xd0, 0xff, 0xc8, 0x00,
  0xe0, 0xff, 0x70, 0xff, 0x60, 0x00, 0xc0, 0xff, 0x80, 0xff, 0x30, 0xff,
  0x90, 0xfe, 0x38, 0xff, 0x68, 0xfe, 0x50, 0xff, 0x80, 0xff, 0xb8, 0xff,
  0x70, 0xff, 0xe8, 0xff, 0xb8, 0x00, 0xb8, 0xff, 0x00, 0x01, 0x98, 0x01,
  0x90, 0x00, 0x50, 0x01, 0x70, 0x00, 0x90, 0x01, 0x80, 0x01, 0x70, 0x00,
  0x48, 0x01, 0x08, 0x00, 0xb8, 0xff, 0xd0, 0xff, 0xe0, 0xfe, 0x60, 0xff,
  0xc8, 0xff, 0x48, 0xff, 0x68, 0xff, 0x20, 0xff, 0x60, 0xff, 0x50, 0x00,
  0x00, 0x00, 0x58, 0x00, 0x98, 0xff, 0x08, 0x00, 0x58, 0x00, 0x98, 0x00,
  0x68, 0x01, 0x60, 0x00, 0x48, 0x00, 0x68, 0x00, 0x00, 0x00, 0xf8, 0xff,
  0xa0, 0x00, 0x10, 0xff, 0x40, 0xff, 0x90, 0xff, 0xd8, 0xfe, 0xf8, 0xfe,
  0xd0, 0xfe, 0x38, 0xff, 0xa0, 0xff, 0xa8, 0xfe, 0x58, 0xff, 0xf8, 0xfe,
  0x08, 0x00, 0x08, 0x00, 0x08, 0x00, 0xd0, 0x00, 0x28, 0x00, 0x60, 0x00,
  0xa0, 0x00, 0x80, 0x00, 0x68, 0x01, 0x90, 0x00, 0x90, 0x00, 0x88, 0x00,
  0xf0, 0xff, 0x38, 0x00, 0x28, 0xff, 0xb0, 0xff, 0x98, 0xff, 0xb0, 0xff,
  0x80, 0x00, 0xa8, 0xff, 0xf0, 0xff, 0x50, 0xff, 0x70, 0xff, 0xc8, 0xff,
  0xc0, 0xff, 0x30, 0x00, 0xe8, 0xff, 0x00, 0x00, 0x18, 0x00, 0xf0, 0xff,
  0x78, 0xff, 0xc0, 0x00, 0xf0, 0x00, 0x58, 0x00, 0x68, 0x01, 0x58, 0x00,
  0x40, 0x00, 0x68, 0x00, 0x08, 0x00, 0x50, 0x00, 0x68, 0xff, 0x38, 0xff,
  0x98, 0xff, 0x98, 0xff, 0xc8, 0xff, 0xa0, 0xff, 0x78, 0xff, 0xe0, 0xfe,
  0x48, 0xff, 0x20, 0xff, 0xb0, 0xff, 0xe8, 0xff, 0xd8, 0xff, 0x28, 0x00,
  0x28, 0x00, 0x80, 0x00, 0xf8, 0x00, 0x60, 0x01, 0x10, 0x01, 0x30, 0x01,
  0x20, 0x01, 0x60, 0x00, 0x88, 0x00, 0xc8, 0x00, 0x98, 0xff, 0x10, 0x00,
  0x28, 0xff, 0x38, 0xff, 0x20, 0xff, 0x40, 0xff, 0x98, 0xff, 0x08, 0xff,
  0xd0, 0xfe, 0x38, 0xff, 0xf0, 0xfe, 0xa0, 0xff, 0xe0, 0xff, 0x78, 0xff,
  0x18, 0x00, 0x18, 0x00, 0x58, 0x00, 0x98, 0x00, 0x10, 0x01, 0xf0, 0x00,
  0x10, 0x00, 0xa0, 0x00, 0x78, 0x00, 0x30, 0x00, 0x58, 0x00, 0x10, 0x00,
  0x08, 0x00, 0xb0, 0xff, 0xb8, 0xff, 0xe0, 0xff, 0xa0, 0xff, 0xc8, 0xff,
  0xc8, 0xff, 0xc0, 0xff, 0x58, 0xff, 0xc0, 0xff, 0x80, 0x00, 0x88, 0x00,
  0x58, 0x00, 0xf8, 0x00, 0xf8, 0xff, 0x38, 0x00, 0x60, 0x00, 0xb8, 0x00,
  0x80, 0x00, 0xf8, 0xff, 0x38, 0x00, 0x38, 0xff, 0x80, 0xff, 0xc0, 0xff,
  0x78, 0xff, 0x40, 0x00, 0x90, 0xff, 0xb8, 0xff, 0xd8, 0xff, 0x98, 0xff,
  0xb0, 0xff, 0xb8, 0xff, 0xb8, 0xff, 0x88, 0xff, 0x78, 0xff, 0xa8, 0xff,
  0x98, 0xff, 0x08, 0x00, 0x48, 0x00, 0x30, 0x00, 0x50, 0x00, 0xf8, 0xff,
  0x38, 0x00, 0x48, 0x00, 0x30, 0x00, 0x68, 0x00, 0x70, 0x00, 0x40, 0x00,
  0x30, 0x00, 0xb8, 0xff, 0x08, 0x00, 0xe8, 0xff, 0x00, 0x00, 0x08, 0x00,
  0xd8, 0xff, 0x38, 0x00, 0x30, 0x00, 0x18, 0x00, 0x30, 0x00, 0xd8, 0xff,
  0x90, 0xff, 0xd0, 0xff, 0xe0, 0xff, 0x58, 0x00, 0x10, 0x00, 0x00, 0x00,
  0x90, 0x00, 0xf8, 0xff, 0xe8, 0xff, 0x70, 0x00, 0xf0, 0xff, 0x80, 0x00,
  0x20, 0x00, 0x90, 0xff, 0x00, 0x00, 0x88, 0xff, 0xb8, 0xff, 0xe8, 0xff,
  0xc0, 0xff, 0xf8, 0xff, 0xd0, 0xff, 0xd8, 0xff, 0xe8, 0xff, 0xe0, 0xff,
  0xf8, 0xff, 0x68, 0x00, 0xc0, 0xff, 0x10, 0x00, 0x10, 0x00, 0x88, 0xff,
  0x20, 0x00, 0xf8, 0xff, 0x18, 0x00, 0x30, 0x00, 0x58, 0x00, 0x48, 0x00,
  0x08, 0x00, 0x98, 0x00, 0x30, 0x00, 0x08, 0x00, 0xc0, 0xff, 0xa0, 0xff,
  0x60, 0xff, 0x88, 0xff, 0xb0, 0xff, 0xb0, 0xff, 0xb8, 0xff, 0xb8, 0xff,
  0x38, 0x00, 0x08, 0x00, 0x28, 0x00, 0x40, 0x00, 0x28, 0x00, 0x48, 0x00,
  0x28, 0x00, 0x68, 0x00, 0x30, 0x00, 0x10, 0x00, 0x18, 0x00, 0xe8, 0xff,
  0xf0, 0xff, 0x98, 0xff, 0xa8, 0xff, 0xf0, 0xff, 0xe0, 0xff, 0x00, 0x00,
  0xf8, 0xff, 0x08, 0x00, 0xf8, 0xff, 0xf8, 0xff, 0x18, 0x00, 0x18, 0x00,
  0x18, 0x00, 0x08, 0x00, 0x38, 0x00, 0xf0, 0xff, 0x00, 0x00, 0xc0, 0xff,
  0xd0, 0xff, 0xf8, 0xff, 0x10, 0x00, 0x38, 0x00, 0x40, 0x00, 0x10, 0x00,
  0xc0, 0xff, 0xe0, 0xff, 0xe0, 0xff, 0xd0, 0xff, 0x98, 0xff, 0xa8, 0xff,
  0x98, 0xff, 0xa0, 0xff, 0xb0, 0xff, 0xd8, 0xff, 0xb0, 0xff, 0x90, 0xff,
  0xe0, 0xff, 0xe0, 0xff, 0x00, 0x00, 0x78, 0x00, 0x50, 0x00, 0xb8, 0x00,
  0xe0, 0x00, 0x00, 0x01, 0xb8, 0x00, 0x60, 0x00, 0x48, 0x00, 0xc0, 0xff,
  0x40, 0x00, 0xe0, 0xff, 0xb8, 0xff, 0xb8, 0xff, 0xa0, 0xff, 0xb8, 0xff,
  0xa0, 0xff, 0xb8, 0xff, 0x90, 0xff, 0xa0, 0xff, 0xd0, 0xff, 0xf8, 0xff,
  0xc8, 0xff, 0xe0, 0xff, 0x20, 0x00, 0x28, 0x00, 0x10, 0x00, 0x30, 0x00,
  0xd8, 0xff, 0x18, 0x00, 0x28, 0x00, 0xf0, 0xff, 0x08, 0x00, 0xe0, 0xff,
  0xe0, 0xff, 0xd8, 0xff, 0xe0, 0xff, 0x90, 0xff, 0xb8, 0xff, 0x28, 0x00,
  0xf8, 0xff, 0xf0, 0xff, 0x00, 0x00, 0x08, 0x00, 0x18, 0x00, 0x48, 0x00,
  0x98, 0x00, 0x90, 0x00, 0xa0, 0x00, 0x88, 0x00, 0x58, 0x00, 0x28, 0x00,
  0xf8, 0xff, 0x20, 0x00, 0x68, 0x00, 0x78, 0x00, 0x10, 0x00, 0x90, 0xff,
  0xa0, 0xff, 0x98, 0xff, 0xa8, 0xff, 0xa0, 0xff, 0x90, 0xff, 0x98, 0xff,
  0xa0, 0xff, 0xc0, 0xff, 0xb8, 0xff, 0xd0, 0xff, 0xb0, 0xff, 0xe8, 0xff,
  0x40, 0x00, 0x88, 0x00, 0x20, 0x00, 0x18, 0x00, 0x40, 0x00, 0xf0, 0xff,
  0x00, 0x00, 0xd8, 0xff, 0xf0, 0xff, 0x18, 0x00, 0xf8, 0xff, 0xc8, 0xff,
  0xb8, 0xff, 0x90, 0xff, 0xa0, 0xff, 0xb0, 0xff, 0xd8, 0xff, 0xf0, 0xff,
  0x00, 0x00, 0x20, 0x00, 0x38, 0x00, 0x48, 0x00, 0x50, 0x00, 0x58, 0x00,
  0x40, 0x00, 0x30, 0x00, 0x18, 0x00, 0x18, 0x00, 0x38, 0x00, 0x40, 0x00,
  0x40, 0x00, 0xc8, 0xff, 0xc8, 0xff, 0xb8, 0xff, 0xc0, 0xff, 0xc8, 0xff,
  0x98, 0xff, 0xf0, 0xff, 0xe0, 0xff, 0xf8, 0xff, 0xd8, 0xff, 0xe8, 0xff,
  0xf8, 0xff, 0xe0, 0xff, 0x20, 0x00, 0xf0, 0xff, 0x28, 0x00, 0xf0, 0xff,
  0x00, 0x00, 0x38, 0x00, 0x20, 0x00, 0x40, 0x00, 0x40, 0x00, 0x60, 0x00,
  0x28, 0x00, 0x30, 0x00, 0xd0, 0xff, 0xd0, 0xff, 0xd8, 0xff, 0xd0, 0xff,
  0xd8, 0xff, 0xc8, 0xff, 0xd8, 0xff, 0xd0, 0xff, 0xe0, 0xff, 0xd8, 0xff,
  0xa0, 0xff, 0xc8, 0xff, 0x38, 0x00, 0x68, 0x00, 0x38, 0x00, 0x20, 0x00,
  0x20, 0x00, 0x00, 0x00, 0x38, 0x00, 0x28, 0x00, 0x18, 0x00, 0xe0, 0xff,
  0xd0, 0xff, 0xc0, 0xff, 0xc0, 0xff, 0xc8, 0xff, 0xb0, 0xff, 0xa0, 0xff,
  0xd8, 0xff, 0xf0, 0xff, 0x08, 0x00, 0xe8, 0xff, 0x00, 0x00, 0x20, 0x00,
  0x38, 0x00, 0x48, 0x00, 0x40, 0x00, 0x38, 0x00, 0x20, 0x00, 0x18, 0x00,
  0x18, 0x00, 0x20, 0x00, 0x30, 0x00, 0x28, 0x00, 0x10, 0x00, 0xf0, 0xff,
  0x10, 0x00, 0x00, 0x00, 0xf0, 0xff, 0xd0, 0xff, 0xe0, 0xff, 0xe8, 0xff,
  0xe8, 0xff, 0xc0, 0xff, 0xc0, 0xff, 0xf8, 0xff, 0xf0, 0xff, 0x08, 0x00,
  0xf0, 0xff, 0x00, 0x00, 0x18, 0x00, 0x18, 0x00, 0x58, 0x00, 0x38, 0x00,
  0x58, 0x00, 0x40, 0x00, 0x28, 0x00, 0x10, 0x00, 0xc0, 0xff, 0x90, 0xff,
  0x90, 0xff, 0xa8, 0xff, 0x80, 0xff, 0x90, 0xff, 0x68, 0xff, 0xf0, 0xff,
  0x10, 0x00, 0x20, 0x00, 0x20, 0x00, 0x18, 0x00, 0x28, 0x00, 0x28, 0x00,
  0x78, 0x00, 0x60, 0x00, 0x50, 0x00, 0x28, 0x00, 0x40, 0x00, 0x30, 0x00,
  0x10, 0x00, 0x00, 0x00, 0xe0, 0xff, 0xd8, 0xff, 0xc8, 0xff, 0xc8, 0xff,
  0xc0, 0xff, 0xc8, 0xff, 0xc8, 0xff, 0xc8, 0xff, 0xa0, 0xff, 0xb0, 0xff,
  0xc8, 0xff, 0xb0, 0xff, 0xd0, 0xff, 0xe8, 0xff, 0x00, 0x00, 0x08, 0x00,
  0x28, 0x00, 0x38, 0x00, 0x30, 0x00, 0x38, 0x00, 0x50, 0x00, 0x50, 0x00,
  0x68, 0x00, 0x58, 0x00, 0x60, 0x00, 0x48, 0x00, 0x50, 0x00, 0x38, 0x00,
  0xf8, 0xff, 0xb8, 0xff, 0xa8, 0xff, 0xa8, 0xff, 0xb0, 0xff, 0xb8, 0xff,
  0xb0, 0xff, 0x90, 0xff, 0x98, 0xff, 0xb0, 0xff, 0xd0, 0xff, 0xe8, 0xff,
  0xe8, 0xff, 0xc8, 0xff, 0xd0, 0xff, 0xf8, 0xff, 0x28, 0x00, 0x30, 0x00,
  0x48, 0x00, 0x40, 0x00, 0x20, 0x00, 0x20, 0x00, 0x38, 0x00, 0x38, 0x00,
  0x18, 0x00, 0xf8, 0xff, 0xf0, 0xff, 0x00, 0x00, 0x20, 0x00, 0x20, 0x00,
  0x10, 0x00, 0x00, 0x00, 0xe0, 0xff, 0xd0, 0xff, 0xe0, 0xff, 0xe0, 0xff,
  0xd8, 0xff, 0xe0, 0xff, 0xe0, 0xff, 0x10, 0x00, 0x40, 0x00, 0x40, 0x00,
  0x60, 0x00, 0x68, 0x00, 0x30, 0x00, 0xf0, 0xff, 0xf0, 0xff, 0xf0, 0xff,
  0xf0, 0xff, 0xf0, 0xff, 0xe8, 0xff, 0x08, 0x00, 0xe8, 0xff, 0xd0, 0xff,
  0xc8, 0xff, 0xd0, 0xff, 0xb0, 0xff, 0xb8, 0xff, 0xc8, 0xff, 0xd0, 0xff,
  0xd8, 0xff, 0xe0, 0xff, 0xf0, 0xff, 0xf8, 0xff, 0x00, 0x00, 0x00, 0x00,
  0x00, 0x00, 0x30, 0x00, 0x18, 0x00, 0x00, 0x00, 0x00, 0x00, 0x08, 0x00,
  0x08, 0x00, 0x00, 0x00, 0x10, 0x00, 0xd8, 0xff, 0xc8, 0xff, 0xd0, 0xff,
  0xe8, 0xff, 0xf8, 0xff, 0x28, 0x00, 0x18, 0x00, 0x18, 0x00, 0x18, 0x00,
  0xf8, 0xff, 0x00, 0x00, 0xd0, 0xff, 0xe8, 0xff, 0xe8, 0xff, 0xe8, 0xff,
  0x00, 0x00, 0xf0, 0xff, 0x58, 0x00, 0xd8, 0xff, 0xf8, 0xff, 0x18, 0x00,
  0x58, 0x00, 0x58, 0x00, 0x58, 0x00, 0x68, 0x00, 0x18, 0x00, 0xd8, 0xff,
  0xe0, 0xff, 0xe0, 0xff, 0xc0, 0xff, 0xc8, 0xff, 0xd8, 0xff, 0xf8, 0xff,
  0xf8, 0xff, 0xf8, 0xff, 0xe8, 0xff, 0x20, 0x00, 0xf0, 0xff, 0xd8, 0xff,
  0xe8, 0xff, 0xf0, 0xff, 0x00, 0x00, 0x00, 0x00, 0x10, 0x00, 0x10, 0x00,
  0x00, 0x00, 0x08, 0x00, 0x40, 0x00, 0x00, 0x00, 0x40, 0x00, 0x30, 0x00,
  0x20, 0x00, 0x10, 0x00, 0x00, 0x00, 0xf8, 0xff, 0xd0, 0xff, 0xb8, 0xff,
  0xc8, 0xff, 0xc8, 0xff, 0xe0, 0xff, 0xf0, 0xff, 0xf0, 0xff, 0xe8, 0xff,
  0xf0, 0xff, 0xc8, 0xff, 0xd8, 0xff, 0xc0, 0xff, 0xd8, 0xff, 0xb0, 0xff,
  0xc8, 0xff, 0x90, 0xff, 0xc8, 0xff, 0xf8, 0xff, 0x48, 0x00, 0x98, 0x00,
  0x80, 0x00, 0x80, 0x00, 0x30, 0x00, 0x00, 0x00, 0xf8, 0xff, 0x18, 0x00,
  0xf8, 0xff, 0xe8, 0xff, 0xf0, 0xff, 0xe0, 0xff, 0xe0, 0xff, 0xf8, 0xff,
  0x08, 0x00, 0x28, 0x00, 0x28, 0x00, 0x20, 0x00, 0x08, 0x00, 0x00, 0x00,
  0x00, 0x00, 0x00, 0x00, 0x10, 0x00, 0x08, 0x00, 0x00, 0x00, 0x00, 0x00,
  0xd0, 0xff, 0xc8, 0xff, 0xd8, 0xff, 0xf0, 0xff, 0x08, 0x00, 0x08, 0x00,
  0x10, 0x00, 0x08, 0x00, 0x28, 0x00, 0x20, 0x00, 0x18, 0x00, 0x28, 0x00,
  0x10, 0x00, 0xf8, 0xff, 0xf0, 0xff, 0xe8, 0xff, 0xe8, 0xff, 0x10, 0x00,
  0x30, 0x00, 0x18, 0x00, 0xf8, 0xff, 0xe8, 0xff, 0xe0, 0xff, 0xe8, 0xff,
  0xf8, 0xff, 0xe0, 0xff, 0xc0, 0xff, 0xc0, 0xff, 0x98, 0xff, 0xb0, 0xff,
  0xd8, 0xff, 0x08, 0x00, 0xf0, 0xff, 0xd8, 0xff, 0xc8, 0xff, 0xf0, 0xff,
  0x40, 0x00, 0x48, 0x00, 0x50, 0x00, 0x30, 0x00, 0x08, 0x00, 0xf0, 0xff,
  0x00, 0x00, 0x00, 0x00, 0x10, 0x00, 0x08, 0x00, 0x40, 0x00, 0x20, 0x00,
  0x08, 0x00, 0xf8, 0xff, 0xf0, 0xff, 0xf8, 0xff, 0x28, 0x00, 0x00, 0x00,
  0x88, 0xff, 0x88, 0xff, 0xb0, 0xff, 0xd0, 0xff, 0xd0, 0xff, 0x00, 0x00,
  0xf8, 0xff, 0xf8, 0xff, 0x08, 0x00, 0x28, 0x00, 0x50, 0x00, 0x68, 0x00,
  0x60, 0x00, 0x38, 0x00, 0x00, 0x00, 0xf0, 0xff, 0xf0, 0xff, 0xf8, 0xff,
  0xf8, 0xff, 0xf0, 0xff, 0x18, 0x00, 0x18, 0x00, 0x00, 0x00, 0x20, 0x00,
  0x10, 0x00, 0x10, 0x00, 0x18, 0x00, 0x00, 0x00, 0xa0, 0xff, 0x70, 0xff,
  0x98, 0xff, 0xb0, 0xff, 0xc0, 0xff, 0xe8, 0xff, 0xf8, 0xff, 0xf0, 0xff,
  0xd0, 0xff, 0xf0, 0xff, 0x30, 0x00, 0x60, 0x00, 0x78, 0x00, 0x60, 0x00,
  0x40, 0x00, 0x20, 0x00, 0x10, 0x00, 0x08, 0x00, 0xe0, 0xff, 0xd0, 0xff,
  0xb8, 0xff, 0xc0, 0xff, 0x98, 0xff, 0x98, 0xff, 0xc0, 0xff, 0xe0, 0xff,
  0x20, 0x00, 0x18, 0x00, 0x38, 0x00, 0x28, 0x00, 0x40, 0x00, 0x48, 0x00,
  0x10, 0x00, 0x10, 0x00, 0x28, 0x00, 0x28, 0x00, 0x18, 0x00, 0x00, 0x00,
  0xf8, 0xff, 0xe8, 0xff, 0x20, 0x00, 0x30, 0x00, 0x20, 0x00, 0x08, 0x00,
  0xc8, 0xff, 0xc8, 0xff, 0xe0, 0xff, 0xf8, 0xff, 0xd0, 0xff, 0xb0, 0xff,
  0xa0, 0xff, 0x90, 0xff, 0xb0, 0xff, 0xb0, 0xff, 0xa0, 0xff, 0xe8, 0xff,
  0x08, 0x00, 0x30, 0x00, 0x68, 0x00, 0x40, 0x00, 0x60, 0x00, 0x58, 0x00,
  0x58, 0x00, 0x48, 0x00, 0x20, 0x00, 0x20, 0x00, 0x30, 0x00, 0x28, 0x00,
  0x38, 0x00, 0x28, 0x00, 0x20, 0x00, 0x28, 0x00, 0xf0, 0xff, 0xe8, 0xff,
  0xd0, 0xff, 0xe0, 0xff, 0xe0, 0xff, 0xd0, 0xff, 0xa8, 0xff, 0xa0, 0xff,
  0xb0, 0xff, 0xb0, 0xff, 0xc8, 0xff, 0xd0, 0xff, 0xe0, 0xff, 0xe8, 0xff,
  0xe0, 0xff, 0x00, 0x00, 0x18, 0x00, 0x38, 0x00, 0x68, 0x00, 0x58, 0x00,
  0x48, 0x00, 0x30, 0x00, 0x18, 0x00, 0x28, 0x00, 0x20, 0x00, 0x28, 0x00,
  0xf8, 0xff, 0xd8, 0xff, 0xb8, 0xff, 0xc0, 0xff, 0xd8, 0xff, 0xe0, 0xff,
  0xd0, 0xff, 0xa8, 0xff, 0xb0, 0xff, 0xc8, 0xff, 0xd8, 0xff, 0xe0, 0xff,
  0xe8, 0xff, 0xf0, 0xff, 0x00, 0x00, 0x10, 0x00, 0x00, 0x00, 0x10, 0x00,
  0x20, 0x00, 0x28, 0x00, 0x20, 0x00, 0x08, 0x00, 0x08, 0x00, 0x08, 0x00,
  0xe8, 0xff, 0xe8, 0xff, 0xd0, 0xff, 0xe8, 0xff, 0xf8, 0xff, 0x00, 0x00,
  0x08, 0x00, 0x00, 0x00, 0x08, 0x00, 0x10, 0x00, 0x08, 0x00, 0x08, 0x00,
  0xf8, 0xff, 0x08, 0x00, 0x08, 0x00, 0xf8, 0xff, 0xf8, 0xff, 0xe0, 0xff,
  0xd0, 0xff, 0xf0, 0xff, 0x08, 0x00, 0x28, 0x00, 0x70, 0x00, 0x60, 0x00,
  0x48, 0x00, 0x28, 0x00, 0x10, 0x00, 0xf8, 0xff, 0xd8, 0xff, 0xc8, 0xff,
  0xc0, 0xff, 0xa8, 0xff, 0x90, 0xff, 0xa0, 0xff, 0xb8, 0xff, 0xe8, 0xff,
  0x18, 0x00, 0x28, 0x00, 0x30, 0x00, 0x30, 0x00, 0x20, 0x00, 0xe0, 0xff,
  0xd0, 0xff, 0xf8, 0xff, 0x30, 0x00, 0x30, 0x00, 0x18, 0x00, 0x08, 0x00,
  0xd8, 0xff, 0xd8, 0xff, 0xe8, 0xff, 0xf0, 0xff, 0xf8, 0xff, 0xf8, 0xff,
  0x00, 0x00, 0x08, 0x00, 0x10, 0x00, 0xf0, 0xff, 0xe0, 0xff, 0xf8, 0xff,
  0xe0, 0xff, 0xe0, 0xff, 0xf0, 0xff, 0x00, 0x00, 0x18, 0x00, 0x18, 0x00,
  0x38, 0x00, 0x40, 0x00, 0x40, 0x00, 0x40, 0x00, 0x30, 0x00, 0x28, 0x00,
  0x30, 0x00, 0x58, 0x00, 0x50, 0x00, 0x40, 0x00, 0x48, 0x00, 0x18, 0x00,
  0xe0, 0xff, 0xe8, 0xff, 0xd8, 0xff, 0xc0, 0xff, 0x80, 0xff, 0x60, 0xff,
  0x80, 0xff, 0x98, 0xff, 0xd0, 0xff, 0x00, 0x00, 0x08, 0x00, 0xf0, 0xff,
  0xd0, 0xff, 0xd8, 0xff, 0xd8, 0xff, 0xd0, 0xff, 0xe8, 0xff, 0x00, 0x00,
  0x00, 0x00, 0xe8, 0xff, 0xd8, 0xff, 0xe8, 0xff, 0x08, 0x00, 0x18, 0x00,
  0x18, 0x00, 0x10, 0x00, 0x28, 0x00, 0x28, 0x00, 0x10, 0x00, 0x10, 0x00,
  0x08, 0x00, 0x00, 0x00, 0xe8, 0xff, 0xe0, 0xff, 0xf8, 0xff, 0x08, 0x00,
  0x10, 0x00, 0x18, 0x00, 0x18, 0x00, 0x20, 0x00, 0x18, 0x00, 0x00, 0x00,
  0xf8, 0xff, 0x18, 0x00, 0x30, 0x00, 0x20, 0x00, 0x18, 0x00, 0x08, 0x00,
  0xc8, 0xff, 0x90, 0xff, 0x80, 0xff, 0x70, 0xff, 0x90, 0xff, 0xd0, 0xff,
  0x00, 0x00, 0x00, 0x00, 0xf8, 0xff, 0xe8, 0xff, 0xf8, 0xff, 0x30, 0x00,
  0x70, 0x00, 0x88, 0x00, 0x70, 0x00, 0x48, 0x00, 0x28, 0x00, 0x08, 0x00,
  0xf0, 0xff, 0xe8, 0xff, 0x08, 0x00, 0x18, 0x00, 0xf8, 0xff, 0xd8, 0xff,
  0xb0, 0xff, 0x80, 0xff, 0xb0, 0xff, 0x10, 0x00, 0x50, 0x02, 0x40, 0x06,
  0xe0, 0x05, 0x78, 0x02, 0x38, 0xff, 0x50, 0xfc, 0x68, 0xfb, 0xa8, 0xfc,
  0x38, 0xff, 0x50, 0x00, 0x38, 0xff, 0xf0, 0xfd, 0x30, 0xfc, 0x90, 0xfa,
  0xe0, 0xfb, 0x10, 0xff, 0x98, 0x01, 0xc8, 0x02, 0x18, 0x03, 0x38, 0x02,
  0x88, 0x00, 0x88, 0xff, 0xb8, 0xff, 0x28, 0x00, 0xa0, 0x00, 0xf8, 0x00,
  0x40, 0x00, 0x40, 0xff, 0xe8, 0xfe, 0x98, 0xfe, 0xc8, 0xfe, 0x90, 0xff,
  0x48, 0x00, 0xa8, 0x00, 0x98, 0x00, 0x60, 0x00, 0xa8, 0x00, 0x08, 0x01,
  0x18, 0x01, 0x38, 0x01, 0xa0, 0x01, 0x88, 0x01, 0xf8, 0x00, 0x78, 0x00,
  0x10, 0x00, 0xc0, 0xff, 0xe0, 0xff, 0x20, 0x00, 0x18, 0x00, 0xc8, 0xff,
  0x70, 0xff, 0x38, 0xff, 0xe0, 0xfe, 0xf0, 0xfe, 0x78, 0xff, 0xc8, 0xff,
  0xe8, 0xff, 0x00, 0x00, 0x10, 0x00, 0x60, 0x00, 0x88, 0x00, 0xc0, 0x00,
  0x48, 0x01, 0x60, 0x01, 0x20, 0x01, 0x38, 0x01, 0x08, 0x01, 0x80, 0x00,
  0x38, 0x00, 0xe8, 0xff, 0x98, 0xff, 0x28, 0xff, 0xf8, 0xfe, 0x48, 0xfe,
  0x90, 0xfd, 0x78, 0xfd, 0xb8, 0xfd, 0xe8, 0xfd, 0x20, 0xfe, 0x50, 0xfe,
  0x90, 0xfe, 0xf0, 0xfe, 0x60, 0xff, 0xf0, 0xff, 0xe0, 0x00, 0xd8, 0x01,
  0x68, 0x02, 0xf8, 0x02, 0x40, 0x03, 0xc8, 0x02, 0xb8, 0x02, 0x90, 0x02,
  0xb0, 0x02, 0xb0, 0x02, 0xf8, 0x01, 0x20, 0x01, 0x58, 0x00, 0xe8, 0xff,
  0x80, 0xff, 0xf0, 0xfe, 0x78, 0xfe, 0x30, 0xfe, 0x58, 0xfd, 0x80, 0xfc,
  0xf0, 0xfb, 0x98, 0xfb, 0x60, 0xfb, 0x68, 0xfb, 0x78, 0xfb, 0xb0, 0xfb,
  0x10, 0xfc, 0x98, 0xfc, 0x68, 0xfd, 0xb8, 0xfe, 0x88, 0x00, 0x18, 0x02,
  0xc0, 0x03, 0x28, 0x05, 0x08, 0x06, 0x10, 0x07, 0xa0, 0x07, 0x18, 0x08,
  0x28, 0x08, 0x78, 0x07, 0x88, 0x06, 0x30, 0x05, 0xd0, 0x03, 0x70, 0x02,
  0xb8, 0x00, 0x28, 0xff, 0xc0, 0xfd, 0x20, 0xfc, 0x98, 0xfa, 0x08, 0xf9,
  0xf8, 0xf7, 0x70, 0xf7, 0xe8, 0xf6, 0xd0, 0xf6, 0x10, 0xf7, 0x38, 0xf7,
  0xd0, 0xf7, 0xf0, 0xf8, 0x90, 0xfa, 0x30, 0xfd, 0xd0, 0xff, 0xb8, 0x02,
  0xb0, 0x05, 0x10, 0x08, 0x68, 0x0a, 0x28, 0x0c, 0x50, 0x0d, 0x20, 0x0e,
  0xb0, 0x0d, 0x48, 0x0c, 0x58, 0x0a, 0xc8, 0x07, 0xf8, 0x04, 0xe0, 0x01,
  0xd8, 0xfe, 0x48, 0xfc, 0xb0, 0xf9, 0x50, 0xf7, 0x48, 0xf5, 0xa8, 0xf3,
  0xf0, 0xf2, 0x80, 0xf2, 0xb0, 0xf2, 0x78, 0xf3, 0x08, 0xf4, 0xd8, 0xf4,
  0x68, 0xf6, 0x78, 0xf8, 0x78, 0xfb, 0xd8, 0xfe, 0x40, 0x02, 0xe0, 0x05,
  0x50, 0x09, 0x20, 0x0c, 0x98, 0x0e, 0x40, 0x10, 0x38, 0x11, 0xa8, 0x11,
  0xc8, 0x0f, 0xa0, 0x0d, 0x30, 0x0b, 0xa0, 0x07, 0xb0, 0x03, 0xa8, 0xff,
  0x70, 0xfc, 0x58, 0xfa, 0x18, 0xf8, 0x18, 0xf6, 0xc0, 0xf4, 0xd8, 0xf3,
  0xb0, 0xf3, 0xa8, 0xf3, 0x70, 0xf3, 0xe8, 0xf3, 0x28, 0xf4, 0x70, 0xf4,
  0x88, 0xf5, 0x08, 0xf7, 0x78, 0xf9, 0x98, 0xfc, 0xf0, 0xff, 0xa8, 0x03,
  0x50, 0x07, 0x80, 0x0a, 0x78, 0x0d, 0xb8, 0x0f, 0xc0, 0x11, 0x18, 0x13,
  0x10, 0x12, 0xb0, 0x10, 0x30, 0x0e, 0x20, 0x0a, 0xd8, 0x06, 0x48, 0x03,
  0x28, 0xff, 0x60, 0xfc, 0x30, 0xfa, 0xf8, 0xf7, 0xa8, 0xf6, 0x30, 0xf5,
  0xf8, 0xf3, 0xb8, 0xf3, 0x68, 0xf3, 0x38, 0xf3, 0x40, 0xf3, 0x48, 0xf3,
  0xa0, 0xf3, 0xa0, 0xf4, 0x80, 0xf6, 0x10, 0xf9, 0x30, 0xfc, 0xc0, 0xff,
  0x98, 0x03, 0x50, 0x07, 0xb8, 0x0a, 0xc0, 0x0d, 0x00, 0x10, 0xf0, 0x11,
  0x08, 0x13, 0x70, 0x12, 0xd0, 0x10, 0xa0, 0x0e, 0x18, 0x0b, 0xa8, 0x07,
  0x00, 0x04, 0xe0, 0xff, 0xc0, 0xfc, 0x58, 0xfa, 0xf0, 0xf7, 0x38, 0xf6,
  0x28, 0xf5, 0xe0, 0xf3, 0x60, 0xf3, 0x50, 0xf3, 0x30, 0xf3, 0x90, 0xf3,
  0xd8, 0xf3, 0x48, 0xf4, 0x38, 0xf5, 0xe8, 0xf6, 0x20, 0xf9, 0xd8, 0xfb,
  0x10, 0xff, 0x80, 0x02, 0x00, 0x06, 0x50, 0x09, 0x40, 0x0c, 0xa0, 0x0e,
  0xb0, 0x10, 0xd8, 0x11, 0xa8, 0x11, 0x88, 0x10, 0x48, 0x0e, 0x70, 0x0b,
  0x10, 0x08, 0x80, 0x04, 0x18, 0x01, 0xe8, 0xfd, 0x48, 0xfb, 0x38, 0xf9,
  0xc0, 0xf7, 0xe0, 0xf6, 0xf8, 0xf5, 0x68, 0xf5, 0x58, 0xf5, 0x48, 0xf5,
  0x70, 0xf5, 0x90, 0xf5, 0xb0, 0xf5, 0x28, 0xf6, 0x10, 0xf7, 0x80, 0xf8,
  0x78, 0xfa, 0xe8, 0xfc, 0xb8, 0xff, 0xc8, 0x02, 0xd8, 0x05, 0xe0, 0x08,
  0x80, 0x0b, 0xb8, 0x0d, 0xb8, 0x0f, 0x90, 0x10, 0x30, 0x10, 0xf0, 0x0e,
  0xa0, 0x0c, 0xc0, 0x09, 0x78, 0x06, 0x18, 0x03, 0xe0, 0xff, 0xd8, 0xfc,
  0x78, 0xfa, 0x68, 0xf8, 0x18, 0xf7, 0x48, 0xf6, 0x50, 0xf5, 0xe0, 0xf4,
  0xe8, 0xf4, 0xe0, 0xf4, 0x08, 0xf5, 0x48, 0xf5, 0x38, 0xf5, 0x90, 0xf5,
  0x60, 0xf6, 0x98, 0xf7, 0x70, 0xf9, 0xd0, 0xfb, 0x98, 0xfe, 0xb8, 0x01,
  0xf8, 0x04, 0x30, 0x08, 0x20, 0x0b, 0xe8, 0x0d, 0x20, 0x10, 0x50, 0x11,
  0x68, 0x11, 0x80, 0x10, 0x88, 0x0e, 0xf0, 0x0b, 0xc0, 0x08, 0x50, 0x05,
  0xf0, 0x01, 0xc8, 0xfe, 0x20, 0xfc, 0xd0, 0xf9, 0x30, 0xf8, 0x08, 0xf7,
  0xf0, 0xf5, 0x50, 0xf5, 0x30, 0xf5, 0x40, 0xf5, 0x88, 0xf5, 0xf0, 0xf5,
  0x08, 0xf6, 0x38, 0xf6, 0xd8, 0xf6, 0xb8, 0xf7, 0x18, 0xf9, 0xf0, 0xfa,
  0x58, 0xfd, 0x18, 0x00, 0xf0, 0x02, 0xf8, 0x05, 0xc8, 0x08, 0x70, 0x0b,
  0xf8, 0x0d, 0x80, 0x0f, 0x08, 0x10, 0xb0, 0x0f, 0x50, 0x0e, 0x40, 0x0c,
  0xd0, 0x09, 0xd8, 0x06, 0xd0, 0x03, 0x18, 0x01, 0x98, 0xfe, 0x50, 0xfc,
  0xb8, 0xfa, 0x58, 0xf9, 0x78, 0xf8, 0x70, 0xf7, 0xd8, 0xf6, 0x90, 0xf6,
  0x28, 0xf6, 0xe0, 0xf5, 0x38, 0xf5, 0x18, 0xf5, 0xc8, 0xf4, 0x08, 0xf5,
  0xe0, 0xf5, 0x08, 0xf7, 0x28, 0xf9, 0xb8, 0xfb, 0xf8, 0xfe, 0x10, 0x02,
  0x48, 0x05, 0xa0, 0x08, 0xc0, 0x0b, 0xb0, 0x0e, 0x88, 0x10, 0x78, 0x11,
  0x90, 0x11, 0x50, 0x10, 0x80, 0x0e, 0x08, 0x0c, 0xf0, 0x08, 0xe0, 0x05,
  0xe0, 0x02, 0xc8, 0xff, 0x48, 0xfd, 0x80, 0xfa, 0xb8, 0xf8, 0xc8, 0xf6,
  0x98, 0xf5, 0xc8, 0xf4, 0x00, 0xf4, 0xd8, 0xf3, 0xd8, 0xf3, 0x08, 0xf4,
  0x50, 0xf4, 0x28, 0xf5, 0x50, 0xf5, 0x60, 0xf6, 0x00, 0xf8, 0xb8, 0xf9,
  0x30, 0xfc, 0xf0, 0xfe, 0x20, 0x02, 0x18, 0x05, 0x28, 0x08, 0xe8, 0x0a,
  0x50, 0x0d, 0x70, 0x0f, 0x90, 0x10, 0xf0, 0x10, 0x60, 0x10, 0xd8, 0x0e,
  0xc8, 0x0c, 0x30, 0x0a, 0x30, 0x07, 0x38, 0x04, 0x40, 0x01, 0x70, 0xfe,
  0xf8, 0xfb, 0x98, 0xf9, 0xf8, 0xf7, 0x80, 0xf6, 0x88, 0xf5, 0xe8, 0xf4,
  0x70, 0xf4, 0x78, 0xf4, 0xb0, 0xf4, 0x00, 0xf5, 0x78, 0xf5, 0x50, 0xf6,
  0xd8, 0xf6, 0xa0, 0xf7, 0xe0, 0xf8, 0x70, 0xfa, 0xa0, 0xfc, 0x30, 0xff,
  0xc0, 0x01, 0x48, 0x04, 0xe8, 0x06, 0x40, 0x09, 0x50, 0x0b, 0x20, 0x0d,
  0x38, 0x0e, 0xb0, 0x0e, 0x90, 0x0e, 0x80, 0x0d, 0xf8, 0x0b, 0x10, 0x0a,
  0xa0, 0x07, 0xf8, 0x04, 0x58, 0x02, 0xb0, 0xff, 0x48, 0xfd, 0x00, 0xfb,
  0x28, 0xf9, 0xe0, 0xf7, 0xd8, 0xf6, 0x60, 0xf6, 0x18, 0xf6, 0x30, 0xf6,
  0x90, 0xf6, 0x18, 0xf7, 0x98, 0xf7, 0x60, 0xf8, 0x08, 0xf9, 0x70, 0xf9,
  0x58, 0xfa, 0x88, 0xfb, 0x88, 0xfc, 0x08, 0xfe, 0xc8, 0xff, 0x70, 0x01,
  0x88, 0x03, 0x70, 0x05, 0x30, 0x07, 0xe8, 0x08, 0x58, 0x0a, 0x58, 0x0b,
  0x08, 0x0c, 0x30, 0x0c, 0xb0, 0x0b, 0xc8, 0x0a, 0x50, 0x09, 0x78, 0x07,
  0x70, 0x05, 0x30, 0x03, 0xe0, 0x00, 0xb0, 0xfe, 0xa8, 0xfc, 0xe0, 0xfa,
  0x58, 0xf9, 0x30, 0xf8, 0x90, 0xf7, 0x38, 0xf7, 0x48, 0xf7, 0x98, 0xf7,
  0x08, 0xf8, 0xb8, 0xf8, 0x70, 0xf9, 0x28, 0xfa, 0x00, 0xfb, 0xc0, 0xfb,
  0x60, 0xfc, 0x30, 0xfd, 0x28, 0xfe, 0x08, 0xff, 0x30, 0x00, 0x68, 0x01,
  0x98, 0x02, 0xe8, 0x03, 0x40, 0x05, 0x50, 0x06, 0x78, 0x07, 0x50, 0x08,
  0xc8, 0x08, 0x10, 0x09, 0xc8, 0x08, 0x40, 0x08, 0x48, 0x07, 0xf0, 0x05,
  0x50, 0x04, 0x88, 0x02, 0xb0, 0x00, 0xd8, 0xfe, 0x18, 0xfd, 0x88, 0xfb,
  0x38, 0xfa, 0x30, 0xf9, 0x70, 0xf8, 0x10, 0xf8, 0x28, 0xf8, 0x78, 0xf8,
  0x20, 0xf9, 0xe8, 0xf9, 0xc0, 0xfa, 0xa8, 0xfb, 0x90, 0xfc, 0x58, 0xfd,
  0x20, 0xfe, 0xb0, 0xfe, 0x08, 0xff, 0x78, 0xff, 0x00, 0x00, 0x90, 0x00,
  0x30, 0x01, 0xf0, 0x01, 0x98, 0x02, 0x68, 0x03, 0x20, 0x04, 0xe0, 0x04,
  0x68, 0x05, 0xe8, 0x05, 0x30, 0x06, 0x38, 0x06, 0x10, 0x06, 0x98, 0x05,
  0x00, 0x05, 0x28, 0x04, 0x20, 0x03, 0x00, 0x02, 0xc8, 0x00, 0x98, 0xff,
  0x78, 0xfe, 0x70, 0xfd, 0x90, 0xfc, 0xe8, 0xfb, 0x70, 0xfb, 0x20, 0xfb,
  0x18, 0xfb, 0x40, 0xfb, 0x80, 0xfb, 0xe0, 0xfb, 0x70, 0xfc, 0x18, 0xfd,
  0xc0, 0xfd, 0x68, 0xfe, 0x08, 0xff, 0xa0, 0xff, 0x10, 0x00, 0x68, 0x00,
  0xb8, 0x00, 0xf0, 0x00, 0x28, 0x01, 0x50, 0x01, 0x78, 0x01, 0x90, 0x01,
  0xb0, 0x01, 0xc0, 0x01, 0xd0, 0x01, 0x00, 0x02, 0x20, 0x02, 0x18, 0x02,
  0x18, 0x02, 0x20, 0x02, 0x10, 0x02, 0xc0, 0x01, 0x78, 0x01, 0x28, 0x01,
  0xb8, 0x00, 0x48, 0x00, 0xc8, 0xff, 0x58, 0xff, 0xe8, 0xfe, 0x90, 0xfe,
  0x40, 0xfe, 0x08, 0xfe, 0xe8, 0xfd, 0xd8, 0xfd, 0xe0, 0xfd, 0x00, 0xfe,
  0x30, 0xfe, 0x58, 0xfe, 0x98, 0xfe, 0xe8, 0xfe, 0x38, 0xff, 0x58, 0xff,
  0x90, 0xff, 0xb8, 0xff, 0x00, 0x00, 0x48, 0x00, 0x80, 0x00, 0xa0, 0x00,
  0xa0, 0x00, 0xb8, 0x00, 0xb8, 0x00, 0xa8, 0x00, 0x98, 0x00, 0xb0, 0x00,
  0xa0, 0x00, 0x78, 0x00, 0x60, 0x00, 0x68, 0x00, 0x58, 0x00, 0x58, 0x00,
  0x68, 0x00, 0x88, 0x00, 0xa0, 0x00, 0xa0, 0x00, 0xb0, 0x00, 0xa8, 0x00,
  0xb0, 0x00, 0xa8, 0x00, 0x98, 0x00, 0x88, 0x00, 0x70, 0x00, 0x50, 0x00,
  0x30, 0x00, 0x10, 0x00, 0xf0, 0xff, 0xd0, 0xff, 0xb0, 0xff, 0x98, 0xff,
  0x78, 0xff, 0x50, 0xff, 0x18, 0xff, 0xe8, 0xfe, 0xe0, 0xfe, 0xd8, 0xfe,
  0xd8, 0xfe, 0xe0, 0xfe, 0xe8, 0xfe, 0x00, 0xff, 0x08, 0xff, 0x28, 0xff,
  0x50, 0xff, 0x78, 0xff, 0x90, 0xff, 0xa8, 0xff, 0xd0, 0xff, 0xe0, 0xff,
  0x10, 0x00, 0x48, 0x00, 0x68, 0x00, 0x90, 0x00, 0xb8, 0x00, 0xd0, 0x00,
  0xf0, 0x00, 0x10, 0x01, 0x30, 0x01, 0x40, 0x01, 0x48, 0x01, 0x70, 0x01,
  0x70, 0x01, 0x60, 0x01, 0x30, 0x01, 0xe8, 0x00, 0xa0, 0x00, 0x50, 0x00,
  0x00, 0x00, 0xa8, 0xff, 0x40, 0xff, 0x00, 0xff, 0xf0, 0xfe, 0xb0, 0xfe,
  0xc0, 0xfe, 0xc0, 0xfe, 0xd0, 0xfe, 0xf0, 0xfe, 0x18, 0xff, 0x60, 0xff,
  0x88, 0xff, 0xa8, 0xff, 0xd0, 0xff, 0xf8, 0xff, 0x18, 0x00, 0x28, 0x00,
  0x40, 0x00, 0x40, 0x00, 0x60, 0x00, 0x70, 0x00, 0x80, 0x00, 0x70, 0x00,
  0x88, 0x00, 0x98, 0x00, 0xd0, 0x00, 0xc8, 0x00, 0xa8, 0x00, 0xa8, 0x00,
  0x90, 0x00, 0x60, 0x00, 0x30, 0x00, 0x08, 0x00, 0xf0, 0xff, 0xd0, 0xff,
  0xb0, 0xff, 0xa0, 0xff, 0x98, 0xff, 0x98, 0xff, 0x68, 0xff, 0x68, 0xff,
  0x68, 0xff, 0x78, 0xff, 0x80, 0xff, 0x88, 0xff, 0xa8, 0xff, 0xc0, 0xff,
  0xd8, 0xff, 0xe8, 0xff, 0x08, 0x00, 0x18, 0x00, 0x10, 0x00, 0x18, 0x00,
  0x20, 0x00, 0x48, 0x00, 0x58, 0x00, 0x60, 0x00, 0x60, 0x00, 0x70, 0x00,
  0x58, 0x00, 0x50, 0x00, 0x40, 0x00, 0x30, 0x00, 0x20, 0x00, 0x10, 0x00,
  0x00, 0x00, 0xf0, 0xff, 0xf0, 0xff, 0xe0, 0xff, 0xd0, 0xff, 0xc0, 0xff,
  0xd0, 0xff, 0xd8, 0xff, 0xe0, 0xff, 0xf0, 0xff, 0xf0, 0xff, 0xf8, 0xff,
  0xf8, 0xff, 0xe8, 0xff, 0xe8, 0xff, 0xd0, 0xff, 0xd8, 0xff, 0xd0, 0xff,
  0xb8, 0xff, 0xb8, 0xff, 0xc0, 0xff, 0xc8, 0xff, 0xe8, 0xff, 0xf0, 0xff,
  0xf8, 0xff, 0x20, 0x00, 0x28, 0x00, 0x20, 0x00, 0x20, 0x00, 0x28, 0x00,
  0x30, 0x00, 0x40, 0x00, 0x40, 0x00, 0x38, 0x00, 0x30, 0x00, 0x38, 0x00,
  0x08, 0x00, 0xf8, 0xff, 0xe8, 0xff, 0xe8, 0xff, 0xf8, 0xff, 0xe8, 0xff,
  0xd0, 0xff, 0xc0, 0xff, 0xd0, 0xff, 0xd8, 0xff, 0xd8, 0xff, 0xc8, 0xff,
  0xc8, 0xff, 0xd8, 0xff, 0xd8, 0xff, 0xe0, 0xff, 0xe0, 0xff, 0x10, 0x00,
  0x30, 0x00, 0x58, 0x00, 0x40, 0x00, 0xf0, 0xff, 0x10, 0x00, 0x30, 0x00,
  0x38, 0x00, 0x10, 0x00, 0x08, 0x00, 0x08, 0x00, 0x10, 0x00, 0x18, 0x00,
  0x08, 0x00, 0x00, 0x00, 0x00, 0x00, 0x40, 0x00, 0x40, 0x00, 0x30, 0x00,
  0x20, 0x00, 0x10, 0x00, 0x00, 0x00, 0xe8, 0xff, 0x90, 0xff, 0xa0, 0xff,
  0x90, 0xff, 0x98, 0xff, 0x90, 0xff, 0x90, 0xff, 0x60, 0xff, 0x98, 0xff,
  0xa8, 0xff, 0xd0, 0xff, 0xe8, 0xff, 0xf8, 0xff, 0xd8, 0xff, 0xd0, 0xff,
  0xc0, 0xff, 0xf8, 0xff, 0x18, 0x00, 0x28, 0x00, 0x78, 0x00, 0x58, 0x00,
  0x70, 0x00, 0x58, 0x00, 0x58, 0x00, 0x50, 0x00, 0x88, 0x00, 0x90, 0x00,
  0xa0, 0x00, 0xa0, 0x00, 0x48, 0x00, 0x28, 0x00, 0xf0, 0xff, 0xd8, 0xff,
  0xb8, 0xff, 0x98, 0xff, 0x80, 0xff, 0x70, 0xff, 0x70, 0xff, 0x70, 0xff,
  0xa0, 0xff, 0xb0, 0xff, 0xe8, 0xff, 0x00, 0x00, 0x40, 0x00, 0x60, 0x00,
  0x70, 0x00, 0x50, 0x00, 0xd0, 0xff, 0x28, 0x00, 0x10, 0x00, 0xf8, 0xff,
  0xe8, 0xff, 0xb0, 0xff, 0xc8, 0xff, 0xb0, 0xff, 0xc8, 0xff, 0xd8, 0xff,
  0xe8, 0xff, 0xe0, 0xff, 0x38, 0x00, 0x20, 0x00, 0x20, 0x00, 0x88, 0x03,
  0x08, 0x03, 0x08, 0xfe, 0x08, 0x01, 0x18, 0xfa, 0x30, 0x01, 0x20, 0xfd,
  0xa8, 0xff, 0x08, 0xff, 0x58, 0xfe, 0xd8, 0xff, 0xe8, 0xfe, 0xc8, 0xfd,
  0x88, 0x07, 0x08, 0x03, 0x18, 0x01, 0x70, 0x04, 0xa8, 0xfe, 0x50, 0x05,
  0x18, 0xfd, 0x20, 0x02, 0xe0, 0xfc, 0xe8, 0xfe, 0xf8, 0xfc, 0x28, 0xfd,
  0x20, 0xfe, 0x10, 0xfe, 0xc8, 0xff, 0x08, 0xfe, 0x68, 0xff, 0xe8, 0xfe,
  0xc8, 0x00, 0xe8, 0xff, 0x58, 0x01, 0x18, 0x01, 0x48, 0x01, 0x60, 0x01,
  0x90, 0x00, 0xa0, 0x01, 0x78, 0x01, 0x48, 0x01, 0x90, 0xff, 0x48, 0x00,
  0xf8, 0xfe, 0xa8, 0xff, 0x80, 0xfd, 0x30, 0x00, 0x28, 0xfe, 0xb0, 0xff,
  0xe0, 0xfe, 0x80, 0xff, 0x20, 0x00, 0x90, 0xff, 0x40, 0x01, 0xa8, 0xff,
  0xf8, 0x00, 0x98, 0xff, 0x90, 0x01, 0xe8, 0x00, 0xf0, 0x00, 0x88, 0x00,
  0x20, 0x00, 0xc8, 0x00, 0xc0, 0xff, 0xf0, 0xff, 0x68, 0xff, 0xa0, 0xff,
  0x30, 0xff, 0xf0, 0xfe, 0x98, 0xff, 0x48, 0xff, 0xd0, 0xff, 0xe8, 0xfe,
  0x00, 0x00, 0xf0, 0xfe, 0x50, 0x00, 0x48, 0xff, 0x68, 0x00, 0x08, 0x00,
  0x58, 0x00, 0xe8, 0x00, 0xa8, 0x00, 0x00, 0x01, 0x70, 0x00, 0xd0, 0x00,
  0xd0, 0x00, 0x90, 0x00, 0x20, 0x00, 0xb0, 0x00, 0xd8, 0xff, 0xa0, 0x00,
  0xc8, 0xff, 0x18, 0x00, 0xa0, 0xff, 0x08, 0x00, 0xf8, 0xff, 0xa8, 0xff,
  0x98, 0x00, 0x78, 0xff, 0x20, 0x00, 0xd8, 0xff, 0xb8, 0xff, 0x48, 0xff,
  0xb0, 0xff, 0x08, 0xff, 0x38, 0xff, 0x08, 0xfe, 0xa8, 0xfe, 0xf0, 0xfd,
  0xb0, 0xfe, 0xa0, 0xfe, 0xe8, 0xfe, 0x28, 0xff, 0x50, 0xff, 0x50, 0x00,
  0x00, 0x00, 0x40, 0x01, 0x30, 0x01, 0xd8, 0x01, 0x80, 0x02, 0x90, 0x02,
  0xe8, 0x02, 0x00, 0x03, 0x98, 0x03, 0x88, 0x02, 0xa8, 0x03, 0xf0, 0x01,
  0x30, 0x02, 0xf0, 0x00, 0x80, 0x00, 0x40, 0xff, 0xa0, 0xfe, 0xf8, 0xfd,
  0x70, 0xfd, 0x68, 0xfd, 0xf0, 0xfc, 0xf8, 0xfc, 0xd8, 0xfc, 0xa0, 0xfc,
  0x70, 0xfc, 0x70, 0xfc, 0x28, 0xfc, 0x60, 0xfc, 0xd8, 0xfb, 0x28, 0xfc,
  0x68, 0xfb, 0x88, 0xfc, 0xe0, 0xfc, 0x98, 0xfd, 0x78, 0xff, 0xb8, 0x00,
  0xc8, 0x02, 0x80, 0x04, 0x70, 0x06, 0xf8, 0x07, 0x80, 0x09, 0x38, 0x0a,
  0x90, 0x0a, 0x98, 0x0a, 0x98, 0x09, 0x88, 0x08, 0xe0, 0x06, 0xb8, 0x04,
  0x78, 0x02, 0x48, 0x00, 0x10, 0xfe, 0x00, 0xfc, 0x50, 0xfa, 0xd0, 0xf8,
  0x88, 0xf7, 0xb0, 0xf6, 0x90, 0xf6, 0x40, 0xf6, 0xa8, 0xf6, 0xc0, 0xf6,
  0x78, 0xf7, 0x30, 0xf8, 0xb8, 0xf8, 0xd0, 0xf8, 0x00, 0xfa, 0x20, 0xfc,
  0x68, 0xfa, 0xd0, 0x00, 0xa8, 0x00, 0x78, 0x03, 0x10, 0x08, 0xa8, 0x09,
  0xe0, 0x0b, 0xe8, 0x0d, 0xb8, 0x0f, 0xb8, 0x0d, 0x98, 0x0e, 0x90, 0x0c,
  0x78, 0x09, 0x90, 0x07, 0x50, 0x04, 0x10, 0x01, 0xf0, 0xfd, 0x00, 0xfc,
  0x08, 0xf9, 0xb8, 0xf7, 0xb8, 0xf6, 0xb0, 0xf5, 0x90, 0xf5, 0xd8, 0xf6,
  0x00, 0xf7, 0x68, 0xf8, 0x48, 0xfa, 0xa8, 0xfa, 0x30, 0xfd, 0xb0, 0xfd,
  0xd8, 0xfe, 0x18, 0xff, 0x70, 0xfe, 0xf8, 0xff, 0x60, 0xfc, 0xb0, 0xff,
  0x18, 0xfe, 0x48, 0xfc, 0xf0, 0x01, 0xa0, 0xff, 0x20, 0x02, 0x98, 0x05,
  0xf8, 0x06, 0xc8, 0x07, 0xe8, 0x0a, 0xf0, 0x0b, 0x38, 0x0a, 0x18, 0x0c,
  0x00, 0x0a, 0xd0, 0x07, 0x60, 0x06, 0x08, 0x04, 0xe0, 0x00, 0xb8, 0xfe,
  0x20, 0xfd, 0xc0, 0xf9, 0x28, 0xf9, 0xc0, 0xf7, 0x48, 0xf6, 0x18, 0xf7,
  0xb0, 0xf7, 0xe0, 0xf7, 0xf0, 0xf9, 0x48, 0xfb, 0xd8, 0xfb, 0x70, 0xfe,
  0xf8, 0xfe, 0xc0, 0xff, 0x00, 0x00, 0x30, 0xff, 0xe0, 0xff, 0x98, 0xfb,
  0xe0, 0xfe, 0x08, 0xfc, 0x40, 0xfa, 0xb0, 0xff, 0x40, 0xfd, 0x10, 0x01,
  0x88, 0x04, 0xb8, 0x06, 0x98, 0x08, 0xd0, 0x0b, 0xe0, 0x0c, 0xa8, 0x0b,
  0xd8, 0x0c, 0x28, 0x0a, 0xd8, 0x07, 0xa0, 0x05, 0xc8, 0x02, 0xb0, 0xff,
  0x60, 0xfd, 0xe8, 0xfb, 0x10, 0xf9, 0xd0, 0xf8, 0x48, 0xf8, 0x28, 0xf6,
  0x28, 0xf8, 0x98, 0xf8, 0x88, 0xf7, 0x88, 0xfb, 0x80, 0xfb, 0xd8, 0xfb,
  0x50, 0xff, 0xa0, 0xff, 0xe8, 0xfe, 0x30, 0x01, 0xc8, 0xfe, 0x20, 0xff,
  0x70, 0xfc, 0x60, 0xfc, 0x30, 0xfe, 0x90, 0xf7, 0xd0, 0xfe, 0xe8, 0xfc,
  0x30, 0xfe, 0x70, 0x02, 0x40, 0x05, 0xa8, 0x06, 0x30, 0x09, 0xe0, 0x0c,
  0x78, 0x0a, 0x68, 0x0c, 0x38, 0x0b, 0x80, 0x08, 0xe8, 0x06, 0x68, 0x04,
  0x60, 0x01, 0xd0, 0xfe, 0x08, 0xfd, 0x90, 0xfa, 0x20, 0xf9, 0xd8, 0xf8,
  0x90, 0xf7, 0xb8, 0xf6, 0x98, 0xf9, 0xc0, 0xf8, 0x80, 0xf9, 0x80, 0xfe,
  0xc8, 0xfc, 0x60, 0xff, 0xa0, 0x02, 0x28, 0x01, 0xc8, 0x01, 0xc8, 0x02,
  0x28, 0xff, 0xe8, 0xff, 0x78, 0xfb, 0x48, 0xfd, 0x18, 0xfc, 0x40, 0xf7,
  0x38, 0xff, 0x60, 0xfb, 0x98, 0xfe, 0x28, 0x03, 0xd0, 0x04, 0x38, 0x07,
  0xd8, 0x09, 0x08, 0x0d, 0x08, 0x0a, 0xc0, 0x0c, 0x70, 0x0a, 0x78, 0x07,
  0xb0, 0x06, 0xe8, 0x02, 0xa8, 0x00, 0x38, 0xfd, 0x60, 0xfc, 0x08, 0xf9,
  0x28, 0xf8, 0x78, 0xf8, 0xa0, 0xf5, 0x20, 0xf7, 0x80, 0xf9, 0xd8, 0xf7,
  0xf0, 0xfb, 0x10, 0xff, 0xf8, 0xfd, 0x48, 0x02, 0x08, 0x04, 0xe0, 0x01,
  0x80, 0x03, 0x20, 0x02, 0x20, 0xff, 0x60, 0xfe, 0x10, 0xfa, 0xd8, 0xfd,
  0x40, 0xf8, 0xa8, 0xf8, 0x70, 0xfe, 0xf8, 0xf9, 0xe8, 0xff, 0xe0, 0x02,
  0x78, 0x05, 0xa8, 0x07, 0x48, 0x0b, 0x70, 0x0d, 0x18, 0x0b, 0x90, 0x0d,
  0x90, 0x0a, 0x10, 0x08, 0x78, 0x06, 0xe0, 0x02, 0x58, 0xff, 0x78, 0xfc,
  0xd0, 0xfa, 0x40, 0xf7, 0x80, 0xf7, 0x40, 0xf7, 0x20, 0xf5, 0x18, 0xf8,
  0x38, 0xfa, 0xd0, 0xf8, 0x10, 0xfe, 0xa0, 0xff, 0x88, 0xff, 0xc0, 0x03,
  0x50, 0x04, 0xa0, 0x02, 0xc0, 0x03, 0x70, 0x01, 0x28, 0xfe, 0x20, 0xfd,
  0x38, 0xf8, 0xc8, 0xfc, 0x58, 0xf7, 0x58, 0xf7, 0x50, 0xfe, 0x10, 0xfa,
  0xa8, 0xff, 0x90, 0x03, 0xf8, 0x05, 0x38, 0x08, 0x38, 0x0c, 0x30, 0x0e,
  0x00, 0x0c, 0x50, 0x0e, 0x68, 0x0b, 0xe8, 0x07, 0x38, 0x06, 0x00, 0x02,
  0x68, 0xfd, 0x70, 0xfa, 0x50, 0xf8, 0x88, 0xf4, 0x00, 0xf5, 0x78, 0xf5,
  0x98, 0xf3, 0x50, 0xf7, 0xc8, 0xf9, 0xe0, 0xf9, 0xf0, 0xfd, 0x38, 0x01,
  0x00, 0x01, 0x00, 0x04, 0x08, 0x06, 0x40, 0x03, 0x50, 0x04, 0xf8, 0x01,
  0xd8, 0xfe, 0xd0, 0xfc, 0x50, 0xf8, 0x58, 0xfd, 0x10, 0xf6, 0x88, 0xf7,
  0xc0, 0xfe, 0x70, 0xf9, 0x88, 0x00, 0x10, 0x05, 0xd8, 0x06, 0x48, 0x09,
  0x30, 0x0e, 0x30, 0x0f, 0x18, 0x0c, 0x08, 0x0f, 0x10, 0x0b, 0xb0, 0x06,
  0x10, 0x05, 0xa8, 0x00, 0x58, 0xfb, 0x58, 0xf9, 0x78, 0xf7, 0xd0, 0xf3,
  0x50, 0xf5, 0xa8, 0xf5, 0xd8, 0xf4, 0x48, 0xf8, 0xe8, 0xfb, 0xd8, 0xfb,
  0xc8, 0xff, 0x08, 0x04, 0xa8, 0x02, 0x98, 0x05, 0xd0, 0x06, 0x98, 0x03,
  0x80, 0x03, 0xa0, 0x00, 0xd8, 0xfd, 0x28, 0xfa, 0x68, 0xf6, 0x00, 0xfc,
  0xe8, 0xf3, 0x98, 0xf6, 0x80, 0xfe, 0x20, 0xf9, 0x78, 0x00, 0xf0, 0x05,
  0xe8, 0x07, 0x70, 0x09, 0x60, 0x0f, 0x70, 0x10, 0x28, 0x0c, 0xa8, 0x0f,
  0xf0, 0x0b, 0xd0, 0x05, 0xd8, 0x04, 0x78, 0x00, 0xa8, 0xfa, 0xd0, 0xf8,
  0x68, 0xf7, 0xa0, 0xf3, 0xc8, 0xf4, 0xc0, 0xf5, 0xa8, 0xf4, 0x50, 0xf8,
  0xe0, 0xfb, 0xe8, 0xfb, 0x30, 0x00, 0x68, 0x04, 0xc8, 0x02, 0x50, 0x06,
  0xd0, 0x06, 0xa8, 0x03, 0xa0, 0x03, 0x80, 0x00, 0xc8, 0xfd, 0xc8, 0xf9,
  0x70, 0xf7, 0x70, 0xfb, 0xa0, 0xf3, 0xe0, 0xf7, 0xa0, 0xfd, 0x58, 0xf9,
  0x18, 0x01, 0xe8, 0x05, 0xc8, 0x07, 0x08, 0x0a, 0xb8, 0x0f, 0x38, 0x10,
  0xa0, 0x0c, 0xe8, 0x0f, 0xb0, 0x0b, 0xb8, 0x05, 0xd0, 0x04, 0xa8, 0xff,
  0x08, 0xfa, 0x50, 0xf8, 0x00, 0xf6, 0xf8, 0xf2, 0xc8, 0xf3, 0x50, 0xf4,
  0x28, 0xf4, 0x38, 0xf8, 0x18, 0xfb, 0x18, 0xfc, 0xd8, 0x01, 0x30, 0x03,
  0xb0, 0x04, 0xa0, 0x06, 0xa0, 0x06, 0x08, 0x04, 0xf0, 0x02, 0xe8, 0xff,
  0x90, 0xfc, 0xe0, 0xf7, 0x80, 0xf8, 0xc8, 0xf9, 0xc8, 0xf1, 0xa0, 0xfb,
  0xc8, 0xfb, 0x08, 0xfb, 0xb0, 0x04, 0x48, 0x07, 0x30, 0x0a, 0x20, 0x0d,
  0xd0, 0x12, 0x70, 0x10, 0x80, 0x0e, 0x08, 0x11, 0xa0, 0x09, 0x38, 0x05,
  0x40, 0x03, 0x80, 0xfc, 0xb8, 0xf7, 0x18, 0xf6, 0x58, 0xf3, 0x18, 0xf1,
  0xf8, 0xf2, 0x60, 0xf3, 0x78, 0xf4, 0x18, 0xfa, 0x28, 0xfb, 0xd8, 0xfe,
  0x68, 0x03, 0x08, 0x04, 0x08, 0x06, 0x30, 0x07, 0x70, 0x05, 0x50, 0x03,
  0x80, 0x01, 0x18, 0xfe, 0x08, 0xfa, 0x88, 0xf6, 0x20, 0xfb, 0xf0, 0xf4,
  0x80, 0xf5, 0xe8, 0xfe, 0x30, 0xfa, 0x90, 0x00, 0xa8, 0x07, 0xd8, 0x08,
  0x20, 0x0b, 0x10, 0x10, 0x88, 0x11, 0xb8, 0x0c, 0x40, 0x0f, 0x38, 0x0c,
  0xc8, 0x04, 0x00, 0x04, 0x68, 0xff, 0xf0, 0xf8, 0x98, 0xf7, 0x08, 0xf6,
  0x50, 0xf2, 0x58, 0xf4, 0xe8, 0xf5, 0x40, 0xf4, 0x40, 0xfa, 0x10, 0xfd,
  0x88, 0xfc, 0x00, 0x03, 0x40, 0x04, 0x18, 0x04, 0x88, 0x06, 0x90, 0x05,
  0xf0, 0x01, 0x78, 0x00, 0x40, 0xfe, 0x60, 0xf9, 0x30, 0xf5, 0xe8, 0xfa,
  0x68, 0xf6, 0x78, 0xf3, 0x98, 0xff, 0x50, 0xfb, 0x80, 0xfe, 0x80, 0x08,
  0x68, 0x08, 0x40, 0x0a, 0x88, 0x0f, 0x58, 0x11, 0x58, 0x0c, 0xe0, 0x0e,
  0xf0, 0x0c, 0xf8, 0x04, 0x40, 0x04, 0x48, 0x00, 0x00, 0xf9, 0x98, 0xf7,
  0x88, 0xf6, 0x90, 0xf1, 0x18, 0xf4, 0x70, 0xf6, 0x20, 0xf3, 0xf8, 0xf8,
  0xb0, 0xfd, 0x20, 0xfc, 0xd0, 0x01, 0x90, 0x05, 0x08, 0x04, 0x08, 0x06,
  0x60, 0x06, 0x40, 0x02, 0xc0, 0xff, 0xa0, 0xfe, 0x80, 0xf9, 0xd8, 0xf4,
  0xb8, 0xfb, 0xb0, 0xf5, 0xe8, 0xf4, 0xd8, 0xff, 0xd0, 0xfb, 0x40, 0x00,
  0xb8, 0x08, 0x50, 0x09, 0xb0, 0x0a, 0x00, 0x10, 0x48, 0x11, 0x10, 0x0c,
  0x00, 0x0f, 0xf8, 0x0b, 0xf0, 0x04, 0xd8, 0x03, 0x98, 0xff, 0x20, 0xf9,
  0x80, 0xf7, 0x50, 0xf6, 0xf8, 0xf1, 0xb0, 0xf4, 0x38, 0xf6, 0xf8, 0xf3,
  0xd0, 0xf9, 0xb8, 0xfd, 0xc0, 0xfc, 0x60, 0x02, 0xf0, 0x04, 0xd0, 0x03,
  0x48, 0x05, 0x08, 0x04, 0x18, 0x01, 0xd8, 0xfd, 0x98, 0xfc, 0xe0, 0xf5,
  0x50, 0xf9, 0xa8, 0xf9, 0xe0, 0xf2, 0x70, 0xfd, 0x68, 0xfd, 0x60, 0xfe,
  0xd8, 0x06, 0x30, 0x0a, 0x98, 0x0b, 0xc0, 0x0e, 0xb8, 0x13, 0x80, 0x0e,
  0xa0, 0x0e, 0xd0, 0x0e, 0xa8, 0x06, 0xb0, 0x03, 0x50, 0x00, 0xa0, 0xf9,
  0x88, 0xf6, 0xc0, 0xf4, 0xb0, 0xf1, 0x48, 0xf2, 0xd8, 0xf4, 0xb0, 0xf2,
  0x88, 0xf7, 0xa0, 0xfc, 0xe0, 0xfb, 0x40, 0x01, 0x88, 0x04, 0x10, 0x04,
  0x70, 0x05, 0x98, 0x04, 0x50, 0x02, 0x60, 0xfe, 0x78, 0xfd, 0xd8, 0xf6,
  0x90, 0xf9, 0xe0, 0xf8, 0x10, 0xf3, 0xc0, 0xfc, 0xd0, 0xfb, 0xf8, 0xfd,
  0x28, 0x06, 0xb8, 0x08, 0x50, 0x0b, 0x08, 0x0f, 0x08, 0x13, 0x30, 0x0f,
  0x40, 0x0f, 0x50, 0x0f, 0x68, 0x07, 0xf0, 0x04, 0x30, 0x01, 0xe0, 0xfa,
  0x48, 0xf8, 0x50, 0xf6, 0x80, 0xf3, 0x90, 0xf4, 0xb8, 0xf5, 0xa0, 0xf4,
  0x28, 0xf9, 0x48, 0xfc, 0x48, 0xfc, 0x18, 0x01, 0x78, 0x02, 0xc8, 0x02,
  0x80, 0x03, 0x40, 0x02, 0x58, 0x00, 0x90, 0xfd, 0xa8, 0xfb, 0xb0, 0xf6,
  0x50, 0xfb, 0x28, 0xf7, 0xe8, 0xf6, 0x68, 0xff, 0x90, 0xfc, 0x20, 0x02,
  0xe0, 0x07, 0xe8, 0x08, 0x60, 0x0c, 0xf8, 0x0f, 0x20, 0x10, 0x60, 0x0d,
  0x60, 0x0f, 0xa8, 0x0a, 0x98, 0x05, 0xa8, 0x04, 0x60, 0xfe, 0x40, 0xfa,
  0x00, 0xf9, 0x28, 0xf5, 0x80, 0xf4, 0x60, 0xf5, 0xd8, 0xf3, 0x48, 0xf6,
  0x98, 0xf9, 0xb8, 0xfa, 0xd8, 0xfc, 0x70, 0x00, 0x40, 0x01, 0x18, 0x01,
  0x08, 0x02, 0x60, 0x00, 0x28, 0xfe, 0xd8, 0xfd, 0x38, 0xf8, 0x08, 0xfd,
  0xa8, 0xf9, 0x30, 0xf7, 0x00, 0x00, 0x78, 0xfc, 0x80, 0x00, 0x80, 0x06,
  0xe0, 0x06, 0xc0, 0x0a, 0x88, 0x0e, 0xd8, 0x0f, 0x18, 0x0e, 0xb0, 0x0f,
  0xd8, 0x0c, 0x78, 0x07, 0x38, 0x06, 0x20, 0x00, 0x78, 0xfb, 0x58, 0xf9,
  0xe0, 0xf5, 0xa8, 0xf4, 0xa0, 0xf4, 0x00, 0xf4, 0x10, 0xf6, 0x48, 0xf8,
  0x60, 0xfa, 0xe8, 0xfc, 0x20, 0xff, 0x50, 0x00, 0xc8, 0x00, 0xa8, 0x00,
  0x70, 0xff, 0xd0, 0xfd, 0x08, 0xfc, 0x78, 0xf8, 0x00, 0xfe, 0x70, 0xf8,
  0x60, 0xf9, 0xa8, 0x01, 0x80, 0xfc, 0x00, 0x03, 0xf0, 0x07, 0x20, 0x07,
  0x20, 0x0b, 0x98, 0x0e, 0xe0, 0x0d, 0x58, 0x0c, 0x30, 0x0e, 0x78, 0x09,
  0x48, 0x05, 0xf0, 0x04, 0xf0, 0xfd, 0xd0, 0xfa, 0x28, 0xfa, 0x10, 0xf6,
  0xc0, 0xf5, 0xd8, 0xf6, 0x68, 0xf5, 0x50, 0xf7, 0x40, 0xfa, 0xd0, 0xfa,
  0x38, 0xfd, 0x58, 0xff, 0xf8, 0xff, 0x28, 0x00, 0xc0, 0x00, 0x08, 0xff,
  0x78, 0xfe, 0x70, 0xfb, 0xb8, 0xfb, 0xe8, 0xfe, 0xe0, 0xf7, 0xc8, 0xfe,
  0x00, 0x01, 0xe8, 0xfd, 0xb0, 0x06, 0x50, 0x07, 0x08, 0x08, 0xa0, 0x0c,
  0x00, 0x0e, 0xb0, 0x0c, 0xd8, 0x0c, 0xa8, 0x0c, 0xa0, 0x07, 0x40, 0x05,
  0xe8, 0x02, 0xc8, 0xfc, 0x80, 0xfb, 0x88, 0xf9, 0x88, 0xf5, 0x58, 0xf7,
  0xa0, 0xf5, 0xa8, 0xf4, 0xf0, 0xf8, 0x88, 0xf8, 0xd8, 0xf9, 0x50, 0xfd,
  0x88, 0xfd, 0x18, 0xfe, 0x88, 0xff, 0x80, 0xfe, 0xd0, 0xfd, 0xa0, 0xfc,
  0x30, 0xfb, 0x78, 0xff, 0x70, 0xfa, 0x60, 0xfc, 0xb0, 0x02, 0xb0, 0xfd,
  0x40, 0x04, 0xd8, 0x07, 0xd0, 0x05, 0x80, 0x0b, 0xc8, 0x0c, 0xe8, 0x0b,
  0x60, 0x0c, 0x40, 0x0c, 0x40, 0x09, 0x88, 0x05, 0x00, 0x05, 0xa0, 0xff,
  0x20, 0xfc, 0x98, 0xfc, 0x40, 0xf7, 0xb8, 0xf7, 0x10, 0xf8, 0xb8, 0xf4,
  0x88, 0xf8, 0xc0, 0xf9, 0x68, 0xf8, 0xd0, 0xfc, 0x60, 0xfd, 0x90, 0xfc,
  0x40, 0xff, 0xe8, 0xfd, 0x18, 0xfd, 0x00, 0xfd, 0x88, 0xfa, 0xe8, 0xfe,
  0x68, 0xfc, 0xa8, 0xfa, 0xc8, 0x02, 0xe8, 0xfe, 0xf0, 0x01, 0xd8, 0x08,
  0x28, 0x05, 0x58, 0x0a, 0x58, 0x0d, 0xf8, 0x0a, 0xf8, 0x0c, 0xa0, 0x0b,
  0x60, 0x09, 0xd8, 0x06, 0x20, 0x04, 0x88, 0x01, 0xe8, 0xfc, 0x90, 0xfc,
  0xa0, 0xf9, 0x28, 0xf7, 0x90, 0xf9, 0xb8, 0xf5, 0xa8, 0xf6, 0x18, 0xfb,
  0x18, 0xf7, 0xb8, 0xfa, 0xa8, 0xfd, 0x38, 0xfa, 0x38, 0xfe, 0xa0, 0xfd,
  0xe0, 0xfb, 0x80, 0xfd, 0x08, 0xfb, 0xd8, 0xfe, 0x18, 0xfe, 0x90, 0xfb,
  0x90, 0x02, 0x18, 0x00, 0x60, 0x01, 0x98, 0x07, 0x20, 0x05, 0xa8, 0x08,
  0xc0, 0x0b, 0xb8, 0x09, 0xb0, 0x0b, 0x88, 0x0a, 0x70, 0x08, 0x08, 0x07,
  0x10, 0x04, 0xc8, 0x01, 0x70, 0xfe, 0xb0, 0xfc, 0xb0, 0xfa, 0x60, 0xf8,
  0x68, 0xf9, 0xd8, 0xf6, 0x10, 0xf7, 0x38, 0xfa, 0x98, 0xf7, 0x20, 0xfa,
  0xb0, 0xfc, 0x58, 0xfa, 0x98, 0xfd, 0xd0, 0xfd, 0x98, 0xfc, 0xf0, 0xfd,
  0x90, 0xfc, 0xa0, 0xff, 0xf8, 0xfe, 0x50, 0xfd, 0x18, 0x03, 0x00, 0x01,
  0x10, 0x02, 0x98, 0x07, 0x08, 0x05, 0x08, 0x08, 0x90, 0x0b, 0x50, 0x08,
  0xa0, 0x0a, 0x48, 0x0a, 0x88, 0x06, 0xb8, 0x06, 0xd8, 0x03, 0xc0, 0x00,
  0x38, 0xff, 0xa8, 0xfc, 0xf0, 0xfa, 0x80, 0xf9, 0x80, 0xf9, 0x48, 0xf8,
  0xd8, 0xf7, 0xa8, 0xf9, 0xc0, 0xf8, 0xa0, 0xf9, 0x60, 0xfc, 0x50, 0xfb,
  0x28, 0xfd, 0x00, 0xff, 0x20, 0xfd, 0xa8, 0xfe, 0x48, 0xfe, 0xa8, 0xfe,
  0x10, 0x01, 0x60, 0xfe, 0xb8, 0x00, 0x28, 0x02, 0x40, 0x00, 0x10, 0x04,
  0xf0, 0x04, 0x50, 0x04, 0x18, 0x08, 0x00, 0x08, 0x60, 0x07, 0x00, 0x09,
  0xa0, 0x07, 0x20, 0x06, 0xb8, 0x05, 0xa0, 0x02, 0x88, 0x00, 0xa8, 0xff,
  0xb0, 0xfc, 0xa8, 0xfb, 0x50, 0xfb, 0xe0, 0xf9, 0x08, 0xfa, 0x68, 0xfa,
  0x30, 0xfa, 0x08, 0xfb, 0xb0, 0xfb, 0x78, 0xfc, 0x68, 0xfd, 0x00, 0xfe,
  0x08, 0xff, 0x20, 0xff, 0x60, 0xff, 0xa8, 0xff, 0x98, 0xff, 0xf8, 0x00,
  0x68, 0x00, 0x40, 0x00, 0xb0, 0x01, 0xe8, 0x00, 0xa8, 0x01, 0x50, 0x03,
  0xb8, 0x02, 0x08, 0x04, 0xe8, 0x04, 0x28, 0x04, 0x58, 0x05, 0xc8, 0x04,
  0x80, 0x03, 0x18, 0x04, 0x70, 0x02, 0xc8, 0x00, 0xa8, 0x00, 0x60, 0xfe,
  0x10, 0xfd, 0xc0, 0xfd, 0xf0, 0xfb, 0xd8, 0xfb, 0xe8, 0xfc, 0x80, 0xfb,
  0x38, 0xfc, 0x78, 0xfd, 0x80, 0xfc, 0x58, 0xfd, 0x78, 0xfe, 0xd0, 0xfd,
  0xd0, 0xfe, 0x98, 0xff, 0xe0, 0xfe, 0xb8, 0xff, 0xb8, 0xff, 0x58, 0xff,
  0x70, 0x00, 0x00, 0x00, 0x10, 0x00, 0xf8, 0x00, 0x80, 0x00, 0x40, 0x01,
  0x40, 0x02, 0xf0, 0x01, 0xe8, 0x02, 0x40, 0x03, 0xb8, 0x02, 0x48, 0x03,
  0xb8, 0x02, 0xe8, 0x01, 0x10, 0x02, 0xe8, 0x00, 0xa8, 0x00, 0x90, 0x00,
  0x28, 0xff, 0x60, 0xff, 0x38, 0xff, 0x08, 0xfe, 0x90, 0xfe, 0x38, 0xfe,
  0x08, 0xfe, 0x48, 0xfe, 0x08, 0xfe, 0x10, 0xfe, 0x18, 0xfe, 0x38, 0xfe,
  0x58, 0xfe, 0x90, 0xfe, 0xd0, 0xfe, 0xf0, 0xfe, 0x18, 0xff, 0x48, 0xff,
  0xa0, 0xff, 0xd8, 0xff, 0x00, 0x00, 0xc8, 0xff, 0xf8, 0xff, 0x40, 0x00,
  0x58, 0x00, 0xe8, 0x00, 0x38, 0x01, 0x58, 0x01, 0xb8, 0x01, 0xb0, 0x01,
  0x90, 0x01, 0x88, 0x01, 0xe8, 0x01, 0x10, 0x01, 0x28, 0x02, 0x60, 0x03,
  0x60, 0x02, 0xa0, 0x01, 0xa0, 0x00, 0x28, 0xff, 0x98, 0xfe, 0x20, 0xfe,
  0xa0, 0xfd, 0xc0, 0xfd, 0xb0, 0xfd, 0xb8, 0xfc, 0x78, 0xfb, 0x80, 0xfb,
  0xf0, 0xfb, 0xc8, 0xfc, 0xf8, 0xfd, 0xe0, 0xfe, 0xc8, 0xff, 0x80, 0x00,
  0x20, 0x00, 0xa8, 0x00, 0x40, 0x01, 0x40, 0x01, 0x40, 0x02, 0xa8, 0x02,
  0xa8, 0x02, 0x38, 0x03, 0xf8, 0x02, 0x98, 0x02, 0xb0, 0x02, 0xf0, 0x02,
  0x78, 0x02, 0x80, 0x02, 0x88, 0x02, 0x98, 0x01, 0x10, 0x01, 0x68, 0x00,
  0x78, 0xff, 0x18, 0xff, 0xa0, 0xfe, 0x18, 0xfe, 0xf0, 0xfd, 0xc0, 0xfd,
  0x20, 0xfd, 0xf0, 0xfc, 0x00, 0xfd, 0x68, 0xfd, 0xa0, 0xfd, 0x10, 0xfe,
  0x28, 0xfe, 0x88, 0xfe, 0x18, 0xff, 0x08, 0xff, 0x90, 0xff, 0x40, 0x00,
  0x78, 0x00, 0x18, 0x01, 0x90, 0x01, 0xb8, 0x01, 0x08, 0x02, 0x40, 0x02,
  0xa0, 0x02, 0xc0, 0x02, 0x78, 0x03, 0x78, 0x03, 0x18, 0x03, 0x30, 0x03,
  0x80, 0x02, 0xb0, 0x01, 0x40, 0x01, 0x80, 0x00, 0xb8, 0xff, 0xd0, 0xfe,
  0x18, 0xfe, 0x90, 0xfd, 0x18, 0xfd, 0xf0, 0xfc, 0x58, 0xfc, 0xb0, 0xfc,
  0x58, 0xfd, 0x78, 0xfc, 0x80, 0xfc, 0x98, 0xfd, 0xd8, 0xfd, 0x30, 0xfe,
  0xf0, 0xfe, 0x20, 0xff, 0xb0, 0xff, 0x30, 0x00, 0x50, 0x00, 0xe0, 0x00,
  0xd8, 0x01, 0x20, 0x02, 0x58, 0x02, 0xc0, 0x02, 0xc8, 0x02, 0x10, 0x03,
  0x70, 0x03, 0x50, 0x03, 0x78, 0x03, 0x50, 0x03, 0x98, 0x02, 0x40, 0x02,
  0xd8, 0x01, 0x78, 0x00, 0xa8, 0xff, 0x28, 0xff, 0xc8, 0xfe, 0x60, 0xfe,
  0xb8, 0xfd, 0x60, 0xfd, 0x20, 0xfd, 0x90, 0xfc, 0xd0, 0xfb, 0xc0, 0xfb,
  0xa0, 0xfc, 0x90, 0xfc, 0x30, 0xfc, 0x28, 0xfd, 0x80, 0xfd, 0x50, 0xfd,
  0x38, 0xfe, 0x68, 0xff, 0x18, 0x00, 0xf8, 0x00, 0xd8, 0x01, 0x58, 0x02,
  0x50, 0x03, 0x28, 0x04, 0x78, 0x04, 0x50, 0x05, 0xa0, 0x05, 0x18, 0x05,
  0xf0, 0x04, 0x80, 0x04, 0x20, 0x03, 0x68, 0x02, 0x58, 0x01, 0x28, 0x00,
  0x90, 0xff, 0x88, 0xfe, 0x88, 0xfd, 0x38, 0xfd, 0x70, 0xfc, 0x28, 0xfb,
  0xb8, 0xfa, 0x30, 0xfb, 0x00, 0xfb, 0xb0, 0xfa, 0x58, 0xfb, 0x10, 0xfc,
  0xe8, 0xfb, 0xb8, 0xfc, 0xd8, 0xfd, 0xa8, 0xfe, 0xb8, 0xff, 0xd8, 0x00,
  0xb0, 0x01, 0xf0, 0x02, 0xc0, 0x04, 0xa0, 0x05, 0x08, 0x06, 0x28, 0x06,
  0x20, 0x06, 0xf8, 0x05, 0x18, 0x06, 0xb0, 0x05, 0xa8, 0x04, 0xf0, 0x03,
  0xe8, 0x02, 0x40, 0x01, 0x00, 0x00, 0x18, 0xff, 0xf8, 0xfd, 0xb8, 0xfc,
  0x88, 0xfb, 0xb0, 0xfa, 0x68, 0xfa, 0x10, 0xfa, 0x48, 0xf9, 0x18, 0xf9,
  0x50, 0xf9, 0x98, 0xf9, 0xd0, 0xf9, 0x28, 0xfa, 0x08, 0xfb, 0x38, 0xfc,
  0x90, 0xfd, 0x90, 0xff, 0x48, 0x01, 0x40, 0x03, 0xe0, 0x04, 0xf8, 0x05,
  0x10, 0x07, 0x98, 0x08, 0x58, 0x09, 0x58, 0x09, 0x00, 0x09, 0xd8, 0x07,
  0xb0, 0x06, 0x80, 0x05, 0xc0, 0x03, 0xd8, 0x01, 0x50, 0x00, 0x20, 0xff,
  0xd8, 0xfd, 0xc0, 0xfc, 0xa0, 0xfb, 0xb8, 0xfa, 0x58, 0xfa, 0xc8, 0xf9,
  0x00, 0xf9, 0xb8, 0xf8, 0x88, 0xf8, 0x68, 0xf8, 0x80, 0xf8, 0x78, 0xf8,
  0x28, 0xf9, 0x38, 0xfa, 0x90, 0xfb, 0xe0, 0xfd, 0x18, 0x00, 0x38, 0x02,
  0x40, 0x05, 0x38, 0x07, 0x58, 0x09, 0x60, 0x0b, 0xc8, 0x0b, 0xd0, 0x0b,
  0x88, 0x0b, 0xc0, 0x09, 0x00, 0x08, 0x30, 0x06, 0xb0, 0x03, 0x40, 0x01,
  0xc8, 0xfe, 0xf0, 0xfc, 0x48, 0xfb, 0xd8, 0xf9, 0x10, 0xf9, 0x88, 0xf8,
  0x20, 0xf8, 0xc0, 0xf7, 0x60, 0xf7, 0x30, 0xf7, 0x18, 0xf7, 0x00, 0xf7,
  0x08, 0xf7, 0xa8, 0xf7, 0xe8, 0xf8, 0x30, 0xfa, 0xb8, 0xfc, 0xa8, 0xff,
  0x18, 0x02, 0x90, 0x05, 0x48, 0x08, 0xe8, 0x0a, 0x88, 0x0d, 0x40, 0x0e,
  0xb0, 0x0e, 0x68, 0x0e, 0x50, 0x0c, 0x88, 0x0a, 0x08, 0x08, 0xc8, 0x04,
  0xe0, 0x01, 0xd8, 0xfe, 0x70, 0xfc, 0x78, 0xfa, 0xf8, 0xf8, 0x80, 0xf8,
  0x50, 0xf8, 0x58, 0xf8, 0x80, 0xf8, 0x70, 0xf8, 0x78, 0xf8, 0x28, 0xf8,
  0xc0, 0xf7, 0x68, 0xf7, 0x70, 0xf7, 0x88, 0xf8, 0xb0, 0xf9, 0xd8, 0xfb,
  0xf8, 0xfe, 0x20, 0x01, 0x48, 0x04, 0xa0, 0x07, 0x58, 0x0a, 0x00, 0x0d,
  0x40, 0x0e, 0x10, 0x0f, 0x30, 0x0e, 0x38, 0x0c, 0x70, 0x0a, 0x38, 0x07,
  0x88, 0x04, 0xe0, 0x01, 0x90, 0xfe, 0xb0, 0xfc, 0xa8, 0xfa, 0x00, 0xf9,
  0xb8, 0xf8, 0x28, 0xf8, 0xf0, 0xf7, 0xe0, 0xf7, 0xf0, 0xf6, 0x58, 0xf6,
  0x68, 0xf5, 0xd0, 0xf4, 0x80, 0xf4, 0x38, 0xf5, 0x08, 0xf7, 0x38, 0xf9,
  0x90, 0xfc, 0x40, 0x00, 0x60, 0x03, 0xf8, 0x06, 0x80, 0x0a, 0x80, 0x0d,
  0x00, 0x10, 0x68, 0x11, 0x20, 0x11, 0x98, 0x0f, 0x50, 0x0d, 0xe8, 0x09,
  0x78, 0x06, 0x88, 0x03, 0x20, 0x00, 0xb8, 0xfd, 0xf0, 0xfb, 0x10, 0xfa,
  0x88, 0xf9, 0x18, 0xf9, 0x90, 0xf8, 0x98, 0xf8, 0xc8, 0xf7, 0xf0, 0xf6,
  0x38, 0xf6, 0x10, 0xf5, 0xd8, 0xf4, 0xd0, 0xf4, 0xd0, 0xf5, 0x00, 0xf8,
  0x48, 0xfa, 0xb8, 0xfd, 0x00, 0x01, 0xd0, 0x03, 0x68, 0x07, 0x68, 0x0a,
  0xc8, 0x0c, 0xe8, 0x0e, 0x48, 0x0f, 0x70, 0x0e, 0xf0, 0x0c, 0x18, 0x0a,
  0xe8, 0x06, 0x58, 0x04, 0x20, 0x01, 0x78, 0xfe, 0xd8, 0xfc, 0x20, 0xfb,
  0x18, 0xfa, 0xb8, 0xf9, 0x90, 0xf9, 0x98, 0xf9, 0x90, 0xf9, 0xf8, 0xf8,
  0x18, 0xf8, 0x10, 0xf7, 0xe0, 0xf5, 0x90, 0xf5, 0x20, 0xf5, 0x78, 0xf6,
  0x28, 0xf9, 0x28, 0xfb, 0x20, 0xff, 0x90, 0x02, 0xd0, 0x04, 0xc0, 0x08,
  0xb0, 0x0b, 0xd0, 0x0d, 0x38, 0x10, 0x38, 0x10, 0xb8, 0x0e, 0xc8, 0x0c,
  0x08, 0x09, 0x90, 0x05, 0x10, 0x03, 0xf0, 0xff, 0xa8, 0xfd, 0x30, 0xfc,
  0x98, 0xfa, 0xb0, 0xf9, 0x38, 0xf9, 0x98, 0xf9, 0xe8, 0xf9, 0x18, 0xfa,
  0x10, 0xfa, 0xe0, 0xf8, 0xb0, 0xf7, 0xd8, 0xf6, 0xe8, 0xf5, 0xb8, 0xf5,
  0xc0, 0xf7, 0xe0, 0xf9, 0x38, 0xfc, 0x50, 0x00, 0xb8, 0x02, 0x08, 0x05,
  0xd8, 0x08, 0x08, 0x0b, 0x50, 0x0d, 0x60, 0x0f, 0xc0, 0x0e, 0x50, 0x0d,
  0x00, 0x0b, 0x40, 0x07, 0x78, 0x04, 0x28, 0x02, 0x98, 0xff, 0xc8, 0xfd,
  0x20, 0xfc, 0xa8, 0xfa, 0x58, 0xf9, 0xd0, 0xf8, 0x58, 0xf9, 0x58, 0xf9,
  0xb8, 0xf9, 0xb0, 0xf9, 0x40, 0xf8, 0x90, 0xf7, 0x40, 0xf7, 0x60, 0xf6,
  0x28, 0xf7, 0xa0, 0xf9, 0x20, 0xfb, 0xd0, 0xfd, 0x70, 0x01, 0xf0, 0x02,
  0x90, 0x05, 0x00, 0x09, 0xb8, 0x0a, 0x40, 0x0d, 0xf0, 0x0e, 0x10, 0x0e,
  0x10, 0x0d, 0xe0, 0x0a, 0x78, 0x07, 0xf0, 0x04, 0x78, 0x02, 0xd8, 0xff,
  0xa8, 0xfd, 0x00, 0xfc, 0x78, 0xfa, 0xf0, 0xf8, 0xa0, 0xf8, 0xe0, 0xf8,
  0x90, 0xf8, 0xf8, 0xf8, 0xa8, 0xf8, 0x48, 0xf7, 0x00, 0xf7, 0xc8, 0xf6,
  0x18, 0xf6, 0x48, 0xf7, 0xa8, 0xf9, 0xf0, 0xfa, 0xc8, 0xfd, 0x30, 0x01,
  0x80, 0x02, 0x78, 0x05, 0xd8, 0x08, 0x70, 0x0a, 0x18, 0x0d, 0x78, 0x0e,
  0x58, 0x0d, 0xa8, 0x0c, 0x80, 0x0a, 0x70, 0x07, 0x58, 0x05, 0xe8, 0x02,
  0xa0, 0x00, 0x90, 0xfe, 0x10, 0xfd, 0xe8, 0xfb, 0x70, 0xfa, 0x18, 0xfa,
  0x58, 0xfa, 0xe8, 0xf9, 0x20, 0xfa, 0xa0, 0xf9, 0x58, 0xf8, 0xd0, 0xf7,
  0x68, 0xf7, 0xe0, 0xf6, 0x78, 0xf7, 0x30, 0xf9, 0x60, 0xfa, 0x40, 0xfc,
  0x80, 0xff, 0x50, 0x01, 0xd8, 0x03, 0x60, 0x07, 0x48, 0x09, 0x88, 0x0b,
  0x38, 0x0d, 0x88, 0x0c, 0x30, 0x0c, 0x18, 0x0b, 0x80, 0x08, 0xb8, 0x06,
  0xa8, 0x04, 0x28, 0x02, 0x00, 0x00, 0x20, 0xfe, 0x98, 0xfc, 0xf0, 0xfa,
  0x18, 0xfa, 0x18, 0xfa, 0xa0, 0xf9, 0x80, 0xf9, 0x48, 0xf9, 0x38, 0xf8,
  0xb0, 0xf7, 0x98, 0xf7, 0xf0, 0xf7, 0xe8, 0xf7, 0xc8, 0xf8, 0xe8, 0xfa,
  0xe0, 0xfb, 0xa0, 0xfd, 0xa0, 0x00, 0xc0, 0x02, 0x10, 0x05, 0xd0, 0x07,
  0xb0, 0x09, 0x08, 0x0b, 0x80, 0x0b, 0xc8, 0x0a, 0x38, 0x0a, 0x28, 0x09,
  0x48, 0x07, 0x30, 0x05, 0x60, 0x03, 0x58, 0x01, 0xe0, 0xfe, 0x60, 0xfd,
  0x40, 0xfc, 0x10, 0xfb, 0x80, 0xfa, 0x18, 0xfa, 0xa0, 0xf9, 0x08, 0xf9,
  0xd8, 0xf8, 0xa8, 0xf8, 0xb0, 0xf8, 0xd0, 0xf8, 0x88, 0xf9, 0xb0, 0xf9,
  0xc0, 0xf9, 0x98, 0xfb, 0x58, 0xfd, 0x28, 0xff, 0xf8, 0x01, 0x90, 0x04,
  0xc0, 0x05, 0x48, 0x07, 0xd8, 0x08, 0x60, 0x09, 0x98, 0x09, 0x20, 0x09,
  0x50, 0x08, 0xa8, 0x07, 0x68, 0x06, 0xb0, 0x03, 0xb0, 0x01, 0x70, 0xff,
  0x28, 0xfe, 0x30, 0xfd, 0xe0, 0xfc, 0xb0, 0xfc, 0x58, 0xfc, 0x18, 0xfc,
  0xb8, 0xfb, 0x48, 0xfb, 0xe8, 0xfa, 0xe8, 0xfa, 0x30, 0xfb, 0x78, 0xfb,
  0xb8, 0xfb, 0x88, 0xfc, 0x90, 0xfb, 0xb0, 0xfb, 0x60, 0xfd, 0x08, 0xfe,
  0x40, 0xff, 0x88, 0x01, 0x98, 0x03, 0x40, 0x04, 0x68, 0x05, 0xd8, 0x05,
  0xf0, 0x05, 0x40, 0x06, 0x38, 0x06, 0x98, 0x05, 0x58, 0x05, 0x40, 0x04,
  0xd0, 0x02, 0xa8, 0x01, 0xc8, 0x00, 0xd8, 0xff, 0xf0, 0xfe, 0x30, 0xfe,
  0x78, 0xfd, 0xb8, 0xfc, 0x08, 0xfc, 0x98, 0xfb, 0x48, 0xfb, 0x38, 0xfb,
  0x70, 0xfb, 0x18, 0xfc, 0x10, 0xfc, 0x10, 0xfc, 0x68, 0xfc, 0x18, 0xfd,
  0x08, 0xfe, 0xc8, 0xfe, 0x00, 0x00, 0x08, 0x01, 0xe0, 0x01, 0x80, 0x02,
  0xa8, 0x02, 0x08, 0x03, 0x60, 0x03, 0x70, 0x03, 0x80, 0x03, 0x80, 0x03,
  0x40, 0x03, 0x78, 0x02, 0x30, 0x02, 0xb0, 0x01, 0xf0, 0x00, 0xc8, 0x00,
  0x98, 0x00, 0x10, 0x00, 0x80, 0xff, 0x30, 0xff, 0xd0, 0xfe, 0x70, 0x00,
  0x18, 0x04, 0x30, 0x00, 0x28, 0xfb, 0xf0, 0xfe, 0xf0, 0xfe, 0x48, 0xfa,
  0xb0, 0xfa, 0x80, 0xfd, 0xc8, 0xfc, 0xd0, 0xfa, 0xb8, 0xfc, 0xc8, 0xfe,
  0xc8, 0xfd, 0x30, 0x00, 0x08, 0x04, 0x70, 0x03, 0x00, 0x01, 0x48, 0x03,
  0xc8, 0x04, 0xb0, 0x02, 0xa0, 0x02, 0x10, 0x04, 0x88, 0x03, 0xb0, 0xff,
  0xc0, 0xff, 0x40, 0x01, 0x68, 0xff, 0x50, 0xfe, 0x48, 0xff, 0x70, 0xff,
  0xf0, 0xfd, 0x58, 0xff, 0xa0, 0xff, 0x38, 0xff, 0x40, 0xff, 0xe0, 0xfd,
  0x50, 0xff, 0xa8, 0xfd, 0x60, 0xfe, 0xa0, 0xff, 0xc8, 0xff, 0x18, 0x00,
  0x20, 0x03, 0xc0, 0x06, 0x80, 0xfd, 0x70, 0xfd, 0xb0, 0x00, 0xf8, 0xfd,
  0x90, 0xfb, 0x78, 0xfe, 0x60, 0x01, 0x70, 0xfe, 0x68, 0xfe, 0x28, 0x01,
  0xe0, 0x00, 0xe0, 0xfd, 0xc0, 0x01, 0x40, 0x04, 0x40, 0x02, 0x50, 0x02,
  0xd0, 0x03, 0xc0, 0x02, 0x58, 0xfe, 0x80, 0xff, 0xe0, 0x00, 0x08, 0xfe,
  0x78, 0xfe, 0x30, 0x00, 0xe0, 0xff, 0x90, 0xfe, 0x58, 0xff, 0x60, 0x00,
  0x80, 0xff, 0xe8, 0xfd, 0xf0, 0xff, 0x90, 0x00, 0x60, 0xff, 0x78, 0xff,
  0x48, 0x01, 0x98, 0x00, 0x78, 0xff, 0xc0, 0xfe, 0xa0, 0x01, 0x58, 0x00,
  0xe8, 0xff, 0x60, 0x00, 0xe0, 0x00, 0xa0, 0xff, 0x20, 0xff, 0x58, 0x00,
  0x10, 0x00, 0xb0, 0xff, 0x78, 0x01, 0xe8, 0x00, 0x98, 0xff, 0xc8, 0xff,
  0xb0, 0x00, 0xa0, 0xff, 0x98, 0xff, 0x80, 0x00, 0xa0, 0x03, 0x10, 0xfe,
  0x08, 0xfd, 0x58, 0x02, 0x20, 0xfe, 0xc8, 0xfc, 0x60, 0x00, 0x28, 0x02,
  0x18, 0xfe, 0x48, 0xff, 0xe0, 0x01, 0xe0, 0xff, 0x00, 0xfd, 0xc8, 0xff,
  0xc0, 0xff, 0x08, 0xff, 0x88, 0x00, 0x10, 0x01, 0xa0, 0x00, 0xd0, 0xff,
  0x80, 0x00, 0x60, 0x00, 0x90, 0xff, 0x50, 0x00, 0x40, 0x01, 0x90, 0x00,
  0x38, 0x00, 0x10, 0xff, 0x30, 0x00, 0x10, 0xff, 0x00, 0xff, 0x28, 0x00,
  0x20, 0x00, 0xc0, 0x02, 0x50, 0x00, 0xc8, 0xfe, 0x60, 0x00, 0x00, 0x02,
  0x08, 0xff, 0x70, 0xff, 0x08, 0x01, 0xa0, 0xff, 0x80, 0xfe, 0x80, 0xff,
  0x28, 0xff, 0x28, 0xff, 0x90, 0xff, 0x30, 0x00, 0x90, 0xff, 0xf8, 0xff,
  0xf0, 0x01, 0x08, 0xff, 0xf8, 0xff, 0xc8, 0x00, 0x08, 0x02, 0x08, 0x01,
  0x00, 0x00, 0x90, 0x00, 0x00, 0x00, 0x58, 0xff, 0xb0, 0xff, 0xb0, 0x00,
  0x70, 0xff, 0x28, 0xff, 0xc8, 0xff, 0xe8, 0xff, 0xd0, 0xfd, 0x10, 0x01,
  0xa0, 0x01, 0xa8, 0xff, 0xf8, 0xfd, 0x40, 0x01, 0xd8, 0x01, 0x78, 0xfc,
  0xe0, 0xff, 0x78, 0x01, 0x38, 0xfe, 0xd8, 0xfd, 0x18, 0x01, 0xa8, 0x02,
  0x48, 0xfc, 0x48, 0xff, 0x30, 0x01, 0xd8, 0xff, 0xb0, 0xfe, 0x08, 0x01,
  0xb0, 0x01, 0x38, 0xff, 0x50, 0x01, 0xe8, 0x00, 0x50, 0x00, 0x58, 0xff,
  0x38, 0x01, 0x78, 0x00, 0x88, 0xff, 0x80, 0xff, 0xc0, 0xff, 0x50, 0x00,
  0xf8, 0x00, 0x00, 0xff, 0x98, 0x01, 0xa8, 0xff, 0x90, 0x00, 0xa8, 0xff,
  0xe0, 0xff, 0x18, 0x00, 0xa8, 0xfd, 0x18, 0x03, 0x90, 0xfe, 0x70, 0xff,
  0x68, 0x02, 0xd8, 0xfb, 0x60, 0xfe, 0x88, 0x05, 0x30, 0xfd, 0xf8, 0xfc,
  0xe8, 0x02, 0x60, 0x00, 0xa0, 0xfd, 0x40, 0x02, 0x08, 0xff, 0x68, 0xff,
  0xa8, 0xfe, 0x48, 0x00, 0x18, 0x01, 0x28, 0xff, 0x60, 0x00, 0xd8, 0x01,
  0xb0, 0xff, 0xb8, 0xfe, 0x68, 0x01, 0xa8, 0x00, 0x48, 0xff, 0x10, 0x00,
  0xb8, 0xff, 0xf0, 0xff, 0xd0, 0x00, 0xb8, 0xfe, 0x00, 0xfe, 0x50, 0x04,
  0x08, 0xfe, 0xc0, 0xfc, 0x60, 0x01, 0x58, 0x03, 0x68, 0xfc, 0x20, 0xff,
  0x90, 0x02, 0x70, 0xff, 0xa8, 0xfe, 0x90, 0xfe, 0xc0, 0x02, 0x30, 0xfd,
  0x48, 0x00, 0xb0, 0x00, 0x60, 0x00, 0x90, 0xfe, 0xf8, 0x01, 0x08, 0xfe,
  0x38, 0x01, 0x00, 0x01, 0xe0, 0xfd, 0x40, 0x03, 0xb0, 0xfe, 0xc8, 0xff,
  0x60, 0x02, 0x50, 0xff, 0x20, 0xff, 0x98, 0x01, 0xd0, 0xff, 0xd8, 0xfe,
  0xd0, 0x02, 0xc8, 0xfd, 0xb8, 0xff, 0x08, 0x01, 0x60, 0x00, 0x00, 0xfd,
  0x98, 0x01, 0xc0, 0x00, 0xb0, 0xfd, 0xd0, 0x01, 0x50, 0xff, 0x88, 0x00,
  0x20, 0xff, 0xa8, 0xff, 0x90, 0x01, 0x48, 0x01, 0x48, 0xfb, 0x48, 0x03,
  0x78, 0x02, 0x40, 0xfc, 0xf0, 0x00, 0xc8, 0x01, 0xd0, 0xff, 0x48, 0xfc,
  0x80, 0x01, 0x40, 0x02, 0x40, 0xfe, 0xf8, 0xfc, 0xc0, 0x04, 0xd8, 0xfd,
  0xf0, 0xfe, 0x28, 0x00, 0x58, 0x02, 0xb8, 0xff, 0x00, 0xfc, 0xe8, 0x03,
  0xb0, 0x01, 0xf0, 0xfc, 0x30, 0xff, 0x48, 0x04, 0x60, 0xfe, 0x10, 0xfc,
  0x40, 0x04, 0x30, 0xff, 0xc8, 0xfe, 0xe8, 0xfc, 0x20, 0x05, 0xc0, 0xfe,
  0x08, 0xfd, 0x78, 0x01, 0xd8, 0x01, 0xf8, 0xff, 0xf8, 0xfc, 0x68, 0x05,
  0x80, 0xfd, 0xd8, 0x01, 0x88, 0xfc, 0x28, 0x04, 0xf0, 0xfd, 0xc0, 0xfc,
  0xa0, 0x03, 0x60, 0xfe, 0x70, 0x01, 0x48, 0xfc, 0xd8, 0x03, 0x70, 0xfe,
  0x70, 0x00, 0x88, 0x00, 0x88, 0xfd, 0xf0, 0x02, 0x30, 0xfd, 0x30, 0x02,
  0x98, 0xfd, 0xf8, 0x01, 0x80, 0xfe, 0xe0, 0x00, 0x80, 0xff, 0x18, 0xff,
  0xf0, 0x01, 0xb8, 0x00, 0xf0, 0xfe, 0x48, 0x01, 0xd8, 0xfc, 0x90, 0x03,
  0x58, 0xfe, 0xb8, 0xff, 0xd0, 0xfd, 0x60, 0x02, 0xa0, 0x02, 0x38, 0xf9,
  0xa0, 0x05, 0x28, 0xf7, 0xf0, 0x09, 0x38, 0xf6, 0xb0, 0x04, 0x80, 0xfe,
  0xb0, 0x00, 0xe0, 0x02, 0x88, 0xfb, 0x78, 0x0a, 0x10, 0xf7, 0x38, 0x06,
  0xb0, 0xfd, 0xc8, 0x03, 0x90, 0xfa, 0x80, 0x02, 0xa8, 0x00, 0xa8, 0xfc,
  0x30, 0x02, 0xa8, 0xfc, 0x38, 0x07, 0xf0, 0xf6, 0x18, 0x04, 0x98, 0x00,
  0x10, 0x01, 0xf8, 0xfa, 0x70, 0x03, 0x40, 0x02, 0xe8, 0xfb, 0x88, 0xfe,
  0x20, 0x00, 0xe0, 0x04, 0x58, 0xf9, 0x90, 0xff, 0x90, 0x01, 0x70, 0x00,
  0xc8, 0xfb, 0x20, 0x02, 0x40, 0xff, 0x58, 0x01, 0xd8, 0xfd, 0xd0, 0x00,
  0xc0, 0x03, 0xb8, 0xfd, 0x50, 0xff, 0x58, 0x02, 0x68, 0x03, 0xf8, 0xfb,
  0x88, 0x02, 0xb0, 0x00, 0xa8, 0x00, 0x40, 0xff, 0x00, 0xff, 0xc0, 0x02,
  0x20, 0xfd, 0x00, 0x01, 0x40, 0xff, 0x00, 0xff, 0x78, 0x01, 0x30, 0xfd,
  0xb8, 0x02, 0x40, 0xfe, 0x38, 0x02, 0xb8, 0xfc, 0x68, 0x05, 0x78, 0xfc,
  0xf0, 0x01, 0xf0, 0xff, 0xf0, 0xfe, 0x10, 0x03, 0xa0, 0xfb, 0x40, 0x05,
  0x28, 0xfc, 0x90, 0x02, 0x50, 0xfe, 0x58, 0x02, 0x68, 0xff, 0x98, 0xfe,
  0x78, 0x02, 0x70, 0xff, 0x58, 0xff, 0xf0, 0x00, 0xf0, 0xfe, 0x18, 0x01,
  0x98, 0xfe, 0x40, 0x00, 0x78, 0xff, 0x18, 0x00, 0xb8, 0xff, 0x28, 0xff,
  0x70, 0x00, 0x48, 0xfe, 0x78, 0x01, 0xe8, 0xfd, 0x10, 0x01, 0x00, 0xff,
  0x78, 0x00, 0x40, 0xff, 0x78, 0xff, 0x08, 0x02, 0xc0, 0xfd, 0x60, 0x01,
  0x48, 0xff, 0x30, 0x02, 0xa0, 0xfd, 0x80, 0x01, 0xf0, 0xff, 0x38, 0x00,
  0xb8, 0xff, 0x78, 0x00, 0xa0, 0x00, 0x00, 0xff, 0xd0, 0x00, 0x88, 0xff,
  0xc8, 0x00, 0xa8, 0xfe, 0xe0, 0x00, 0x50, 0xff, 0x28, 0x00, 0xa0, 0xff,
  0xb0, 0xff, 0xe0, 0xff, 0x18, 0xff, 0x30, 0x00, 0xd8, 0xff, 0x40, 0xff,
  0xc0, 0xff, 0x18, 0x00, 0x18, 0xff, 0xd8, 0x00, 0xf0, 0xfe, 0xb0, 0x00,
  0xc0, 0xff, 0x20, 0x00, 0x80, 0x00, 0x70, 0xff, 0x40, 0x01, 0xe0, 0xfe,
  0xd0, 0x01, 0xc0, 0xfe, 0xb8, 0x01, 0xf0, 0xfe, 0x60, 0x01, 0x58, 0xff,
  0x60, 0x00, 0x40, 0x00, 0x60, 0xff, 0xc0, 0x00, 0x08, 0xff, 0x00, 0x00,
  0xf0, 0xff, 0x60, 0xff, 0x00, 0x00, 0xa0, 0xff, 0xa8, 0xff, 0xd8, 0xff,
  0x30, 0xff, 0x40, 0x00, 0x80, 0xff, 0x60, 0x00, 0x00, 0xff, 0xc8, 0x00,
  0x58, 0xff, 0xb0, 0x00, 0xb8, 0xff, 0x50, 0x00, 0x78, 0x00, 0xf8, 0xff,
  0x18, 0x01, 0x80, 0xff, 0x30, 0x01, 0x00, 0x00, 0xb0, 0x00, 0x28, 0x00,
  0x80, 0x00, 0xf8, 0xff, 0x70, 0x00, 0xf8, 0xff, 0xe0, 0xff, 0x38, 0x00,
  0x78, 0xff, 0x48, 0x00, 0x08, 0xff, 0x18, 0x00, 0x80, 0xff, 0xa8, 0xff,
  0xb0, 0xff, 0x80, 0xff, 0x00, 0x00, 0x78, 0xff, 0xa0, 0xff, 0xe8, 0xff,
  0xd8, 0xff, 0xf0, 0xff, 0x30, 0x00, 0x10, 0x00, 0x58, 0x00, 0x88, 0x00,
  0x50, 0x00, 0x90, 0x00, 0x70, 0x00, 0x90, 0x00, 0x58, 0x00, 0x70, 0x00,
  0x48, 0x00, 0xf0, 0xff, 0x40, 0x00, 0xc8, 0xff, 0x48, 0x00, 0x88, 0xff,
  0x00, 0x00, 0xf0, 0xff, 0x50, 0xff, 0x00, 0x00, 0x68, 0xff, 0xe8, 0xff,
  0x70, 0xff, 0xc8, 0xff, 0xb8, 0xff, 0x00, 0x00, 0xa8, 0xff, 0xf8, 0xff,
  0x00, 0x00, 0xb8, 0xff, 0x40, 0x00, 0x08, 0x00, 0x70, 0x00, 0x18, 0x00,
  0x60, 0x00, 0x40, 0x00, 0x60, 0x00, 0x38, 0x00, 0x78, 0x00, 0x38, 0x00,
  0x30, 0x00, 0x38, 0x00, 0xf0, 0xff, 0xe0, 0xff, 0xd0, 0xff, 0xc8, 0xff,
  0xe8, 0xff, 0x90, 0xff, 0xc0, 0xff, 0xd8, 0xff, 0x60, 0xff, 0xc8, 0xff,
  0x98, 0xff, 0xc0, 0xff, 0x70, 0xff, 0xc0, 0xff, 0x80, 0xff, 0xc0, 0xff,
  0x98, 0xff, 0xc8, 0xff, 0xe8, 0xff, 0xa8, 0xff, 0x28, 0x00, 0x58, 0x00,
  0x10, 0x00, 0x78, 0x00, 0x88, 0x00, 0xb0, 0x00, 0x70, 0x00, 0x98, 0x00,
  0x00, 0x01, 0x68, 0x00, 0x90, 0x00, 0x60, 0x00, 0x58, 0x00, 0xa8, 0xff,
  0x08, 0x00, 0xa8, 0xff, 0xc8, 0xff, 0x80, 0xff, 0x68, 0xff, 0xb0, 0xff,
  0x58, 0xff, 0xa8, 0xff, 0x98, 0xff, 0xc8, 0xff, 0x68, 0xff, 0xd0, 0xff,
  0xa8, 0xff, 0xc8, 0xff, 0xd0, 0xff, 0xe0, 0xff, 0xe0, 0xff, 0xc0, 0xff,
  0xf8, 0xff, 0x10, 0x00, 0x38, 0x00, 0x00, 0x00, 0x68, 0x00, 0x88, 0x00,
  0x60, 0x00, 0x60, 0x00, 0x80, 0x00, 0xa0, 0x00, 0x48, 0x00, 0x60, 0x00,
  0x50, 0x00, 0x28, 0x00, 0xe0, 0xff, 0xf0, 0xff, 0xa8, 0xff, 0xb0, 0xff,
  0x98, 0xff, 0x80, 0xff, 0xb0, 0xff, 0xa0, 0xff, 0xa8, 0xff, 0xa0, 0xff,
  0x88, 0xff, 0xa8, 0xff, 0xb8, 0xff, 0xd0, 0xff, 0x20, 0x00, 0x48, 0x00,
  0x30, 0x00, 0xe8, 0xff, 0x30, 0x00, 0x10, 0x00, 0x40, 0x00, 0x38, 0x00,
  0x38, 0x00, 0x50, 0x00, 0x48, 0x00, 0x40, 0x00, 0x70, 0x00, 0x40, 0x00,
  0x58, 0x00, 0x30, 0x00, 0x28, 0x00, 0x20, 0x00, 0xf0, 0xff, 0xe0, 0xff,
  0xe0, 0xff, 0xc0, 0xff, 0xf8, 0xff, 0xb8, 0xff, 0x80, 0xff, 0xd0, 0xff,
  0xb8, 0xff, 0xc8, 0xff, 0x68, 0xff, 0xc0, 0xff, 0xa0, 0xff, 0xb8, 0xff,
  0xc0, 0xff, 0xf0, 0xff, 0x70, 0x00, 0x48, 0x00, 0x30, 0x00, 0x30, 0x00,
  0x38, 0x00, 0x38, 0x00, 0x38, 0x00, 0x30, 0x00, 0x40, 0x00, 0xf0, 0xff,
  0x50, 0x00, 0x10, 0x00, 0xe0, 0xff, 0xc8, 0xff, 0x10, 0x00, 0xe0, 0xff,
  0xf0, 0xff, 0xe0, 0xff, 0xd8, 0xff, 0xf0, 0xff, 0xc8, 0xff, 0x08, 0x00,
  0xe0, 0xff, 0xe8, 0xff, 0xf0, 0xff, 0x00, 0x00, 0xf8, 0xff, 0xe0, 0xff,
  0xf8, 0xff, 0xe8, 0xff, 0xf8, 0xff, 0xf8, 0xff, 0x48, 0x00, 0x40, 0x00,
  0x38, 0x00, 0x48, 0x00, 0x58, 0x00, 0x30, 0x00, 0xf0, 0xff, 0x20, 0x00,
  0xf0, 0xff, 0x50, 0x00, 0x08, 0x00, 0x50, 0x00, 0x08, 0x00, 0xf8, 0xff,
  0xf0, 0xff, 0x20, 0x00, 0xd8, 0xff, 0xe8, 0xff, 0xe0, 0xff, 0xc0, 0xff,
  0xf8, 0xff, 0x90, 0xff, 0x70, 0xff, 0xc8, 0xff, 0x60, 0xff, 0xa0, 0xff,
  0x68, 0xff, 0xa8, 0xff, 0xa0, 0xff, 0xa8, 0xff, 0xd0, 0xff, 0xf8, 0xff,
  0x58, 0x00, 0x18, 0x00, 0x30, 0x00, 0x38, 0x00, 0xf0, 0xff, 0x48, 0x00,
  0xd0, 0xff, 0x48, 0x00, 0xf8, 0xff, 0x10, 0x00, 0x40, 0x00, 0x40, 0x00,
  0x38, 0x00, 0x60, 0x00, 0x48, 0x00, 0x70, 0x00, 0x38, 0x00, 0x28, 0x00,
  0x30, 0x00, 0x08, 0x00, 0x08, 0x00, 0x00, 0x00, 0xe0, 0xff, 0xd8, 0xff,
  0xd0, 0xff, 0xc8, 0xff, 0x50, 0xff, 0xc0, 0xff, 0x90, 0xff, 0xb0, 0xff,
  0xb0, 0xff, 0xc0, 0xff, 0x80, 0x00, 0x00, 0xff, 0xc0, 0x00, 0x38, 0x00,
  0x50, 0x00, 0x50, 0x00, 0x00, 0x00, 0x80, 0x00, 0x08, 0x00, 0xf8, 0xff,
  0x48, 0x00, 0x40, 0x00, 0x90, 0xff, 0x08, 0x00, 0xd8, 0xff, 0x78, 0x00,
  0xc0, 0xff, 0xf0, 0xff, 0x08, 0x00, 0xd0, 0xff, 0x10, 0x00, 0xa0, 0xff,
  0xe0, 0xff, 0x68, 0xff, 0xb8, 0xff, 0x98, 0xff, 0x20, 0x00, 0x08, 0x00,
  0x00, 0x00, 0x48, 0x00, 0xe8, 0xff, 0x10, 0x00, 0x20, 0x00, 0x00, 0x00,
  0x08, 0x00, 0xe8, 0xff, 0xf8, 0xff, 0xf0, 0xff, 0xf0, 0xff, 0x00, 0x00,
  0x08, 0x00, 0x20, 0x00, 0xf8, 0xff, 0x00, 0x00, 0x00, 0x00, 0xe8, 0xff,
  0x10, 0x00, 0xd8, 0xff, 0x10, 0x00, 0xf8, 0xff, 0xf8, 0xff, 0xf0, 0xfe,
  0xe0, 0x01, 0x50, 0xff, 0xa0, 0x01, 0x30, 0xfe, 0xe8, 0x01, 0x30, 0xfe,
  0x90, 0x01, 0x98, 0xff, 0x80, 0xff, 0x78, 0x00, 0xf0, 0xfe, 0xe8, 0x01,
  0x68, 0xfd, 0x68, 0x02, 0xb8, 0xfb, 0xb0, 0x02, 0x58, 0xff, 0xf8, 0xff,
  0xd0, 0x00, 0xf0, 0xfe, 0x40, 0x01, 0x48, 0xfc, 0xe8, 0x06, 0x78, 0xf8,
  0x88, 0x06, 0xe0, 0x00, 0xd8, 0xf9, 0xd8, 0x00, 0xc8, 0xfc, 0x40, 0x05,
  0x20, 0xfe, 0x18, 0x00, 0x98, 0x00, 0xe8, 0xff, 0x30, 0x01, 0x20, 0x02,
  0x20, 0xfe, 0xd8, 0xff, 0x78, 0xff, 0xf0, 0xff, 0x48, 0x00, 0x48, 0xff,
  0x78, 0x00, 0x80, 0xff, 0x50, 0x00, 0xd0, 0xff, 0x28, 0x00, 0x38, 0x00,
  0xc0, 0xff, 0x48, 0x00, 0xc0, 0xff, 0x40, 0x00, 0xc8, 0xff, 0xb8, 0xff,
  0xc8, 0x00, 0x08, 0xfd, 0x60, 0x02, 0x98, 0x00, 0x18, 0xff, 0xe0, 0xff,
  0x70, 0xff, 0xf8, 0x00, 0xc8, 0xff, 0x30, 0x00, 0xf8, 0xff, 0xc8, 0xff,
  0x20, 0xfe, 0x30, 0x02, 0xc8, 0xff, 0x08, 0x00, 0x18, 0x00, 0xb0, 0xff,
  0x88, 0x00, 0x90, 0xff, 0x68, 0x00, 0xa0, 0xff, 0xf0, 0xff, 0x08, 0x00,
  0x00, 0x00, 0x40, 0x02, 0x28, 0x00, 0xa0, 0x00, 0xf8, 0xfb, 0x98, 0x01,
  0xa8, 0x01, 0x30, 0xfe, 0xe0, 0x00, 0x08, 0x00, 0x78, 0xfd, 0x98, 0x02,
  0xe0, 0xfe, 0xe0, 0xff, 0x50, 0xff, 0x18, 0x02, 0x20, 0xff, 0x80, 0xff,
  0x90, 0x01, 0x38, 0xfd, 0x70, 0x00, 0x00, 0x00, 0x80, 0xff, 0xa0, 0x00,
  0xe8, 0xff, 0x78, 0xff, 0x88, 0x00, 0x20, 0x00, 0x28, 0x00, 0xd8, 0x00,
  0x30, 0x00, 0xf8, 0xfe, 0xe0, 0xff, 0x78, 0x00, 0x48, 0x00, 0xf8, 0xff,
  0x90, 0xfd, 0x30, 0x00, 0x90, 0x01, 0x80, 0xff, 0xe8, 0x00, 0xd8, 0xff,
  0x20, 0xff, 0x88, 0x00, 0xd0, 0xff, 0xb8, 0xff, 0xd0, 0xff, 0xa0, 0x00,
  0xd8, 0xff, 0xa8, 0xff, 0xe8, 0x00, 0xe0, 0xff, 0xf0, 0xfe, 0x50, 0xff,
  0x78, 0x00, 0x20, 0x00, 0xe8, 0xff, 0x58, 0x00, 0x68, 0x00, 0x08, 0x00,
  0xd0, 0xff, 0x10, 0x00, 0x10, 0x00, 0xd8, 0xff, 0xd8, 0xff, 0xf8, 0xff,
  0xf8, 0xff, 0xe8, 0xff, 0x00, 0x00, 0x18, 0x00, 0xd0, 0x03, 0x38, 0x00,
  0x98, 0xff, 0xd0, 0xff, 0xd8, 0xfe, 0xe0, 0xfe, 0x98, 0xfe, 0xb8, 0xff,
  0x10, 0x00, 0xc8, 0xff, 0x40, 0x00, 0x88, 0x00, 0x70, 0x00, 0x30, 0x00,
  0x20, 0x00, 0x10, 0x00, 0xc0, 0xff, 0xd8, 0xfb, 0xb0, 0xfb, 0x38, 0xfc,
  0x78, 0xfc, 0xf8, 0xf9, 0xb8, 0xfe, 0xd8, 0x00, 0xe8, 0x00, 0x78, 0x05,
  0x88, 0x02, 0xa8, 0x07, 0x80, 0x08, 0x10, 0x05, 0x10, 0x05, 0x98, 0x03,
  0x10, 0x05, 0x30, 0x02, 0x48, 0x02, 0x60, 0x01, 0x28, 0xff, 0x20, 0xfd,
  0xe8, 0xfe, 0x60, 0xfd, 0x20, 0xfc, 0xb8, 0xfb, 0x80, 0xf9, 0xe0, 0xf7,
  0xb0, 0xf6, 0x10, 0xf5, 0x98, 0xf3, 0x50, 0xf5, 0x50, 0xf7, 0x48, 0xf6,
  0xa8, 0xf8, 0x08, 0xfd, 0x10, 0x05, 0xb0, 0x09, 0xb8, 0x0c, 0x18, 0x11,
  0xe8, 0x12, 0x48, 0x13, 0xf8, 0x0e, 0x20, 0x0c, 0x88, 0x07, 0x98, 0x04,
  0x10, 0xfe, 0x58, 0xfe, 0x00, 0xfb, 0x00, 0xfb, 0xb8, 0xfb, 0x90, 0xfd,
  0x70, 0x00, 0x28, 0x00, 0xb0, 0xff, 0x30, 0x00, 0x70, 0xfd, 0x70, 0xfd,
  0x00, 0xfb, 0x50, 0xf8, 0x30, 0xf6, 0xc0, 0xf5, 0x58, 0xf5, 0x08, 0xf3,
  0x50, 0xf3, 0xe8, 0xf6, 0xa0, 0xfd, 0x00, 0x02, 0x70, 0x06, 0x10, 0x0c,
  0x18, 0x10, 0xe8, 0x11, 0x98, 0x0d, 0x40, 0x09, 0x00, 0x08, 0x98, 0x07,
  0x00, 0x02, 0x68, 0x01, 0x50, 0x03, 0x78, 0xff, 0x58, 0xfe, 0xc8, 0xfd,
  0xe8, 0xfe, 0x48, 0xfd, 0x78, 0xfd, 0xa8, 0xfc, 0xd8, 0xfd, 0xa8, 0xfd,
  0xc0, 0xfa, 0x00, 0xf9, 0x30, 0xfc, 0xb8, 0xf9, 0x68, 0xf7, 0xa8, 0xf5,
  0xb8, 0xf7, 0xf0, 0xf6, 0x00, 0xf5, 0xe8, 0xf6, 0x40, 0xfd, 0x10, 0x04,
  0x08, 0x06, 0xf8, 0x07, 0x18, 0x0d, 0x90, 0x0d, 0x08, 0x0a, 0xb8, 0x06,
  0xb8, 0x04, 0x80, 0x06, 0x80, 0x03, 0x18, 0x01, 0x68, 0x05, 0x80, 0x03,
  0x28, 0x01, 0x70, 0x01, 0x58, 0xff, 0xa8, 0xfe, 0xa8, 0xfd, 0x30, 0xfc,
  0x98, 0xfc, 0xb0, 0xfd, 0xc0, 0xfb, 0x40, 0xfc, 0x10, 0xfc, 0x60, 0xfb,
  0x60, 0xf9, 0x30, 0xf6, 0x60, 0xf7, 0xe0, 0xf4, 0x38, 0xf3, 0xc0, 0xf4,
  0xf8, 0xf7, 0x90, 0x02, 0x38, 0x07, 0x00, 0x06, 0xc8, 0x0b, 0xa8, 0x0f,
  0x18, 0x0b, 0x50, 0x07, 0x88, 0x04, 0xc0, 0x05, 0x70, 0x06, 0xf8, 0x01,
  0xc0, 0x03, 0x98, 0x07, 0x90, 0x04, 0x68, 0x03, 0x50, 0x02, 0x60, 0x00,
  0x38, 0x00, 0x70, 0xfd, 0x40, 0xfd, 0x78, 0xff, 0x88, 0xfc, 0x98, 0xfb,
  0x08, 0xfe, 0x58, 0xfc, 0x78, 0xfa, 0x20, 0xf7, 0x98, 0xf4, 0x30, 0xf4,
  0x80, 0xf0, 0x10, 0xf0, 0xe8, 0xf3, 0x28, 0xfd, 0xe8, 0x05, 0xb8, 0x06,
  0x30, 0x0b, 0xe0, 0x11, 0xc8, 0x0e, 0xe0, 0x09, 0x68, 0x08, 0xf0, 0x05,
  0x00, 0x05, 0x00, 0x04, 0xc8, 0x00, 0x20, 0x04, 0x90, 0x06, 0x98, 0x00,
  0x50, 0x00, 0xa8, 0x01, 0x38, 0xfe, 0xe8, 0xfc, 0x08, 0xfc, 0x90, 0xfb,
  0x28, 0xfe, 0x18, 0xfc, 0xd8, 0xfa, 0x08, 0xff, 0x98, 0xfe, 0xf0, 0xfb,
  0xd8, 0xf8, 0x10, 0xf7, 0xf0, 0xf6, 0xe8, 0xf1, 0x28, 0xf0, 0x98, 0xf4,
  0x10, 0xfd, 0x10, 0x05, 0xa0, 0x05, 0x80, 0x09, 0xf8, 0x0f, 0xe0, 0x0d,
  0x70, 0x07, 0x28, 0x05, 0x38, 0x04, 0x50, 0x03, 0x40, 0x02, 0x90, 0x00,
  0xd0, 0x04, 0x58, 0x06, 0x20, 0x02, 0xd0, 0x00, 0x18, 0x02, 0xe0, 0xff,
  0x20, 0xfd, 0xf8, 0xfc, 0x10, 0xfc, 0xd0, 0xfe, 0xd8, 0xff, 0xd8, 0xfb,
  0x28, 0xff, 0x18, 0x01, 0x90, 0xfd, 0xb8, 0xf9, 0x50, 0xf6, 0xb8, 0xf6,
  0x08, 0xf3, 0x00, 0xf0, 0x18, 0xf3, 0xc8, 0xfa, 0x48, 0x05, 0x60, 0x07,
  0x00, 0x08, 0x08, 0x10, 0x08, 0x11, 0xe0, 0x09, 0x20, 0x06, 0x80, 0x05,
  0xd8, 0x04, 0xa8, 0x02, 0x18, 0x01, 0xc8, 0x02, 0x78, 0x05, 0x90, 0x02,
  0x68, 0xfe, 0xf0, 0xff, 0xb0, 0xff, 0x10, 0xfc, 0xd8, 0xfb, 0x68, 0xfb,
  0x18, 0xfe, 0x98, 0x00, 0x68, 0xfd, 0x80, 0xfe, 0xe0, 0x00, 0x80, 0xfe,
  0x90, 0xfb, 0x20, 0xf7, 0xc8, 0xf5, 0x48, 0xf4, 0xb8, 0xf0, 0x00, 0xf2,
  0x40, 0xf7, 0x90, 0x01, 0x68, 0x07, 0x50, 0x06, 0xe0, 0x0b, 0x98, 0x10,
  0xb8, 0x0b, 0x98, 0x06, 0x68, 0x05, 0xc8, 0x05, 0xa8, 0x04, 0xd8, 0x02,
  0x38, 0x03, 0x98, 0x05, 0x38, 0x05, 0x68, 0x01, 0x68, 0xff, 0x38, 0x00,
  0xe0, 0xfd, 0x18, 0xfc, 0x50, 0xfb, 0x08, 0xfc, 0x88, 0xfe, 0xd8, 0xfe,
  0x10, 0xfd, 0x90, 0xfe, 0x70, 0xff, 0x68, 0xfd, 0x18, 0xfa, 0x58, 0xf5,
  0x18, 0xf5, 0xb8, 0xf2, 0x68, 0xf0, 0x30, 0xf2, 0x60, 0xf9, 0x08, 0x05,
  0x10, 0x08, 0x48, 0x08, 0xa8, 0x0f, 0x98, 0x11, 0x18, 0x0b, 0x58, 0x06,
  0xd8, 0x05, 0x50, 0x05, 0x18, 0x03, 0xf8, 0x00, 0x60, 0x03, 0x90, 0x05,
  0x80, 0x02, 0x10, 0x00, 0x20, 0x00, 0x40, 0xff, 0x88, 0xfc, 0x30, 0xfb,
  0x78, 0xfb, 0x98, 0xfc, 0x10, 0xfe, 0x80, 0xfe, 0x58, 0xfe, 0x78, 0xff,
  0x40, 0xff, 0x68, 0xfc, 0x78, 0xf9, 0xa0, 0xf5, 0x28, 0xf4, 0x18, 0xf2,
  0xf0, 0xf1, 0x70, 0xf3, 0x98, 0xfd, 0xe8, 0x08, 0x60, 0x08, 0xd8, 0x0a,
  0x08, 0x12, 0x48, 0x10, 0xb0, 0x08, 0x28, 0x05, 0x20, 0x05, 0xd0, 0x03,
  0xe8, 0x00, 0x88, 0x01, 0x80, 0x04, 0x08, 0x04, 0xd0, 0x01, 0xe8, 0x00,
  0x48, 0x01, 0x38, 0xff, 0x88, 0xfc, 0x78, 0xfc, 0x88, 0xfc, 0xa8, 0xfc,
  0xe8, 0xfd, 0x78, 0xfe, 0x48, 0xfe, 0xf0, 0xfe, 0xb8, 0xfd, 0x58, 0xfb,
  0xb8, 0xf8, 0x50, 0xf5, 0x60, 0xf2, 0x68, 0xf1, 0xc8, 0xf1, 0xc8, 0xf3,
  0x08, 0x00, 0x00, 0x09, 0xb8, 0x07, 0xb8, 0x0c, 0x90, 0x11, 0x58, 0x0e,
  0x70, 0x08, 0x20, 0x05, 0xc0, 0x05, 0xb0, 0x04, 0x28, 0x02, 0x78, 0x03,
  0x28, 0x05, 0x30, 0x04, 0x08, 0x02, 0x28, 0x00, 0xf0, 0xff, 0x38, 0xfd,
  0xe8, 0xfa, 0xe0, 0xfa, 0xe8, 0xfa, 0xf0, 0xfc, 0xb0, 0xfe, 0x68, 0xfe,
  0x48, 0xff, 0xf8, 0xff, 0xa0, 0xfd, 0xb8, 0xfa, 0x48, 0xf7, 0xa8, 0xf4,
  0x30, 0xf2, 0xb0, 0xf1, 0x78, 0xf1, 0x20, 0xf7, 0xc0, 0x04, 0xe8, 0x07,
  0x30, 0x08, 0x70, 0x0f, 0xe8, 0x10, 0x18, 0x0c, 0x00, 0x07, 0x18, 0x05,
  0xd8, 0x05, 0x88, 0x03, 0x60, 0x01, 0x58, 0x04, 0x30, 0x05, 0x58, 0x03,
  0xa8, 0x01, 0xb0, 0xff, 0x30, 0xff, 0xc0, 0xfc, 0x88, 0xfa, 0x50, 0xfb,
  0xa8, 0xfb, 0xd0, 0xfc, 0xe8, 0xfd, 0xb0, 0xfd, 0x40, 0xff, 0x50, 0xff,
  0x20, 0xfd, 0x40, 0xfb, 0xa0, 0xf7, 0x80, 0xf5, 0x58, 0xf3, 0x78, 0xf2,
  0x38, 0xf2, 0xa8, 0xf7, 0x90, 0x04, 0x70, 0x07, 0x10, 0x08, 0x88, 0x0f,
  0xb0, 0x10, 0x48, 0x0c, 0xb0, 0x07, 0x28, 0x06, 0x30, 0x07, 0x70, 0x04,
  0xf8, 0x01, 0x50, 0x04, 0x80, 0x04, 0x38, 0x02, 0x58, 0x00, 0xa8, 0xfe,
  0x70, 0xfe, 0x70, 0xfc, 0x18, 0xfb, 0x90, 0xfb, 0x10, 0xfc, 0x88, 0xfd,
  0x30, 0xfd, 0xa8, 0xfd, 0x28, 0xff, 0x30, 0xfe, 0xe0, 0xfc, 0x38, 0xfa,
  0x18, 0xf7, 0x80, 0xf5, 0x40, 0xf3, 0xd0, 0xf2, 0x58, 0xf2, 0x18, 0xfa,
  0xb8, 0x05, 0x08, 0x05, 0x50, 0x07, 0x58, 0x0f, 0x40, 0x0f, 0x48, 0x0b,
  0xe8, 0x07, 0xd8, 0x07, 0x78, 0x09, 0xe8, 0x05, 0x58, 0x03, 0x28, 0x05,
  0xf8, 0x04, 0xc8, 0x02, 0xd0, 0xff, 0x88, 0xfe, 0x70, 0xfe, 0x58, 0xfc,
  0xe8, 0xfa, 0xc8, 0xfa, 0x10, 0xfc, 0x58, 0xfd, 0xd0, 0xfb, 0x20, 0xfd,
  0xe0, 0xfe, 0xf8, 0xfc, 0x70, 0xfb, 0xc8, 0xf8, 0xa8, 0xf6, 0x28, 0xf5,
  0x58, 0xf3, 0x78, 0xf3, 0xf8, 0xf3, 0x20, 0xfd, 0xc8, 0x05, 0xe8, 0x03,
  0xc0, 0x08, 0xf8, 0x0e, 0x78, 0x0d, 0xe8, 0x0a, 0xf0, 0x08, 0x88, 0x09,
  0x30, 0x0a, 0xe0, 0x05, 0x80, 0x04, 0xb8, 0x05, 0xc8, 0x03, 0x80, 0x01,
  0x18, 0xff, 0xf0, 0xfd, 0x80, 0xfd, 0xe8, 0xfb, 0xf0, 0xfa, 0x98, 0xfb,
  0x70, 0xfd, 0x80, 0xfd, 0xb8, 0xfc, 0x78, 0xfe, 0xa8, 0xfe, 0xc0, 0xfc,
  0x90, 0xfa, 0xa0, 0xf7, 0x00, 0xf6, 0x08, 0xf4, 0x48, 0xf3, 0x60, 0xf3,
  0x00, 0xf5, 0x00, 0xff, 0x90, 0x04, 0xc8, 0x03, 0x78, 0x0a, 0x78, 0x0f,
  0x38, 0x0d, 0x10, 0x0b, 0xd8, 0x09, 0x48, 0x0a, 0xf0, 0x08, 0xb8, 0x04,
  0x30, 0x04, 0x48, 0x05, 0x00, 0x03, 0x70, 0x00, 0x08, 0xff, 0x70, 0xfe,
  0x78, 0xfd, 0xc0, 0xfb, 0xf0, 0xfa, 0xd8, 0xfc, 0xa8, 0xfd, 0x40, 0xfc,
  0xd8, 0xfc, 0x78, 0xfe, 0xa0, 0xfd, 0xb8, 0xfb, 0x88, 0xf9, 0xd0, 0xf7,
  0x98, 0xf6, 0xb8, 0xf4, 0xb8, 0xf4, 0x00, 0xf4, 0x08, 0xf8, 0x78, 0x01,
  0xd0, 0x02, 0xd0, 0x03, 0xd8, 0x0a, 0x88, 0x0d, 0x50, 0x0c, 0x78, 0x0a,
  0x80, 0x09, 0xb8, 0x0b, 0x30, 0x0a, 0x80, 0x05, 0xc0, 0x05, 0xb8, 0x05,
  0x58, 0x02, 0x50, 0xff, 0x58, 0xfd, 0xa0, 0xfc, 0x08, 0xfc, 0x60, 0xfb,
  0x58, 0xfb, 0x58, 0xfc, 0x78, 0xfe, 0xd8, 0xfc, 0xf0, 0xfb, 0x68, 0xfd,
  0x60, 0xfc, 0xb0, 0xfa, 0x08, 0xf9, 0x00, 0xf8, 0xf8, 0xf7, 0x78, 0xf7,
  0x98, 0xf7, 0x38, 0xf7, 0xa8, 0xfa, 0x50, 0xff, 0x70, 0xff, 0xb0, 0x01,
  0xd0, 0x06, 0xd8, 0x08, 0x20, 0x09, 0x58, 0x09, 0x10, 0x0a, 0xf0, 0x0b,
  0x98, 0x0a, 0xc8, 0x07, 0x08, 0x08, 0x38, 0x06, 0x18, 0x03, 0xa8, 0x01,
  0x78, 0xff, 0xe8, 0xfd, 0x28, 0xfd, 0xe0, 0xfc, 0x90, 0xfc, 0x80, 0xfc,
  0xe8, 0xfc, 0x20, 0xfc, 0x88, 0xfc, 0xe0, 0xfc, 0xa0, 0xfb, 0x58, 0xfb,
  0x68, 0xfa, 0x08, 0xf9, 0x18, 0xf8, 0x80, 0xf7, 0x98, 0xf7, 0xd0, 0xf6,
  0xd8, 0xf8, 0xa8, 0xfb, 0xe8, 0xfb, 0x00, 0xff, 0x50, 0x03, 0x78, 0x05,
  0x08, 0x08, 0xd8, 0x0a, 0x78, 0x0c, 0x18, 0x0e, 0xc8, 0x0d, 0xd8, 0x0b,
  0x08, 0x0b, 0x68, 0x08, 0xa8, 0x04, 0xe8, 0x02, 0x20, 0x00, 0x88, 0xfd,
  0x20, 0xfd, 0xb8, 0xfb, 0x88, 0xfa, 0xd8, 0xfa, 0x88, 0xfa, 0x88, 0xfa,
  0x20, 0xfb, 0xa0, 0xfa, 0x90, 0xfa, 0x90, 0xfa, 0x50, 0xf9, 0x88, 0xf8,
  0xa0, 0xf8, 0xf8, 0xf7, 0x60, 0xf7, 0x10, 0xf9, 0xa8, 0xfa, 0x78, 0xfb,
  0x88, 0xfe, 0xe8, 0x01, 0x08, 0x04, 0x38, 0x07, 0x20, 0x0a, 0xe0, 0x0b,
  0x48, 0x0e, 0xc8, 0x0e, 0x18, 0x0d, 0xb0, 0x0c, 0x78, 0x0a, 0xd0, 0x06,
  0xb0, 0x04, 0x78, 0x01, 0x48, 0xff, 0x30, 0xfe, 0x30, 0xfc, 0x08, 0xfb,
  0xf0, 0xfa, 0x48, 0xfa, 0x10, 0xfa, 0x38, 0xfa, 0x40, 0xfa, 0x60, 0xfa,
  0x98, 0xf9, 0x98, 0xf8, 0x98, 0xf7, 0x10, 0xf7, 0x50, 0xf6, 0x08, 0xf6,
  0x98, 0xf7, 0xf8, 0xf9, 0x98, 0xfb, 0x48, 0xfe, 0x40, 0x02, 0xc8, 0x04,
  0x98, 0x07, 0x80, 0x0a, 0x10, 0x0c, 0x20, 0x0e, 0x58, 0x0f, 0xd8, 0x0d,
  0x40, 0x0d, 0x28, 0x0b, 0xc8, 0x07, 0x18, 0x06, 0xd8, 0x02, 0x58, 0x00,
  0x48, 0xff, 0x18, 0xfd, 0x90, 0xfb, 0xd0, 0xfa, 0x38, 0xfa, 0xe0, 0xf9,
  0xb0, 0xf9, 0xa0, 0xf9, 0x98, 0xf9, 0xe0, 0xf8, 0xe0, 0xf7, 0xb0, 0xf6,
  0xe8, 0xf5, 0xc8, 0xf5, 0x40, 0xf5, 0x58, 0xf6, 0x58, 0xf9, 0x38, 0xfb,
  0xb0, 0xfd, 0xb0, 0x01, 0x58, 0x04, 0x00, 0x07, 0x10, 0x0a, 0x60, 0x0b,
  0x20, 0x0d, 0xb8, 0x0e, 0xa8, 0x0d, 0x98, 0x0c, 0x08, 0x0b, 0xd8, 0x07,
  0x08, 0x06, 0x50, 0x03, 0x70, 0x00, 0x48, 0xff, 0x60, 0xfd, 0x98, 0xfb,
  0xc0, 0xfa, 0x08, 0xfa, 0xa8, 0xf9, 0x80, 0xf9, 0x28, 0xf9, 0x28, 0xf9,
  0xc8, 0xf8, 0xf8, 0xf7, 0x98, 0xf7, 0x20, 0xf7, 0xf0, 0xf6, 0x78, 0xf6,
  0xf0, 0xf6, 0x58, 0xf9, 0x58, 0xfb, 0x20, 0xfd, 0xe8, 0x00, 0x88, 0x03,
  0xd0, 0x05, 0x30, 0x09, 0xc0, 0x0a, 0x98, 0x0c, 0x98, 0x0e, 0xd0, 0x0d,
  0x28, 0x0d, 0x18, 0x0c, 0x58, 0x09, 0x48, 0x07, 0xc8, 0x04, 0x30, 0x02,
  0x98, 0x00, 0x98, 0xfe, 0xd8, 0xfc, 0xf0, 0xfb, 0x50, 0xfb, 0xe8, 0xfa,
  0xa0, 0xfa, 0x68, 0xfa, 0x30, 0xfa, 0x58, 0xf9, 0x38, 0xf8, 0x60, 0xf7,
  0x80, 0xf6, 0xe8, 0xf5, 0x58, 0xf5, 0x00, 0xf6, 0x38, 0xf8, 0xc0, 0xf9,
  0xf8, 0xfb, 0x98, 0xff, 0x00, 0x02, 0xc0, 0x04, 0xf0, 0x07, 0xb8, 0x09,
  0x10, 0x0c, 0x88, 0x0d, 0xf8, 0x0c, 0xc8, 0x0c, 0x60, 0x0b, 0x00, 0x09,
  0x38, 0x07, 0xc0, 0x04, 0xc8, 0x02, 0x48, 0x01, 0x70, 0xff, 0x40, 0xfe,
  0x90, 0xfd, 0x40, 0xfc, 0xd0, 0xfb, 0x48, 0xfb, 0x88, 0xfa, 0x80, 0xfa,
  0x60, 0xf9, 0xd0, 0xf7, 0x98, 0xf7, 0xa0, 0xf6, 0xf0, 0xf5, 0xf0, 0xf5,
  0xc8, 0xf6, 0x90, 0xf8, 0x50, 0xfa, 0x40, 0xfc, 0x40, 0xff, 0x48, 0x01,
  0x18, 0x04, 0xd8, 0x06, 0xb0, 0x08, 0x28, 0x0b, 0xa8, 0x0c, 0x88, 0x0c,
  0x40, 0x0c, 0xd8, 0x0a, 0xd8, 0x08, 0xe0, 0x06, 0x98, 0x04, 0xb8, 0x02,
  0xc0, 0x00, 0x00, 0xff, 0x58, 0xfd, 0x30, 0xfc, 0x30, 0xfb, 0x88, 0xfa,
  0x80, 0xfa, 0x50, 0xfa, 0x50, 0xfa, 0x68, 0xf9, 0x50, 0xf8, 0xf8, 0xf7,
  0x38, 0xf7, 0x98, 0xf6, 0x88, 0xf6, 0xf0, 0xf6, 0x90, 0xf8, 0x68, 0xfa,
  0x50, 0xfc, 0x18, 0xff, 0x60, 0x01, 0x38, 0x04, 0x00, 0x07, 0x98, 0x08,
  0xf0, 0x0a, 0x50, 0x0c, 0x98, 0x0c, 0x48, 0x0c, 0x28, 0x0b, 0x98, 0x09,
  0xc8, 0x07, 0xd0, 0x05, 0x20, 0x04, 0x38, 0x02, 0x80, 0x00, 0xd8, 0xfe,
  0x80, 0xfd, 0x60, 0xfc, 0x78, 0xfb, 0x30, 0xfb, 0xe0, 0xfa, 0xa8, 0xfa,
  0xe0, 0xf9, 0x08, 0xf9, 0xb8, 0xf8, 0x38, 0xf8, 0xd8, 0xf7, 0x38, 0xf8,
  0x48, 0xf8, 0x48, 0xf9, 0xa8, 0xfa, 0x40, 0xfc, 0x48, 0xfe, 0x88, 0x00,
  0xf0, 0x02, 0x58, 0x05, 0x10, 0x07, 0xf0, 0x08, 0x28, 0x0a, 0x98, 0x0a,
  0xb0, 0x0a, 0xe8, 0x09, 0xe0, 0x08, 0x80, 0x07, 0xf8, 0x05, 0x88, 0x04,
  0xd0, 0x02, 0x38, 0x01, 0x98, 0xff, 0x38, 0xfe, 0x08, 0xfd, 0xb8, 0xfb,
  0xc8, 0xfa, 0x18, 0xfa, 0xb0, 0xf9, 0x00, 0xf9, 0x30, 0xf8, 0x20, 0xf8,
  0xf0, 0xf7, 0xe8, 0xf7, 0x50, 0xf8, 0xb0, 0xf8, 0x48, 0xf9, 0x60, 0xfa,
  0xd0, 0xfb, 0xe0, 0xfd, 0xc8, 0xff, 0xd0, 0x01, 0x28, 0x04, 0x18, 0x06,
  0x80, 0x07, 0xf8, 0x08, 0xd0, 0x09, 0x98, 0x09, 0xf0, 0x09, 0x10, 0x09,
  0xb0, 0x07, 0x88, 0x06, 0x08, 0x05, 0xa0, 0x03, 0xf8, 0x01, 0x50, 0x00,
  0x80, 0xff, 0x68, 0xfe, 0x18, 0xfd, 0x00, 0xfc, 0x10, 0xfb, 0x70, 0xfa,
  0x38, 0xfa, 0x90, 0xf9, 0xf0, 0xf8, 0x20, 0xf9, 0x58, 0xf9, 0x00, 0xfa,
  0xb0, 0xfa, 0xc8, 0xfa, 0x80, 0xfb, 0x68, 0xfc, 0x88, 0xfd, 0x30, 0xff,
  0x60, 0x00, 0xd8, 0x01, 0x30, 0x03, 0x70, 0x04, 0xa8, 0x05, 0x78, 0x06,
  0xe0, 0x06, 0x38, 0x07, 0x40, 0x07, 0x20, 0x07, 0xc0, 0x06, 0xe8, 0x05,
  0xb0, 0x04, 0xa0, 0x03, 0x80, 0x02, 0xc8, 0x00, 0x60, 0xff, 0x10, 0xfe,
  0x48, 0xfd, 0x70, 0xfc, 0x68, 0xfb, 0xc0, 0xfa, 0xe8, 0xf9, 0xe0, 0xf9,
  0x10, 0xfa, 0x08, 0xfa, 0x28, 0xfb, 0x68, 0xfb, 0x48, 0xfc, 0xf8, 0xfc,
  0xe0, 0xfd, 0x80, 0xfe, 0x30, 0xff, 0x90, 0x00, 0x68, 0x01, 0x00, 0x02,
  0xc8, 0x02, 0xa8, 0x03, 0xc8, 0x03, 0x20, 0x04, 0x70, 0x04, 0x50, 0x04,
  0x98, 0x04, 0xc8, 0x04, 0x78, 0x04, 0x78, 0x03, 0x10, 0x03, 0x50, 0x02,
  0x60, 0x01, 0xa8, 0x00, 0x98, 0xff, 0x88, 0xfe, 0xc0, 0xfd, 0x30, 0xfd,
  0x40, 0xfd, 0xc8, 0xfc, 0x18, 0xfc, 0xe0, 0xfb, 0x98, 0xfb, 0xf8, 0xfb,
  0x00, 0xfc, 0x68, 0xfc, 0x18, 0xfd, 0x68, 0xfd, 0x20, 0xfe, 0x98, 0xfe,
  0x30, 0xff, 0xe8, 0xff, 0xa0, 0x00, 0x90, 0x01, 0x10, 0x02, 0x10, 0x02,
  0xb8, 0x02, 0xb0, 0x02, 0xe8, 0x02, 0x18, 0x03, 0x10, 0x03, 0xe0, 0x02,
  0x00, 0x03, 0x20, 0x03, 0xc0, 0x02, 0x58, 0x02, 0x00, 0x02, 0x90, 0x01,
  0x10, 0x01, 0x38, 0x00, 0x98, 0xff, 0x00, 0xff, 0x78, 0xfe, 0x08, 0xfe,
  0xb8, 0xfd, 0xc0, 0xfd, 0x80, 0xfd, 0x80, 0xfd, 0x90, 0xfd, 0xc0, 0xfd,
  0xa0, 0xfd, 0xa8, 0xfe, 0x08, 0xff, 0x48, 0xff, 0xc8, 0xff, 0x28, 0x00,
  0x98, 0x00, 0x98, 0x00, 0xe0, 0x00, 0x08, 0x01, 0x18, 0x01, 0x18, 0x01,
  0x08, 0x01, 0xe8, 0x00, 0x30, 0x01, 0x28, 0x01, 0xf8, 0x00, 0xe0, 0x00,
  0x28, 0x01, 0x18, 0x01, 0xe0, 0x00, 0xb0, 0x00, 0x20, 0x00, 0x90, 0xff,
  0x38, 0xff, 0xf0, 0xfe, 0x98, 0xfe, 0x58, 0xfe, 0x38, 0xfe, 0x58, 0xfe,
  0x68, 0xfe, 0x10, 0xfe, 0x38, 0xfe, 0x80, 0xfe, 0xc0, 0xfe, 0x60, 0xff,
  0xf0, 0xff, 0x10, 0x00, 0x68, 0x00, 0xb0, 0x00, 0xf0, 0x00, 0xf0, 0x00,
  0x80, 0x00, 0xb8, 0x00, 0x00, 0x01, 0x70, 0x00, 0x00, 0x00, 0x38, 0x00,
  0x48, 0x00, 0x50, 0x00, 0x88, 0x00, 0x60, 0x00, 0x98, 0x00, 0x78, 0x00,
  0x60, 0x00, 0x58, 0x00, 0x08, 0x00, 0xa0, 0xff, 0x50, 0xff, 0x38, 0xff,
  0x18, 0xff, 0xf8, 0xfe, 0xf8, 0xfe, 0xc8, 0xfe, 0x00, 0xff, 0xd8, 0xfe,
  0xe8, 0xfe, 0x58, 0xff, 0x80, 0xff, 0x50, 0x00, 0x70, 0x00, 0xc8, 0x00,
  0x60, 0x01, 0x10, 0x01, 0x00, 0x01, 0x08, 0x01, 0xe8, 0x00, 0xe8, 0x00,
  0x08, 0x01, 0x98, 0x00, 0x08, 0x00, 0x30, 0x00, 0x48, 0x00, 0x38, 0x00,
  0x58, 0x00, 0x30, 0x00, 0x38, 0x00, 0x18, 0x00, 0x40, 0x00, 0x48, 0x00,
  0xf8, 0xff, 0xc0, 0xff, 0x88, 0xff, 0x88, 0xff, 0x88, 0xff, 0x28, 0xff,
  0x38, 0xff, 0x68, 0xff, 0x78, 0xff, 0x50, 0xff, 0x30, 0xff, 0x80, 0xff,
  0xa8, 0xff, 0x28, 0x00, 0x50, 0x00, 0x60, 0x00, 0x90, 0x00, 0xa8, 0x00,
  0x88, 0x00, 0x88, 0x00, 0xb8, 0x00, 0x98, 0x00, 0xa8, 0x00, 0x78, 0x00,
  0x48, 0x00, 0x50, 0x00, 0x48, 0x00, 0x40, 0x00, 0x40, 0x00, 0x20, 0x00,
  0x18, 0x00, 0xf8, 0xff, 0x00, 0x00, 0x00, 0x00, 0xc8, 0xff, 0xa0, 0xff,
  0x78, 0xff, 0x78, 0xff, 0x78, 0xff, 0x00, 0xff, 0xd8, 0xfe, 0x20, 0xff,
  0x38, 0xff, 0x38, 0xff, 0x28, 0xff, 0x60, 0xff, 0x90, 0xff, 0xf8, 0xff,
  0x40, 0x00, 0x50, 0x00, 0x98, 0x00, 0xf0, 0x00, 0xe8, 0x00, 0x60, 0x00,
  0x78, 0x00, 0x98, 0x00, 0x70, 0x00, 0x50, 0x00, 0x30, 0x00, 0x28, 0x00,
  0x68, 0x00, 0x58, 0x00, 0x88, 0x00, 0x68, 0x00, 0xf0, 0xff, 0xd0, 0xff,
  0xe0, 0xff, 0xc0, 0xff, 0x98, 0xff, 0xa8, 0xff, 0x90, 0xff, 0x90, 0xff,
  0x30, 0xff, 0x50, 0xff, 0x98, 0xff, 0xa0, 0xff, 0x58, 0xff, 0x50, 0xff,
  0x88, 0xff, 0xb8, 0xff, 0x08, 0x00, 0x28, 0x00, 0x30, 0x00, 0x60, 0x00,
  0xb8, 0x00, 0xb0, 0x00, 0x70, 0x00, 0x68, 0x00, 0x48, 0x00, 0x38, 0x00,
  0x28, 0x00, 0x20, 0x00, 0xe0, 0xff, 0x18, 0x00, 0x00, 0x00, 0xf0, 0xff,
  0x40, 0x00, 0x18, 0x00, 0xc8, 0xff, 0xd8, 0xff, 0xd8, 0xff, 0xe8, 0xff,
  0xe8, 0xff, 0xe0, 0xff, 0xe0, 0xff, 0x30, 0x00, 0xc0, 0xff, 0x88, 0xff,
  0xf8, 0xff, 0xd8, 0xff, 0xf8, 0xff, 0xf8, 0xff, 0xf0, 0xff, 0x00, 0x00,
  0xa8, 0xff, 0x28, 0x00, 0x20, 0x00, 0x28, 0x00, 0x28, 0x00, 0x68, 0x00,
  0x70, 0x00, 0x58, 0x00, 0xe0, 0xff, 0xe0, 0xff, 0xf8, 0xff, 0xf0, 0xff,
  0xe8, 0xff, 0xd0, 0xff, 0xd8, 0xff, 0xe8, 0xff, 0xf0, 0xff, 0xf8, 0xff,
  0x00, 0x00, 0xf8, 0xff, 0x18, 0x00, 0x10, 0x00, 0x08, 0x00, 0xf0, 0xff,
  0x10, 0x00, 0x10, 0x00, 0x08, 0x00, 0xc8, 0xff, 0xc8, 0xff, 0xa0, 0xff,
  0xc8, 0xff, 0x98, 0xff, 0xe0, 0xff, 0xa0, 0xff, 0xc8, 0xff, 0x00, 0x00,
  0x10, 0x00, 0x70, 0x00, 0x50, 0x00, 0x88, 0x00, 0x58, 0x00, 0x38, 0x00,
  0x20, 0x00, 0x08, 0x00, 0x00, 0x00, 0x40, 0x00, 0x28, 0x00, 0xe8, 0xff,
  0x08, 0x00, 0xf8, 0xff, 0xe8, 0xff, 0x18, 0x00, 0x00, 0x00, 0x10, 0x00,
  0xf0, 0xff, 0xf0, 0xff, 0x40, 0xff, 0x90, 0xff, 0xa0, 0xff, 0x68, 0xff,
  0xe0, 0xff, 0xd0, 0xff, 0xd8, 0xff, 0xe0, 0xff, 0xd0, 0xff, 0xb0, 0xff,
  0xe8, 0xff, 0x68, 0x00, 0x60, 0x00, 0x68, 0x00, 0x30, 0x00, 0x18, 0x00,
  0x70, 0x00, 0x90, 0x00, 0x60, 0x00, 0x38, 0x00, 0xe8, 0xff, 0xf0, 0xff,
  0xe8, 0xff, 0x28, 0x00, 0x00, 0x00, 0xa8, 0xff, 0xc0, 0xff, 0xc8, 0xff,
  0xd8, 0xff, 0xc8, 0xff, 0xd8, 0xff, 0xe8, 0xff, 0xf8, 0xff, 0xf0, 0xff,
  0xe8, 0xff, 0xe8, 0xff, 0xf8, 0xff, 0xb8, 0xff, 0xe0, 0xff, 0xf0, 0xff,
  0xe8, 0xff, 0x08, 0x00, 0x08, 0x00, 0x28, 0x00, 0x20, 0x00, 0x18, 0x00,
  0x10, 0x00, 0x40, 0x00, 0x40, 0x00, 0x18, 0x00, 0x30, 0x00, 0x60, 0x00,
  0x38, 0x00, 0x70, 0x00, 0x48, 0x00, 0x30, 0x00, 0x10, 0x00, 0x38, 0x00,
  0xc0, 0xff, 0xc8, 0xff, 0xc0, 0xff, 0x50, 0xff, 0xa0, 0xff, 0x98, 0xff,
  0xa8, 0xff, 0x68, 0xff, 0x90, 0xff, 0x90, 0xff, 0xc8, 0xff, 0x18, 0x00,
  0x18, 0x00, 0x38, 0x00, 0x28, 0x00, 0x30, 0x00, 0x10, 0x00, 0x08, 0x00,
  0x20, 0x00, 0xd8, 0xff, 0x20, 0x00, 0x48, 0x00, 0x38, 0x00, 0x40, 0x00,
  0x28, 0x00, 0x00, 0x00, 0x40, 0x00, 0x48, 0x00, 0x30, 0x00, 0x10, 0x00,
  0x00, 0x00, 0xe8, 0xff, 0xe0, 0xff, 0x10, 0x00, 0xf8, 0xff, 0xa8, 0xff,
  0xc8, 0xff, 0xd0, 0xff, 0xd8, 0xff, 0xb8, 0xff, 0x98, 0xff, 0xc0, 0xff,
  0xd8, 0xff, 0xe0, 0xff, 0xa0, 0xff, 0xd0, 0xff, 0xe8, 0xff, 0xc8, 0xff,
  0x48, 0x00, 0x38, 0x00, 0x28, 0x00, 0xe8, 0xff, 0xf8, 0xff, 0xf0, 0xff,
  0x48, 0x00, 0x70, 0x00, 0x50, 0x00, 0x80, 0x00, 0x40, 0x00, 0x20, 0x00,
  0x40, 0x00, 0x50, 0x00, 0x78, 0x00, 0x00, 0x00, 0xe0, 0xff, 0xd8, 0xff,
  0x10, 0x00, 0x10, 0x00, 0xe8, 0xff, 0xb0, 0xff, 0xa0, 0xff, 0xb8, 0xff,
  0xb0, 0xff, 0x88, 0xff, 0x98, 0xff, 0x70, 0xff, 0x78, 0xff, 0xb0, 0xff,
  0xc0, 0xff, 0xd0, 0xff, 0xd0, 0xff, 0xf0, 0xff, 0x00, 0x00, 0xe8, 0xff,
  0x08, 0x00, 0x18, 0x00, 0x28, 0x00, 0x48, 0x00, 0x48, 0x00, 0xf8, 0xff,
  0x28, 0x00, 0x98, 0x00, 0x40, 0x00, 0x68, 0x00, 0x68, 0x00, 0x38, 0x00,
  0x48, 0x00, 0x50, 0x00, 0x10, 0x00, 0x10, 0x00, 0x40, 0x00, 0xd8, 0xff,
  0xf0, 0xff, 0xf0, 0xff, 0xc0, 0xff, 0xa8, 0xff, 0x98, 0xff, 0x70, 0xff,
  0x88, 0xff, 0xe8, 0xff, 0xf8, 0xff, 0xe8, 0xff, 0xd8, 0xff, 0x10, 0x00,
  0x08, 0x00, 0x08, 0x00, 0x40, 0x00, 0x90, 0x00, 0x78, 0x00, 0x60, 0x00,
  0x08, 0x00, 0xc0, 0xff, 0x08, 0x00, 0x28, 0x00, 0x38, 0x00, 0x08, 0x00,
  0xd0, 0xff, 0xd0, 0xff, 0x28, 0x00, 0x20, 0x00, 0x00, 0x00, 0xa8, 0xff,
  0xb0, 0xff, 0xd0, 0xff, 0x88, 0xff, 0xe8, 0xff, 0xe0, 0xff, 0xb8, 0xff,
  0xc0, 0xff, 0xc8, 0xff, 0xe0, 0xff, 0xe8, 0xff, 0xf8, 0xff, 0x00, 0x00,
  0x10, 0x00, 0x00, 0x00, 0x08, 0x00, 0x60, 0x00, 0x78, 0x00, 0x08, 0x00,
  0x10, 0x00, 0x60, 0x00, 0x50, 0x00, 0x48, 0x00, 0x10, 0x00, 0x20, 0x00,
  0x40, 0x00, 0x08, 0x00, 0x18, 0x00, 0x10, 0x00, 0x38, 0x00, 0x20, 0x00,
  0xc0, 0xff, 0xb8, 0xff, 0xd0, 0xff, 0xf0, 0xff, 0xd0, 0xff, 0xd0, 0xff,
  0xd0, 0xff, 0xb0, 0xff, 0x68, 0xff, 0x38, 0xff, 0x68, 0xff, 0x98, 0xff,
  0xd0, 0xff, 0xd8, 0xff, 0xc8, 0xff, 0xd0, 0xff, 0xa8, 0xff, 0x20, 0x00,
  0x30, 0x00, 0x40, 0x00, 0x78, 0x00, 0x50, 0x00, 0x58, 0x00, 0x28, 0x00,
  0x38, 0x00, 0x40, 0x00, 0x50, 0x00, 0x60, 0x00, 0x50, 0x00, 0x28, 0x00,
  0x00, 0x00, 0x00, 0x00, 0x10, 0x00, 0x10, 0x00, 0x08, 0x00, 0x18, 0x00,
  0x00, 0x00, 0xf0, 0xff, 0x28, 0x00, 0xf8, 0xff, 0xf0, 0xff, 0x68, 0xff,
  0xb0, 0xff, 0xd8, 0xff, 0xc0, 0xff, 0xe0, 0xff, 0xb8, 0xff, 0xd0, 0xff,
  0xc8, 0xff, 0xf8, 0xff, 0x00, 0x00, 0x00, 0x00, 0x18, 0x00, 0xd0, 0xff,
  0x28, 0x00, 0x40, 0x00, 0x40, 0x00, 0xa0, 0x00, 0x60, 0x00, 0x58, 0x00,
  0x50, 0x00, 0x30, 0x00, 0x40, 0x00, 0x30, 0x00, 0xe0, 0xff, 0xd0, 0xff,
  0x98, 0xff, 0x78, 0xff, 0xb8, 0xff, 0x98, 0xff, 0x88, 0xff, 0x80, 0xff,
  0x50, 0xff, 0x78, 0xff, 0xc8, 0xff, 0xd0, 0xff, 0xf0, 0xff, 0x08, 0x00,
  0xc0, 0xff, 0xe8, 0xff, 0x10, 0x00, 0x20, 0x00, 0x48, 0x00, 0x38, 0x00,
  0x18, 0x00, 0x20, 0x00, 0x28, 0x00, 0x30, 0x00, 0x30, 0x00, 0x28, 0x00,
  0x28, 0x00, 0x40, 0x00, 0x40, 0x00, 0x28, 0x00, 0x08, 0x00, 0x38, 0x00,
  0x78, 0x00, 0x08, 0x00, 0x10, 0x00, 0x08, 0x00, 0xa8, 0xff, 0xc0, 0xff,
  0xa8, 0xff, 0xb8, 0xff, 0xd8, 0xff, 0xe8, 0xff, 0xa8, 0xff, 0xa8, 0xff,
  0xc8, 0xff, 0xc8, 0xff, 0xe8, 0xff, 0xd8, 0xff, 0xd0, 0xff, 0xe0, 0xff,
  0xe8, 0xff, 0x00, 0x00, 0x30, 0x00, 0x38, 0x00, 0x40, 0x00, 0x58, 0x00,
  0x60, 0x00, 0x50, 0x00, 0x40, 0x00, 0x70, 0x00, 0x70, 0x00, 0x30, 0x00,
  0x40, 0x00, 0x08, 0x00, 0xf8, 0xff, 0x08, 0x00, 0xe8, 0xff, 0xf0, 0xff,
  0xf0, 0xff, 0xd8, 0xff, 0x80, 0xff, 0xb0, 0xff, 0xc0, 0xff, 0x98, 0xff,
  0xb8, 0xff, 0x68, 0xff, 0x60, 0xff, 0x80, 0xff, 0x68, 0xff, 0x68, 0xff,
  0x70, 0xff, 0x80, 0xff, 0xc0, 0xff, 0x08, 0x00, 0x30, 0x00, 0x68, 0x00,
  0x90, 0x00, 0x08, 0x01, 0x20, 0x01, 0x40, 0x01, 0x98, 0x01, 0x40, 0x01,
  0x08, 0x01, 0xe0, 0x00, 0xe8, 0x00, 0xf0, 0x00, 0xc0, 0x00, 0x90, 0x00,
  0x38, 0x00, 0x10, 0x00, 0x90, 0xff, 0x28, 0xff, 0x60, 0xff, 0xa8, 0xfe,
  0x68, 0xfe, 0xd0, 0xfd, 0xc0, 0xfc, 0x70, 0xfc, 0x50, 0xfc, 0x68, 0xfc,
  0xc0, 0xfc, 0x40, 0xfd, 0xd8, 0xfd, 0xa0, 0xfe, 0x70, 0xff, 0x98, 0x00,
  0xe8, 0x01, 0x18, 0x03, 0x10, 0x04, 0xc0, 0x04, 0x70, 0x05, 0x90, 0x05,
  0xa0, 0x05, 0x58, 0x05, 0xe8, 0x04, 0x30, 0x04, 0x38, 0x03, 0x40, 0x02,
  0x98, 0x01, 0xd8, 0x00, 0xf0, 0xff, 0xb8, 0xfe, 0x20, 0xfe, 0x38, 0xfd,
  0xf8, 0xfb, 0x48, 0xfb, 0x30, 0xfa, 0x00, 0xf9, 0x98, 0xf8, 0xe0, 0xf7,
  0xb8, 0xf7, 0x00, 0xf8, 0x98, 0xf8, 0xf8, 0xf9, 0x78, 0xfb, 0xd0, 0xfd,
  0x90, 0x00, 0x38, 0x03, 0xf0, 0x05, 0xc8, 0x07, 0x68, 0x09, 0x68, 0x0a,
  0xc0, 0x0a, 0x78, 0x0a, 0xb8, 0x09, 0x80, 0x08, 0x08, 0x07, 0xf0, 0x04,
  0xe8, 0x02, 0x10, 0x01, 0x18, 0xff, 0xd8, 0xfd, 0x90, 0xfc, 0x90, 0xfb,
  0xf8, 0xfa, 0x28, 0xfa, 0xa0, 0xf9, 0xd0, 0xf8, 0x00, 0xf8, 0xa8, 0xf7,
  0xc8, 0xf6, 0x80, 0xf6, 0xc8, 0xf6, 0x20, 0xf7, 0xd0, 0xf8, 0xc0, 0xfa,
  0x08, 0xfd, 0x18, 0x00, 0x58, 0x03, 0x58, 0x06, 0x00, 0x09, 0x30, 0x0b,
  0x98, 0x0c, 0x50, 0x0d, 0x48, 0x0d, 0x18, 0x0c, 0x20, 0x0a, 0xf0, 0x07,
  0x28, 0x05, 0xd0, 0x02, 0xa8, 0x00, 0x88, 0xfe, 0x20, 0xfd, 0x30, 0xfc,
  0x70, 0xfb, 0xf8, 0xfa, 0x78, 0xfa, 0x78, 0xfa, 0x28, 0xfa, 0xc8, 0xf9,
  0x40, 0xf9, 0xd8, 0xf8, 0x40, 0xf8, 0x98, 0xf7, 0x90, 0xf7, 0x90, 0xf7,
  0x78, 0xf8, 0x40, 0xfa, 0x28, 0xfc, 0xd8, 0xfe, 0x08, 0x02, 0xd0, 0x04,
  0xe0, 0x07, 0x60, 0x0a, 0x10, 0x0c, 0x50, 0x0d, 0xb0, 0x0d, 0x98, 0x0c,
  0x10, 0x0b, 0x70, 0x08, 0xb0, 0x05, 0x38, 0x03, 0xd0, 0x00, 0xd0, 0xfe,
  0x68, 0xfd, 0x60, 0xfc, 0xe0, 0xfb, 0xa8, 0xfb, 0x90, 0xfb, 0xc8, 0xfb,
  0x88, 0xfb, 0x08, 0xfb, 0x60, 0xfa, 0x60, 0xf9, 0x38, 0xf8, 0xd0, 0xf6,
  0x50, 0xf6, 0x10, 0xf6, 0x68, 0xf6, 0x28, 0xf8, 0x20, 0xfa, 0xc0, 0xfc,
  0x38, 0x00, 0x28, 0x03, 0x70, 0x06, 0x78, 0x09, 0x60, 0x0b, 0x08, 0x0d,
  0xd8, 0x0d, 0x20, 0x0d, 0x00, 0x0c, 0xd0, 0x09, 0x20, 0x07, 0xe0, 0x04,
  0x80, 0x02, 0x70, 0x00, 0xd0, 0xfe, 0x70, 0xfd, 0xa0, 0xfc, 0xd8, 0xfb,
  0xa8, 0xfb, 0xc8, 0xfb, 0x70, 0xfb, 0x18, 0xfb, 0x80, 0xfa, 0x88, 0xf9,
  0x88, 0xf8, 0xf0, 0xf6, 0x20, 0xf6, 0xd8, 0xf5, 0xc0, 0xf5, 0x50, 0xf7,
  0x50, 0xf9, 0x60, 0xfb, 0xb8, 0xfe, 0xb0, 0x01, 0xa0, 0x04, 0x00, 0x08,
  0x38, 0x0a, 0x10, 0x0c, 0x80, 0x0d, 0x58, 0x0d, 0xa0, 0x0c, 0x18, 0x0b,
  0x88, 0x08, 0x70, 0x06, 0x40, 0x04, 0xf0, 0x01, 0x30, 0x00, 0x90, 0xfe,
  0x68, 0xfd, 0x90, 0xfc, 0x10, 0xfc, 0x30, 0xfc, 0x00, 0xfc, 0xc8, 0xfb,
  0x60, 0xfb, 0x90, 0xfa, 0xb8, 0xf9, 0x60, 0xf8, 0x30, 0xf7, 0xb0, 0xf6,
  0x30, 0xf6, 0xb8, 0xf6, 0x40, 0xf8, 0xa8, 0xf9, 0x10, 0xfc, 0xe8, 0xfe,
  0x78, 0x01, 0xb8, 0x04, 0x70, 0x07, 0x78, 0x09, 0x78, 0x0b, 0x50, 0x0c,
  0x28, 0x0c, 0x70, 0x0b, 0x90, 0x09, 0xb0, 0x07, 0xd8, 0x05, 0xa8, 0x03,
  0xc8, 0x01, 0x00, 0x00, 0x60, 0xfe, 0x48, 0xfd, 0x50, 0xfc, 0x10, 0xfc,
  0xe0, 0xfb, 0x88, 0xfb, 0x58, 0xfb, 0xc8, 0xfa, 0x28, 0xfa, 0x50, 0xf9,
  0x40, 0xf8, 0xb8, 0xf7, 0x68, 0xf7, 0x08, 0xf7, 0xe8, 0xf7, 0xf8, 0xf8,
  0x68, 0xfa, 0xf0, 0xfc, 0x58, 0xff, 0x38, 0x02, 0x78, 0x05, 0xf8, 0x07,
  0x30, 0x0a, 0xf0, 0x0b, 0x98, 0x0c, 0x78, 0x0c, 0x58, 0x0b, 0x80, 0x09,
  0xa8, 0x07, 0x78, 0x05, 0x38, 0x03, 0x28, 0x01, 0x10, 0xff, 0x98, 0xfd,
  0x50, 0xfc, 0x90, 0xfb, 0x98, 0xfb, 0xa8, 0xfb, 0xa8, 0xfb, 0x90, 0xfb,
  0x08, 0xfb, 0x70, 0xfa, 0xa8, 0xf9, 0x00, 0xf9, 0xb8, 0xf8, 0xa0, 0xf8,
  0x78, 0xf8, 0x10, 0xf9, 0x20, 0xfa, 0x38, 0xfb, 0x40, 0xfd, 0x98, 0xff,
  0xc8, 0x01, 0xa0, 0x04, 0x08, 0x07, 0xc0, 0x08, 0x60, 0x0a, 0x30, 0x0b,
  0x20, 0x0b, 0xa0, 0x0a, 0x40, 0x09, 0xd8, 0x07, 0x68, 0x06, 0xa0, 0x04,
  0xf8, 0x02, 0x28, 0x01, 0x90, 0xff, 0x30, 0xfe, 0x00, 0xfd, 0x90, 0xfc,
  0x58, 0xfc, 0xb8, 0xfb, 0x60, 0xfb, 0xc0, 0xfa, 0xd0, 0xf9, 0x50, 0xf9,
  0xd8, 0xf8, 0x68, 0xf8, 0xa0, 0xf8, 0x98, 0xf8, 0xb0, 0xf8, 0x80, 0xf9,
  0x40, 0xfa, 0xc0, 0xfb, 0x18, 0xfe, 0x40, 0x00, 0xa8, 0x02, 0x20, 0x05,
  0xd8, 0x06, 0x48, 0x08, 0xb0, 0x09, 0x20, 0x0a, 0x30, 0x0a, 0xb8, 0x09,
  0x78, 0x08, 0x70, 0x07, 0x18, 0x06, 0x78, 0x04, 0xd8, 0x02, 0x08, 0x01,
  0x78, 0xff, 0x08, 0xfe, 0x00, 0xfd, 0xa8, 0xfc, 0x08, 0xfc, 0x50, 0xfb,
  0xc0, 0xfa, 0xb8, 0xf9, 0xe8, 0xf8, 0xa8, 0xf8, 0x58, 0xf8, 0x88, 0xf8,
  0xd8, 0xf8, 0xd0, 0xf8, 0x20, 0xf9, 0xe0, 0xf9, 0xd8, 0xfa, 0x90, 0xfc,
  0x80, 0xfe, 0xa8, 0x00, 0x88, 0x02, 0x10, 0x04, 0x70, 0x05, 0x80, 0x06,
  0x88, 0x07, 0x80, 0x08, 0xb0, 0x08, 0xb0, 0x08, 0x28, 0x08, 0x48, 0x07,
  0x68, 0x06, 0xe0, 0x04, 0xa0, 0x03, 0x18, 0x02, 0x90, 0x00, 0x90, 0xff,
  0x38, 0xfe, 0x90, 0xfd, 0x38, 0xfd, 0x28, 0xfc, 0x60, 0xfb, 0xb8, 0xfa,
  0x88, 0xfa, 0x78, 0xfa, 0x80, 0xfa, 0xe0, 0xfa, 0xf8, 0xfa, 0x58, 0xfb,
  0x68, 0xfb, 0xc0, 0xfb, 0x60, 0xfc, 0x70, 0xfd, 0xd8, 0xfe, 0x28, 0x00,
  0xf0, 0x01, 0x18, 0x03, 0x08, 0x04, 0x00, 0x05, 0xd8, 0x05, 0x70, 0x06,
  0xe8, 0x06, 0xa8, 0x06, 0x68, 0x06, 0xb8, 0x05, 0xe8, 0x04, 0x08, 0x04,
  0xa8, 0x02, 0xd0, 0x01, 0xb8, 0x00, 0xd0, 0xff, 0xe0, 0xfe, 0xb8, 0xfd,
  0x50, 0xfd, 0xa8, 0xfc, 0xc0, 0xfb, 0x20, 0xfb, 0xd8, 0xfa, 0x40, 0xfb,
  0x08, 0xfb, 0x00, 0xfb, 0x40, 0xfb, 0xd0, 0xfb, 0x20, 0xfc, 0xa0, 0xfc,
  0x50, 0xfd, 0x10, 0xfe, 0x58, 0xff, 0xd8, 0xff, 0x00, 0x01, 0x18, 0x02,
  0x98, 0x02, 0xf8, 0x02, 0x48, 0x03, 0x28, 0x04, 0x60, 0x04, 0x28, 0x05,
  0x98, 0x04, 0x88, 0x04, 0xf8, 0x03, 0x40, 0x03, 0xa0, 0x02, 0xc8, 0x01,
  0x28, 0x01, 0x30, 0x00, 0xb8, 0xff, 0xc0, 0xfe, 0x80, 0x00, 0xc8, 0x00,
  0x10, 0xfb, 0x48, 0xfe, 0xb0, 0xf8, 0xc0, 0xfb, 0xa8, 0xfa, 0xf8, 0xf9,
  0xd0, 0xfe, 0xc8, 0xfa, 0x68, 0xfe, 0xc0, 0xfe, 0x70, 0xfe, 0x90, 0xfe,
  0x58, 0xff, 0x98, 0x00, 0xe8, 0x00, 0x60, 0x02, 0x30, 0x02, 0x28, 0x03,
  0xe8, 0x00, 0xd0, 0x02, 0x38, 0x02, 0x88, 0x02, 0x40, 0x05, 0x90, 0x02,
  0x58, 0x04, 0x80, 0x02, 0x50, 0x02, 0x08, 0x02, 0xc0, 0x00, 0x68, 0x01,
  0xe8, 0xff, 0xc8, 0x00, 0x18, 0xff, 0x20, 0xff, 0xa8, 0xfe, 0xf0, 0xfd,
  0x10, 0xff, 0xd0, 0xfc, 0x70, 0xfe, 0x18, 0xfe, 0xc8, 0xfc, 0x20, 0xfe,
  0x18, 0xfd, 0x48, 0xfe, 0xe8, 0xfd, 0x18, 0xfe, 0xc8, 0xfe, 0x98, 0xfe,
  0x40, 0xff, 0x40, 0xff, 0xa0, 0x00, 0x60, 0x00, 0x10, 0x01, 0x30, 0x01,
  0x60, 0x01, 0xe8, 0x01, 0x78, 0x01, 0xd0, 0x01, 0xb8, 0x01, 0xc8, 0x01,
  0xd8, 0x01, 0x98, 0x01, 0x58, 0x01, 0xd0, 0x01, 0x10, 0x00, 0xa8, 0x00,
  0xc0, 0xff, 0x58, 0x00, 0xd8, 0xfe, 0x20, 0xff, 0xd0, 0xfe, 0x30, 0xff,
  0x50, 0xff, 0x58, 0xfd, 0xa0, 0x00, 0x38, 0xff, 0x00, 0xfd, 0x70, 0x00,
  0x68, 0xfc, 0x00, 0xff, 0x28, 0xfe, 0x00, 0xfe, 0xc8, 0x00, 0x00, 0xfe,
  0x48, 0x00, 0xc0, 0xff, 0xf0, 0x00, 0xa8, 0x00, 0xe0, 0x00, 0x50, 0x01,
  0x00, 0x01, 0xb0, 0x01, 0x98, 0x00, 0x48, 0x01, 0xf8, 0x00, 0xa8, 0xff,
  0x88, 0x01, 0x50, 0xff, 0x58, 0x01, 0xf0, 0xff, 0x28, 0xff, 0x88, 0x01,
  0x68, 0xff, 0xd0, 0xff, 0xd0, 0xfe, 0xc0, 0xff, 0x50, 0xff, 0x40, 0xff,
  0x48, 0xff, 0xb8, 0xff, 0xe0, 0xff, 0xf8, 0xff, 0x78, 0xff, 0xe0, 0x00,
  0x30, 0x00, 0x68, 0xff, 0x00, 0x01, 0x10, 0xff, 0xf8, 0x01, 0x00, 0xff,
  0x50, 0xff, 0xf8, 0x02, 0xd8, 0xfd, 0xb0, 0x03, 0xc8, 0xfc, 0x38, 0x04,
  0x50, 0xfe, 0xd8, 0x02, 0xb0, 0xff, 0x18, 0x00, 0xb8, 0x01, 0xd0, 0xff,
  0x18, 0x01, 0x28, 0xff, 0x48, 0x00, 0xa8, 0xff, 0xb0, 0xff, 0x38, 0xfe,
  0x08, 0x00, 0xe0, 0xff, 0x30, 0xff, 0x30, 0x00, 0x68, 0xfe, 0x40, 0x00,
  0x60, 0xff, 0xb0, 0xff, 0x78, 0xff, 0x88, 0xff, 0x20, 0x00, 0xa8, 0xff,
  0x08, 0xfe, 0x38, 0x01, 0x70, 0xff, 0x60, 0xff, 0x58, 0x00, 0xd0, 0xff,
  0x80, 0x00, 0xd0, 0xff, 0xf8, 0x01, 0xd0, 0xfe, 0xb0, 0x01, 0xa8, 0xff,
  0xd8, 0xff, 0x08, 0x01, 0x70, 0xfe, 0x70, 0x00, 0x98, 0xff, 0x70, 0xff,
  0x08, 0xff, 0xa8, 0xff, 0x30, 0xff, 0x60, 0xff, 0x70, 0x01, 0x08, 0xfd,
  0xb0, 0x01, 0x50, 0xfd, 0xc0, 0x02, 0xa0, 0xfd, 0x60, 0x01, 0xa8, 0xfe,
  0xb0, 0x00, 0x68, 0x00, 0xd8, 0xfe, 0x70, 0x02, 0x98, 0xff, 0x90, 0x00,
  0x98, 0x00, 0x58, 0xfe, 0xf8, 0x02, 0xa0, 0xfc, 0x68, 0x04, 0xb8, 0xfc,
  0xb8, 0x01, 0x08, 0x02, 0x30, 0xfe, 0x20, 0x03, 0xd0, 0xfd, 0xd0, 0x02,
  0x98, 0xfe, 0xa8, 0x01, 0x88, 0xff, 0xf8, 0x00, 0x48, 0x00, 0xf0, 0xff,
  0xc0, 0x00, 0x00, 0xff, 0xa8, 0x00, 0x20, 0xff, 0x08, 0x00, 0x78, 0xfd,
  0x08, 0x01, 0xb8, 0xfe, 0xb0, 0xff, 0x18, 0x00, 0xd8, 0xfe, 0x88, 0x00,
  0x18, 0xfe, 0x70, 0x02, 0x40, 0xfc, 0x68, 0x02, 0x80, 0xfe, 0x10, 0x00,
  0xa8, 0xff, 0xb0, 0xff, 0x90, 0xff, 0xe8, 0x00, 0x78, 0xff, 0xc0, 0x01,
  0x80, 0xff, 0xf8, 0x00, 0x58, 0xfe, 0xa8, 0x02, 0x68, 0xfe, 0x78, 0x01,
  0x28, 0x00, 0x08, 0xff, 0x80, 0x03, 0x98, 0xfd, 0xf0, 0x00, 0x48, 0x00,
  0xd0, 0xfe, 0xd8, 0x00, 0xf0, 0xfe, 0x20, 0xff, 0x60, 0x00, 0x68, 0xfe,
  0x58, 0x02, 0xa8, 0xfd, 0x48, 0x01, 0x50, 0xff, 0x18, 0x00, 0x48, 0x00,
  0x58, 0xff, 0x98, 0x00, 0x00, 0xfe, 0xe0, 0x01, 0x88, 0xfc, 0xf8, 0x03,
  0x50, 0xfd, 0x78, 0x02, 0x40, 0xff, 0xc0, 0x00, 0xf0, 0x00, 0x20, 0xff,
  0xe8, 0x02, 0x80, 0xfd, 0xa0, 0x02, 0xf8, 0xfc, 0x38, 0x03, 0x80, 0xfd,
  0xa0, 0x00, 0xa0, 0x00, 0x98, 0xfd, 0x78, 0x03, 0x18, 0xfc, 0x48, 0x04,
  0x00, 0xfc, 0xc0, 0x02, 0xc8, 0xff, 0x30, 0xfe, 0x58, 0x03, 0xb8, 0xfa,
  0x68, 0x04, 0xb0, 0xfb, 0x60, 0x02, 0x50, 0xfe, 0x98, 0xff, 0x90, 0x00,
  0x30, 0xfe, 0xd8, 0x01, 0x68, 0xfd, 0xb8, 0x02, 0x30, 0xff, 0xd0, 0xff,
  0xa0, 0x02, 0xe8, 0xfc, 0xa0, 0x03, 0x50, 0xfd, 0x50, 0x02, 0x60, 0xfd,
  0x90, 0x01, 0xa0, 0xff, 0xa8, 0xfe, 0xe8, 0x01, 0x60, 0xfd, 0x78, 0x03,
  0x68, 0xfb, 0xd8, 0x02, 0x90, 0xfe, 0x90, 0xff, 0x18, 0x01, 0x50, 0xfd,
  0xd0, 0x03, 0x30, 0xfc, 0x48, 0x03, 0xf8, 0xfc, 0x18, 0x02, 0xb8, 0xfe,
  0x90, 0xff, 0x20, 0x03, 0x50, 0xfb, 0xe0, 0x04, 0xa8, 0xfc, 0x98, 0x01,
  0xf8, 0xff, 0x00, 0xff, 0x88, 0x02, 0x88, 0xfd, 0xc8, 0x02, 0x98, 0xfe,
  0x48, 0x01, 0x80, 0xff, 0xa8, 0xff, 0x60, 0x02, 0x10, 0xfc, 0x60, 0x04,
  0x48, 0xfb, 0x20, 0x04, 0xa8, 0xfc, 0xc0, 0x01, 0xc8, 0xfd, 0xb0, 0x00,
  0xa8, 0xff, 0x88, 0xfe, 0xe0, 0x01, 0xe8, 0xfc, 0xb0, 0x02, 0x68, 0xfd,
  0x70, 0x02, 0xa8, 0xfe, 0x78, 0x01, 0xc8, 0xfe, 0x40, 0x01, 0xe0, 0xff,
  0xb0, 0x00, 0x18, 0x00, 0x68, 0xff, 0x58, 0x01, 0x18, 0xff, 0x90, 0x01,
  0xa0, 0xff, 0xf8, 0x00, 0xe8, 0xff, 0x90, 0x00, 0x48, 0x00, 0xe0, 0xff,
  0x20, 0x01, 0xe8, 0xfd, 0x00, 0x02, 0x40, 0xfd, 0x00, 0x01, 0x50, 0xff,
  0x90, 0xfe, 0x08, 0x00, 0x10, 0xff, 0x40, 0x00, 0xd0, 0xfd, 0xa0, 0x02,
  0x90, 0xfc, 0x70, 0x02, 0x70, 0xff, 0x48, 0xff, 0x58, 0x03, 0xf0, 0xfb,
  0x40, 0x04, 0x70, 0xfd, 0x90, 0x01, 0x38, 0x00, 0x10, 0xff, 0x60, 0x00,
  0x30, 0x00, 0xd8, 0xff, 0x70, 0xff, 0x18, 0x00, 0x30, 0xff, 0xf8, 0x00,
  0xa0, 0xfe, 0x90, 0x00, 0x80, 0xff, 0xb8, 0x01, 0x50, 0xfe, 0x90, 0x03,
  0xd0, 0xf9, 0xf0, 0x06, 0xf0, 0xfa, 0x68, 0x02, 0x30, 0x00, 0xd0, 0xfd,
  0xb0, 0x01, 0x18, 0xfe, 0x78, 0x01, 0x68, 0xfe, 0x90, 0x01, 0x40, 0xfe,
  0x10, 0x02, 0xd0, 0xfc, 0x10, 0x03, 0x48, 0xfe, 0x50, 0x00, 0x68, 0xff,
  0xa8, 0xff, 0x08, 0x01, 0x38, 0xfe, 0x60, 0x01, 0xb0, 0xfe, 0x08, 0x03,
  0x68, 0xfe, 0x48, 0x01, 0xe8, 0xfe, 0x80, 0x01, 0x08, 0x01, 0xe0, 0xfe,
  0x20, 0x01, 0xf0, 0xff, 0x30, 0xff, 0x88, 0x01, 0x18, 0xfd, 0x48, 0x02,
  0x20, 0xfd, 0x68, 0x01, 0x08, 0xfe, 0xa0, 0x00, 0xa0, 0xff, 0x08, 0xff,
  0xa0, 0x00, 0x68, 0xfd, 0x18, 0x05, 0xd8, 0xfa, 0xb8, 0x03, 0x30, 0xfe,
  0xf0, 0x03, 0xc8, 0xfe, 0x88, 0x02, 0xd8, 0xfc, 0x50, 0x06, 0xd0, 0xfd,
  0xd0, 0xff, 0x60, 0x01, 0x48, 0xfe, 0x18, 0x03, 0x48, 0xfc, 0x68, 0x01,
  0xa8, 0xfe, 0x58, 0x01, 0x50, 0xfe, 0xb8, 0xff, 0xa0, 0xfe, 0x20, 0x01,
  0x48, 0xfe, 0xa8, 0xff, 0xd8, 0xff, 0x00, 0xff, 0x88, 0x01, 0x78, 0xff,
  0x90, 0xfd, 0x20, 0x03, 0xa8, 0xfc, 0x68, 0x03, 0x70, 0xfb, 0xe8, 0x04,
  0xc8, 0xfc, 0xe8, 0x01, 0xa0, 0xff, 0xb8, 0xff, 0xd0, 0x02, 0x38, 0xfd,
  0xd0, 0x02, 0x00, 0xfe, 0x20, 0x03, 0x80, 0xfd, 0xb8, 0x01, 0x58, 0xfd,
  0xc8, 0x02, 0xb8, 0xfe, 0xf0, 0xfe, 0x70, 0xff, 0x20, 0x00, 0x60, 0x01,
  0x60, 0xfd, 0xe0, 0x00, 0xe0, 0xfe, 0x30, 0x02, 0xa8, 0xfc, 0x10, 0x02,
  0x60, 0xfe, 0x50, 0x03, 0xd8, 0xfd, 0x08, 0xfe, 0x38, 0x04, 0xf8, 0xfc,
  0x28, 0x04, 0x48, 0xfa, 0x80, 0x05, 0x48, 0xfd, 0xf8, 0x03, 0x68, 0xfb,
  0x20, 0x03, 0xc0, 0x00, 0xa8, 0xfe, 0x88, 0x02, 0x50, 0xfb, 0x38, 0x06,
  0xc8, 0xfb, 0x28, 0x04, 0x28, 0xfb, 0x50, 0x02, 0x08, 0x01, 0x28, 0xfe,
  0x58, 0x00, 0xb0, 0xfe, 0x80, 0x02, 0xa0, 0xfd, 0xe8, 0x00, 0xb0, 0xfd,
  0x10, 0x03, 0xa8, 0xff, 0xd8, 0xfd, 0x70, 0x01, 0x50, 0x00, 0x68, 0x00,
  0x28, 0xff, 0x10, 0xfe, 0xc8, 0x01, 0xb0, 0x00, 0x08, 0xfd, 0xb8, 0x00,
  0xb0, 0x00, 0x08, 0x00, 0xb8, 0xff, 0xb0, 0xfe, 0xb8, 0x00, 0x20, 0x01,
  0x48, 0x00, 0x78, 0xfe, 0xb0, 0xff, 0xf8, 0x00, 0x90, 0x00, 0x60, 0xff,
  0x90, 0xfe, 0x08, 0x01, 0x68, 0x00, 0x28, 0x01, 0x38, 0xfe, 0xb0, 0x00,
  0x88, 0x00, 0xf0, 0x00, 0x30, 0xff, 0x90, 0xff, 0x90, 0x00, 0xf0, 0xff,
  0x08, 0xff, 0xa0, 0xff, 0xd0, 0xff, 0xd0, 0xfe, 0xe0, 0x00, 0x88, 0xfe,
  0xb0, 0x00, 0xa0, 0xff, 0xe8, 0xff, 0x48, 0x00, 0x28, 0x01, 0x20, 0xff,
  0xb0, 0x00, 0x20, 0x00, 0x10, 0x00, 0x18, 0x01, 0x30, 0x00, 0x88, 0x00,
  0xa8, 0x00, 0x18, 0xfe, 0xd0, 0x00, 0xe8, 0xff, 0x20, 0x00, 0xe8, 0xfe,
  0x48, 0xff, 0xd0, 0xff, 0xa0, 0x00, 0x80, 0xff, 0x48, 0xff, 0xf8, 0xfe,
  0x40, 0x00, 0xb8, 0x00, 0xa0, 0x00, 0x00, 0xff, 0xe0, 0x00, 0x28, 0x00,
  0xc0, 0x00, 0xd0, 0x00, 0x40, 0xff, 0x98, 0x00, 0x30, 0xff, 0x50, 0x00,
  0xa0, 0xff, 0xa8, 0x00, 0x70, 0xff, 0x30, 0xff, 0xf0, 0xfe, 0x58, 0x00,
  0x90, 0x00, 0x88, 0xff, 0x48, 0xff, 0xa0, 0x00, 0xb0, 0x00, 0x28, 0x01,
  0x80, 0xff, 0x10, 0x01, 0xe8, 0xff, 0xc8, 0x00, 0xa8, 0xff, 0xe8, 0xff,
  0x60, 0xff, 0xd8, 0x00, 0x60, 0xff, 0xe0, 0xff, 0x98, 0xfe, 0xd8, 0xff,
  0xf0, 0xff, 0x90, 0x00, 0xb8, 0xfe, 0xd0, 0xff, 0x30, 0xff, 0xe0, 0x00,
  0x48, 0x00, 0x90, 0x00, 0x08, 0x00, 0x20, 0x00, 0x60, 0x00, 0x18, 0x01,
  0x08, 0x00, 0x98, 0xff, 0x08, 0x00, 0xb8, 0xff, 0x40, 0x00, 0x60, 0xff,
  0xb0, 0xff, 0xd8, 0xff, 0x18, 0x01, 0x60, 0xff, 0x18, 0x00, 0xa8, 0xff,
  0x48, 0x00, 0x50, 0x00, 0x90, 0xff, 0xf0, 0xff, 0xb8, 0x00, 0xb0, 0xff,
  0xc8, 0xff, 0xb0, 0xff, 0x98, 0xff, 0x78, 0x00, 0x90, 0xff, 0xe0, 0xff,
  0xc8, 0xff, 0x38, 0x00, 0x28, 0x00, 0xe8, 0xff, 0xc8, 0xff, 0x58, 0xff,
  0x30, 0x00, 0xe8, 0xff, 0xe8, 0xff, 0x68, 0x00, 0x10, 0x00, 0xb0, 0xff,
  0x10, 0x00, 0xf0, 0xff, 0x10, 0x00, 0xf8, 0xff, 0xb0, 0xff, 0xd8, 0x00,
  0x98, 0x00, 0x00, 0x00, 0x98, 0xff, 0xb8, 0xfe, 0x70, 0xff, 0x38, 0x00,
  0xf8, 0xff, 0xb8, 0xff, 0x40, 0x00, 0xe0, 0xff, 0x80, 0x00, 0x88, 0xff,
  0x58, 0xff, 0x58, 0x00, 0x08, 0x00, 0x30, 0x00, 0x98, 0x00, 0x28, 0x00,
  0xb0, 0xff, 0xe8, 0xff, 0xb8, 0xff, 0xf8, 0xff, 0x10, 0x00, 0x40, 0xff,
  0xe8, 0xff, 0xe8, 0x00, 0x58, 0x00, 0xa8, 0x00, 0x20, 0x00, 0x48, 0x00,
  0x90, 0x00, 0xf8, 0xff, 0xd0, 0xff, 0x00, 0x01, 0x50, 0x01, 0x50, 0x00,
  0x38, 0xff, 0xa0, 0xff, 0xa8, 0xff, 0xf8, 0xff, 0x70, 0xff, 0x48, 0xff,
  0x20, 0x00, 0xf0, 0xff, 0xa0, 0xff, 0x70, 0xff, 0x88, 0xff, 0x10, 0x00,
  0x00, 0x00, 0x08, 0xff, 0x68, 0xff, 0x48, 0x00, 0xf8, 0xff, 0xd8, 0xff,
  0xc0, 0xff, 0xf8, 0xff, 0xc0, 0xff, 0xd0, 0xff, 0xb8, 0xff, 0x98, 0x00,
  0xd8, 0x00, 0x48, 0x00, 0x40, 0x00, 0x48, 0x00, 0xa0, 0x00, 0xb0, 0x00,
  0x28, 0x00, 0x08, 0x00, 0x68, 0x00, 0xd0, 0x00, 0x48, 0x00, 0xe8, 0xff,
  0xf0, 0xff, 0xb8, 0x00, 0x80, 0x00, 0x20, 0xff, 0x38, 0xff, 0xb8, 0xff,
  0x78, 0x00, 0xf8, 0xff, 0x10, 0xff, 0x88, 0xff, 0x30, 0x00, 0xf0, 0xff,
  0x48, 0xff, 0x50, 0xff, 0xf8, 0xff, 0xa8, 0xff, 0x40, 0xff, 0x30, 0xff,
  0xd0, 0xff, 0xf0, 0x00, 0xf8, 0x00, 0x28, 0x00, 0x50, 0x00, 0x40, 0x00,
  0xe0, 0xff, 0xc8, 0xff, 0x80, 0xff, 0x90, 0x00, 0x00, 0x00, 0x98, 0xfe,
  0xf0, 0xfe, 0x50, 0xff, 0xb0, 0xff, 0xb8, 0xff, 0x58, 0xff, 0xe0, 0xff,
  0x90, 0x00, 0x38, 0x00, 0xe8, 0xff, 0x20, 0x00, 0x78, 0x00, 0xc0, 0x00,
  0x78, 0x00, 0x30, 0x00, 0x88, 0x00, 0x90, 0x01, 0x18, 0x01, 0x78, 0x00,
  0x48, 0x01, 0x20, 0x01, 0xd0, 0x00, 0x38, 0x01, 0x60, 0x00, 0x68, 0x00,
  0x70, 0x00, 0x90, 0xff, 0x80, 0xff, 0x80, 0xff, 0x38, 0xff, 0x58, 0xff,
  0x28, 0xff, 0xf8, 0xfe, 0x48, 0xff, 0x40, 0xff, 0x48, 0xfe, 0xc8, 0xfd,
  0x80, 0xfd, 0x80, 0xfc, 0x38, 0xfe, 0x20, 0xfe, 0x78, 0xfe, 0xc8, 0xff,
  0xd0, 0xff, 0x68, 0x00, 0xd0, 0x00, 0x80, 0x00, 0x10, 0x01, 0x78, 0x01,
  0x58, 0x01, 0x88, 0x01, 0x58, 0x02, 0x70, 0x02, 0x30, 0x02, 0xa0, 0x01,
  0x38, 0x02, 0x00, 0x02, 0x50, 0x01, 0xc8, 0x01, 0x00, 0x02, 0x78, 0x01,
  0xe0, 0x00, 0xa0, 0x00, 0x30, 0x00, 0xe0, 0xff, 0x40, 0xff, 0x78, 0xff,
  0x88, 0xff, 0x28, 0xff, 0xe0, 0xfe, 0xa0, 0xfe, 0x70, 0xfd, 0x90, 0xfc,
  0xf8, 0xfa, 0x80, 0xf9, 0x08, 0xfb, 0xd8, 0xfb, 0xd0, 0xfc, 0x98, 0xfd,
  0x00, 0xfd, 0x38, 0xfe, 0x00, 0x00, 0x68, 0x00, 0x28, 0x01, 0xc8, 0x01,
  0x58, 0x02, 0x50, 0x04, 0x20, 0x06, 0x60, 0x05, 0x98, 0x05, 0x80, 0x06,
  0x70, 0x05, 0xf0, 0x03, 0x70, 0x03, 0x60, 0x03, 0x10, 0x04, 0x40, 0x03,
  0xd8, 0x01, 0x08, 0x01, 0xb0, 0xff, 0xa8, 0xfe, 0xa8, 0xfe, 0x00, 0xfd,
  0x00, 0xfc, 0xa8, 0xfc, 0xa0, 0xfc, 0x88, 0xfb, 0x18, 0xfa, 0x80, 0xf8,
  0x20, 0xf7, 0x30, 0xf8, 0x70, 0xf8, 0x48, 0xf9, 0x78, 0xfa, 0xd8, 0xfa,
  0x38, 0xfc, 0x78, 0xff, 0x98, 0x01, 0xc8, 0x02, 0xc8, 0x06, 0x58, 0x09,
  0xb0, 0x09, 0xf8, 0x07, 0xe8, 0x03, 0xd8, 0x02, 0xf8, 0x04, 0xb0, 0x04,
  0x10, 0x03, 0xf8, 0x02, 0x00, 0x04, 0xf8, 0x05, 0xf8, 0x05, 0x50, 0x03,
  0x48, 0x01, 0xc8, 0xff, 0xa8, 0xfe, 0xc0, 0xfe, 0x30, 0xfd, 0x40, 0xfb,
  0x10, 0xfc, 0x40, 0xfa, 0xc8, 0xf9, 0x90, 0xfb, 0xf8, 0xf9, 0x30, 0xf8,
  0x88, 0xf8, 0xd8, 0xf7, 0xb8, 0xf8, 0x20, 0xfa, 0x08, 0xf9, 0xe8, 0xf6,
  0xe8, 0xf8, 0x10, 0xfb, 0x78, 0x02, 0x58, 0x10, 0x50, 0x15, 0xb0, 0x10,
  0xb0, 0x0a, 0x68, 0x04, 0xf8, 0x01, 0x48, 0x00, 0x08, 0xfb, 0xd0, 0xfa,
  0xc8, 0x01, 0xb8, 0x06, 0x80, 0x08, 0xf8, 0x07, 0x70, 0x05, 0x90, 0x04,
  0xa0, 0x03, 0x50, 0xfe, 0xc0, 0xf9, 0x90, 0xf9, 0x40, 0xfc, 0xe0, 0xfe,
  0xe8, 0xfe, 0x48, 0xfe, 0xa0, 0xfc, 0x70, 0xfc, 0x50, 0xfe, 0x60, 0xfe,
  0xd8, 0xfc, 0xb0, 0xfb, 0x30, 0xfb, 0xa8, 0xf9, 0x88, 0xf8, 0x08, 0xf8,
  0xf8, 0xf5, 0x70, 0xf7, 0xb0, 0xfa, 0xf8, 0x00, 0x80, 0x11, 0x18, 0x19,
  0xd0, 0x12, 0x00, 0x0b, 0x80, 0x02, 0xa8, 0xfe, 0xd8, 0xff, 0xb8, 0xfb,
  0xe8, 0xf7, 0x50, 0xfe, 0x68, 0x07, 0x60, 0x0b, 0xc0, 0x09, 0xc8, 0x04,
  0x58, 0x02, 0xd8, 0xff, 0xc0, 0xfa, 0xd8, 0xf5, 0xa8, 0xf5, 0x90, 0xfa,
  0xc8, 0x00, 0xe8, 0xff, 0x78, 0xfd, 0x48, 0xff, 0x68, 0xfe, 0x18, 0xfd,
  0x88, 0xfd, 0xa8, 0xfc, 0x60, 0xfd, 0x70, 0xfe, 0xc0, 0xfc, 0x90, 0xf9,
  0x28, 0xf8, 0x48, 0xf8, 0x58, 0xf7, 0xc8, 0xf8, 0xe0, 0xfa, 0xb8, 0x01,
  0xd8, 0x12, 0x00, 0x1b, 0xf0, 0x13, 0x10, 0x0a, 0x68, 0x01, 0xa0, 0xfd,
  0xa8, 0xfd, 0xc8, 0xf8, 0xb0, 0xf4, 0x18, 0xfc, 0x90, 0x05, 0x30, 0x0b,
  0xa8, 0x0a, 0x08, 0x04, 0xa8, 0xfe, 0x30, 0xfe, 0xd0, 0xfc, 0xf0, 0xf7,
  0x98, 0xf5, 0x28, 0xf8, 0x28, 0xfe, 0x10, 0x04, 0xd8, 0x04, 0x70, 0xff,
  0x58, 0xfd, 0x68, 0xff, 0xd8, 0xfe, 0xa0, 0xfd, 0xb0, 0xfd, 0x30, 0xff,
  0xa8, 0x01, 0x18, 0x01, 0xd0, 0xfd, 0xa0, 0xf9, 0x50, 0xf8, 0x98, 0xf9,
  0xe0, 0xf8, 0xc8, 0xf8, 0xe8, 0xf7, 0xb0, 0xff, 0xa0, 0x13, 0xd8, 0x1a,
  0x28, 0x12, 0x28, 0x07, 0xf8, 0xfe, 0xf0, 0xfc, 0x00, 0xfc, 0xc8, 0xf5,
  0x68, 0xf3, 0x98, 0xfc, 0x10, 0x09, 0xa0, 0x0c, 0xb0, 0x08, 0x10, 0x03,
  0x70, 0xff, 0x18, 0xfd, 0xb0, 0xfa, 0x30, 0xf8, 0xa0, 0xf7, 0xb0, 0xfb,
  0xe8, 0x01, 0xf8, 0x04, 0x20, 0x04, 0x30, 0x01, 0x60, 0xff, 0x18, 0x00,
  0xd0, 0xff, 0x80, 0xfd, 0x88, 0xfe, 0x90, 0x01, 0x30, 0x03, 0x50, 0x01,
  0x28, 0xfd, 0x60, 0xfa, 0x70, 0xf8, 0xf0, 0xf8, 0x48, 0xf8, 0x60, 0xf6,
  0x00, 0xf7, 0x58, 0xf8, 0x78, 0x03, 0xe8, 0x14, 0xd8, 0x17, 0x58, 0x0f,
  0x88, 0x05, 0x98, 0xfe, 0x28, 0xfc, 0x20, 0xf9, 0x40, 0xf4, 0x48, 0xf5,
  0x18, 0xfe, 0x58, 0x08, 0xf0, 0x0d, 0xa8, 0x0a, 0x10, 0x05, 0xc0, 0x02,
  0xa8, 0xfd, 0x30, 0xf7, 0x70, 0xf3, 0x90, 0xf7, 0x98, 0xfe, 0x78, 0x04,
  0x78, 0x05, 0x80, 0x03, 0x70, 0x00, 0x60, 0xff, 0xf8, 0xfe, 0xa8, 0xfe,
  0x30, 0xff, 0xb8, 0xff, 0xa8, 0x02, 0x78, 0x05, 0x30, 0x04, 0xf0, 0xff,
  0x68, 0xfb, 0x28, 0xf9, 0x48, 0xf7, 0x40, 0xf7, 0x70, 0xf7, 0x38, 0xf6,
  0xf8, 0xf6, 0x30, 0xf7, 0x28, 0xfd, 0x40, 0x10, 0x68, 0x1a, 0x60, 0x14,
  0x20, 0x0a, 0xe8, 0x00, 0xa0, 0xfd, 0x50, 0xfc, 0xe0, 0xf7, 0xe8, 0xf4,
  0x30, 0xfc, 0x90, 0x07, 0xf0, 0x0d, 0x20, 0x0d, 0x90, 0x05, 0xc8, 0x00,
  0x00, 0xfe, 0x98, 0xf7, 0x98, 0xf1, 0x00, 0xf2, 0xa8, 0xfa, 0x10, 0x04,
  0x10, 0x08, 0x20, 0x06, 0xe0, 0x01, 0x70, 0xfe, 0xf0, 0xfd, 0xf8, 0xfd,
  0x40, 0xfe, 0xc0, 0xff, 0x90, 0x01, 0x78, 0x03, 0x08, 0x04, 0xd0, 0x01,
  0xb8, 0xfd, 0xb8, 0xfa, 0x40, 0xf9, 0xb8, 0xf7, 0x50, 0xf8, 0x80, 0xf8,
  0xd8, 0xf6, 0xb8, 0xf6, 0x20, 0xf7, 0xe0, 0xfc, 0x88, 0x11, 0x98, 0x1c,
  0xa8, 0x15, 0x20, 0x0c, 0x18, 0x03, 0x00, 0xfd, 0xa0, 0xf9, 0x78, 0xf4,
  0x38, 0xf3, 0x60, 0xfc, 0x70, 0x09, 0xd0, 0x0e, 0x28, 0x0d, 0x70, 0x08,
  0xc8, 0x02, 0xa0, 0xfd, 0x88, 0xf5, 0x50, 0xef, 0xe0, 0xf0, 0xe8, 0xfa,
  0xe8, 0x05, 0x88, 0x09, 0x80, 0x06, 0x80, 0x04, 0x00, 0x02, 0xa0, 0xfc,
  0xe8, 0xf8, 0xd8, 0xf8, 0x90, 0xfd, 0x90, 0x03, 0x80, 0x06, 0x38, 0x04,
  0x50, 0x01, 0x78, 0xff, 0x00, 0xfc, 0xc8, 0xf8, 0x10, 0xf8, 0xb8, 0xf8,
  0x40, 0xfa, 0x58, 0xfa, 0x80, 0xf7, 0x28, 0xf7, 0xe8, 0xf7, 0x10, 0x00,
  0xc0, 0x12, 0x08, 0x1c, 0x98, 0x12, 0x70, 0x09, 0xd0, 0x02, 0x98, 0xfc,
  0x80, 0xf7, 0x10, 0xf2, 0xb8, 0xf1, 0xb0, 0xfd, 0xa0, 0x0a, 0x60, 0x0d,
  0x58, 0x0b, 0x60, 0x08, 0xc8, 0x03, 0x88, 0xfd, 0xe8, 0xf2, 0x18, 0xed,
  0xa0, 0xf2, 0x78, 0xfd, 0xe8, 0x06, 0xe8, 0x08, 0x70, 0x06, 0x70, 0x06,
  0x30, 0x04, 0xa0, 0xfd, 0x18, 0xf9, 0x90, 0xf9, 0x90, 0xfe, 0x88, 0x03,
  0xe8, 0x04, 0x38, 0x03, 0x98, 0x01, 0x50, 0x00, 0x70, 0xfc, 0x78, 0xf8,
  0xb0, 0xf8, 0x40, 0xfb, 0xc0, 0xfb, 0x88, 0xf9, 0x40, 0xf6, 0xf8, 0xf6,
  0x00, 0xfa, 0xf0, 0x00, 0x58, 0x12, 0x28, 0x1c, 0x28, 0x13, 0x98, 0x09,
  0x40, 0x02, 0x48, 0xfa, 0xa0, 0xf5, 0x28, 0xf1, 0xf0, 0xf1, 0x00, 0xff,
  0x18, 0x0c, 0x98, 0x0e, 0x68, 0x0c, 0x40, 0x08, 0x58, 0x02, 0x58, 0xfb,
  0xb8, 0xf0, 0xc0, 0xec, 0x50, 0xf4, 0x58, 0xff, 0x68, 0x07, 0x80, 0x09,
  0x78, 0x07, 0xa8, 0x06, 0x20, 0x03, 0xd8, 0xfb, 0xc8, 0xf7, 0x70, 0xfa,
  0x18, 0x00, 0xf0, 0x02, 0x30, 0x03, 0x30, 0x02, 0x28, 0x01, 0xe0, 0xff,
  0xb8, 0xfb, 0x38, 0xf8, 0x20, 0xfa, 0xf0, 0xfc, 0x90, 0xfc, 0x30, 0xfa,
  0xd8, 0xf6, 0x98, 0xf5, 0xf0, 0xf7, 0x00, 0xfb, 0xf8, 0x0a, 0xa8, 0x1c,
  0x68, 0x17, 0x30, 0x0c, 0x80, 0x07, 0x70, 0xff, 0x48, 0xf8, 0xf0, 0xf1,
  0xe8, 0xed, 0x68, 0xf8, 0xb8, 0x08, 0xf8, 0x0d, 0x08, 0x0d, 0x20, 0x0b,
  0x20, 0x06, 0x58, 0xff, 0xe0, 0xf3, 0x30, 0xeb, 0x70, 0xf0, 0x08, 0xfc,
  0xe0, 0x03, 0xc8, 0x07, 0x70, 0x08, 0xc0, 0x08, 0x00, 0x07, 0x40, 0xff,
  0x20, 0xf8, 0x08, 0xf9, 0xa8, 0xfe, 0x58, 0x01, 0x68, 0x01, 0xe8, 0x02,
  0x40, 0x05, 0x20, 0x04, 0xa8, 0xfd, 0x68, 0xf8, 0x10, 0xf9, 0x28, 0xfc,
  0x00, 0xfc, 0x20, 0xf9, 0x68, 0xf8, 0xb8, 0xf9, 0xc0, 0xf8, 0x90, 0xf6,
  0x48, 0xfa, 0x70, 0x0e, 0x10, 0x1e, 0x98, 0x13, 0x40, 0x09, 0xd8, 0x08,
  0x00, 0x03, 0x70, 0xf9, 0x38, 0xef, 0x00, 0xee, 0xa8, 0xfc, 0x90, 0x09,
  0x90, 0x09, 0x80, 0x08, 0x80, 0x0b, 0x00, 0x0a, 0xe8, 0xff, 0x58, 0xf1,
  0xd8, 0xeb, 0x10, 0xf4, 0x98, 0xfc, 0x50, 0xff, 0x48, 0x02, 0xa0, 0x07,
  0x78, 0x0b, 0x98, 0x06, 0xc8, 0xfd, 0xd8, 0xfa, 0x08, 0xfe, 0x58, 0xfe,
  0x00, 0xfc, 0x68, 0xfe, 0xd8, 0x04, 0x58, 0x06, 0xc0, 0x00, 0xc0, 0xfc,
  0x38, 0xfc, 0x70, 0xfc, 0x38, 0xfb, 0x98, 0xf7, 0xa8, 0xf6, 0xd8, 0xf9,
  0xa8, 0xf9, 0xa0, 0xf6, 0x18, 0xf7, 0x70, 0x02, 0xd8, 0x19, 0x10, 0x1c,
  0x68, 0x0b, 0x18, 0x09, 0x50, 0x09, 0x00, 0xff, 0xf0, 0xf2, 0x40, 0xec,
  0x40, 0xf5, 0xf8, 0x04, 0x88, 0x08, 0x08, 0x06, 0x20, 0x0a, 0x70, 0x0e,
  0xa0, 0x07, 0x68, 0xf8, 0x10, 0xee, 0x58, 0xf1, 0x50, 0xf9, 0x00, 0xfb,
  0xa0, 0xfc, 0x50, 0x05, 0x38, 0x0c, 0xb0, 0x08, 0x70, 0x00, 0x28, 0xfd,
  0xd0, 0xff, 0xb0, 0xff, 0xf8, 0xfa, 0x58, 0xfa, 0x10, 0x01, 0x90, 0x05,
  0x08, 0x01, 0x18, 0xfd, 0x50, 0xfe, 0x28, 0xff, 0xc0, 0xfd, 0x90, 0xf9,
  0x90, 0xf6, 0x08, 0xf9, 0x98, 0xf9, 0xf0, 0xf5, 0x40, 0xf5, 0x70, 0xfc,
  0x08, 0x12, 0x00, 0x1e, 0x38, 0x10, 0x30, 0x0a, 0xe0, 0x0b, 0xe0, 0x02,
  0xb0, 0xf5, 0x58, 0xed, 0x48, 0xf2, 0xb0, 0xff, 0xb8, 0x04, 0xe0, 0x04,
  0xa8, 0x09, 0xf0, 0x0e, 0x78, 0x0b, 0x70, 0xfe, 0xc8, 0xf2, 0x60, 0xf3,
  0x48, 0xf7, 0x70, 0xf8, 0x78, 0xfb, 0xa0, 0x02, 0xc0, 0x08, 0xc0, 0x07,
  0x40, 0x02, 0xd8, 0x01, 0x10, 0x02, 0x00, 0xfe, 0x40, 0xfa, 0xf8, 0xfb,
  0x38, 0x00, 0x18, 0x01, 0xf8, 0xff, 0xe8, 0x00, 0xb0, 0x01, 0xd8, 0xff,
  0xf8, 0xfc, 0x28, 0xf9, 0x50, 0xf6, 0x20, 0xf6, 0x90, 0xf4, 0x90, 0xf3,
  0xd8, 0xf5, 0x70, 0xfd, 0xd0, 0x12, 0x70, 0x1c, 0x48, 0x10, 0x20, 0x0d,
  0xa8, 0x0c, 0x18, 0x02, 0x88, 0xf6, 0xd0, 0xef, 0x18, 0xf3, 0xb8, 0xfc,
  0xa8, 0x01, 0x80, 0x04, 0x50, 0x0c, 0xb8, 0x11, 0x80, 0x0b, 0x88, 0x00,
  0x20, 0xf9, 0x70, 0xf5, 0x78, 0xf3, 0xf8, 0xf3, 0x80, 0xf8, 0x20, 0x00,
  0x10, 0x05, 0xd8, 0x05, 0x18, 0x07, 0x10, 0x07, 0x78, 0x03, 0x98, 0xfe,
  0xa0, 0xfc, 0x78, 0xfd, 0x28, 0xfc, 0x10, 0xfc, 0x88, 0xfe, 0x28, 0x00,
  0xf8, 0xff, 0x30, 0xff, 0xc0, 0xfd, 0x68, 0xfa, 0x88, 0xf7, 0xd8, 0xf4,
  0xd8, 0xf2, 0xf0, 0xf3, 0xd0, 0xf6, 0x40, 0x08, 0xe0, 0x1a, 0xe0, 0x13,
  0x48, 0x0f, 0x40, 0x13, 0xb8, 0x09, 0x50, 0xfb, 0x18, 0xf2, 0xe8, 0xf0,
  0x38, 0xf7, 0x20, 0xfa, 0x98, 0xfd, 0x08, 0x0a, 0x60, 0x11, 0x28, 0x0d,
  0xc8, 0x06, 0x20, 0x01, 0x10, 0xfb, 0x38, 0xf6, 0x70, 0xf3, 0x38, 0xf5,
  0xb8, 0xfa, 0xb0, 0xff, 0xa0, 0x03, 0x48, 0x06, 0x98, 0x07, 0x48, 0x06,
  0x38, 0x03, 0x38, 0x01, 0x20, 0xfe, 0xe0, 0xfa, 0x00, 0xfc, 0xd0, 0xfc,
  0x60, 0xfc, 0x70, 0xfd, 0x00, 0xfe, 0xc8, 0xfc, 0x20, 0xfa, 0x20, 0xf8,
  0xd8, 0xf6, 0xf8, 0xf4, 0x88, 0xf3, 0x20, 0xf9, 0xc0, 0x0d, 0x90, 0x15,
  0x48, 0x0d, 0x08, 0x13, 0x80, 0x15, 0x98, 0x07, 0x18, 0xfb, 0x58, 0xf5,
  0x98, 0xf6, 0x40, 0xf7, 0xd8, 0xf4, 0x68, 0xfc, 0xc8, 0x08, 0x90, 0x0b,
  0x08, 0x09, 0x40, 0x06, 0x18, 0x02, 0x38, 0xfe, 0xe8, 0xf8, 0x40, 0xf5,
  0x80, 0xf7, 0xc8, 0xfb, 0xe0, 0xfe, 0x38, 0x01, 0x88, 0x04, 0xb0, 0x06,
  0xb0, 0x05, 0x08, 0x04, 0xe0, 0x00, 0x98, 0xfd, 0x80, 0xfd, 0x50, 0xfc,
  0x88, 0xfa, 0xb8, 0xfb, 0x88, 0xfc, 0x90, 0xfb, 0xe0, 0xf9, 0x88, 0xf9,
  0x38, 0xf9, 0x60, 0xf7, 0x58, 0xf5, 0xd8, 0xfa, 0x48, 0x0c, 0xa0, 0x11,
  0xd0, 0x09, 0x38, 0x11, 0xb8, 0x14, 0xc0, 0x06, 0xe8, 0xfb, 0x10, 0xfa,
  0xa0, 0xf9, 0x40, 0xf5, 0x48, 0xf4, 0xf0, 0xfd, 0xd0, 0x06, 0x38, 0x07,
  0x70, 0x06, 0xe0, 0x06, 0x28, 0x05, 0xf8, 0xfe, 0x88, 0xf8, 0xb8, 0xf7,
  0x58, 0xfa, 0x48, 0xfb, 0x68, 0xfc, 0xd0, 0xff, 0xe0, 0x03, 0xe8, 0x05,
  0xe8, 0x04, 0x20, 0x02, 0x58, 0x01, 0x18, 0x01, 0x38, 0xfd, 0xa8, 0xfa,
  0xa8, 0xfb, 0x98, 0xfb, 0x78, 0xf9, 0x00, 0xf7, 0x18, 0xf8, 0x58, 0xf9,
  0x58, 0xf7, 0xc0, 0xf6, 0x08, 0x02, 0xc0, 0x13, 0x38, 0x0f, 0x58, 0x0a,
  0xf0, 0x15, 0x18, 0x11, 0xa8, 0x01, 0x28, 0xfb, 0xb0, 0xf9, 0x90, 0xf9,
  0x28, 0xf5, 0xa8, 0xf6, 0xb8, 0x01, 0x48, 0x06, 0xe0, 0x04, 0x98, 0x06,
  0x10, 0x06, 0x88, 0x02, 0xe0, 0xfc, 0x90, 0xf8, 0xf8, 0xf9, 0xc0, 0xfa,
  0x88, 0xf9, 0x38, 0xfd, 0x98, 0x00, 0x10, 0x03, 0x88, 0x06, 0x88, 0x04,
  0xa0, 0x01, 0x38, 0x02, 0xf0, 0xfe, 0xd8, 0xfa, 0xb0, 0xf9, 0x38, 0xf9,
  0x10, 0xf8, 0xa8, 0xf5, 0xd0, 0xf6, 0x80, 0xf7, 0x78, 0xf6, 0x08, 0xf8,
  0x18, 0x07, 0x10, 0x16, 0x88, 0x0b, 0xd8, 0x0a, 0x00, 0x18, 0x50, 0x0d,
  0x00, 0xfe, 0xa0, 0xfc, 0x00, 0xfd, 0xb0, 0xfa, 0x50, 0xf5, 0x20, 0xf8,
  0xc0, 0x02, 0xc0, 0x03, 0x78, 0x03, 0xa0, 0x08, 0x88, 0x07, 0xe0, 0x02,
  0x70, 0xff, 0xf0, 0xfc, 0xb0, 0xf9, 0x60, 0xf7, 0xb8, 0xf7, 0xd0, 0xf9,
  0x68, 0xff, 0x68, 0x02, 0xf0, 0x02, 0x48, 0x06, 0x98, 0x06, 0x10, 0x03,
  0x18, 0x00, 0x08, 0xfd, 0xd0, 0xf9, 0x38, 0xf5, 0x38, 0xf3, 0xa8, 0xf3,
  0x38, 0xf3, 0x78, 0xf2, 0x90, 0xfe, 0x18, 0x12, 0xd8, 0x0d, 0xd8, 0x07,
  0xc8, 0x14, 0x20, 0x14, 0x30, 0x04, 0x60, 0xfd, 0x40, 0xfc, 0x18, 0xfb,
  0x90, 0xf5, 0xf8, 0xf2, 0xf0, 0xfe, 0x90, 0x03, 0xf8, 0x01, 0xd0, 0x08,
  0x48, 0x0a, 0xa8, 0x06, 0x70, 0x03, 0xd8, 0xfe, 0xa0, 0xfd, 0xb0, 0xfa,
  0x98, 0xf6, 0x90, 0xf8, 0x70, 0xfb, 0x48, 0xfd, 0x00, 0x00, 0xe0, 0x02,
  0x60, 0x05, 0x28, 0x05, 0x88, 0x02, 0xe0, 0x02, 0x98, 0xfe, 0xa8, 0xf7,
  0xa8, 0xf6, 0xd8, 0xf4, 0x90, 0xf2, 0x70, 0xf1, 0xd8, 0xf8, 0x20, 0x0d,
  0xd0, 0x0c, 0x00, 0x07, 0x10, 0x14, 0x38, 0x15, 0x88, 0x08, 0xd0, 0x00,
  0xe8, 0xfc, 0x60, 0xfc, 0x10, 0xf5, 0xc0, 0xf0, 0xa0, 0xfa, 0xb0, 0xfd,
  0x10, 0xff, 0x60, 0x06, 0x40, 0x08, 0x28, 0x08, 0x30, 0x06, 0x20, 0x02,
  0x58, 0x01, 0x30, 0xfd, 0x40, 0xf8, 0xf0, 0xf8, 0x68, 0xf8, 0x60, 0xf9,
  0x10, 0xfd, 0x70, 0xff, 0x40, 0x03, 0xc0, 0x04, 0xc8, 0x03, 0x48, 0x04,
  0x90, 0xff, 0x58, 0xfb, 0xd8, 0xf9, 0xf0, 0xf5, 0xd8, 0xf3, 0x00, 0xf4,
  0xd8, 0xff, 0x48, 0x09, 0x10, 0x04, 0xa8, 0x0b, 0x58, 0x16, 0x70, 0x11,
  0x68, 0x0a, 0x98, 0x04, 0xc8, 0x02, 0x28, 0xfe, 0x70, 0xf3, 0x30, 0xf5,
  0x90, 0xf9, 0x38, 0xfa, 0xc0, 0xfd, 0x48, 0xff, 0x70, 0x03, 0x50, 0x07,
  0xc0, 0x03, 0x50, 0x04, 0xf8, 0x04, 0x58, 0x00, 0x70, 0xfd, 0x48, 0xfa,
  0xe0, 0xf9, 0x68, 0xfb, 0xb0, 0xf9, 0x78, 0xfa, 0x98, 0xfd, 0x30, 0xff,
  0x80, 0xff, 0x08, 0xfe, 0xc8, 0xfe, 0xc8, 0xfd, 0x90, 0xfa, 0xf8, 0xf6,
  0x50, 0xfb, 0xc8, 0x05, 0xf8, 0x03, 0x00, 0x01, 0xa0, 0x09, 0xf0, 0x0d,
  0x60, 0x0a, 0x10, 0x06, 0xe0, 0x05, 0xe8, 0x07, 0x30, 0x01, 0x20, 0xfb,
  0xb0, 0xfd, 0x70, 0xfd, 0xb0, 0xfc, 0x30, 0xfc, 0xf0, 0xfa, 0x28, 0xff,
  0x40, 0x00, 0x08, 0xfe, 0xf0, 0x00, 0x60, 0x02, 0x80, 0x01, 0xd8, 0x01,
  0xc0, 0xfe, 0x78, 0xfd, 0x38, 0xfe, 0xd8, 0xfb, 0x10, 0xfb, 0xb0, 0xfb,
  0x98, 0xfc, 0xf0, 0xfd, 0x68, 0xfd, 0x10, 0xfe, 0x50, 0xff, 0x80, 0xfe,
  0xe8, 0xfd, 0x68, 0x01, 0xb0, 0x04, 0xf8, 0x02, 0x60, 0x01, 0xa8, 0x03,
  0x30, 0x05, 0x58, 0x03, 0x30, 0x02, 0x38, 0x02, 0xd8, 0x02, 0xa0, 0x02,
  0xf0, 0x00, 0xc8, 0x00, 0x00, 0x01, 0xc0, 0x00, 0xd8, 0xff, 0x50, 0xfd,
  0x38, 0xfd, 0x48, 0xfe, 0x10, 0xfe, 0x60, 0xfd, 0xc0, 0xfd, 0xc8, 0xfe,
  0xb8, 0xfe, 0x58, 0xfe, 0xe0, 0xfe, 0xf8, 0xfe, 0x10, 0xff, 0x38, 0xff,
  0x40, 0xff, 0xd8, 0xff, 0x18, 0x00, 0x00, 0x00, 0x90, 0xff, 0x88, 0xff,
  0xf0, 0xff, 0xc0, 0xff, 0x90, 0xff, 0xe8, 0xff, 0x48, 0x00, 0x78, 0x00,
  0x70, 0x00, 0x80, 0x00, 0xd0, 0x00, 0xc8, 0x00, 0x38, 0x01, 0x50, 0x01,
  0xd8, 0x00, 0xe0, 0x00, 0x68, 0x01, 0x38, 0x01, 0x48, 0x01, 0xf8, 0x01,
  0xb8, 0x01, 0x30, 0x01, 0xc0, 0x00, 0x30, 0x00, 0xd8, 0xff, 0x28, 0xff,
  0xb8, 0xfe, 0xf8, 0xfe, 0x00, 0xff, 0xc0, 0xfe, 0x78, 0xfe, 0x58, 0xfe,
  0x80, 0xfe, 0x88, 0xfe, 0x40, 0xfe, 0x30, 0xfe, 0x50, 0xfe, 0x30, 0xfe,
  0xf0, 0xfe, 0x50, 0x00, 0x38, 0x00, 0x60, 0x00, 0x28, 0x01, 0xa8, 0x01,
  0xe8, 0x01, 0x78, 0x01, 0x70, 0x01, 0xd0, 0x01, 0x28, 0x01, 0xb8, 0x00,
  0x68, 0x00, 0x18, 0x00, 0x68, 0x00, 0xc8, 0xff, 0xf0, 0xff, 0xc0, 0x00,
  0xe0, 0x00, 0x10, 0x01, 0x08, 0x01, 0xd8, 0x00, 0x78, 0x00, 0xd0, 0xff,
  0x78, 0xff, 0x30, 0xff, 0xe8, 0xfe, 0xe0, 0xfe, 0x00, 0xff, 0x40, 0xff,
  0x48, 0xff, 0x30, 0xff, 0x48, 0xff, 0x18, 0xff, 0x18, 0xff, 0x18, 0xff,
  0x08, 0xff, 0x08, 0xff, 0xe0, 0xfe, 0xa8, 0xff, 0x20, 0x00, 0x48, 0x00,
  0xa8, 0x00, 0xd8, 0x00, 0x30, 0x01, 0x28, 0x01, 0x30, 0x01, 0x90, 0x01,
  0x30, 0x01, 0x98, 0x00, 0x60, 0x00, 0x08, 0x00, 0x00, 0x00, 0xa8, 0xff,
  0x88, 0xff, 0xb8, 0xff, 0xd0, 0xff, 0x18, 0x00, 0x28, 0x00, 0x38, 0x00,
  0x38, 0x00, 0xf0, 0xff, 0xf8, 0xff, 0xd8, 0xff, 0x68, 0xff, 0x18, 0xff,
  0x28, 0xff, 0x98, 0xff, 0xb0, 0xff, 0xd0, 0xff, 0x10, 0x00, 0x38, 0x00,
  0x40, 0x00, 0x20, 0x00, 0x20, 0x00, 0x18, 0x00, 0x08, 0x00, 0xf8, 0xff,
  0xa0, 0xff, 0xb8, 0xff, 0xc0, 0xff, 0xc8, 0xff, 0xd8, 0xff, 0xf0, 0xff,
  0x10, 0x00, 0x18, 0x00, 0x18, 0x00, 0xc8, 0xff, 0xd8, 0xff, 0xe0, 0xff,
  0x90, 0xff, 0xa8, 0xff, 0xc8, 0xff, 0xf8, 0xff, 0x10, 0x00, 0x18, 0x00,
  0x98, 0x00, 0x90, 0x00, 0xd0, 0x00, 0x00, 0x01, 0xd0, 0x00, 0x50, 0x00,
  0xb8, 0xff, 0xa8, 0xff, 0xd8, 0xff, 0x08, 0x00, 0x08, 0x00, 0x20, 0x00,
  0xf8, 0xff, 0x38, 0x00, 0xf8, 0xff, 0xe0, 0xff, 0x98, 0xff, 0xa8, 0xff,
  0x70, 0xff, 0x90, 0xff, 0xa8, 0xff, 0xb0, 0xff, 0x00, 0x00, 0xe8, 0xff,
  0xf0, 0xff, 0x10, 0x00, 0x18, 0x00, 0x30, 0x00, 0x18, 0x00, 0x48, 0x00,
  0x58, 0x00, 0x40, 0x00, 0x68, 0x00, 0x50, 0x00, 0xb8, 0xff, 0x18, 0xff,
  0x28, 0xff, 0x90, 0xff, 0xf0, 0xff, 0x28, 0x00, 0x60, 0x00, 0xb0, 0x00,
  0x30, 0x01, 0xc0, 0x00, 0x60, 0x00, 0x48, 0x00, 0x00, 0x00, 0x80, 0xff,
  0x60, 0xff, 0x38, 0xff, 0x30, 0xff, 0x58, 0xff, 0x68, 0xff, 0xf8, 0xff,
  0xd0, 0xff, 0x20, 0x00, 0x50, 0x00, 0x10, 0x00, 0x38, 0x00, 0x28, 0x00,
  0x38, 0x00, 0x10, 0x00, 0x00, 0x00, 0x48, 0x00, 0x10, 0x00, 0x20, 0x00,
  0x58, 0x00, 0x90, 0xfd, 0x20, 0x00, 0xa0, 0xff, 0xe8, 0xff, 0x90, 0x00,
  0xb8, 0x00, 0x10, 0x01, 0x18, 0x02, 0xc8, 0xff, 0x18, 0x05, 0xa8, 0x01,
  0xa8, 0xfd, 0x40, 0xfe, 0xb0, 0xfd, 0x58, 0xfe, 0x40, 0xfb, 0x40, 0xfe,
  0x70, 0x00, 0x68, 0xff, 0x58, 0x00, 0x30, 0x01, 0xb0, 0x01, 0xf8, 0x02,
  0x08, 0xff, 0x30, 0x00
};
