unsigned char dec_wav[] = {
  0x52, 0x49, 0x46, 0x46, 0x24, 0xfa, 0x00, 0x00, 0x57, 0x41, 0x56, 0x45,
  0x66, 0x6d, 0x74, 0x20, 0x10, 0x00, 0x00, 0x00, 0x01, 0x00, 0x01, 0x00,
  0x80, 0x3e, 0x00, 0x00, 0x00, 0x7d, 0x00, 0x00, 0x02, 0x00, 0x10, 0x00,
  0x64, 0x61, 0x74, 0x61, 0x00, 0xfa, 0x00, 0x00, 0x00, 0x00, 0x00, 0x00,
  0x00, 0x00, 0x00, 0x00, 0x00, 0x00, 0x00, 0x00, 0x00, 0x00, 0x00, 0x00,
  0x00, 0x00, 0x00, 0x00, 0x00, 0x00, 0x00, 0x00, 0x00, 0x00, 0x00, 0x00,
  0x00, 0x00, 0x00, 0x00, 0x00, 0x00, 0x00, 0x00, 0x00, 0x00, 0x00, 0x00,
  0x00, 0x00, 0x00, 0x00, 0x00, 0x00, 0x00, 0x00, 0x00, 0x00, 0xfc, 0xff,
  0x00, 0x00, 0x00, 0x00, 0x00, 0x00, 0x00, 0x00, 0x00, 0x00, 0x00, 0x00,
  0x00, 0x00, 0x00, 0x00, 0xfc, 0xff, 0x00, 0x00, 0x00, 0x00, 0x00, 0x00,
  0x00, 0x00, 0xfc, 0xff, 0x00, 0x00, 0x00, 0x00, 0x00, 0x00, 0x00, 0x00,
  0x00, 0x00, 0x00, 0x00, 0x00, 0x00, 0x00, 0x00, 0x00, 0x00, 0x00, 0x00,
  0xfc, 0xff, 0x00, 0x00, 0xfc, 0xff, 0x00, 0x00, 0x00, 0x00, 0xfc, 0xff,
  0x00, 0x00, 0xfc, 0xff, 0x00, 0x00, 0x00, 0x00, 0xfc, 0xff, 0x00, 0x00,
  0xfc, 0xff, 0x00, 0x00, 0x00, 0x00, 0xfc, 0xff, 0x00, 0x00, 0xfc, 0xff,
  0x00, 0x00, 0x00, 0x00, 0x00, 0x00, 0x00, 0x00, 0xfc, 0xff, 0x00, 0x00,
  0x00, 0x00, 0x00, 0x00, 0x00, 0x00, 0x00, 0x00, 0x00, 0x00, 0x00, 0x00,
  0x00, 0x00, 0x00, 0x00, 0x00, 0x00, 0x00, 0x00, 0x00, 0x00, 0x00, 0x00,
  0x00, 0x00, 0x00, 0x00, 0x00, 0x00, 0x00, 0x00, 0x00, 0x00, 0x00, 0x00,
  0x04, 0x00, 0x08, 0x00, 0x10, 0x00, 0x14, 0x00, 0x14, 0x00, 0x10, 0x00,
  0x0c, 0x00, 0x0c, 0x00, 0x04, 0x00, 0x04, 0x00, 0x00, 0x00, 0xfc, 0xff,
  0x04, 0x00, 0x00, 0x00, 0x04, 0x00, 0x04, 0x00, 0x04, 0x00, 0x00, 0x00,
  0x00, 0x00, 0xfc, 0xff, 0xfc, 0xff, 0xfc, 0xff, 0xf4, 0xff, 0xf8, 0xff,
  0xf8, 0xff, 0xf8, 0xff, 0xfc, 0xff, 0xfc, 0xff, 0xf8, 0xff, 0xf8, 0xff,
  0xf8, 0xff, 0xf8, 0xff, 0x04, 0x00, 0x1c, 0x00, 0x38, 0x00, 0x48, 0x00,
  0x48, 0x00, 0x40, 0x00, 0x34, 0x00, 0x28, 0x00, 0x14, 0x00, 0x08, 0x00,
  0xfc, 0xff, 0xfc, 0xff, 0x04, 0x00, 0x10, 0x00, 0x14, 0x00, 0x14, 0x00,
  0x0c, 0x00, 0x08, 0x00, 0x00, 0x00, 0xf4, 0xff, 0xe8, 0xff, 0xe4, 0xff,
  0xe4, 0xff, 0xe8, 0xff, 0xf4, 0xff, 0x18, 0x00, 0x34, 0x00, 0x3c, 0x00,
  0x38, 0x00, 0x30, 0x00, 0x24, 0x00, 0x10, 0x00, 0xfc, 0xff, 0xf4, 0xff,
  0xec, 0xff, 0xec, 0xff, 0xf8, 0xff, 0x04, 0x00, 0x0c, 0x00, 0x0c, 0x00,
  0x00, 0x00, 0x00, 0x00, 0xf4, 0xff, 0xec, 0xff, 0xe4, 0xff, 0xe0, 0xff,
  0xe0, 0xff, 0xe4, 0xff, 0xe4, 0xff, 0xf0, 0xff, 0xe8, 0xff, 0xd0, 0xff,
  0xbc, 0xff, 0xa8, 0xff, 0xa0, 0xff, 0xa8, 0xff, 0xb0, 0xff, 0xc8, 0xff,
  0xd8, 0xff, 0xe4, 0xff, 0xf4, 0xff, 0xf4, 0xff, 0xec, 0xff, 0xe0, 0xff,
  0xd4, 0xff, 0xd8, 0xff, 0xe4, 0xff, 0xec, 0xff, 0xfc, 0xff, 0x04, 0x00,
  0x04, 0x00, 0x08, 0x00, 0x08, 0x00, 0x0c, 0x00, 0x08, 0x00, 0x00, 0x00,
  0x04, 0x00, 0x04, 0x00, 0x08, 0x00, 0x10, 0x00, 0x0c, 0x00, 0x10, 0x00,
  0x10, 0x00, 0x04, 0x00, 0x08, 0x00, 0x0c, 0x00, 0x04, 0x00, 0x04, 0x00,
  0x04, 0x00, 0x00, 0x00, 0x04, 0x00, 0xfc, 0xff, 0xf8, 0xff, 0xf8, 0xff,
  0xf8, 0xff, 0xfc, 0xff, 0x00, 0x00, 0x00, 0x00, 0xf8, 0xff, 0xf4, 0xff,
  0xf4, 0xff, 0xf4, 0xff, 0xf8, 0xff, 0xf8, 0xff, 0x00, 0x00, 0x00, 0x00,
  0x04, 0x00, 0x08, 0x00, 0xfc, 0xff, 0xf8, 0xff, 0xf4, 0xff, 0xec, 0xff,
  0xe4, 0xff, 0xd0, 0xff, 0xc0, 0xff, 0xbc, 0xff, 0xbc, 0xff, 0xc0, 0xff,
  0xd0, 0xff, 0xe0, 0xff, 0xec, 0xff, 0xfc, 0xff, 0x00, 0x00, 0xfc, 0xff,
  0xf4, 0xff, 0xec, 0xff, 0xe4, 0xff, 0xe0, 0xff, 0xdc, 0xff, 0xd4, 0xff,
  0xd4, 0xff, 0xe4, 0xff, 0xf4, 0xff, 0x04, 0x00, 0x10, 0x00, 0x10, 0x00,
  0x0c, 0x00, 0x08, 0x00, 0xfc, 0xff, 0xfc, 0xff, 0x00, 0x00, 0x08, 0x00,
  0x10, 0x00, 0x18, 0x00, 0x20, 0x00, 0x1c, 0x00, 0x14, 0x00, 0x0c, 0x00,
  0x10, 0x00, 0x10, 0x00, 0x10, 0x00, 0x10, 0x00, 0x0c, 0x00, 0x10, 0x00,
  0x10, 0x00, 0x14, 0x00, 0x0c, 0x00, 0x08, 0x00, 0x08, 0x00, 0x00, 0x00,
  0x08, 0x00, 0x10, 0x00, 0x0c, 0x00, 0x08, 0x00, 0x08, 0x00, 0x08, 0x00,
  0x04, 0x00, 0x04, 0x00, 0x08, 0x00, 0x08, 0x00, 0x04, 0x00, 0x04, 0x00,
  0x04, 0x00, 0xf0, 0xff, 0xd4, 0xff, 0xc4, 0xff, 0xc0, 0xff, 0xc0, 0xff,
  0xcc, 0xff, 0xdc, 0xff, 0xec, 0xff, 0xf4, 0xff, 0xf8, 0xff, 0x04, 0x00,
  0x00, 0x00, 0xf8, 0xff, 0xec, 0xff, 0xe8, 0xff, 0xf0, 0xff, 0xf0, 0xff,
  0xe8, 0xff, 0xdc, 0xff, 0xd4, 0xff, 0xd4, 0xff, 0xdc, 0xff, 0xec, 0xff,
  0xfc, 0xff, 0x0c, 0x00, 0x10, 0x00, 0x14, 0x00, 0x10, 0x00, 0x10, 0x00,
  0x08, 0x00, 0x00, 0x00, 0x04, 0x00, 0x0c, 0x00, 0x1c, 0x00, 0x20, 0x00,
  0x34, 0x00, 0x60, 0x00, 0x8c, 0x00, 0xb8, 0x00, 0xcc, 0x00, 0xc8, 0x00,
  0xb0, 0x00, 0x84, 0x00, 0x54, 0x00, 0x28, 0x00, 0xfc, 0xff, 0xe4, 0xff,
  0xd4, 0xff, 0xe0, 0xff, 0xe8, 0xff, 0xf8, 0xff, 0x00, 0x00, 0xfc, 0xff,
  0xfc, 0xff, 0xf0, 0xff, 0xf0, 0xff, 0xe0, 0xff, 0xdc, 0xff, 0xd8, 0xff,
  0xd4, 0xff, 0xdc, 0xff, 0xdc, 0xff, 0xe4, 0xff, 0xec, 0xff, 0x0c, 0x00,
  0x2c, 0x00, 0x50, 0x00, 0x60, 0x00, 0x68, 0x00, 0x60, 0x00, 0x44, 0x00,
  0x30, 0x00, 0x10, 0x00, 0xf8, 0xff, 0xe4, 0xff, 0xe4, 0xff, 0xe4, 0xff,
  0xf0, 0xff, 0x00, 0x00, 0xfc, 0xff, 0x08, 0x00, 0xf8, 0xff, 0xfc, 0xff,
  0xf8, 0xff, 0xe0, 0xff, 0xfc, 0xff, 0xc4, 0xff, 0x1c, 0x00, 0x78, 0x01,
  0xa0, 0x02, 0x74, 0x03, 0xe4, 0x03, 0x9c, 0x03, 0xf4, 0x02, 0xf8, 0x01,
  0xe0, 0x00, 0x14, 0x00, 0x18, 0xff, 0xb0, 0xfe, 0xf4, 0xff, 0x6c, 0x01,
  0x98, 0x02, 0x64, 0x03, 0x4c, 0x03, 0xbc, 0x02, 0xa8, 0x01, 0x80, 0x00,
  0x8c, 0xff, 0x8c, 0xfe, 0xe4, 0xfd, 0xf0, 0xfd, 0x4c, 0xfe, 0xb4, 0xfe,
  0x0c, 0xff, 0x10, 0xff, 0x08, 0xff, 0xdc, 0xfe, 0xc8, 0xfe, 0x00, 0xff,
  0x1c, 0xff, 0x6c, 0xff, 0xf8, 0xff, 0x7c, 0x00, 0xe0, 0x00, 0xe4, 0x00,
  0xa4, 0x00, 0x3c, 0x00, 0xb4, 0xff, 0x50, 0xff, 0x18, 0xff, 0xfc, 0xfe,
  0x14, 0xff, 0x4c, 0xff, 0x98, 0xff, 0xd4, 0xff, 0xe0, 0xff, 0xcc, 0xff,
  0x9c, 0xff, 0x68, 0xff, 0x5c, 0xff, 0x6c, 0xff, 0x80, 0xff, 0x9c, 0xff,
  0xa8, 0xff, 0xa8, 0xff, 0x98, 0xff, 0x78, 0xff, 0x60, 0xff, 0x3c, 0xff,
  0x0c, 0xff, 0xd8, 0xfe, 0xac, 0xfe, 0xa4, 0xfe, 0xb8, 0xfe, 0xd0, 0xfe,
  0x0c, 0xff, 0x50, 0xff, 0x90, 0xff, 0xdc, 0xff, 0x1c, 0x00, 0x44, 0x00,
  0x44, 0x00, 0x2c, 0x00, 0x18, 0x00, 0xf4, 0xff, 0xd4, 0xff, 0xbc, 0xff,
  0x94, 0xff, 0x64, 0xff, 0x40, 0xff, 0x34, 0xff, 0x44, 0xff, 0x60, 0xff,
  0x80, 0xff, 0xb0, 0xff, 0xdc, 0xff, 0x00, 0x00, 0x20, 0x00, 0x20, 0x00,
  0x18, 0x00, 0x0c, 0x00, 0xe4, 0xff, 0xcc, 0xff, 0xa4, 0xff, 0x6c, 0xff,
  0x54, 0xff, 0x4c, 0xff, 0x5c, 0xff, 0x78, 0xff, 0x9c, 0xff, 0xc8, 0xff,
  0xe8, 0xff, 0x04, 0x00, 0x20, 0x00, 0x28, 0x00, 0x24, 0x00, 0x20, 0x00,
  0x18, 0x00, 0x10, 0x00, 0xf4, 0xff, 0xec, 0xff, 0xe0, 0xff, 0xc0, 0xff,
  0xc0, 0xff, 0xbc, 0xff, 0xc4, 0xff, 0xcc, 0xff, 0xd4, 0xff, 0xf0, 0xff,
  0x04, 0x00, 0x08, 0x00, 0x10, 0x00, 0x18, 0x00, 0x0c, 0x00, 0xf8, 0xff,
  0xf8, 0xff, 0xec, 0xff, 0xe4, 0xff, 0xec, 0xff, 0xe8, 0xff, 0xec, 0xff,
  0xec, 0xff, 0xf0, 0xff, 0xf8, 0xff, 0xf8, 0xff, 0xec, 0xff, 0xe0, 0xff,
  0xcc, 0xff, 0xa4, 0xff, 0x84, 0xff, 0x7c, 0xff, 0x44, 0xff, 0xd0, 0xfe,
  0x4c, 0xfe, 0xe8, 0xfd, 0xd0, 0xfd, 0x00, 0xfe, 0x74, 0xfe, 0x1c, 0xff,
  0xc4, 0xff, 0x68, 0x00, 0x08, 0x01, 0x5c, 0x01, 0x5c, 0x01, 0x18, 0x01,
  0xac, 0x00, 0x50, 0x00, 0x2c, 0x00, 0x70, 0x00, 0x10, 0x01, 0x9c, 0x01,
  0xfc, 0x01, 0x18, 0x02, 0xd8, 0x01, 0x64, 0x01, 0xd0, 0x00, 0x28, 0x00,
  0x9c, 0xff, 0x40, 0xff, 0x34, 0xff, 0x54, 0xff, 0x9c, 0xff, 0x00, 0x00,
  0x68, 0x00, 0xc4, 0x00, 0x10, 0x01, 0x40, 0x01, 0x3c, 0x01, 0x18, 0x01,
  0xe4, 0x00, 0x98, 0x00, 0x3c, 0x00, 0xdc, 0xff, 0x88, 0xff, 0x40, 0xff,
  0x04, 0xff, 0xf8, 0xfe, 0x10, 0xff, 0x40, 0xff, 0x88, 0xff, 0xd8, 0xff,
  0x28, 0x00, 0x64, 0x00, 0x88, 0x00, 0x94, 0x00, 0x88, 0x00, 0x60, 0x00,
  0x34, 0x00, 0x08, 0x00, 0xdc, 0xff, 0xc4, 0xff, 0xbc, 0xff, 0xd4, 0xff,
  0xfc, 0xff, 0x30, 0x00, 0x58, 0x00, 0x74, 0x00, 0x78, 0x00, 0x6c, 0x00,
  0x5c, 0x00, 0x30, 0x00, 0x18, 0x00, 0xe8, 0xff, 0xcc, 0xff, 0xf0, 0xff,
  0x48, 0xff, 0x2c, 0xfe, 0x34, 0xfd, 0x3c, 0xfc, 0xf8, 0xfb, 0x30, 0xfc,
  0xf8, 0xfc, 0x44, 0xfe, 0x68, 0xff, 0xec, 0x00, 0x28, 0x03, 0x6c, 0x05,
  0x60, 0x07, 0x78, 0x08, 0x74, 0x08, 0xd8, 0x07, 0xb4, 0x05, 0x68, 0x02,
  0x18, 0xff, 0x90, 0xfb, 0x08, 0xf9, 0x84, 0xf8, 0x10, 0xfa, 0x2c, 0xfd,
  0x68, 0x00, 0x54, 0x03, 0x84, 0x05, 0x40, 0x06, 0xd8, 0x05, 0xa8, 0x04,
  0xcc, 0x02, 0xd8, 0x00, 0x38, 0xff, 0x34, 0xfe, 0xd4, 0xfd, 0x70, 0xfd,
  0xfc, 0xfc, 0x94, 0xfc, 0x20, 0xfc, 0x08, 0xfc, 0x70, 0xfc, 0x64, 0xfd,
  0xe4, 0xfe, 0xb0, 0x00, 0x98, 0x02, 0x24, 0x04, 0xd8, 0x04, 0x90, 0x04,
  0x74, 0x03, 0xbc, 0x01, 0xf4, 0xff, 0x74, 0xfe, 0x70, 0xfd, 0x0c, 0xfd,
  0x1c, 0xfd, 0x9c, 0xfd, 0x38, 0xfe, 0xc0, 0xfe, 0x24, 0xff, 0x5c, 0xff,
  0x94, 0xff, 0xd0, 0xff, 0x3c, 0x00, 0xb0, 0x00, 0x24, 0x01, 0x5c, 0x01,
  0x50, 0x01, 0xf8, 0x00, 0x4c, 0x00, 0x94, 0xff, 0xdc, 0xfe, 0x78, 0xfe,
  0x74, 0xfe, 0xc8, 0xfe, 0x64, 0xff, 0xf8, 0xff, 0x78, 0x00, 0xb4, 0x00,
  0xac, 0x00, 0x78, 0x00, 0x24, 0x00, 0xd8, 0xff, 0xac, 0xff, 0x9c, 0xff,
  0x84, 0xff, 0xe0, 0xfe, 0x74, 0xfd, 0x58, 0xfc, 0x4c, 0xfb, 0x8c, 0xf9,
  0xa0, 0xf8, 0xb8, 0xf8, 0xb4, 0xf9, 0xa0, 0xfb, 0x38, 0xfe, 0xf0, 0x02,
  0xfc, 0x07, 0xa4, 0x0b, 0x44, 0x0e, 0x9c, 0x0e, 0x88, 0x0c, 0x60, 0x08,
  0xf8, 0x02, 0xc4, 0xfd, 0x18, 0xf9, 0x2c, 0xf6, 0x40, 0xf6, 0xa0, 0xf8,
  0x14, 0xfc, 0xbc, 0xff, 0xb4, 0x02, 0x64, 0x04, 0xb8, 0x04, 0x30, 0x04,
  0x6c, 0x03, 0x80, 0x02, 0xac, 0x01, 0x70, 0x01, 0x5c, 0x01, 0xf8, 0x00,
  0x10, 0x00, 0x94, 0xfe, 0xdc, 0xfc, 0x30, 0xfb, 0x38, 0xfa, 0x6c, 0xfa,
  0xa0, 0xfb, 0xa8, 0xfd, 0x44, 0x00, 0xc0, 0x02, 0x80, 0x04, 0x18, 0x05,
  0x9c, 0x04, 0x50, 0x03, 0x9c, 0x01, 0x0c, 0x00, 0x04, 0xff, 0x84, 0xfe,
  0x68, 0xfe, 0x9c, 0xfe, 0xc0, 0xfe, 0xac, 0xfe, 0x64, 0xfe, 0x00, 0xfe,
  0xdc, 0xfd, 0x00, 0xfe, 0x9c, 0xfe, 0xac, 0xff, 0xc4, 0x00, 0xbc, 0x01,
  0x38, 0x02, 0x24, 0x02, 0x84, 0x01, 0x80, 0x00, 0x78, 0xff, 0xac, 0xfe,
  0x40, 0xfe, 0x5c, 0xfe, 0xd8, 0xfe, 0x84, 0xff, 0x20, 0x00, 0x6c, 0x00,
  0x84, 0x00, 0x3c, 0x00, 0xe4, 0xff, 0xc4, 0xff, 0x78, 0xff, 0xf8, 0xff,
  0x54, 0x00, 0x5c, 0xfe, 0x38, 0xfc, 0x78, 0xfa, 0x20, 0xf8, 0xac, 0xf6,
  0x70, 0xf6, 0xfc, 0xf6, 0x7c, 0xf7, 0xa0, 0xf8, 0x18, 0xfb, 0x70, 0xfd,
  0x9c, 0xff, 0x98, 0x02, 0xd0, 0x06, 0x24, 0x0b, 0x78, 0x0e, 0x68, 0x10,
  0x30, 0x10, 0x18, 0x0d, 0xd4, 0x07, 0xc8, 0x01, 0xb0, 0xfb, 0xa0, 0xf6,
  0x3c, 0xf4, 0x14, 0xf5, 0x60, 0xf8, 0xe0, 0xfc, 0x28, 0x01, 0xb8, 0x04,
  0x1c, 0x06, 0x84, 0x05, 0x50, 0x06, 0x7c, 0x07, 0xa4, 0x07, 0x44, 0x08,
  0x6c, 0x08, 0x70, 0x07, 0x18, 0x05, 0xd8, 0x01, 0x40, 0xfe, 0xe4, 0xf9,
  0x9c, 0xf6, 0x94, 0xf5, 0x6c, 0xf6, 0xe0, 0xf8, 0x18, 0xfc, 0xc4, 0xff,
  0x9c, 0x02, 0x1c, 0x04, 0xdc, 0x04, 0xa4, 0x04, 0xb4, 0x03, 0xa8, 0x02,
  0x0c, 0x02, 0xc8, 0x01, 0x48, 0x01, 0xcc, 0x00, 0xec, 0xff, 0x9c, 0xfe,
  0x08, 0xfd, 0xa8, 0xfb, 0x2c, 0xfb, 0x24, 0xfb, 0x34, 0xfc, 0x0c, 0xfe,
  0xf8, 0xff, 0xd4, 0x01, 0xc4, 0x02, 0x2c, 0x03, 0xa8, 0x02, 0x80, 0x01,
  0x84, 0x00, 0x84, 0xff, 0x08, 0xff, 0xf0, 0xfe, 0x14, 0xff, 0x60, 0xff,
  0x68, 0xff, 0x3c, 0xff, 0x10, 0xff, 0xc0, 0xfe, 0xac, 0xfe, 0xf8, 0xfe,
  0x78, 0xff, 0x44, 0x00, 0x00, 0x01, 0x78, 0x01, 0xa8, 0x01, 0xf0, 0x00,
  0x60, 0xfe, 0x84, 0xfa, 0x08, 0xf7, 0x58, 0xf4, 0xd4, 0xf2, 0x48, 0xf3,
  0xe8, 0xf4, 0x00, 0xf7, 0xd4, 0xf8, 0x6c, 0xfb, 0xac, 0xfd, 0x5c, 0xff,
  0xb0, 0x02, 0x2c, 0x05, 0x78, 0x0b, 0x80, 0x14, 0xc4, 0x16, 0xac, 0x15,
  0x28, 0x12, 0xc8, 0x09, 0x04, 0x00, 0x5c, 0xf7, 0x78, 0xf1, 0x34, 0xee,
  0x08, 0xef, 0x14, 0xf5, 0x98, 0xfc, 0x9c, 0x02, 0xf4, 0x06, 0xc8, 0x08,
  0x18, 0x08, 0x6c, 0x07, 0x50, 0x08, 0x50, 0x0a, 0xd4, 0x0b, 0xc4, 0x0c,
  0xa4, 0x0c, 0xec, 0x09, 0xb0, 0x04, 0x34, 0xfe, 0xc8, 0xf7, 0x9c, 0xf2,
  0x34, 0xf0, 0xbc, 0xf1, 0xec, 0xf5, 0x78, 0xfb, 0x24, 0x01, 0x58, 0x05,
  0xd4, 0x07, 0xf0, 0x06, 0xdc, 0x04, 0x14, 0x05, 0x38, 0x05, 0x70, 0x05,
  0xa8, 0x06, 0x14, 0x07, 0xd8, 0x05, 0x0c, 0x03, 0xb0, 0xff, 0xa0, 0xfb,
  0x44, 0xf7, 0x38, 0xf5, 0xc0, 0xf5, 0xd0, 0xf7, 0xb4, 0xfb, 0x84, 0xff,
  0x40, 0x02, 0x70, 0x05, 0xd0, 0x07, 0xf8, 0x07, 0x34, 0x07, 0xb8, 0x05,
  0xa0, 0x03, 0xf4, 0x01, 0xd4, 0x00, 0xdc, 0xff, 0x7c, 0xfe, 0x2c, 0xfd,
  0x18, 0xfc, 0x18, 0xfb, 0x74, 0xfa, 0x78, 0xfa, 0x38, 0xfb, 0xac, 0xfc,
  0x80, 0xfe, 0x0c, 0x00, 0x0c, 0x00, 0xec, 0xfd, 0xcc, 0xfa, 0x8c, 0xf7,
  0xc0, 0xf4, 0x0c, 0xf3, 0x10, 0xf3, 0xfc, 0xf3, 0xa0, 0xf5, 0x18, 0xf8,
  0xd0, 0xfa, 0x9c, 0xfd, 0xac, 0x00, 0x74, 0x04, 0xa8, 0x0a, 0xe8, 0x12,
  0xdc, 0x17, 0xe0, 0x17, 0x7c, 0x14, 0x0c, 0x0d, 0xfc, 0x02, 0x5c, 0xf9,
  0x00, 0xf2, 0x68, 0xed, 0x14, 0xed, 0x9c, 0xf1, 0xa0, 0xf8, 0x08, 0x00,
  0x7c, 0x04, 0x80, 0x05, 0x9c, 0x06, 0xc8, 0x07, 0x48, 0x08, 0x20, 0x09,
  0xd8, 0x09, 0x60, 0x09, 0xdc, 0x07, 0x9c, 0x05, 0xbc, 0x01, 0x54, 0xfc,
  0xc8, 0xf7, 0x64, 0xf5, 0x88, 0xf5, 0xf0, 0xf7, 0x90, 0xfb, 0x8c, 0xff,
  0x48, 0x02, 0xe0, 0x03, 0x5c, 0x05, 0x20, 0x07, 0x90, 0x08, 0x10, 0x09,
  0x48, 0x09, 0x88, 0x08, 0x88, 0x06, 0xe8, 0x03, 0x94, 0x00, 0x04, 0xfd,
  0xd8, 0xf9, 0x44, 0xf8, 0x48, 0xf8, 0x3c, 0xf9, 0x0c, 0xfb, 0xec, 0xfc,
  0x48, 0xff, 0xe0, 0x02, 0x7c, 0x06, 0xc0, 0x08, 0x6c, 0x09, 0xb4, 0x08,
  0xd0, 0x06, 0x60, 0x04, 0xe0, 0x01, 0x64, 0xff, 0x20, 0xfd, 0xa8, 0xfb,
  0x50, 0xfb, 0x0c, 0xfb, 0x8c, 0xfb, 0x20, 0xfc, 0xdc, 0xf9, 0x18, 0xf8,
  0x90, 0xf8, 0x78, 0xf8, 0x0c, 0xf8, 0x88, 0xf7, 0xb4, 0xf6, 0xc0, 0xf5,
  0x58, 0xf5, 0xdc, 0xf5, 0x04, 0xf6, 0xb4, 0xf5, 0x4c, 0xf6, 0x0c, 0xf8,
  0x70, 0xfa, 0xb4, 0xfd, 0x00, 0x02, 0x90, 0x07, 0xf0, 0x0e, 0x14, 0x16,
  0xc8, 0x18, 0xc4, 0x15, 0xb8, 0x0e, 0x9c, 0x05, 0xa0, 0xfc, 0xa0, 0xf5,
  0xe8, 0xf1, 0x78, 0xf1, 0x38, 0xf4, 0x80, 0xf9, 0x4c, 0xfe, 0x6c, 0x00,
  0xac, 0xff, 0x48, 0xff, 0xec, 0x00, 0xb8, 0x03, 0xf8, 0x06, 0x64, 0x09,
  0x08, 0x0a, 0x90, 0x08, 0x34, 0x06, 0x18, 0x02, 0x54, 0xfd, 0xb8, 0xf9,
  0x6c, 0xf8, 0x34, 0xfa, 0xf8, 0xfc, 0xe8, 0xff, 0x90, 0x01, 0x94, 0x01,
  0x54, 0x01, 0xcc, 0x01, 0xf4, 0x03, 0xd4, 0x06, 0x48, 0x09, 0xe4, 0x0a,
  0x8c, 0x0a, 0x68, 0x08, 0xa4, 0x04, 0x28, 0x00, 0x54, 0xfc, 0xdc, 0xf9,
  0xb8, 0xf9, 0x18, 0xfb, 0xb4, 0xfc, 0x1c, 0xfe, 0xb0, 0xfe, 0x5c, 0xff,
  0x70, 0x01, 0x24, 0x04, 0xdc, 0x06, 0x78, 0x08, 0xcc, 0x08, 0x10, 0x08,
  0xe0, 0x05, 0x10, 0x03, 0xd4, 0xff, 0xec, 0xfc, 0x6c, 0xfb, 0x50, 0xfb,
  0x24, 0xfc, 0xe8, 0xfc, 0xb0, 0xfc, 0x2c, 0xfa, 0x00, 0xf7, 0x40, 0xf5,
  0x78, 0xf4, 0x18, 0xf4, 0xb4, 0xf3, 0xd0, 0xf3, 0xe8, 0xf3, 0x60, 0xf4,
  0x20, 0xf5, 0x18, 0xf5, 0xb8, 0xf4, 0x14, 0xf5, 0x10, 0xf7, 0xec, 0xf9,
  0x74, 0xfe, 0x1c, 0x03, 0x4c, 0x08, 0x10, 0x14, 0x08, 0x1e, 0x6c, 0x1c,
  0xd0, 0x15, 0xd8, 0x0c, 0x40, 0x01, 0x7c, 0xf8, 0x30, 0xf4, 0x14, 0xf2,
  0xbc, 0xf1, 0x00, 0xf6, 0xf0, 0xfc, 0x80, 0x00, 0x10, 0x00, 0xa4, 0xfe,
  0x20, 0xfe, 0x78, 0x00, 0xe4, 0x05, 0xa8, 0x0a, 0x68, 0x0c, 0x24, 0x0b,
  0xc8, 0x08, 0x40, 0x05, 0x00, 0x00, 0x40, 0xfb, 0xc8, 0xf8, 0xf4, 0xf8,
  0x50, 0xfc, 0x40, 0x00, 0xfc, 0x01, 0xd8, 0x02, 0x1c, 0x00, 0x88, 0xfb,
  0x58, 0xfa, 0x00, 0xfd, 0x5c, 0x02, 0xac, 0x06, 0x20, 0x0b, 0x24, 0x10,
  0x80, 0x10, 0x14, 0x0d, 0xa0, 0x07, 0x68, 0x01, 0x9c, 0xfc, 0xa0, 0xfb,
  0xc0, 0xfd, 0xe0, 0xfe, 0x10, 0xff, 0xfc, 0xfe, 0x08, 0xff, 0xa0, 0xff,
  0x78, 0x01, 0x08, 0x04, 0xf4, 0x05, 0x98, 0x07, 0xe4, 0x08, 0x34, 0x08,
  0x40, 0x05, 0x78, 0x01, 0xf8, 0xfd, 0xfc, 0xfb, 0x9c, 0xfb, 0x78, 0xfc,
  0x40, 0xfd, 0x9c, 0xfc, 0x60, 0xfa, 0x1c, 0xf7, 0x48, 0xf4, 0x3c, 0xf2,
  0x44, 0xf1, 0xd8, 0xf0, 0x0c, 0xf1, 0xe0, 0xf1, 0x9c, 0xf2, 0x48, 0xf3,
  0x50, 0xf3, 0x10, 0xf3, 0xa0, 0xf3, 0x88, 0xf5, 0xd4, 0xf8, 0xc0, 0xfd,
  0x60, 0x03, 0x0c, 0x0b, 0x5c, 0x16, 0xd8, 0x1f, 0x2c, 0x20, 0x54, 0x18,
  0x6c, 0x0d, 0x58, 0x01, 0xec, 0xf7, 0x74, 0xf3, 0xc8, 0xf1, 0xa4, 0xf2,
  0xac, 0xf6, 0x88, 0xfc, 0x08, 0x00, 0xa0, 0xff, 0xe0, 0xfd, 0x90, 0xfd,
  0x68, 0x00, 0xfc, 0x05, 0x80, 0x0b, 0x80, 0x0d, 0x4c, 0x0c, 0x2c, 0x09,
  0xcc, 0x04, 0xb8, 0xff, 0x00, 0xfb, 0xdc, 0xf8, 0x7c, 0xf9, 0xe0, 0xfc,
  0xa0, 0x00, 0x68, 0x02, 0xa8, 0x01, 0xf0, 0xfd, 0x94, 0xf9, 0x88, 0xf7,
  0xbc, 0xf9, 0x1c, 0xff, 0x38, 0x05, 0x88, 0x0b, 0xf8, 0x10, 0x1c, 0x13,
  0xc8, 0x10, 0x74, 0x0b, 0x34, 0x05, 0x30, 0x00, 0x60, 0xfe, 0x00, 0xff,
  0xcc, 0xff, 0xa4, 0xff, 0xec, 0xfe, 0x6c, 0xfe, 0xa8, 0xfe, 0x14, 0x00,
  0x64, 0x02, 0xd4, 0x04, 0x18, 0x07, 0xa4, 0x08, 0x58, 0x08, 0xf4, 0x05,
  0x38, 0x02, 0xbc, 0xfe, 0xac, 0xfc, 0x04, 0xfc, 0xc0, 0xfc, 0x40, 0xfd,
  0x98, 0xfc, 0x84, 0xfa, 0x20, 0xf7, 0xfc, 0xf3, 0x9c, 0xf1, 0x3c, 0xf0,
  0xe4, 0xef, 0x28, 0xf0, 0x00, 0xf1, 0xb8, 0xf1, 0x54, 0xf2, 0x68, 0xf2,
  0x28, 0xf2, 0x40, 0xf3, 0x70, 0xf4, 0xe0, 0xf8, 0x0c, 0xfe, 0x48, 0xfe,
  0xb4, 0x04, 0xb4, 0x14, 0xf8, 0x1e, 0xfc, 0x1c, 0x9c, 0x16, 0x38, 0x0e,
  0x34, 0x04, 0x88, 0x00, 0x2c, 0x01, 0x80, 0xfe, 0x54, 0xfc, 0xdc, 0xff,
  0x30, 0x03, 0xe0, 0x00, 0xf8, 0xfc, 0x28, 0xfa, 0x0c, 0xfa, 0xd0, 0xfd,
  0x14, 0x04, 0x88, 0x0a, 0xec, 0x0c, 0xe4, 0x0b, 0x0c, 0x0a, 0x64, 0x06,
  0x78, 0x01, 0xb4, 0xfd, 0x68, 0xfd, 0x08, 0xff, 0x08, 0x01, 0xc4, 0x02,
  0xb0, 0x00, 0x34, 0xfb, 0xd8, 0xf6, 0x78, 0xf6, 0x78, 0xf9, 0x3c, 0xfe,
  0xb0, 0x04, 0xe4, 0x0a, 0x00, 0x0f, 0x44, 0x10, 0xc0, 0x0d, 0x88, 0x08,
  0x44, 0x03, 0xe0, 0x00, 0x38, 0x01, 0x08, 0x02, 0x3c, 0x02, 0x58, 0x01,
  0x00, 0x00, 0x40, 0xff, 0x6c, 0xff, 0x38, 0x00, 0x40, 0x01, 0x00, 0x03,
  0xf8, 0x04, 0x08, 0x06, 0x60, 0x05, 0x08, 0x03, 0x64, 0x00, 0x34, 0xfe,
  0x78, 0xfd, 0x94, 0xfd, 0x54, 0xfd, 0xa0, 0xfc, 0xa0, 0xfa, 0xf0, 0xf7,
  0xf8, 0xf4, 0x28, 0xf2, 0x34, 0xf0, 0xd4, 0xee, 0x5c, 0xee, 0x84, 0xee,
  0xc0, 0xee, 0x10, 0xef, 0x34, 0xef, 0x78, 0xef, 0x44, 0xf0, 0xf4, 0xf1,
  0x00, 0xf5, 0x7c, 0xf8, 0x28, 0xfb, 0x64, 0x00, 0xe4, 0x0c, 0xdc, 0x1a,
  0x48, 0x20, 0x58, 0x1d, 0xb8, 0x16, 0xc4, 0x0f, 0xcc, 0x0b, 0xa8, 0x0b,
  0xb8, 0x0a, 0x14, 0x07, 0x88, 0x05, 0xe4, 0x05, 0x0c, 0x04, 0x80, 0xff,
  0xe4, 0xfa, 0xbc, 0xf8, 0x8c, 0xfb, 0x54, 0x03, 0xf8, 0x08, 0xf8, 0x08,
  0xac, 0x06, 0x3c, 0x04, 0x68, 0x02, 0xcc, 0x00, 0x5c, 0xff, 0x68, 0xfe,
  0xb8, 0xfe, 0xc0, 0x00, 0xc8, 0x00, 0xa4, 0xfc, 0x2c, 0xf9, 0x2c, 0xf8,
  0xcc, 0xf6, 0x94, 0xf7, 0x8c, 0xfc, 0xac, 0x01, 0x2c, 0x05, 0x10, 0x08,
  0x68, 0x08, 0x94, 0x04, 0x3c, 0x01, 0x08, 0x01, 0xc4, 0x00, 0x04, 0x01,
  0x60, 0x02, 0x20, 0x03, 0xfc, 0x02, 0x3c, 0x03, 0x8c, 0x03, 0x48, 0x02,
  0x5c, 0x01, 0xf0, 0x01, 0xa0, 0x02, 0x08, 0x03, 0xe4, 0x02, 0xd4, 0x01,
  0x0c, 0x00, 0x9c, 0xfe, 0xd0, 0xfd, 0xa0, 0xfc, 0x70, 0xfb, 0x30, 0xfa,
  0x98, 0xf8, 0xcc, 0xf6, 0xcc, 0xf4, 0xb8, 0xf2, 0x6c, 0xf0, 0xb4, 0xee,
  0x8c, 0xed, 0xe8, 0xec, 0x00, 0xed, 0x50, 0xed, 0xdc, 0xed, 0xcc, 0xee,
  0x04, 0xf0, 0xe0, 0xf1, 0x6c, 0xf4, 0x28, 0xf7, 0x50, 0xfb, 0x70, 0x04,
  0x1c, 0x11, 0xf8, 0x18, 0x4c, 0x19, 0xdc, 0x15, 0xfc, 0x10, 0x80, 0x0d,
  0x18, 0x0d, 0x00, 0x0d, 0xa0, 0x0a, 0x3c, 0x08, 0x1c, 0x08, 0xd0, 0x06,
  0xe0, 0x02, 0xcc, 0xfe, 0x10, 0xfc, 0x44, 0xfd, 0xfc, 0x01, 0x28, 0x06,
  0xfc, 0x06, 0x0c, 0x04, 0x6c, 0x02, 0x94, 0x04, 0x34, 0x06, 0x28, 0x05,
  0x24, 0x03, 0x0c, 0x02, 0xac, 0x01, 0x20, 0x01, 0xa4, 0xff, 0x3c, 0xfc,
  0x98, 0xf8, 0xa4, 0xf7, 0x70, 0xf9, 0x48, 0xfc, 0xf8, 0xfe, 0x10, 0x01,
  0x6c, 0x02, 0xec, 0x02, 0x60, 0x02, 0x38, 0x01, 0x1c, 0x00, 0xec, 0xff,
  0x14, 0x01, 0x64, 0x02, 0x18, 0x03, 0x24, 0x03, 0x1c, 0x03, 0x6c, 0x03,
  0x64, 0x03, 0x1c, 0x03, 0x9c, 0x02, 0x10, 0x02, 0x24, 0x02, 0x04, 0x02,
  0x64, 0x01, 0x10, 0x00, 0x84, 0xfe, 0xa8, 0xfd, 0xc8, 0xfc, 0xc8, 0xfb,
  0x30, 0xfa, 0x14, 0xf8, 0x50, 0xf6, 0xc4, 0xf4, 0x48, 0xf3, 0x88, 0xf1,
  0x90, 0xef, 0x34, 0xee, 0xac, 0xed, 0x98, 0xed, 0xfc, 0xed, 0x38, 0xee,
  0xc0, 0xee, 0x14, 0xf1, 0x48, 0xf2, 0x10, 0xf1, 0x20, 0xf2, 0x10, 0xf8,
  0x28, 0x02, 0x80, 0x0c, 0xe4, 0x11, 0xa4, 0x11, 0x0c, 0x0f, 0x14, 0x0d,
  0x2c, 0x0d, 0x78, 0x0f, 0xc0, 0x11, 0xc4, 0x11, 0x84, 0x10, 0xd0, 0x0e,
  0x80, 0x0a, 0x08, 0x04, 0xfc, 0xff, 0x7c, 0xfe, 0xb0, 0xfd, 0x40, 0xff,
  0xa8, 0x01, 0x6c, 0x01, 0x10, 0x00, 0xd0, 0xff, 0xbc, 0xff, 0x34, 0xff,
  0x04, 0x00, 0x20, 0x02, 0xf0, 0x02, 0xc4, 0x03, 0x10, 0x06, 0x78, 0x06,
  0x30, 0x04, 0x3c, 0x02, 0x1c, 0x01, 0x84, 0xff, 0x9c, 0xfe, 0xd8, 0xfe,
  0x7c, 0xfe, 0x4c, 0xfd, 0x34, 0xfc, 0xf8, 0xfb, 0x5c, 0xfc, 0x28, 0xfd,
  0xb4, 0xfe, 0x30, 0x00, 0x28, 0x01, 0x68, 0x01, 0x18, 0x01, 0xa0, 0x00,
  0x0c, 0x00, 0xcc, 0xff, 0xcc, 0xff, 0x40, 0x00, 0x54, 0x01, 0x20, 0x02,
  0x80, 0x02, 0x6c, 0x02, 0xb0, 0x01, 0x18, 0x01, 0x04, 0x01, 0x8c, 0x00,
  0xe4, 0xff, 0x1c, 0x00, 0x44, 0x00, 0xa0, 0xff, 0xb8, 0xfe, 0xb8, 0xfd,
  0xa0, 0xfc, 0x88, 0xfb, 0x94, 0xfa, 0xc8, 0xf9, 0xcc, 0xf8, 0xf8, 0xf6,
  0x54, 0xf3, 0x78, 0xef, 0xa4, 0xee, 0x00, 0xf0, 0x04, 0xf1, 0x10, 0xf2,
  0xf4, 0xf2, 0x08, 0xf3, 0x60, 0xf4, 0x10, 0xf6, 0x14, 0xf6, 0x78, 0xf6,
  0x2c, 0xf8, 0x2c, 0xfa, 0xbc, 0xfc, 0xd8, 0xff, 0xbc, 0x01, 0x3c, 0x02,
  0x6c, 0x03, 0xd0, 0x04, 0x94, 0x05, 0x58, 0x06, 0x28, 0x07, 0x58, 0x08,
  0x40, 0x0a, 0x20, 0x0c, 0x64, 0x0c, 0x44, 0x0b, 0x6c, 0x0a, 0xc0, 0x09,
  0xb0, 0x09, 0x88, 0x0a, 0x44, 0x0a, 0xe0, 0x08, 0xf8, 0x07, 0x14, 0x07,
  0x6c, 0x05, 0x60, 0x03, 0x80, 0x01, 0x14, 0x00, 0x48, 0xff, 0xe8, 0xfe,
  0x68, 0xfe, 0xd4, 0xfd, 0x20, 0xfe, 0x0c, 0xff, 0x74, 0xff, 0xa4, 0xff,
  0x98, 0xff, 0x68, 0xff, 0xcc, 0xff, 0x84, 0x00, 0xd0, 0x00, 0xc8, 0x00,
  0xf8, 0x00, 0xb8, 0x01, 0xcc, 0x02, 0x70, 0x03, 0x98, 0x03, 0x94, 0x03,
  0xa4, 0x03, 0xcc, 0x03, 0xb8, 0x03, 0x34, 0x03, 0x84, 0x02, 0x34, 0x02,
  0xd8, 0x01, 0x54, 0x01, 0x94, 0x00, 0x6c, 0xff, 0x1c, 0xfe, 0xe4, 0xfc,
  0xd4, 0xfb, 0x5c, 0xfa, 0xa8, 0xf7, 0xcc, 0xf3, 0x04, 0xf1, 0x20, 0xf0,
  0x98, 0xef, 0x2c, 0xef, 0xe0, 0xee, 0x60, 0xee, 0xbc, 0xee, 0x08, 0xf0,
  0x90, 0xf0, 0xa4, 0xf0, 0xf8, 0xf1, 0x38, 0xf4, 0xbc, 0xf6, 0xf0, 0xf9,
  0xa8, 0xfc, 0x8c, 0xfe, 0x38, 0x01, 0xf4, 0x03, 0x1c, 0x06, 0xe4, 0x07,
  0x38, 0x09, 0x38, 0x0b, 0xa0, 0x0d, 0xdc, 0x0f, 0x48, 0x11, 0x4c, 0x11,
  0x40, 0x11, 0xd0, 0x11, 0x44, 0x12, 0x18, 0x12, 0x84, 0x11, 0xbc, 0x10,
  0x9c, 0x0f, 0x20, 0x0f, 0x78, 0x0f, 0x90, 0x0e, 0x1c, 0x0c, 0x10, 0x0a,
  0x98, 0x08, 0xe0, 0x06, 0x70, 0x05, 0x54, 0x04, 0x90, 0x02, 0x2c, 0x01,
  0x18, 0x01, 0x74, 0x00, 0xdc, 0xfe, 0xc0, 0xfd, 0x00, 0xfd, 0x70, 0xfc,
  0x78, 0xfc, 0x50, 0xfc, 0xb0, 0xfb, 0x68, 0xfb, 0x18, 0xfc, 0x34, 0xfd,
  0x90, 0xfd, 0xb0, 0xfd, 0x18, 0xfe, 0x74, 0xfe, 0x24, 0xff, 0xec, 0xff,
  0x00, 0x00, 0xa0, 0xff, 0xe0, 0xff, 0x88, 0x00, 0x94, 0x00, 0x3c, 0x00,
  0x7c, 0xff, 0xa8, 0xfe, 0x50, 0xfe, 0xac, 0xfd, 0xe8, 0xfb, 0x3c, 0xf9,
  0xcc, 0xf6, 0x3c, 0xf5, 0x44, 0xf4, 0x3c, 0xf3, 0xa4, 0xf1, 0x44, 0xf0,
  0x9c, 0xef, 0x88, 0xef, 0x48, 0xf0, 0x8c, 0xf1, 0x54, 0xf2, 0xc0, 0xf2,
  0xe0, 0xf3, 0xd8, 0xf5, 0xec, 0xf7, 0x1c, 0xfa, 0x34, 0xfc, 0xbc, 0xfd,
  0xb0, 0xff, 0xec, 0x01, 0xac, 0x03, 0x28, 0x05, 0x08, 0x07, 0x5c, 0x09,
  0x7c, 0x0b, 0x70, 0x0d, 0xa4, 0x0e, 0x28, 0x0f, 0x54, 0x10, 0x1c, 0x11,
  0xcc, 0x10, 0xb4, 0x10, 0x78, 0x10, 0xf4, 0x0f, 0x70, 0x10, 0x2c, 0x11,
  0x64, 0x10, 0xd0, 0x0e, 0xbc, 0x0d, 0x84, 0x0c, 0x18, 0x0b, 0x0c, 0x0a,
  0xa0, 0x08, 0xdc, 0x06, 0xc0, 0x05, 0x10, 0x05, 0xcc, 0x03, 0x1c, 0x02,
  0xb8, 0x00, 0x88, 0xff, 0x84, 0xfe, 0xc4, 0xfd, 0xc8, 0xfc, 0x90, 0xfb,
  0x0c, 0xfb, 0x10, 0xfb, 0x2c, 0xfb, 0x14, 0xfb, 0xc4, 0xfa, 0x04, 0xfb,
  0x20, 0xfb, 0x68, 0xfa, 0x00, 0xfa, 0xdc, 0xf9, 0xb4, 0xf9, 0x10, 0xfa,
  0x88, 0xfa, 0x40, 0xfa, 0xb4, 0xf9, 0xbc, 0xf9, 0xd8, 0xf9, 0x80, 0xf9,
  0xec, 0xf8, 0xb4, 0xf7, 0xf0, 0xf5, 0x84, 0xf4, 0x90, 0xf3, 0x80, 0xf2,
  0x48, 0xf1, 0x58, 0xf0, 0xa8, 0xef, 0x10, 0xef, 0x04, 0xef, 0xd4, 0xef,
  0xd4, 0xf0, 0xb8, 0xf1, 0xb4, 0xf2, 0xd8, 0xf3, 0x20, 0xf5, 0x10, 0xf7,
  0x68, 0xf9, 0x58, 0xfb, 0x14, 0xfd, 0xf4, 0xfe, 0xe4, 0x00, 0xd0, 0x02,
  0xe8, 0x04, 0x08, 0x07, 0x38, 0x09, 0x70, 0x0b, 0x6c, 0x0d, 0x08, 0x0f,
  0x2c, 0x10, 0x2c, 0x11, 0x14, 0x12, 0x1c, 0x12, 0xdc, 0x11, 0xe8, 0x11,
  0xb4, 0x10, 0x7c, 0x0f, 0xc0, 0x0f, 0x88, 0x0f, 0x74, 0x0e, 0x60, 0x0d,
  0xec, 0x0b, 0xfc, 0x09, 0xbc, 0x08, 0x08, 0x08, 0x90, 0x06, 0xf4, 0x04,
  0xf8, 0x03, 0xfc, 0x02, 0xc4, 0x01, 0xbc, 0x00, 0x98, 0xff, 0x3c, 0xfe,
  0x68, 0xfd, 0xf4, 0xfc, 0x40, 0xfc, 0x78, 0xfb, 0x20, 0xfb, 0x1c, 0xfb,
  0x44, 0xfb, 0x8c, 0xfb, 0xa8, 0xfb, 0x78, 0xfb, 0x08, 0xfb, 0x8c, 0xfa,
  0x4c, 0xfa, 0x20, 0xfa, 0x14, 0xfa, 0x20, 0xfa, 0x28, 0xfa, 0x04, 0xfa,
  0xe0, 0xf9, 0xd0, 0xf9, 0x80, 0xf9, 0x18, 0xf9, 0x60, 0xf8, 0x34, 0xf7,
  0xc0, 0xf5, 0x58, 0xf4, 0x3c, 0xf3, 0x34, 0xf2, 0x64, 0xf1, 0x7c, 0xf0,
  0xbc, 0xef, 0x60, 0xef, 0x3c, 0xef, 0xb0, 0xf0, 0xe4, 0xf2, 0xf0, 0xf3,
  0xd0, 0xf4, 0x24, 0xf6, 0xb8, 0xf7, 0xe8, 0xf9, 0x8c, 0xfc, 0x80, 0xfe,
  0xbc, 0xff, 0x94, 0x01, 0xe8, 0x03, 0xe8, 0x05, 0xd0, 0x07, 0xd4, 0x09,
  0xc8, 0x0b, 0xd8, 0x0d, 0xf8, 0x0f, 0x58, 0x11, 0x00, 0x12, 0xa4, 0x12,
  0x5c, 0x13, 0xa0, 0x13, 0x28, 0x13, 0xa8, 0x12, 0x08, 0x12, 0x9c, 0x11,
  0x68, 0x11, 0x3c, 0x10, 0x8c, 0x0e, 0xd4, 0x0c, 0x70, 0x0b, 0xa8, 0x0a,
  0x70, 0x09, 0xf0, 0x07, 0x64, 0x06, 0xe4, 0x04, 0x04, 0x04, 0xfc, 0x02,
  0x7c, 0x01, 0x28, 0x00, 0xf8, 0xfe, 0x30, 0xfe, 0xb8, 0xfd, 0xe4, 0xfc,
  0x28, 0xfc, 0xb4, 0xfb, 0x8c, 0xfb, 0xd4, 0xfb, 0xc4, 0xfb, 0x38, 0xfb,
  0x94, 0xfa, 0x20, 0xfa, 0x00, 0xfa, 0xfc, 0xf9, 0xc4, 0xf9, 0x6c, 0xf9,
  0x40, 0xf9, 0x40, 0xf9, 0x28, 0xf9, 0xf8, 0xf8, 0x8c, 0xf8, 0xe0, 0xf7,
  0x54, 0xf7, 0x7c, 0xf6, 0x50, 0xf5, 0x20, 0xf4, 0xf0, 0xf2, 0x08, 0xf2,
  0x58, 0xf1, 0xb0, 0xf0, 0xd4, 0xef, 0x5c, 0xef, 0xc8, 0xef, 0x00, 0xf1,
  0xcc, 0xf2, 0xe4, 0xf3, 0x94, 0xf4, 0x28, 0xf6, 0x08, 0xf8, 0x2c, 0xfa,
  0x9c, 0xfc, 0x34, 0xfe, 0xa8, 0xff, 0xd0, 0x01, 0xf4, 0x03, 0xd4, 0x05,
  0x8c, 0x07, 0x60, 0x09, 0x28, 0x0b, 0xac, 0x0d, 0x9c, 0x10, 0x70, 0x12,
  0x4c, 0x13, 0x74, 0x13, 0x3c, 0x13, 0x34, 0x13, 0x30, 0x13, 0x20, 0x13,
  0x78, 0x12, 0x80, 0x11, 0xc8, 0x10, 0xd0, 0x0f, 0x58, 0x0e, 0xe0, 0x0c,
  0x84, 0x0b, 0x18, 0x0a, 0xe8, 0x08, 0xbc, 0x07, 0x34, 0x06, 0xb4, 0x04,
  0x94, 0x03, 0x88, 0x02, 0x68, 0x01, 0x64, 0x00, 0x3c, 0xff, 0x24, 0xfe,
  0x88, 0xfd, 0xf4, 0xfc, 0x64, 0xfc, 0xe8, 0xfb, 0x90, 0xfb, 0x84, 0xfb,
  0x94, 0xfb, 0x90, 0xfb, 0x48, 0xfb, 0xf8, 0xfa, 0xb8, 0xfa, 0x98, 0xfa,
  0xa8, 0xfa, 0x68, 0xfa, 0x48, 0xfa, 0x60, 0xfa, 0x00, 0xfa, 0xf4, 0xf9,
  0xd8, 0xf9, 0x50, 0xf9, 0xfc, 0xf8, 0x6c, 0xf8, 0x78, 0xf7, 0x78, 0xf6,
  0x84, 0xf5, 0x88, 0xf4, 0x98, 0xf3, 0xe4, 0xf2, 0xa4, 0xf1, 0xe4, 0xef,
  0xc8, 0xee, 0xbc, 0xee, 0xe4, 0xef, 0xa0, 0xf1, 0xc0, 0xf2, 0x2c, 0xf3,
  0xf0, 0xf3, 0xe4, 0xf5, 0x64, 0xf8, 0x94, 0xfa, 0x8c, 0xfc, 0x20, 0xfe,
  0xc0, 0xff, 0x38, 0x02, 0x80, 0x04, 0x08, 0x06, 0xc0, 0x07, 0xa4, 0x09,
  0x44, 0x0c, 0x04, 0x0f, 0xb8, 0x10, 0xb0, 0x11, 0xd0, 0x11, 0x08, 0x12,
  0xac, 0x12, 0xa8, 0x12, 0x4c, 0x12, 0xcc, 0x11, 0x04, 0x11, 0x44, 0x10,
  0x48, 0x0f, 0xc8, 0x0d, 0x1c, 0x0c, 0xb0, 0x0a, 0x64, 0x09, 0x10, 0x08,
  0x94, 0x06, 0xfc, 0x04, 0x74, 0x03, 0x3c, 0x02, 0x40, 0x01, 0x14, 0x00,
  0xd8, 0xfe, 0xd8, 0xfd, 0x14, 0xfd, 0x8c, 0xfc, 0x24, 0xfc, 0xc4, 0xfb,
  0x68, 0xfb, 0x58, 0xfb, 0x84, 0xfb, 0x8c, 0xfb, 0x6c, 0xfb, 0x24, 0xfb,
  0xf8, 0xfa, 0xf4, 0xfa, 0x0c, 0xfb, 0x18, 0xfb, 0xe4, 0xfa, 0xc4, 0xfa,
  0xac, 0xfa, 0x94, 0xfa, 0x68, 0xfa, 0xfc, 0xf9, 0x68, 0xf9, 0xac, 0xf8,
  0xdc, 0xf7, 0xec, 0xf6, 0xd4, 0xf5, 0xbc, 0xf4, 0xbc, 0xf3, 0xac, 0xf2,
  0x24, 0xf1, 0x8c, 0xef, 0x8c, 0xee, 0x8c, 0xee, 0xa4, 0xef, 0xf4, 0xf0,
  0xb8, 0xf1, 0x60, 0xf2, 0x8c, 0xf3, 0x70, 0xf5, 0xc8, 0xf7, 0x10, 0xfa,
  0x00, 0xfc, 0xcc, 0xfd, 0xec, 0xff, 0x40, 0x02, 0x64, 0x04, 0x58, 0x06,
  0x44, 0x08, 0x80, 0x0a, 0x1c, 0x0d, 0x90, 0x0f, 0x44, 0x11, 0x28, 0x12,
  0x9c, 0x12, 0x1c, 0x13, 0x68, 0x13, 0xa8, 0x13, 0x84, 0x13, 0x50, 0x12,
  0x38, 0x11, 0x50, 0x10, 0x20, 0x0f, 0x98, 0x0d, 0xc4, 0x0b, 0x84, 0x0a,
  0x78, 0x09, 0x30, 0x08, 0x00, 0x07, 0x7c, 0x05, 0xf8, 0x03, 0x0c, 0x03,
  0x54, 0x02, 0x6c, 0x01, 0x50, 0x00, 0x54, 0xff, 0xa0, 0xfe, 0x2c, 0xfe,
  0xdc, 0xfd, 0x78, 0xfd, 0x04, 0xfd, 0xe0, 0xfc, 0x00, 0xfd, 0x08, 0xfd,
  0xe0, 0xfc, 0x8c, 0xfc, 0x3c, 0xfc, 0x1c, 0xfc, 0x24, 0xfc, 0x0c, 0xfc,
  0xc0, 0xfb, 0x74, 0xfb, 0x48, 0xfb, 0x1c, 0xfb, 0xd8, 0xfa, 0x64, 0xfa,
  0xb0, 0xf9, 0xf4, 0xf8, 0x28, 0xf8, 0x2c, 0xf7, 0x10, 0xf6, 0xdc, 0xf4,
  0xc4, 0xf3, 0xa4, 0xf2, 0x48, 0xf1, 0xcc, 0xef, 0x88, 0xee, 0x28, 0xee,
  0xbc, 0xee, 0xcc, 0xef, 0xc0, 0xf0, 0x78, 0xf1, 0x7c, 0xf2, 0x18, 0xf4,
  0x40, 0xf6, 0x7c, 0xf8, 0x9c, 0xfa, 0x78, 0xfc, 0x90, 0xfe, 0xe0, 0x00,
  0xf4, 0x02, 0x64, 0x05, 0x1c, 0x07, 0x70, 0x08, 0x60, 0x0b, 0x58, 0x0e,
  0x28, 0x10, 0x74, 0x11, 0x28, 0x12, 0x68, 0x12, 0xdc, 0x12, 0xa8, 0x13,
  0xa4, 0x13, 0x74, 0x12, 0x64, 0x11, 0x7c, 0x10, 0x40, 0x0f, 0xe4, 0x0d,
  0x58, 0x0c, 0xac, 0x0a, 0x7c, 0x09, 0xb4, 0x08, 0x8c, 0x07, 0x08, 0x06,
  0xac, 0x04, 0xa4, 0x03, 0xe4, 0x02, 0x40, 0x02, 0x68, 0x01, 0x3c, 0x00,
  0x68, 0xff, 0x18, 0xff, 0xb4, 0xfe, 0xf0, 0xfd, 0x1c, 0xfd, 0xa8, 0xfc,
  0x8c, 0xfc, 0x80, 0xfc, 0x40, 0xfc, 0xac, 0xfb, 0xf8, 0xfa, 0xb4, 0xfa,
  0xd0, 0xfa, 0x9c, 0xfa, 0x38, 0xfa, 0xdc, 0xf9, 0x8c, 0xf9, 0x7c, 0xf9,
  0x6c, 0xf9, 0x0c, 0xf9, 0x68, 0xf8, 0xd8, 0xf7, 0x6c, 0xf7, 0xcc, 0xf6,
  0xf0, 0xf5, 0xf0, 0xf4, 0xf0, 0xf3, 0x18, 0xf3, 0x20, 0xf2, 0xf0, 0xf0,
  0xcc, 0xef, 0x14, 0xef, 0x1c, 0xef, 0xd0, 0xef, 0x9c, 0xf0, 0x30, 0xf1,
  0x00, 0xf2, 0x44, 0xf3, 0x04, 0xf5, 0x64, 0xf7, 0xd0, 0xf9, 0xd8, 0xfb,
  0xe8, 0xfd, 0x34, 0x00, 0xa4, 0x02, 0x18, 0x05, 0x50, 0x07, 0x30, 0x09,
  0x5c, 0x0b, 0x0c, 0x0e, 0x84, 0x10, 0x2c, 0x12, 0x3c, 0x13, 0xe4, 0x13,
  0x74, 0x14, 0x28, 0x15, 0x8c, 0x15, 0x2c, 0x15, 0x24, 0x14, 0x1c, 0x13,
  0x38, 0x12, 0xf4, 0x10, 0x5c, 0x0f, 0xd4, 0x0d, 0x4c, 0x0c, 0xe8, 0x0a,
  0xd4, 0x09, 0x68, 0x08, 0xc0, 0x06, 0x68, 0x05, 0x40, 0x04, 0x50, 0x03,
  0x74, 0x02, 0x54, 0x01, 0x40, 0x00, 0x7c, 0xff, 0xd4, 0xfe, 0x14, 0xfe,
  0x50, 0xfd, 0xd0, 0xfc, 0x78, 0xfc, 0x2c, 0xfc, 0xec, 0xfb, 0x60, 0xfb,
  0xbc, 0xfa, 0x64, 0xfa, 0x50, 0xfa, 0x20, 0xfa, 0xb8, 0xf9, 0x60, 0xf9,
  0x28, 0xf9, 0xd4, 0xf8, 0xb8, 0xf8, 0x90, 0xf8, 0xf8, 0xf7, 0x9c, 0xf7,
  0x4c, 0xf7, 0xb4, 0xf6, 0x2c, 0xf6, 0x80, 0xf5, 0xc0, 0xf4, 0x08, 0xf4,
  0x5c, 0xf3, 0x90, 0xf2, 0x98, 0xf1, 0x08, 0xf1, 0xcc, 0xf0, 0x14, 0xf1,
  0xf0, 0xf1, 0x80, 0xf2, 0xd0, 0xf2, 0x7c, 0xf3, 0xe4, 0xf4, 0xcc, 0xf6,
  0xd0, 0xf8, 0xd0, 0xfa, 0x78, 0xfc, 0x30, 0xfe, 0x88, 0x00, 0xec, 0x02,
  0xe0, 0x04, 0xc0, 0x06, 0xb0, 0x08, 0xcc, 0x0a, 0x24, 0x0d, 0x10, 0x0f,
  0x3c, 0x10, 0xfc, 0x10, 0xc4, 0x11, 0xbc, 0x12, 0x2c, 0x13, 0x20, 0x13,
  0xd0, 0x12, 0xfc, 0x11, 0x3c, 0x11, 0x84, 0x10, 0x58, 0x0f, 0xf0, 0x0d,
  0x84, 0x0c, 0x50, 0x0b, 0x44, 0x0a, 0xf0, 0x08, 0x88, 0x07, 0x30, 0x06,
  0xec, 0x04, 0x00, 0x04, 0x20, 0x03, 0x0c, 0x02, 0x08, 0x01, 0x2c, 0x00,
  0x70, 0xff, 0xb4, 0xfe, 0xf8, 0xfd, 0x48, 0xfd, 0xb4, 0xfc, 0x60, 0xfc,
  0x00, 0xfc, 0x84, 0xfb, 0x00, 0xfb, 0x70, 0xfa, 0x14, 0xfa, 0xd8, 0xf9,
  0x98, 0xf9, 0x50, 0xf9, 0xdc, 0xf8, 0xa0, 0xf8, 0x84, 0xf8, 0x48, 0xf8,
  0x0c, 0xf8, 0xb8, 0xf7, 0x68, 0xf7, 0x18, 0xf7, 0xac, 0xf6, 0x40, 0xf6,
  0xb4, 0xf5, 0x0c, 0xf5, 0x84, 0xf4, 0xec, 0xf3, 0x38, 0xf3, 0x8c, 0xf2,
  0x00, 0xf2, 0xd8, 0xf1, 0x2c, 0xf2, 0xc0, 0xf2, 0x30, 0xf3, 0x90, 0xf3,
  0x50, 0xf4, 0x80, 0xf5, 0x1c, 0xf7, 0xec, 0xf8, 0x9c, 0xfa, 0x3c, 0xfc,
  0x0c, 0xfe, 0x10, 0x00, 0x28, 0x02, 0x18, 0x04, 0xf8, 0x05, 0xd4, 0x07,
  0xd8, 0x09, 0xf4, 0x0b, 0xb8, 0x0d, 0xf8, 0x0e, 0xec, 0x0f, 0xd0, 0x10,
  0xa0, 0x11, 0x20, 0x12, 0x4c, 0x12, 0x04, 0x12, 0x7c, 0x11, 0xec, 0x10,
  0x24, 0x10, 0x20, 0x0f, 0xf8, 0x0d, 0xb8, 0x0c, 0x94, 0x0b, 0x6c, 0x0a,
  0x34, 0x09, 0xf0, 0x07, 0x98, 0x06, 0x78, 0x05, 0x78, 0x04, 0x84, 0x03,
  0x88, 0x02, 0x54, 0x01, 0x38, 0x00, 0x50, 0xff, 0x94, 0xfe, 0xc8, 0xfd,
  0xf8, 0xfc, 0x70, 0xfc, 0x08, 0xfc, 0xac, 0xfb, 0x48, 0xfb, 0xc4, 0xfa,
  0x48, 0xfa, 0x0c, 0xfa, 0xfc, 0xf9, 0xdc, 0xf9, 0x98, 0xf9, 0x50, 0xf9,
  0x28, 0xf9, 0x14, 0xf9, 0x04, 0xf9, 0xe0, 0xf8, 0x98, 0xf8, 0x58, 0xf8,
  0x28, 0xf8, 0xe4, 0xf7, 0x80, 0xf7, 0xf4, 0xf6, 0x58, 0xf6, 0xd4, 0xf5,
  0x44, 0xf5, 0xa4, 0xf4, 0xe0, 0xf3, 0x10, 0xf3, 0x90, 0xf2, 0x48, 0xf2,
  0x70, 0xf2, 0xe8, 0xf2, 0x00, 0xf3, 0x20, 0xf3, 0xc0, 0xf3, 0xc0, 0xf4,
  0x20, 0xf6, 0xac, 0xf7, 0x30, 0xf9, 0xa8, 0xfa, 0x4c, 0xfc, 0x54, 0xfe,
  0x4c, 0x00, 0x28, 0x02, 0x10, 0x04, 0x04, 0x06, 0x18, 0x08, 0x38, 0x0a,
  0x1c, 0x0c, 0x90, 0x0d, 0xc4, 0x0e, 0xec, 0x0f, 0xec, 0x10, 0xa0, 0x11,
  0x08, 0x12, 0x0c, 0x12, 0xcc, 0x11, 0x70, 0x11, 0xe4, 0x10, 0x10, 0x10,
  0x08, 0x0f, 0xfc, 0x0d, 0xec, 0x0c, 0xd8, 0x0b, 0xb8, 0x0a, 0x78, 0x09,
  0x38, 0x08, 0x10, 0x07, 0x0c, 0x06, 0x0c, 0x05, 0xf0, 0x03, 0xb8, 0x02,
  0x84, 0x01, 0x80, 0x00, 0x98, 0xff, 0xac, 0xfe, 0xcc, 0xfd, 0x1c, 0xfd,
  0xa4, 0xfc, 0x30, 0xfc, 0xb8, 0xfb, 0x40, 0xfb, 0xa4, 0xfa, 0x80, 0xfa,
  0xbc, 0xfa, 0xb0, 0xfa, 0x8c, 0xfa, 0x54, 0xfa, 0x44, 0xfa, 0x54, 0xfa,
  0x80, 0xfa, 0x9c, 0xfa, 0x40, 0xfa, 0x3c, 0xfa, 0xdc, 0xf9, 0xb0, 0xf8,
  0x58, 0xf8, 0x44, 0xf8, 0xd4, 0xf7, 0x78, 0xf7, 0xf4, 0xf6, 0x2c, 0xf6,
  0x90, 0xf5, 0x6c, 0xf5, 0x3c, 0xf5, 0xd8, 0xf4, 0xc8, 0xf4, 0x1c, 0xf5,
  0xb4, 0xf5, 0x70, 0xf6, 0xf0, 0xf6, 0x2c, 0xf7, 0xdc, 0xf7, 0x34, 0xf9,
  0xa4, 0xfa, 0x00, 0xfc, 0x20, 0xfd, 0x28, 0xfe, 0x6c, 0xff, 0xf0, 0x00,
  0x68, 0x02, 0x94, 0x03, 0xb8, 0x04, 0x0c, 0x06, 0x78, 0x07, 0xc4, 0x08,
  0xc0, 0x09, 0x54, 0x0a, 0xd4, 0x0a, 0x60, 0x0b, 0xd4, 0x0b, 0x04, 0x0c,
  0xd0, 0x0b, 0x88, 0x0b, 0x14, 0x0b, 0xa8, 0x0a, 0x28, 0x0a, 0x0c, 0x09,
  0xc4, 0x08, 0xfc, 0x08, 0x44, 0x08, 0x64, 0x07, 0x90, 0x06, 0xa8, 0x05,
  0x28, 0x05, 0xf4, 0x04, 0x68, 0x04, 0x5c, 0x03, 0x74, 0x02, 0xcc, 0x01,
  0x0c, 0x01, 0x4c, 0x00, 0x94, 0xff, 0xc4, 0xfe, 0x38, 0xfe, 0x18, 0xfe,
  0xd4, 0xfd, 0x4c, 0xfd, 0xc0, 0xfc, 0x6c, 0xfc, 0x44, 0xfc, 0x74, 0xfc,
  0xb8, 0xfc, 0x98, 0xfc, 0x64, 0xfc, 0x7c, 0xfc, 0xac, 0xfc, 0xcc, 0xfc,
  0x00, 0xfd, 0xf4, 0xfc, 0x00, 0xfd, 0x3c, 0xfd, 0x98, 0xfc, 0xd4, 0xfb,
  0xa8, 0xfb, 0x0c, 0xfb, 0x60, 0xfa, 0x60, 0xfa, 0xfc, 0xf9, 0x20, 0xf9,
  0xa4, 0xf8, 0x3c, 0xf8, 0xac, 0xf7, 0x6c, 0xf7, 0x5c, 0xf7, 0x28, 0xf7,
  0x1c, 0xf7, 0x6c, 0xf7, 0xdc, 0xf7, 0x64, 0xf8, 0xfc, 0xf8, 0x74, 0xf9,
  0x08, 0xfa, 0x18, 0xfb, 0x3c, 0xfc, 0x64, 0xfd, 0x7c, 0xfe, 0x58, 0xff,
  0x8c, 0x00, 0x80, 0x01, 0x94, 0x02, 0x9c, 0x04, 0xfc, 0x05, 0x9c, 0x06,
  0xa8, 0x07, 0xac, 0x08, 0x78, 0x09, 0x70, 0x0a, 0x18, 0x0b, 0x14, 0x0b,
  0x1c, 0x0b, 0x54, 0x0b, 0x3c, 0x0b, 0xbc, 0x0a, 0x38, 0x0a, 0x74, 0x09,
  0x8c, 0x08, 0xa8, 0x08, 0xc4, 0x08, 0x0c, 0x08, 0x58, 0x07, 0x60, 0x06,
  0x74, 0x05, 0x20, 0x05, 0xd0, 0x04, 0x1c, 0x04, 0x4c, 0x03, 0x9c, 0x02,
  0xe8, 0x01, 0x24, 0x01, 0x48, 0x00, 0x70, 0xff, 0xcc, 0xfe, 0x74, 0xfe,
  0x24, 0xfe, 0xa4, 0xfd, 0x28, 0xfd, 0xb8, 0xfc, 0x80, 0xfc, 0x70, 0xfc,
  0x54, 0xfc, 0x44, 0xfc, 0x5c, 0xfc, 0x94, 0xfc, 0xb0, 0xfc, 0xb4, 0xfc,
  0xc8, 0xfc, 0xec, 0xfc, 0x3c, 0xfd, 0xa0, 0xfd, 0xb4, 0xfd, 0xc8, 0xfd,
  0x70, 0xfd, 0xd4, 0xfc, 0xc0, 0xfc, 0xe0, 0xfc, 0x98, 0xfc, 0xd4, 0xfb,
  0x58, 0xfb, 0x0c, 0xfb, 0xa0, 0xfa, 0x60, 0xfa, 0xf8, 0xf9, 0x3c, 0xf9,
  0x04, 0xf9, 0x10, 0xf9, 0xd0, 0xf8, 0xc0, 0xf8, 0xa4, 0xf8, 0x00, 0xf9,
  0xc0, 0xf9, 0x3c, 0xfa, 0x98, 0xfa, 0xd4, 0xfa, 0x70, 0xfb, 0xa4, 0xfc,
  0xc4, 0xfd, 0xb4, 0xfe, 0x74, 0xff, 0x18, 0x00, 0x2c, 0x01, 0x6c, 0x02,
  0xe8, 0x03, 0x6c, 0x05, 0xfc, 0x05, 0xdc, 0x06, 0xf0, 0x07, 0xb4, 0x08,
  0x8c, 0x09, 0xf4, 0x09, 0x38, 0x0a, 0x44, 0x0a, 0x74, 0x0a, 0x4c, 0x0a,
  0xb4, 0x09, 0x34, 0x09, 0x80, 0x08, 0x20, 0x08, 0xf4, 0x07, 0xe4, 0x07,
  0x74, 0x07, 0xb4, 0x06, 0xd0, 0x05, 0x3c, 0x05, 0x80, 0x04, 0x50, 0x04,
  0x18, 0x04, 0x24, 0x02, 0xa4, 0x04, 0x9c, 0x07, 0xec, 0x04, 0xd8, 0x02,
  0x74, 0x02, 0x58, 0x03, 0xec, 0x02, 0x04, 0x00, 0x60, 0xff, 0x6c, 0xff,
  0xfc, 0xfe, 0x3c, 0xff, 0x90, 0xfd, 0x6c, 0xfa, 0xb0, 0xf9, 0x5c, 0xfb,
  0x0c, 0xfc, 0xbc, 0xfa, 0x64, 0xf9, 0x80, 0xf8, 0x94, 0xf8, 0xe4, 0xf9,
  0xe8, 0xf9, 0xf0, 0xf8, 0x88, 0xf8, 0x28, 0xf9, 0x84, 0xf9, 0x78, 0xf9,
  0x28, 0xf9, 0x04, 0xf8, 0x30, 0xfa, 0xd8, 0xf9, 0x28, 0xf5, 0xc4, 0xf4,
  0xf4, 0xf4, 0x5c, 0xf7, 0xc4, 0xfc, 0x88, 0xfb, 0x84, 0xf7, 0xc0, 0xf7,
  0xf8, 0xf9, 0x98, 0xfc, 0x14, 0xff, 0x40, 0xff, 0x60, 0xfe, 0x40, 0x00,
  0xcc, 0x02, 0x30, 0x03, 0xbc, 0x02, 0x6c, 0x03, 0x7c, 0x05, 0x7c, 0x08,
  0x10, 0x0a, 0x70, 0x08, 0x44, 0x07, 0x2c, 0x08, 0x60, 0x0a, 0x08, 0x0c,
  0x7c, 0x0b, 0xb0, 0x09, 0xa8, 0x08, 0x68, 0x09, 0x84, 0x09, 0x6c, 0x08,
  0xd8, 0x06, 0x9c, 0x05, 0xd8, 0x05, 0x20, 0x06, 0x54, 0x05, 0x58, 0x03,
  0x2c, 0x02, 0x3c, 0x02, 0x84, 0x02, 0x44, 0x02, 0xcc, 0x00, 0x70, 0xff,
  0xa8, 0xff, 0x3c, 0x02, 0x1c, 0x04, 0x2c, 0x02, 0x3c, 0x00, 0x54, 0x00,
  0x50, 0x01, 0x10, 0x01, 0x1c, 0xff, 0xfc, 0xfd, 0x30, 0xfe, 0xfc, 0xfe,
  0x08, 0xff, 0x4c, 0xfd, 0xac, 0xfa, 0x50, 0xfa, 0x04, 0xfc, 0xd0, 0xfc,
  0xe8, 0xfb, 0x4c, 0xfa, 0x6c, 0xf9, 0x18, 0xfa, 0x2c, 0xfb, 0x1c, 0xfb,
  0x10, 0xfa, 0xa0, 0xf9, 0x34, 0xfa, 0xc4, 0xfa, 0xb0, 0xfa, 0xa8, 0xf9,
  0x54, 0xf9, 0x54, 0xfa, 0x20, 0xfb, 0x1c, 0xfb, 0x48, 0xf9, 0xa0, 0xf5,
  0xc0, 0xf3, 0x5c, 0xf5, 0x50, 0xf8, 0x9c, 0xfa, 0x1c, 0xfb, 0xc0, 0xf8,
  0x78, 0xf7, 0xb8, 0xf9, 0xf8, 0xfa, 0x80, 0xfd, 0x50, 0x03, 0xa0, 0x04,
  0xb8, 0x02, 0xe8, 0x03, 0x20, 0x05, 0xc8, 0x05, 0xa0, 0x09, 0x00, 0x0d,
  0x8c, 0x0c, 0x84, 0x0c, 0x20, 0x0d, 0x24, 0x0c, 0x4c, 0x0c, 0xc8, 0x0d,
  0x00, 0x0e, 0x48, 0x0d, 0x68, 0x0c, 0x40, 0x0a, 0xe0, 0x07, 0xe0, 0x06,
  0x20, 0x06, 0x10, 0x05, 0xbc, 0x03, 0xa4, 0x01, 0x9c, 0xff, 0x98, 0xfe,
  0xd4, 0xfd, 0x40, 0xfd, 0xac, 0xfc, 0xe8, 0xfb, 0x3c, 0xfb, 0xec, 0xfa,
  0xcc, 0xfa, 0xf8, 0xfa, 0xe4, 0xfc, 0x6c, 0xff, 0x34, 0x00, 0xbc, 0xff,
  0x78, 0xff, 0x10, 0x00, 0xc0, 0x00, 0xdc, 0x00, 0xfc, 0x00, 0x5c, 0x01,
  0x08, 0x02, 0x08, 0x02, 0x24, 0x01, 0x18, 0x00, 0x38, 0xff, 0x1c, 0x00,
  0xac, 0x00, 0xcc, 0xff, 0xb4, 0xff, 0xc0, 0xfc, 0x80, 0xf8, 0xa0, 0xf9,
  0xac, 0xfb, 0x30, 0xfa, 0xe8, 0xf8, 0xc0, 0xf7, 0x0c, 0xf5, 0x88, 0xf4,
  0xe4, 0xf5, 0x50, 0xf5, 0x48, 0xf4, 0x10, 0xf3, 0x1c, 0xf0, 0xac, 0xee,
  0x68, 0xf1, 0x48, 0xf5, 0xf4, 0xf7, 0xd4, 0xf8, 0x9c, 0xf7, 0x4c, 0xf7,
  0xf4, 0xf9, 0xc4, 0xfe, 0xd8, 0x04, 0x20, 0x09, 0x50, 0x09, 0xec, 0x08,
  0xac, 0x0a, 0xdc, 0x0c, 0xa8, 0x0f, 0x14, 0x13, 0x80, 0x14, 0x14, 0x14,
  0x94, 0x13, 0x54, 0x12, 0x84, 0x10, 0x80, 0x10, 0x30, 0x11, 0xec, 0x0f,
  0x34, 0x0d, 0xa4, 0x09, 0xa0, 0x05, 0x44, 0x03, 0x34, 0x02, 0x68, 0x00,
  0xf4, 0xfd, 0xf8, 0xfa, 0xe0, 0xf8, 0x54, 0xf8, 0x3c, 0xf5, 0xe8, 0xf1,
  0xf4, 0xf3, 0x30, 0xf6, 0x1c, 0xf5, 0xf0, 0xf4, 0xcc, 0xf4, 0xa4, 0xf4,
  0xb0, 0xf8, 0xb4, 0xfe, 0x7c, 0x01, 0x64, 0xff, 0x60, 0xfd, 0x60, 0x00,
  0x40, 0x04, 0xf8, 0x04, 0x94, 0x04, 0xa0, 0x04, 0xf4, 0x04, 0xf4, 0x05,
  0x38, 0x06, 0x9c, 0x03, 0x10, 0x01, 0xac, 0x02, 0x3c, 0x04, 0x30, 0x02,
  0x28, 0xff, 0x28, 0xfb, 0x18, 0xf7, 0xf8, 0xf6, 0xac, 0xf8, 0xbc, 0xf6,
  0x18, 0xf3, 0x78, 0xf1, 0x10, 0xf0, 0xb0, 0xee, 0x9c, 0xee, 0x90, 0xee,
  0xec, 0xed, 0x20, 0xed, 0x94, 0xeb, 0x18, 0xe9, 0xc0, 0xeb, 0x80, 0xf4,
  0xe4, 0xf7, 0x00, 0xf5, 0xac, 0xf4, 0xa4, 0xf7, 0x00, 0xfd, 0x60, 0x05,
  0x34, 0x0a, 0xc4, 0x08, 0x74, 0x09, 0x44, 0x0e, 0x34, 0x11, 0x50, 0x12,
  0x80, 0x14, 0x54, 0x16, 0x78, 0x17, 0x58, 0x18, 0xf0, 0x15, 0x9c, 0x11,
  0xe8, 0x10, 0x9c, 0x12, 0xe0, 0x11, 0xf4, 0x0d, 0x48, 0x08, 0xc8, 0x03,
  0x1c, 0x02, 0x48, 0x01, 0xa8, 0xfe, 0x88, 0xfa, 0xd0, 0xf7, 0xc8, 0xf6,
  0xe8, 0xf4, 0x5c, 0xf1, 0x78, 0xef, 0x48, 0xf1, 0xa8, 0xf3, 0x7c, 0xf4,
  0xec, 0xf3, 0x18, 0xf3, 0x6c, 0xf5, 0xa4, 0xfb, 0x20, 0x01, 0x80, 0x01,
  0x1c, 0xff, 0xf8, 0xff, 0xfc, 0x03, 0x14, 0x07, 0x84, 0x07, 0xcc, 0x06,
  0xd8, 0x06, 0x30, 0x08, 0x28, 0x09, 0x2c, 0x07, 0x0c, 0x04, 0x90, 0x03,
  0x44, 0x05, 0x1c, 0x05, 0xc8, 0x01, 0xec, 0xfc, 0x6c, 0xf8, 0x34, 0xf7,
  0x30, 0xf8, 0x28, 0xf7, 0xcc, 0xf3, 0xb0, 0xf0, 0x80, 0xef, 0xdc, 0xee,
  0xcc, 0xed, 0x94, 0xed, 0xf8, 0xec, 0xf0, 0xec, 0xb4, 0xec, 0x4c, 0xe9,
  0x2c, 0xed, 0x90, 0xf8, 0x74, 0xfa, 0x50, 0xf6, 0x44, 0xf8, 0xbc, 0xfb,
  0x10, 0x00, 0x0c, 0x0a, 0x70, 0x0f, 0xdc, 0x0b, 0x20, 0x0d, 0x70, 0x13,
  0x78, 0x14, 0xd8, 0x14, 0x88, 0x18, 0x70, 0x19, 0x70, 0x19, 0xa8, 0x1a,
  0x4c, 0x17, 0xec, 0x11, 0x28, 0x11, 0x48, 0x13, 0xe4, 0x13, 0xfc, 0x0f,
  0x28, 0x08, 0xcc, 0x02, 0x20, 0x02, 0xc0, 0x01, 0xb8, 0xff, 0x84, 0xfc,
  0xcc, 0xf8, 0x90, 0xf6, 0xb4, 0xf5, 0x1c, 0xf3, 0xcc, 0xf0, 0xdc, 0xf2,
  0x18, 0xf6, 0xa4, 0xf6, 0x10, 0xf6, 0xe4, 0xf5, 0xcc, 0xf7, 0x00, 0xfe,
  0xe8, 0x03, 0xd4, 0x03, 0x3c, 0x01, 0xf8, 0x01, 0x40, 0x05, 0xc4, 0x07,
  0x8c, 0x08, 0xb8, 0x07, 0xec, 0x06, 0xdc, 0x07, 0x5c, 0x08, 0xc0, 0x05,
  0xcc, 0x02, 0x6c, 0x02, 0x6c, 0x03, 0xfc, 0x02, 0x58, 0xff, 0xac, 0xf9,
  0x78, 0xf5, 0xf4, 0xf4, 0xd8, 0xf5, 0xb4, 0xf4, 0x50, 0xf1, 0x28, 0xee,
  0x34, 0xed, 0xfc, 0xec, 0x88, 0xec, 0xb0, 0xec, 0x60, 0xeb, 0xa0, 0xe8,
  0x64, 0xe8, 0x24, 0xeb, 0x3c, 0xf1, 0x48, 0xf8, 0x9c, 0xf9, 0x2c, 0xf7,
  0xb4, 0xf8, 0x84, 0xfe, 0xcc, 0x05, 0xf0, 0x0c, 0x8c, 0x10, 0x80, 0x10,
  0xd0, 0x11, 0x4c, 0x15, 0x44, 0x17, 0xc8, 0x18, 0xa8, 0x1b, 0xec, 0x1c,
  0xec, 0x1b, 0xfc, 0x19, 0x54, 0x16, 0xd4, 0x12, 0x28, 0x13, 0x0c, 0x15,
  0xd4, 0x12, 0x8c, 0x0c, 0x60, 0x06, 0x6c, 0x02, 0x08, 0x01, 0xb0, 0x00,
  0x10, 0xff, 0x70, 0xfb, 0xa0, 0xf7, 0x1c, 0xf6, 0xc8, 0xf3, 0x34, 0xef,
  0x24, 0xf0, 0xb4, 0xf5, 0x0c, 0xf7, 0x9c, 0xf5, 0xc4, 0xf5, 0x88, 0xf6,
  0x70, 0xf9, 0x54, 0x00, 0x2c, 0x04, 0xb4, 0x01, 0x18, 0x01, 0xf4, 0x03,
  0x18, 0x05, 0xb4, 0x05, 0x04, 0x07, 0xa0, 0x06, 0x0c, 0x06, 0xdc, 0x06,
  0x88, 0x05, 0xe8, 0x01, 0xa0, 0x00, 0x98, 0x01, 0x58, 0x01, 0x0c, 0xff,
  0xe0, 0xfa, 0xc4, 0xf5, 0x38, 0xf3, 0xf4, 0xf3, 0x38, 0xf4, 0x30, 0xf2,
  0x50, 0xef, 0x28, 0xed, 0x5c, 0xec, 0x88, 0xec, 0xbc, 0xec, 0x24, 0xeb,
  0x70, 0xe8, 0x48, 0xe8, 0xc4, 0xea, 0x44, 0xf0, 0xf0, 0xf8, 0xb4, 0xfb,
  0x1c, 0xf7, 0xa8, 0xf7, 0xa4, 0xff, 0x24, 0x07, 0x88, 0x0d, 0x78, 0x12,
  0x0c, 0x12, 0x78, 0x11, 0xe4, 0x15, 0x50, 0x19, 0x6c, 0x19, 0xb4, 0x1b,
  0x24, 0x1e, 0x88, 0x1c, 0xe8, 0x19, 0x74, 0x16, 0x50, 0x13, 0x0c, 0x15,
  0x2c, 0x17, 0x8c, 0x13, 0xbc, 0x0d, 0xf0, 0x08, 0x70, 0x04, 0xf8, 0x02,
  0x04, 0x04, 0xd8, 0x01, 0x90, 0xfd, 0x38, 0xfb, 0x0c, 0xf9, 0xa8, 0xf5,
  0xfc, 0xf2, 0xec, 0xf1, 0x7c, 0xf3, 0x30, 0xf7, 0x18, 0xf8, 0x9c, 0xf5,
  0xe4, 0xf4, 0x14, 0xf8, 0x3c, 0xfd, 0xd8, 0x01, 0x20, 0x03, 0xe8, 0x00,
  0xdc, 0xff, 0x20, 0x02, 0x14, 0x04, 0x5c, 0x04, 0x54, 0x04, 0xa8, 0x03,
  0xec, 0x02, 0x68, 0x02, 0xbc, 0x00, 0x50, 0xfe, 0x74, 0xfd, 0x34, 0xfe,
  0xac, 0xfd, 0x8c, 0xfa, 0x1c, 0xf6, 0x24, 0xf2, 0xcc, 0xf0, 0x04, 0xf2,
  0x54, 0xf2, 0x44, 0xf0, 0x74, 0xed, 0xac, 0xeb, 0x78, 0xeb, 0x48, 0xec,
  0x64, 0xec, 0x58, 0xea, 0x10, 0xe8, 0xb4, 0xe8, 0xb4, 0xec, 0x90, 0xf4,
  0xc4, 0xfb, 0xc0, 0xf9, 0xac, 0xf5, 0x20, 0xfb, 0x70, 0x04, 0xa8, 0x0a,
  0x3c, 0x10, 0x28, 0x13, 0x70, 0x11, 0x0c, 0x13, 0xc8, 0x18, 0x58, 0x1a,
  0x28, 0x1a, 0x20, 0x1d, 0xe8, 0x1d, 0x30, 0x1b, 0xb0, 0x18, 0xd4, 0x14,
  0xf4, 0x11, 0x94, 0x14, 0xd8, 0x15, 0x68, 0x10, 0x20, 0x0a, 0x94, 0x05,
  0xcc, 0x01, 0x68, 0x01, 0xac, 0x02, 0xd4, 0xff, 0xf8, 0xfa, 0xa8, 0xf8,
  0x74, 0xf6, 0x04, 0xf3, 0x3c, 0xf2, 0x18, 0xf4, 0xd4, 0xf5, 0x6c, 0xf7,
  0xb4, 0xf7, 0x94, 0xf6, 0x60, 0xf7, 0xc0, 0xfb, 0xc0, 0x00, 0xf0, 0x02,
  0xd8, 0x02, 0xbc, 0x01, 0x5c, 0x01, 0xd8, 0x02, 0x80, 0x04, 0xe8, 0x04,
  0x44, 0x04, 0x5c, 0x03, 0x2c, 0x02, 0xa0, 0x00, 0x04, 0xff, 0xdc, 0xfd,
  0x74, 0xfd, 0xe4, 0xfc, 0x00, 0xfb, 0x38, 0xf7, 0x54, 0xf3, 0x4c, 0xf1,
  0x40, 0xf1, 0xe0, 0xf1, 0x4c, 0xf1, 0xe0, 0xee, 0xe8, 0xec, 0xf4, 0xeb,
  0x50, 0xec, 0x24, 0xed, 0x60, 0xeb, 0xdc, 0xea, 0x3c, 0xeb, 0x54, 0xe9,
  0xa4, 0xf0, 0x70, 0xfe, 0x40, 0xfd, 0x6c, 0xf4, 0x34, 0xf9, 0xb4, 0x02,
  0x24, 0x07, 0x3c, 0x0f, 0xa0, 0x14, 0x30, 0x0f, 0xb0, 0x0e, 0x6c, 0x17,
  0xa4, 0x19, 0x70, 0x17, 0xd0, 0x1a, 0x0c, 0x1c, 0x6c, 0x18, 0xd4, 0x17,
  0x74, 0x16, 0xf0, 0x10, 0x10, 0x11, 0x04, 0x15, 0x14, 0x12, 0x70, 0x0b,
  0x00, 0x07, 0x04, 0x03, 0x20, 0x01, 0x20, 0x03, 0xd4, 0x02, 0x98, 0xfd,
  0xb0, 0xf9, 0xf4, 0xf7, 0x58, 0xf5, 0x40, 0xf4, 0xbc, 0xf5, 0xf8, 0xf6,
  0x34, 0xf7, 0x9c, 0xf8, 0x0c, 0xf9, 0x7c, 0xf6, 0xa8, 0xf7, 0x34, 0xfe,
  0x60, 0x02, 0x78, 0x01, 0x98, 0xff, 0x10, 0x00, 0x74, 0x01, 0x28, 0x02,
  0x4c, 0x03, 0xa8, 0x03, 0x68, 0x02, 0xd4, 0x01, 0xe8, 0x01, 0x50, 0x00,
  0x0c, 0xfe, 0xf0, 0xfd, 0x44, 0xfe, 0xc4, 0xfc, 0x3c, 0xfa, 0xec, 0xf6,
  0xb4, 0xf3, 0xd4, 0xf2, 0xf8, 0xf3, 0xc0, 0xf3, 0x64, 0xf1, 0x5c, 0xef,
  0x2c, 0xee, 0xa4, 0xed, 0xc8, 0xed, 0x18, 0xed, 0x94, 0xeb, 0xac, 0xea,
  0x74, 0xeb, 0x04, 0xf1, 0x74, 0xf9, 0x00, 0xfb, 0xf4, 0xf6, 0x64, 0xf8,
  0x70, 0xff, 0x30, 0x06, 0x84, 0x0c, 0x64, 0x10, 0x50, 0x0f, 0x68, 0x0f,
  0x1c, 0x14, 0xa0, 0x17, 0x04, 0x18, 0x50, 0x19, 0x7c, 0x1a, 0x20, 0x19,
  0xb4, 0x17, 0xe4, 0x15, 0xc0, 0x12, 0x10, 0x12, 0x98, 0x13, 0x0c, 0x12,
  0x20, 0x0d, 0x18, 0x08, 0x50, 0x04, 0x98, 0x02, 0xe8, 0x02, 0x44, 0x02,
  0xbc, 0xfe, 0xb4, 0xfa, 0x28, 0xf8, 0xf8, 0xf5, 0x9c, 0xf4, 0x38, 0xf5,
  0x5c, 0xf6, 0x28, 0xf7, 0x1c, 0xf8, 0xdc, 0xf7, 0x9c, 0xf5, 0x20, 0xf6,
  0x1c, 0xfb, 0x80, 0xfe, 0x4c, 0xff, 0x1c, 0x00, 0x80, 0xff, 0xd0, 0xfe,
  0xa4, 0x00, 0xf8, 0x02, 0x10, 0x03, 0xd4, 0x02, 0x84, 0x03, 0x98, 0x03,
  0xa8, 0x02, 0x58, 0x00, 0x50, 0xff, 0xa4, 0x00, 0x0c, 0x00, 0x20, 0xfe,
  0x2c, 0xfc, 0x08, 0xf8, 0xe0, 0xf5, 0x14, 0xf7, 0x6c, 0xf6, 0x44, 0xf4,
  0x2c, 0xf3, 0xa4, 0xf1, 0xc8, 0xef, 0x88, 0xef, 0x40, 0xee, 0x24, 0xec,
  0x78, 0xec, 0x40, 0xec, 0x08, 0xee, 0x34, 0xf6, 0x14, 0xfb, 0xcc, 0xf6,
  0xfc, 0xf4, 0x90, 0xfb, 0x20, 0x02, 0x7c, 0x07, 0x0c, 0x0e, 0x80, 0x0e,
  0x3c, 0x0b, 0xf4, 0x0f, 0x80, 0x16, 0x1c, 0x16, 0xd8, 0x16, 0xfc, 0x19,
  0x10, 0x19, 0xc4, 0x17, 0x94, 0x18, 0x98, 0x15, 0x1c, 0x11, 0xc4, 0x12,
  0x68, 0x15, 0xdc, 0x10, 0x50, 0x0a, 0x78, 0x07, 0xa0, 0x04, 0x28, 0x02,
  0x74, 0x02, 0xa0, 0x00, 0xc4, 0xfb, 0xe0, 0xf7, 0xe8, 0xf5, 0xb8, 0xf4,
  0xfc, 0xf2, 0x80, 0xf2, 0x0c, 0xf4, 0xe8, 0xf4, 0x58, 0xf4, 0x38, 0xf3,
  0x10, 0xf3, 0x4c, 0xf5, 0x38, 0xf9, 0xf0, 0xfb, 0x28, 0xfc, 0x08, 0xfc,
  0x38, 0xfd, 0x1c, 0xff, 0xac, 0x00, 0x64, 0x01, 0x00, 0x02, 0x10, 0x03,
  0x40, 0x04, 0x80, 0x04, 0x44, 0x03, 0xf8, 0x01, 0xdc, 0x01, 0x74, 0x02,
  0x3c, 0x02, 0x3c, 0x00, 0x38, 0xfd, 0xd4, 0xfa, 0xb8, 0xf9, 0x08, 0xf9,
  0xfc, 0xf7, 0xfc, 0xf5, 0x30, 0xf4, 0xc0, 0xf2, 0x5c, 0xf1, 0xf0, 0xef,
  0x88, 0xed, 0xbc, 0xec, 0xc0, 0xeb, 0xa8, 0xea, 0x8c, 0xf1, 0xe4, 0xf9,
  0x84, 0xf8, 0xd4, 0xf4, 0xb0, 0xf7, 0x00, 0xfd, 0x80, 0x02, 0xa8, 0x0b,
  0x00, 0x10, 0x48, 0x0a, 0x74, 0x0a, 0x1c, 0x13, 0x18, 0x16, 0x58, 0x15,
  0xe0, 0x17, 0xcc, 0x18, 0x04, 0x17, 0x40, 0x18, 0x60, 0x18, 0xf4, 0x12,
  0x94, 0x10, 0xcc, 0x13, 0xc4, 0x13, 0x44, 0x0f, 0xd0, 0x0a, 0x3c, 0x06,
  0xd0, 0x02, 0xf4, 0x02, 0xc8, 0x02, 0xf8, 0xfe, 0x88, 0xfa, 0xec, 0xf7,
  0xd8, 0xf5, 0xcc, 0xf3, 0xa4, 0xf2, 0x1c, 0xf2, 0xa8, 0xf2, 0xe0, 0xf3,
  0xc0, 0xf3, 0x5c, 0xf2, 0x08, 0xf2, 0x20, 0xf4, 0x5c, 0xf7, 0x10, 0xfa,
  0x14, 0xfb, 0x34, 0xfb, 0x40, 0xfc, 0xf0, 0xfd, 0x40, 0xff, 0x58, 0x00,
  0x94, 0x01, 0xe0, 0x02, 0x14, 0x04, 0x84, 0x04, 0x9c, 0x03, 0x6c, 0x02,
  0x70, 0x02, 0x1c, 0x03, 0xdc, 0x02, 0x54, 0x01, 0x14, 0xff, 0xb0, 0xfc,
  0x3c, 0xfb, 0x78, 0xfa, 0x38, 0xf9, 0x84, 0xf7, 0xf8, 0xf5, 0x78, 0xf4,
  0xd8, 0xf2, 0xd4, 0xf0, 0xbc, 0xee, 0x90, 0xed, 0xac, 0xec, 0x08, 0xef,
  0x8c, 0xf5, 0x44, 0xf7, 0x50, 0xf4, 0x68, 0xf5, 0x6c, 0xf9, 0x5c, 0xfd,
  0x70, 0x03, 0x2c, 0x09, 0xf0, 0x08, 0x84, 0x07, 0xcc, 0x0b, 0x18, 0x10,
  0xf4, 0x10, 0x0c, 0x13, 0x58, 0x15, 0x2c, 0x15, 0x24, 0x15, 0xa8, 0x15,
  0xbc, 0x13, 0x48, 0x11, 0x34, 0x12, 0x6c, 0x13, 0x70, 0x11, 0x18, 0x0e,
  0x7c, 0x0a, 0x1c, 0x07, 0x64, 0x05, 0xcc, 0x04, 0x00, 0x03, 0xcc, 0xff,
  0xc8, 0xfc, 0x18, 0xfa, 0xb8, 0xf7, 0x70, 0xf5, 0x50, 0xf4, 0x70, 0xf4,
  0xf0, 0xf3, 0x44, 0xf5, 0x3c, 0xf7, 0xf8, 0xf4, 0x0c, 0xf3, 0xa4, 0xf5,
  0xf0, 0xf8, 0xc8, 0xfa, 0xcc, 0xfc, 0x10, 0xfe, 0x08, 0xfd, 0xb0, 0xfd,
  0x8c, 0x00, 0x64, 0x01, 0x98, 0x01, 0x94, 0x03, 0xf4, 0x04, 0x88, 0x04,
  0xe4, 0x03, 0x34, 0x03, 0x48, 0x02, 0x04, 0x02, 0x14, 0x03, 0x10, 0x03,
  0x2c, 0x00, 0xac, 0xfd, 0xe0, 0xfc, 0x90, 0xfb, 0x58, 0xfa, 0x34, 0xfa,
  0x18, 0xf9, 0x14, 0xf7, 0x94, 0xf6, 0x90, 0xf5, 0xfc, 0xf2, 0x58, 0xf2,
  0x0c, 0xf2, 0xa0, 0xf0, 0xf0, 0xf2, 0x84, 0xf7, 0xb4, 0xf7, 0x9c, 0xf5,
  0xbc, 0xf6, 0x80, 0xf9, 0x84, 0xfc, 0x64, 0x01, 0x2c, 0x04, 0x28, 0x03,
  0xe0, 0x03, 0x78, 0x07, 0xe4, 0x09, 0xe4, 0x0a, 0x84, 0x0c, 0xd0, 0x0d,
  0x4c, 0x0e, 0x3c, 0x0f, 0xac, 0x0f, 0xcc, 0x0d, 0x58, 0x0c, 0x1c, 0x0e,
  0x04, 0x0f, 0x94, 0x0c, 0x70, 0x0a, 0x98, 0x08, 0x1c, 0x06, 0x7c, 0x06,
  0x18, 0x08, 0xac, 0x05, 0xcc, 0x00, 0xb8, 0xfe, 0x10, 0xff, 0x00, 0xfe,
  0xb0, 0xfc, 0x30, 0xfc, 0x30, 0xfa, 0xcc, 0xf9, 0x70, 0xfc, 0x40, 0xfc,
  0x30, 0xf9, 0x18, 0xf9, 0x44, 0xfb, 0xac, 0xfc, 0x1c, 0xfe, 0x70, 0xfe,
  0xb4, 0xfc, 0xa8, 0xfc, 0x58, 0xff, 0xb0, 0x00, 0xf8, 0xff, 0x24, 0x00,
  0x34, 0x01, 0x7c, 0x01, 0xcc, 0x01, 0x04, 0x02, 0xe0, 0x00, 0x24, 0x00,
  0xec, 0x00, 0xc4, 0x01, 0x9c, 0x00, 0xd8, 0xfd, 0xfc, 0xfc, 0x44, 0xfd,
  0x48, 0xfc, 0x7c, 0xfb, 0x78, 0xfa, 0xc8, 0xf8, 0x0c, 0xf8, 0x18, 0xf8,
  0x6c, 0xf7, 0xbc, 0xf5, 0x38, 0xf4, 0x8c, 0xf3, 0x04, 0xf4, 0xa4, 0xf5,
  0x98, 0xf6, 0xac, 0xf5, 0x24, 0xf5, 0x38, 0xf6, 0x04, 0xf8, 0x48, 0xfa,
  0xfc, 0xfb, 0xd8, 0xfc, 0xd0, 0xfd, 0x94, 0xff, 0xc0, 0x01, 0x48, 0x03,
  0xa0, 0x04, 0xe8, 0x05, 0x58, 0x07, 0x34, 0x09, 0x28, 0x0a, 0x98, 0x0a,
  0x74, 0x0b, 0x20, 0x0c, 0xac, 0x0c, 0x34, 0x0d, 0xf4, 0x0c, 0x1c, 0x0c,
  0xd8, 0x0b, 0x34, 0x0c, 0x14, 0x0c, 0xf0, 0x0a, 0xc4, 0x09, 0xa0, 0x08,
  0xf4, 0x06, 0xf4, 0x05, 0xa0, 0x05, 0x6c, 0x04, 0x5c, 0x03, 0x08, 0x03,
  0xf4, 0x01, 0xe0, 0x00, 0x60, 0x00, 0x78, 0xff, 0xb4, 0xfe, 0x98, 0xfe,
  0x80, 0xfe, 0xf0, 0xfd, 0x60, 0xfd, 0x04, 0xfd, 0x74, 0xfc, 0x58, 0xfc,
  0x80, 0xfc, 0xfc, 0xfb, 0xf4, 0xfb, 0x74, 0xfc, 0x68, 0xfc, 0x88, 0xfc,
  0xc0, 0xfc, 0x60, 0xfc, 0x58, 0xfc, 0x00, 0xfd, 0x7c, 0xfd, 0x54, 0xfd,
  0xe4, 0xfc, 0xb0, 0xfc, 0x9c, 0xfc, 0xe0, 0xfc, 0x6c, 0xfd, 0x5c, 0xfd,
  0x80, 0xfc, 0xdc, 0xfb, 0x14, 0xfc, 0x48, 0xfc, 0xec, 0xfb, 0x4c, 0xfb,
  0xb4, 0xfa, 0x60, 0xfa, 0xbc, 0xfa, 0x44, 0xfb, 0xb0, 0xfa, 0xd4, 0xf9,
  0x24, 0xfa, 0x1c, 0xfb, 0xf0, 0xfb, 0x74, 0xfc, 0x70, 0xfc, 0x7c, 0xfc,
  0x74, 0xfd, 0xc8, 0xfe, 0x00, 0x00, 0xa0, 0x00, 0xbc, 0x00, 0xa8, 0x01,
  0x48, 0x03, 0x78, 0x04, 0x20, 0x05, 0xb0, 0x05, 0x50, 0x06, 0x34, 0x07,
  0x60, 0x08, 0x30, 0x09, 0xf4, 0x08, 0xf8, 0x08, 0x04, 0x0a, 0xb4, 0x0a,
  0xf4, 0x0a, 0x8c, 0x0a, 0x7c, 0x09, 0x24, 0x09, 0x3c, 0x09, 0x6c, 0x09,
  0x50, 0x09, 0x54, 0x08, 0x2c, 0x07, 0xb0, 0x06, 0xbc, 0x06, 0x40, 0x06,
  0x58, 0x05, 0x68, 0x04, 0x64, 0x03, 0xec, 0x02, 0x64, 0x02, 0x8c, 0x01,
  0x10, 0x01, 0x94, 0x00, 0x4c, 0x00, 0xf8, 0xff, 0x24, 0xff, 0x80, 0xfe,
  0x0c, 0xfe, 0xfc, 0xfd, 0x08, 0xfe, 0x90, 0xfd, 0x10, 0xfd, 0x94, 0xfc,
  0x2c, 0xfc, 0xe4, 0xfb, 0xb8, 0xfb, 0x48, 0xfb, 0xe8, 0xf9, 0x94, 0xf8,
  0xf0, 0xf7, 0x60, 0xf7, 0xf8, 0xf6, 0x40, 0xf6, 0x24, 0xf5, 0x30, 0xf4,
  0x88, 0xf3, 0x58, 0xf3, 0xe4, 0xf2, 0xf4, 0xf1, 0x7c, 0xf1, 0xd0, 0xf1,
  0x7c, 0xf2, 0xf8, 0xf2, 0x2c, 0xf3, 0x64, 0xf3, 0x30, 0xf4, 0xc0, 0xf5,
  0xb4, 0xf7, 0x14, 0xf9, 0xf8, 0xf9, 0x50, 0xfb, 0x18, 0xfd, 0x38, 0xff,
  0x44, 0x01, 0xac, 0x02, 0xdc, 0x03, 0x78, 0x05, 0x50, 0x07, 0xf8, 0x08,
  0x30, 0x0a, 0xe8, 0x0a, 0xbc, 0x0b, 0xd4, 0x0c, 0xb4, 0x0d, 0x00, 0x0e,
  0xc0, 0x0d, 0x9c, 0x0d, 0xcc, 0x0d, 0xf0, 0x0d, 0xac, 0x0d, 0xa4, 0x0c,
  0x48, 0x0b, 0x70, 0x0a, 0x18, 0x0a, 0x98, 0x09, 0xbc, 0x08, 0x68, 0x07,
  0x28, 0x06, 0x78, 0x05, 0x00, 0x05, 0x4c, 0x04, 0x30, 0x03, 0x08, 0x02,
  0x40, 0x01, 0xb8, 0x00, 0x60, 0x00, 0x20, 0x00, 0x98, 0xff, 0x04, 0xff,
  0xd4, 0xfe, 0xbc, 0xfe, 0x70, 0xfe, 0x30, 0xfe, 0x08, 0xfe, 0xf8, 0xfd,
  0xf8, 0xfd, 0xd0, 0xfd, 0x94, 0xfd, 0x1c, 0xfd, 0xc4, 0xfc, 0xb0, 0xfc,
  0x3c, 0xfc, 0x54, 0xfb, 0x10, 0xfa, 0x0c, 0xf9, 0x68, 0xf8, 0xbc, 0xf7,
  0x0c, 0xf7, 0xf4, 0xf5, 0xa8, 0xf4, 0xc8, 0xf3, 0x34, 0xf3, 0xb0, 0xf2,
  0x00, 0xf2, 0x84, 0xf1, 0xc0, 0xf1, 0x40, 0xf2, 0xc0, 0xf2, 0x34, 0xf3,
  0xa8, 0xf3, 0x88, 0xf4, 0x2c, 0xf6, 0x10, 0xf8, 0xc0, 0xf9, 0x04, 0xfb,
  0x68, 0xfc, 0x3c, 0xfe, 0x34, 0x00, 0x68, 0x02, 0xe0, 0x03, 0x2c, 0x05,
  0x7c, 0x07, 0x68, 0x09, 0x20, 0x0b, 0x84, 0x0c, 0x44, 0x0d, 0x64, 0x0e,
  0x04, 0x0f, 0xa8, 0x0f, 0xf8, 0x0f, 0x30, 0x0f, 0xe8, 0x0e, 0xa8, 0x0e,
  0x14, 0x0e, 0x4c, 0x0d, 0xcc, 0x0b, 0x50, 0x0a, 0xf4, 0x08, 0xe0, 0x07,
  0x04, 0x07, 0xb0, 0x05, 0x3c, 0x04, 0x08, 0x03, 0x1c, 0x02, 0x70, 0x01,
  0xc4, 0x00, 0xd8, 0xff, 0x10, 0xff, 0x88, 0xfe, 0x3c, 0xfe, 0x18, 0xfe,
  0xe4, 0xfd, 0xe4, 0xfd, 0xf8, 0xfd, 0x20, 0xfe, 0x60, 0xfe, 0x64, 0xfe,
  0x70, 0xfe, 0xa4, 0xfe, 0xec, 0xfe, 0x40, 0xff, 0x50, 0xff, 0x2c, 0xff,
  0xf8, 0xfe, 0xd4, 0xfe, 0xbc, 0xfe, 0x6c, 0xfe, 0xb0, 0xfd, 0x90, 0xfc,
  0x78, 0xfb, 0x9c, 0xfa, 0xcc, 0xf9, 0xe0, 0xf8, 0xb4, 0xf7, 0x6c, 0xf6,
  0x44, 0xf5, 0x64, 0xf4, 0x8c, 0xf3, 0xac, 0xf2, 0xec, 0xf1, 0xac, 0xf1,
  0xf0, 0xf1, 0x4c, 0xf2, 0xa4, 0xf2, 0xf4, 0xf2, 0x98, 0xf3, 0xdc, 0xf4,
  0x90, 0xf6, 0x48, 0xf8, 0xbc, 0xf9, 0x30, 0xfb, 0xe4, 0xfc, 0xd8, 0xfe,
  0xcc, 0x00, 0x70, 0x02, 0xc8, 0x03, 0x28, 0x05, 0x98, 0x06, 0x30, 0x08,
  0xdc, 0x09, 0x1c, 0x0b, 0x04, 0x0c, 0xd8, 0x0c, 0xb4, 0x0d, 0x50, 0x0e,
  0x50, 0x0e, 0xec, 0x0d, 0x54, 0x0d, 0xbc, 0x0c, 0x38, 0x0c, 0x90, 0x0b,
  0x74, 0x0a, 0x0c, 0x09, 0xc4, 0x07, 0x98, 0x06, 0x84, 0x05, 0x60, 0x04,
  0x3c, 0x03, 0x44, 0x02, 0x80, 0x01, 0x00, 0x01, 0x74, 0x00, 0xd4, 0xff,
  0x54, 0xff, 0x04, 0xff, 0xe4, 0xfe, 0xb8, 0xfe, 0x70, 0xfe, 0x28, 0xfe,
  0x2c, 0xfe, 0x80, 0xfe, 0xdc, 0xfe, 0xf0, 0xfe, 0xd8, 0xfe, 0xbc, 0xfe,
  0xe4, 0xfe, 0x44, 0xff, 0x3c, 0xff, 0x7c, 0xff, 0xf0, 0xff, 0xf4, 0xff,
  0x38, 0x00, 0x50, 0x00, 0x08, 0x00, 0xcc, 0xff, 0x80, 0xff, 0x14, 0xff,
  0x38, 0xfe, 0x60, 0xfd, 0x98, 0xfc, 0xc0, 0xfb, 0x14, 0xfb, 0x38, 0xfa,
  0x64, 0xf9, 0x4c, 0xf8, 0xdc, 0xf6, 0x00, 0xf6, 0x6c, 0xf5, 0x10, 0xf5,
  0x20, 0xf5, 0x24, 0xf5, 0x28, 0xf5, 0x54, 0xf5, 0x00, 0xf6, 0x0c, 0xf7,
  0x20, 0xf8, 0x64, 0xf9, 0xb0, 0xfa, 0xf8, 0xfb, 0x7c, 0xfd, 0xf8, 0xfe,
  0x4c, 0x00, 0xa0, 0x01, 0xb0, 0x02, 0xe4, 0x03, 0x9c, 0x05, 0xec, 0x06,
  0xc4, 0x07, 0xac, 0x08, 0xac, 0x09, 0xb4, 0x0a, 0xb8, 0x0b, 0x78, 0x0c,
  0x90, 0x0c, 0x4c, 0x0c, 0x3c, 0x0c, 0xfc, 0x0b, 0x18, 0x0b, 0x34, 0x0a,
  0x40, 0x09, 0x00, 0x08, 0x20, 0x07, 0x30, 0x06, 0xcc, 0x04, 0x60, 0x03,
  0x2c, 0x02, 0x78, 0x01, 0xbc, 0x00, 0xec, 0xff, 0x58, 0xff, 0xb4, 0xfe,
  0x50, 0xfe, 0x4c, 0xfe, 0x28, 0xfe, 0xe4, 0xfd, 0x94, 0xfd, 0x68, 0xfd,
  0x90, 0xfd, 0x94, 0xfd, 0xa0, 0xfd, 0xd4, 0xfd, 0xf0, 0xfd, 0x38, 0xfe,
  0x74, 0xfe, 0x94, 0xfe, 0xb4, 0xfe, 0xb4, 0xfe, 0x04, 0xff, 0x9c, 0xff,
  0x1c, 0x00, 0x6c, 0x00, 0x94, 0x00, 0xc0, 0x00, 0xd4, 0x00, 0xd8, 0x00,
  0xb8, 0x00, 0x28, 0x00, 0x70, 0xff, 0xc0, 0xfe, 0x3c, 0xfe, 0xb4, 0xfd,
  0xd0, 0xfc, 0x18, 0xfc, 0x50, 0xfb, 0x54, 0xfa, 0x60, 0xf9, 0x70, 0xf8,
  0xc8, 0xf7, 0x5c, 0xf7, 0x5c, 0xf7, 0x94, 0xf7, 0x7c, 0xf7, 0xb4, 0xf7,
  0x38, 0xf8, 0xf4, 0xf8, 0x04, 0xfa, 0x8c, 0xfa, 0xe0, 0xfa, 0xa0, 0xfb,
  0xac, 0xfc, 0x10, 0xfe, 0xcc, 0xff, 0x7c, 0x01, 0x80, 0x02, 0x4c, 0x03,
  0xa0, 0x04, 0x14, 0x06, 0x74, 0x07, 0xa8, 0x08, 0x58, 0x09, 0xd0, 0x09,
  0x7c, 0x0a, 0x40, 0x0b, 0xa0, 0x0b, 0x98, 0x0b, 0x50, 0x0b, 0xa8, 0x0a,
  0x14, 0x0a, 0x7c, 0x09, 0x54, 0x08, 0xf4, 0x06, 0xd4, 0x05, 0xe0, 0x04,
  0xbc, 0x03, 0x94, 0x02, 0x60, 0x01, 0x2c, 0x00, 0x40, 0xff, 0xac, 0xfe,
  0x18, 0xfe, 0x64, 0xfd, 0xdc, 0xfc, 0x80, 0xfc, 0x7c, 0xfc, 0x80, 0xfc,
  0x48, 0xfc, 0x34, 0xfc, 0x18, 0xfc, 0x20, 0xfc, 0x78, 0xfc, 0x98, 0xfc,
  0xac, 0xfc, 0xe0, 0xfc, 0x3c, 0xfd, 0xc0, 0xfd, 0x04, 0xfe, 0x28, 0xfe,
  0x60, 0xfe, 0xc0, 0xfe, 0x28, 0xff, 0xa0, 0xff, 0x38, 0x00, 0x5c, 0x00,
  0x8c, 0x00, 0x00, 0x01, 0x10, 0x01, 0x18, 0x01, 0xf0, 0x00, 0x80, 0x00,
  0x20, 0x00, 0xc8, 0xff, 0x58, 0xff, 0xb8, 0xfe, 0x50, 0xfe, 0xc0, 0xfd,
  0x20, 0xfd, 0xa8, 0xfc, 0x40, 0xfb, 0x94, 0xf9, 0xb4, 0xf8, 0x40, 0xf8,
  0x0c, 0xf8, 0xd4, 0xf7, 0x7c, 0xf7, 0x0c, 0xf7, 0x24, 0xf7, 0x24, 0xf8,
  0xdc, 0xf8, 0xfc, 0xf8, 0x50, 0xf9, 0xac, 0xf9, 0xf8, 0xf9, 0x0c, 0xfb,
  0x9c, 0xfc, 0x6c, 0xfd, 0x38, 0xfe, 0x04, 0x00, 0xd0, 0x01, 0x28, 0x03,
  0xa4, 0x04, 0xe4, 0x05, 0xc4, 0x06, 0x28, 0x08, 0xcc, 0x09, 0x84, 0x0a,
  0xc4, 0x0a, 0x44, 0x0b, 0x94, 0x0b, 0xe4, 0x0b, 0x14, 0x0c, 0x7c, 0x0b,
  0x88, 0x0a, 0xa0, 0x09, 0xe8, 0x08, 0x0c, 0x08, 0xb4, 0x06, 0x58, 0x05,
  0x00, 0x04, 0xd8, 0x02, 0x10, 0x02, 0x00, 0x01, 0xbc, 0xff, 0xa4, 0xfe,
  0xe8, 0xfd, 0x84, 0xfd, 0x28, 0xfd, 0xac, 0xfc, 0x10, 0xfc, 0xd0, 0xfb,
  0x00, 0xfc, 0x18, 0xfc, 0x04, 0xfc, 0xe8, 0xfb, 0xc4, 0xfb, 0xfc, 0xfb,
  0x7c, 0xfc, 0xcc, 0xfc, 0xd8, 0xfc, 0x0c, 0xfd, 0x74, 0xfd, 0xf4, 0xfd,
  0xf4, 0xfe, 0x08, 0x00, 0x9c, 0x00, 0x10, 0x01, 0xdc, 0x01, 0xb4, 0x02,
  0x54, 0x03, 0xf8, 0x03, 0x34, 0x04, 0xfc, 0x03, 0xfc, 0x03, 0xf4, 0x03,
  0x54, 0x03, 0xac, 0x02, 0x00, 0x02, 0x00, 0x01, 0x60, 0x00, 0xbc, 0xff,
  0xb8, 0xfe, 0xcc, 0xfd, 0xa8, 0xfc, 0x44, 0xfb, 0xb8, 0xf9, 0x78, 0xf8,
  0xa8, 0xf7, 0x0c, 0xf7, 0xbc, 0xf6, 0x44, 0xf6, 0x08, 0xf6, 0x0c, 0xf6,
  0xa4, 0xf5, 0x90, 0xf5, 0xec, 0xf5, 0x04, 0xf7, 0xac, 0xf8, 0xec, 0xf9,
  0x74, 0xfb, 0xf8, 0xfc, 0x38, 0xfe, 0x40, 0x00, 0x18, 0x02, 0x08, 0x03,
  0xbc, 0x03, 0xac, 0x04, 0xac, 0x05, 0x64, 0x06, 0xf4, 0x06, 0x44, 0x07,
  0xc0, 0x06, 0x00, 0x06, 0x34, 0x06, 0x04, 0x06, 0xe0, 0x04, 0xb0, 0x04,
  0xf4, 0x04, 0xa0, 0x04, 0x90, 0x04, 0x6c, 0x04, 0x70, 0x03, 0x3c, 0x02,
  0x94, 0x01, 0xf8, 0x00, 0xd0, 0xff, 0x14, 0xff, 0xc0, 0xfe, 0x54, 0xfe,
  0x38, 0xfe, 0xc4, 0xfd, 0xc4, 0xfc, 0x58, 0xfc, 0x28, 0xfc, 0x10, 0xfc,
  0x9c, 0xfc, 0x64, 0xfd, 0x78, 0xfd, 0xc0, 0xfc, 0x40, 0xfc, 0xcc, 0xfb,
  0x04, 0xfc, 0x58, 0xfd, 0xf8, 0xfd, 0x00, 0xfe, 0x98, 0xfe, 0x20, 0xff,
  0x8c, 0xff, 0x90, 0x00, 0x5c, 0x01, 0x38, 0x01, 0x84, 0x01, 0x48, 0x02,
  0x38, 0x02, 0x9c, 0x02, 0x6c, 0x03, 0x54, 0x03, 0x24, 0x03, 0x38, 0x03,
  0xf0, 0x02, 0x54, 0x02, 0x84, 0x02, 0x74, 0x03, 0xf8, 0x03, 0x3c, 0x04,
  0x14, 0x04, 0x2c, 0x03, 0xb0, 0x02, 0x80, 0x02, 0x90, 0x01, 0xc8, 0x00,
  0x7c, 0x00, 0x14, 0x00, 0xdc, 0xff, 0xa4, 0xff, 0xb4, 0xfe, 0xac, 0xfd,
  0x6c, 0xfd, 0xac, 0xfd, 0xdc, 0xfd, 0x60, 0xfd, 0x40, 0xfc, 0x60, 0xfb,
  0x88, 0xfa, 0xdc, 0xf8, 0x34, 0xf7, 0xe0, 0xf6, 0xe4, 0xf7, 0xa8, 0xf9,
  0x94, 0xfb, 0xb8, 0xfc, 0xd0, 0xfc, 0x64, 0xfd, 0xfc, 0xfe, 0xa0, 0x00,
  0x10, 0x02, 0x58, 0x03, 0x74, 0x04, 0xa4, 0x05, 0x84, 0x06, 0x4c, 0x06,
  0x30, 0x05, 0x64, 0x04, 0xa4, 0x04, 0xc4, 0x05, 0xa8, 0x06, 0x68, 0x06,
  0x0c, 0x05, 0x24, 0x03, 0xb4, 0x01, 0xe8, 0x00, 0x38, 0x00, 0x70, 0xff,
  0xcc, 0xfe, 0x88, 0xfe, 0x4c, 0xfe, 0xa8, 0xfd, 0xa4, 0xfc, 0xec, 0xfb,
  0xec, 0xfb, 0xa4, 0xfc, 0xf4, 0xfd, 0x70, 0xfe, 0x70, 0xfd, 0x78, 0xfc,
  0x20, 0xfc, 0x58, 0xfb, 0xfc, 0xf9, 0x84, 0xf9, 0x34, 0xfa, 0x88, 0xfb,
  0x58, 0xfd, 0xac, 0xfe, 0x90, 0xfe, 0x34, 0xfe, 0x28, 0xff, 0xd0, 0x00,
  0x20, 0x02, 0x28, 0x03, 0xec, 0x03, 0x8c, 0x04, 0x50, 0x05, 0x68, 0x05,
  0x94, 0x04, 0xc0, 0x03, 0x68, 0x03, 0x44, 0x04, 0xac, 0x05, 0x28, 0x06,
  0x50, 0x05, 0x64, 0x03, 0x68, 0x02, 0xd0, 0x01, 0x44, 0x00, 0x70, 0xff,
  0x88, 0xff, 0x78, 0xff, 0x54, 0xff, 0x08, 0xff, 0x5c, 0xfe, 0x48, 0xfd,
  0x68, 0xfc, 0x58, 0xfd, 0xac, 0xfe, 0x58, 0xff, 0xb8, 0xff, 0xc4, 0xff,
  0x64, 0xff, 0x14, 0xff, 0x68, 0xff, 0x08, 0xff, 0xf8, 0xfe, 0x00, 0x00,
  0x44, 0x01, 0xf8, 0x01, 0x38, 0x01, 0x70, 0x00, 0x90, 0x00, 0xac, 0x00,
  0x98, 0x00, 0x14, 0x01, 0x14, 0x02, 0xf8, 0x01, 0x18, 0x01, 0x2c, 0x01,
  0xe4, 0x00, 0x2c, 0x00, 0x34, 0x00, 0x0c, 0x00, 0xd8, 0x00, 0xa4, 0x01,
  0x70, 0x01, 0x34, 0x01, 0x04, 0x00, 0x78, 0xff, 0xe8, 0xff, 0x50, 0x00,
  0xac, 0x00, 0x84, 0x00, 0x58, 0x00, 0xb4, 0xfd, 0x7c, 0xf7, 0x70, 0xf2,
  0x34, 0xf2, 0x98, 0xf5, 0x00, 0xf9, 0x98, 0xfd, 0xb8, 0x03, 0x7c, 0x07,
  0x60, 0x08, 0x74, 0x07, 0xe8, 0x04, 0xfc, 0x02, 0x70, 0x05, 0xd8, 0x09,
  0x64, 0x0c, 0x7c, 0x0b, 0xd0, 0x07, 0xdc, 0x03, 0x40, 0x00, 0xe0, 0xfe,
  0xe0, 0xfd, 0x4c, 0xfc, 0x00, 0xfe, 0x78, 0x00, 0xa8, 0xff, 0xe8, 0xfc,
  0x10, 0xfa, 0x70, 0xf8, 0xc8, 0xf8, 0xc8, 0xfb, 0x90, 0xff, 0x28, 0x01,
  0xe4, 0x01, 0xd8, 0x02, 0xe0, 0x02, 0x0c, 0x02, 0x68, 0x01, 0xc8, 0x01,
  0x38, 0x03, 0x38, 0x05, 0x24, 0x06, 0x3c, 0x04, 0x90, 0x00, 0xb0, 0xfd,
  0xdc, 0xfc, 0x5c, 0xfd, 0xf8, 0xfd, 0x20, 0xfe, 0xf0, 0xfd, 0xb4, 0xfd,
  0x7c, 0xfd, 0xe0, 0xfc, 0x38, 0xfc, 0x9c, 0xfc, 0x58, 0xfe, 0xbc, 0x00,
  0x8c, 0x02, 0xe4, 0x02, 0x18, 0x02, 0xf8, 0x00, 0x84, 0x00, 0xec, 0x00,
  0x64, 0x01, 0x10, 0x02, 0xf4, 0x02, 0x24, 0x03, 0x4c, 0x02, 0xc8, 0x00,
  0x28, 0xff, 0x14, 0xfe, 0x74, 0xfe, 0x04, 0x00, 0xb4, 0x00, 0x30, 0x00,
  0xa8, 0xff, 0xf4, 0xfe, 0x20, 0xfe, 0x28, 0xfe, 0x10, 0xff, 0x30, 0x00,
  0xa4, 0x01, 0x00, 0x03, 0x04, 0x03, 0xcc, 0x01, 0x58, 0x00, 0x9c, 0xff,
  0xd8, 0xff, 0x4c, 0x00, 0x38, 0x00, 0xc4, 0xff, 0x4c, 0xff, 0xd4, 0xfe,
  0x44, 0xfe, 0x88, 0xfd, 0xac, 0xfc, 0x48, 0xfc, 0x30, 0xfd, 0xe8, 0xfe,
  0xec, 0xff, 0x24, 0x00, 0x00, 0x00, 0xb0, 0xff, 0xe4, 0xff, 0xc4, 0x00,
  0xb0, 0x01, 0x00, 0x02, 0xdc, 0x01, 0xf0, 0x01, 0x00, 0x02, 0x48, 0x01,
  0xf8, 0x00, 0x74, 0x01, 0x40, 0x01, 0x64, 0x01, 0x6c, 0x01, 0x64, 0x00,
  0x88, 0xff, 0x20, 0xff, 0xf0, 0xfe, 0xe4, 0xfe, 0x00, 0xff, 0x2c, 0xff,
  0x50, 0xff, 0x60, 0xff, 0x60, 0xff, 0x8c, 0xff, 0x24, 0xff, 0x40, 0xff,
  0x28, 0x00, 0x74, 0x00, 0xd0, 0x00, 0xd4, 0x00, 0x78, 0x00, 0x50, 0x00,
  0x40, 0x00, 0x18, 0x00, 0xdc, 0xff, 0x1c, 0x00, 0xe0, 0xff, 0xfc, 0xfe,
  0xa8, 0xfd, 0x40, 0xfc, 0x18, 0xfc, 0x8c, 0xfc, 0x94, 0xfd, 0x7c, 0xff,
  0x74, 0x01, 0xa8, 0x02, 0x9c, 0x02, 0x84, 0x02, 0x98, 0x01, 0xbc, 0x00,
  0x2c, 0x01, 0xf0, 0x00, 0xf8, 0x01, 0x8c, 0x02, 0x34, 0x01, 0x7c, 0x00,
  0x0c, 0xff, 0x0c, 0xfe, 0xfc, 0xfd, 0x14, 0xfe, 0x64, 0xfe, 0xb0, 0xfe,
  0xb8, 0xff, 0xe0, 0xff, 0xa0, 0xff, 0x10, 0xff, 0x08, 0xfb, 0x88, 0xf5,
  0x6c, 0xf2, 0xe8, 0xf4, 0xc0, 0xfd, 0xf8, 0x07, 0xd8, 0x0d, 0x40, 0x0c,
  0xe4, 0x06, 0x34, 0x03, 0xa0, 0x01, 0xe0, 0x01, 0x74, 0x03, 0x88, 0x04,
  0x24, 0x05, 0x54, 0x06, 0x88, 0x04, 0xc0, 0xfe, 0xb4, 0xf8, 0x4c, 0xf5,
  0xd0, 0xf6, 0x60, 0xfb, 0x2c, 0xff, 0x84, 0x00, 0xb0, 0xff, 0x58, 0xff,
  0x20, 0x00, 0x90, 0x00, 0x14, 0x01, 0xd8, 0x02, 0x58, 0x06, 0x1c, 0x0a,
  0x3c, 0x0b, 0xc0, 0x08, 0x34, 0x04, 0x9c, 0xff, 0xfc, 0xfc, 0x7c, 0xfc,
  0x90, 0xfc, 0xc0, 0xfc, 0x34, 0xfd, 0x1c, 0xfe, 0x18, 0xfe, 0xb0, 0xfc,
  0x74, 0xfb, 0x74, 0xfa, 0x00, 0xfb, 0x54, 0xfe, 0x40, 0x02, 0x44, 0x04,
  0x80, 0x04, 0xe0, 0x03, 0xf8, 0x02, 0x6c, 0x02, 0x80, 0x02, 0x8c, 0x02,
  0x94, 0x01, 0xdc, 0x00, 0xd8, 0x00, 0xb8, 0xff, 0x74, 0xfd, 0x34, 0xfb,
  0x88, 0xf9, 0x34, 0xf9, 0x90, 0xfa, 0x7c, 0xfc, 0xa4, 0xfd, 0xf4, 0xfd,
  0x4c, 0xfe, 0xe4, 0xfe, 0x6c, 0xff, 0x20, 0x00, 0x0c, 0x01, 0x0c, 0x02,
  0x50, 0x03, 0x94, 0x04, 0x9c, 0x04, 0x04, 0x03, 0xa8, 0x00, 0xa0, 0xfe,
  0xe4, 0xfd, 0x10, 0xfe, 0x98, 0xfe, 0x28, 0xff, 0x34, 0xff, 0xa0, 0xfe,
  0xb8, 0xfd, 0x10, 0xfd, 0x18, 0xfd, 0xf8, 0xfd, 0x34, 0xff, 0xc0, 0x00,
  0xe8, 0x01, 0xb4, 0x01, 0x3c, 0x01, 0x18, 0x02, 0x14, 0x04, 0x18, 0x06,
  0xcc, 0x06, 0x70, 0x05, 0x24, 0x03, 0xe0, 0x00, 0x48, 0xff, 0x14, 0xfe,
  0xac, 0xfc, 0x38, 0xfc, 0xdc, 0xfc, 0xc8, 0xfd, 0xd8, 0xfd, 0xc8, 0xfc,
  0xf4, 0xfb, 0x48, 0xfc, 0xb0, 0xfe, 0x88, 0x01, 0x6c, 0x03, 0x80, 0x04,
  0x88, 0x04, 0x4c, 0x04, 0x00, 0x04, 0x18, 0x03, 0x80, 0x01, 0x1c, 0x00,
  0x54, 0xff, 0xe8, 0xfe, 0x4c, 0xfe, 0x9c, 0xfd, 0xf4, 0xfc, 0x1c, 0xfc,
  0xf4, 0xfb, 0xbc, 0xfc, 0x00, 0xfe, 0x28, 0xff, 0xc0, 0xff, 0xc0, 0xff,
  0x0c, 0x00, 0xec, 0x00, 0x1c, 0x01, 0xd0, 0xfe, 0xb0, 0xf8, 0x30, 0xf1,
  0x00, 0xed, 0x5c, 0xef, 0x10, 0xfa, 0x0c, 0x08, 0xa4, 0x10, 0xfc, 0x11,
  0x80, 0x0d, 0x48, 0x06, 0x68, 0x00, 0x18, 0xfe, 0x58, 0xff, 0x8c, 0x01,
  0x08, 0x04, 0x48, 0x06, 0xf0, 0x04, 0x58, 0xff, 0x58, 0xf8, 0x44, 0xf3,
  0x8c, 0xf2, 0x3c, 0xf6, 0x74, 0xfc, 0x14, 0x02, 0x94, 0x04, 0xd4, 0x04,
  0x40, 0x04, 0x94, 0x02, 0x40, 0x01, 0x80, 0x02, 0x30, 0x05, 0x24, 0x08,
  0xc8, 0x0a, 0x40, 0x0a, 0xd4, 0x05, 0x2c, 0x00, 0x50, 0xfb, 0x54, 0xf8,
  0x00, 0xf8, 0x10, 0xfa, 0xf8, 0xfc, 0xb8, 0xfe, 0x38, 0xff, 0xc4, 0xfe,
  0x4c, 0xfd, 0xb4, 0xfb, 0xec, 0xfa, 0x84, 0xfb, 0x50, 0xfd, 0x84, 0x01,
  0x98, 0x06, 0x68, 0x08, 0x34, 0x07, 0x2c, 0x03, 0x5c, 0xff, 0x14, 0xfe,
  0xf4, 0xfd, 0x30, 0x00, 0x1c, 0x01, 0x84, 0xff, 0x14, 0xff, 0xf8, 0xfd,
  0x60, 0xfc, 0x20, 0xfc, 0xbc, 0xfb, 0x74, 0xfb, 0x2c, 0xfc, 0xe0, 0xfd,
  0x40, 0x00, 0xb4, 0x01, 0x84, 0x02, 0x88, 0x02, 0x0c, 0x01, 0xb8, 0x00,
  0xe0, 0x00, 0x94, 0x00, 0xf8, 0x00, 0x3c, 0x01, 0x40, 0x01, 0x10, 0x01,
  0x6c, 0x00, 0x00, 0xff, 0x74, 0xfd, 0x98, 0xfc, 0x10, 0xfd, 0x18, 0xff,
  0x78, 0x00, 0xc4, 0xff, 0xe8, 0xfe, 0xf4, 0xfe, 0x38, 0x00, 0xc0, 0x02,
  0xe8, 0x02, 0xc8, 0x00, 0xa8, 0xfe, 0xa0, 0xfd, 0x2c, 0x00, 0x30, 0x04,
  0xac, 0x06, 0x0c, 0x06, 0x18, 0x03, 0x44, 0x00, 0x14, 0xfe, 0x88, 0xfc,
  0xa4, 0xfb, 0x78, 0xfc, 0x48, 0xfe, 0xfc, 0xfd, 0x48, 0xfa, 0x84, 0xf4,
  0x90, 0xf2, 0xa8, 0xf9, 0x70, 0x05, 0x60, 0x0f, 0x28, 0x13, 0x30, 0x0f,
  0x04, 0x09, 0xd8, 0x03, 0xf0, 0xff, 0x1c, 0xfe, 0x54, 0xfd, 0xbc, 0xfe,
  0x8c, 0x01, 0x54, 0x03, 0xb4, 0x02, 0x70, 0xfe, 0x8c, 0xf9, 0x44, 0xf7,
  0xec, 0xf7, 0x3c, 0xfb, 0x60, 0xff, 0x78, 0x02, 0x0c, 0x05, 0x04, 0x06,
  0x48, 0x04, 0x8c, 0x01, 0xd8, 0xfe, 0x98, 0xfd, 0x1c, 0xfe, 0xc0, 0xff,
  0xb8, 0x01, 0x7c, 0x02, 0x74, 0x01, 0x50, 0xff, 0x50, 0xfd, 0xf8, 0xfb,
  0xbc, 0xfb, 0x28, 0xfd, 0xfc, 0xff, 0x48, 0x02, 0x5c, 0x03, 0x80, 0x03,
  0xec, 0x01, 0xb8, 0x00, 0x24, 0x02, 0x58, 0x04, 0xec, 0x04, 0xa0, 0x03,
  0x88, 0x01, 0x70, 0xff, 0xd8, 0xfd, 0x00, 0xfd, 0x08, 0xfc, 0xe8, 0xfa,
  0x14, 0xfb, 0xa4, 0xfc, 0x54, 0xfe, 0xa0, 0xff, 0xec, 0xff, 0xe8, 0xff,
  0x7c, 0x00, 0x38, 0x01, 0xa4, 0x01, 0x74, 0x01, 0x68, 0x01, 0xb8, 0x01,
  0x4c, 0x01, 0x54, 0x00, 0xf0, 0xff, 0xd4, 0xfe, 0x9c, 0xfd, 0x9c, 0xfd,
  0xb0, 0xfd, 0x44, 0xfe, 0xa8, 0xfe, 0xa4, 0xfe, 0x38, 0xff, 0x8c, 0xff,
  0xac, 0xff, 0x4c, 0x00, 0x68, 0x01, 0xf4, 0x02, 0x4c, 0x04, 0xd4, 0x04,
  0x14, 0x04, 0x68, 0x02, 0xb0, 0x00, 0xd4, 0xfd, 0xa0, 0xf9, 0x48, 0xf6,
  0x24, 0xf6, 0x0c, 0xf5, 0x90, 0xf0, 0xf0, 0xee, 0x9c, 0xef, 0x20, 0xf0,
  0xbc, 0xf4, 0x10, 0xff, 0x08, 0x0d, 0xe8, 0x18, 0x84, 0x1d, 0xb8, 0x1a,
  0x6c, 0x12, 0x74, 0x09, 0x54, 0x03, 0xe4, 0xff, 0x30, 0xfe, 0x34, 0xfd,
  0x94, 0xfc, 0xbc, 0xfb, 0xd4, 0xf9, 0x78, 0xf6, 0x60, 0xf3, 0xa0, 0xf2,
  0x50, 0xf5, 0x40, 0xfb, 0xf8, 0x01, 0x80, 0x07, 0x9c, 0x0a, 0xb0, 0x0a,
  0x00, 0x09, 0xf0, 0x05, 0x94, 0x01, 0x28, 0x00, 0xa8, 0x02, 0xbc, 0x04,
  0x28, 0x05, 0x70, 0x03, 0x9c, 0xff, 0x74, 0xfb, 0x84, 0xf8, 0x8c, 0xf7,
  0x3c, 0xf8, 0xa8, 0xfa, 0xd4, 0xfe, 0x14, 0x03, 0xb0, 0x05, 0x04, 0x06,
  0x00, 0x04, 0xd0, 0x01, 0x30, 0x02, 0x74, 0x05, 0x94, 0x08, 0x6c, 0x09,
  0xb4, 0x07, 0xe8, 0x03, 0xb8, 0xff, 0xd8, 0xfb, 0xc4, 0xf8, 0xdc, 0xf6,
  0xdc, 0xf6, 0xfc, 0xf8, 0x3c, 0xfc, 0x18, 0xff, 0x80, 0x00, 0xac, 0x00,
  0x40, 0x00, 0x64, 0x00, 0xf0, 0x00, 0xdc, 0x01, 0xdc, 0x02, 0x78, 0x03,
  0xc8, 0x03, 0x00, 0x03, 0x58, 0x01, 0xf4, 0xfe, 0xa8, 0xfc, 0x74, 0xfb,
  0x50, 0xfb, 0x4c, 0xfc, 0x90, 0xfd, 0xa4, 0xfe, 0x84, 0xff, 0xa8, 0xff,
  0xc8, 0xff, 0x5c, 0xfe, 0xb8, 0xf9, 0x3c, 0xf5, 0x68, 0xf1, 0xe4, 0xed,
  0xa8, 0xed, 0xa4, 0xef, 0x18, 0xf2, 0x60, 0xf7, 0xc0, 0x01, 0x08, 0x0f,
  0xa4, 0x19, 0xec, 0x1c, 0xec, 0x18, 0x4c, 0x11, 0xc0, 0x09, 0xdc, 0x04,
  0xe4, 0x01, 0x48, 0xff, 0x68, 0xfd, 0xc0, 0xfb, 0x58, 0xfa, 0x9c, 0xf8,
  0x50, 0xf5, 0x74, 0xf3, 0x78, 0xf3, 0x24, 0xf6, 0x38, 0xfe, 0x64, 0x07,
  0xdc, 0x0c, 0x4c, 0x0e, 0x7c, 0x0c, 0xb4, 0x08, 0x7c, 0x04, 0x58, 0x01,
  0x14, 0x01, 0x40, 0x03, 0x60, 0x05, 0x0c, 0x06, 0xe0, 0x03, 0x58, 0xff,
  0x40, 0xfa, 0x84, 0xf6, 0x90, 0xf5, 0x5c, 0xf7, 0x48, 0xfb, 0x54, 0x00,
  0xc4, 0x04, 0x18, 0x07, 0xc4, 0x06, 0x64, 0x04, 0x40, 0x02, 0x9c, 0x02,
  0x8c, 0x05, 0xbc, 0x08, 0xd4, 0x09, 0x30, 0x08, 0x38, 0x04, 0x58, 0xff,
  0xa8, 0xfa, 0xf4, 0xf6, 0x04, 0xf5, 0x5c, 0xf5, 0x24, 0xf8, 0xf8, 0xfb,
  0x7c, 0xff, 0x54, 0x01, 0x8c, 0x01, 0x10, 0x01, 0x94, 0x00, 0xd8, 0x00,
  0x8c, 0x01, 0x94, 0x02, 0x88, 0x03, 0xc4, 0x03, 0x18, 0x03, 0x1c, 0x01,
  0x70, 0xfe, 0xe4, 0xfb, 0x54, 0xfa, 0x58, 0xfa, 0x7c, 0xfb, 0x14, 0xfd,
  0xcc, 0xfd, 0x98, 0xfb, 0x8c, 0xf6, 0x7c, 0xf0, 0x90, 0xea, 0x30, 0xe7,
  0xa4, 0xe7, 0xa8, 0xeb, 0x84, 0xf2, 0x74, 0xfc, 0x60, 0x0b, 0xec, 0x18,
  0xe8, 0x1c, 0x78, 0x1a, 0x70, 0x14, 0x60, 0x0c, 0x20, 0x08, 0xfc, 0x05,
  0x6c, 0x00, 0xb8, 0xfa, 0x80, 0xf8, 0x94, 0xf7, 0xf8, 0xf6, 0x64, 0xf5,
  0x1c, 0xf3, 0xdc, 0xf2, 0x2c, 0xf6, 0xcc, 0xfd, 0x44, 0x07, 0xac, 0x0e,
  0xf0, 0x11, 0x18, 0x11, 0xc0, 0x0d, 0x00, 0x09, 0xf8, 0x03, 0xb8, 0x00,
  0xdc, 0x00, 0x28, 0x03, 0x0c, 0x05, 0x8c, 0x04, 0xf0, 0x00, 0xd4, 0xfb,
  0x4c, 0xf7, 0x48, 0xf5, 0x28, 0xf6, 0x70, 0xf9, 0x78, 0xfe, 0xd4, 0x03,
  0xe8, 0x07, 0x40, 0x09, 0xb4, 0x07, 0xac, 0x04, 0xf0, 0x02, 0x08, 0x04,
  0x30, 0x07, 0x0c, 0x0a, 0x20, 0x0a, 0x78, 0x07, 0xa0, 0x02, 0x18, 0xfd,
  0x54, 0xf8, 0xc4, 0xf4, 0xbc, 0xf3, 0x4c, 0xf5, 0x04, 0xf9, 0x7c, 0xfd,
  0xcc, 0x00, 0x50, 0x02, 0x1c, 0x02, 0x74, 0x01, 0xf0, 0x00, 0x50, 0x01,
  0x30, 0x02, 0x20, 0x03, 0x3c, 0x04, 0xa8, 0x03, 0x00, 0x03, 0x38, 0x01,
  0xd4, 0xfa, 0x20, 0xf4, 0x34, 0xf1, 0xd8, 0xf1, 0x6c, 0xf4, 0x6c, 0xf5,
  0x94, 0xf3, 0xd0, 0xef, 0x40, 0xec, 0x74, 0xeb, 0x04, 0xed, 0x28, 0xf1,
  0x04, 0xf9, 0xa4, 0x05, 0x4c, 0x16, 0x6c, 0x22, 0x48, 0x23, 0x2c, 0x1b,
  0x44, 0x10, 0x50, 0x08, 0x20, 0x04, 0x90, 0x00, 0x5c, 0xfc, 0x00, 0xf9,
  0x34, 0xf7, 0xd4, 0xf5, 0xa8, 0xf3, 0xb4, 0xf0, 0x54, 0xee, 0x44, 0xef,
  0x84, 0xf6, 0x4c, 0x02, 0x5c, 0x0c, 0x28, 0x12, 0xa4, 0x13, 0xc4, 0x11,
  0x9c, 0x0d, 0xb0, 0x08, 0xc8, 0x05, 0x50, 0x05, 0x94, 0x06, 0x9c, 0x07,
  0x6c, 0x06, 0x40, 0x02, 0x60, 0xfb, 0xb8, 0xf4, 0xb4, 0xf1, 0xf4, 0xf1,
  0x40, 0xf5, 0x38, 0xfb, 0xb4, 0x00, 0x30, 0x05, 0x80, 0x07, 0x04, 0x07,
  0x60, 0x05, 0x94, 0x04, 0x68, 0x06, 0x2c, 0x0a, 0x94, 0x0d, 0xec, 0x0d,
  0x3c, 0x0b, 0x4c, 0x06, 0x00, 0xff, 0xb4, 0xf8, 0x50, 0xf5, 0x68, 0xf3,
  0x94, 0xf4, 0x98, 0xf7, 0x4c, 0xfa, 0x24, 0xfd, 0x1c, 0xfe, 0xd0, 0xfd,
  0x78, 0xfe, 0xbc, 0xff, 0x60, 0x01, 0x04, 0x04, 0x04, 0x07, 0x8c, 0x08,
  0x74, 0x07, 0xd0, 0x04, 0x88, 0x00, 0x64, 0xf9, 0x88, 0xf2, 0x40, 0xef,
  0xa8, 0xef, 0xe0, 0xf1, 0x00, 0xf3, 0x14, 0xf1, 0xd8, 0xec, 0xcc, 0xe8,
  0x18, 0xe7, 0x2c, 0xe9, 0x3c, 0xef, 0xd0, 0xf8, 0x28, 0x06, 0x7c, 0x16,
  0x3c, 0x23, 0xa0, 0x25, 0xe8, 0x20, 0x04, 0x18, 0xf8, 0x0b, 0x84, 0x03,
  0x6c, 0xff, 0x38, 0xfd, 0x54, 0xfb, 0xc4, 0xf7, 0x58, 0xf6, 0x84, 0xf5,
  0x58, 0xf2, 0xdc, 0xef, 0x3c, 0xef, 0xdc, 0xf3, 0xa8, 0xfd, 0xd0, 0x08,
  0x0c, 0x12, 0xa8, 0x15, 0x24, 0x14, 0xc0, 0x0f, 0x6c, 0x0b, 0xe4, 0x08,
  0x64, 0x08, 0x54, 0x09, 0x24, 0x0a, 0x08, 0x09, 0x50, 0x04, 0x54, 0xfd,
  0xd0, 0xf5, 0x9c, 0xf0, 0xac, 0xef, 0x70, 0xf2, 0x0c, 0xf8, 0xb8, 0xfd,
  0x14, 0x02, 0x58, 0x04, 0x78, 0x04, 0x44, 0x04, 0xc0, 0x04, 0x84, 0x07,
  0x10, 0x0c, 0x54, 0x10, 0x34, 0x12, 0xf0, 0x0f, 0x40, 0x0a, 0xc4, 0x02,
  0xc4, 0xfb, 0xfc, 0xf6, 0xe0, 0xf4, 0x00, 0xf5, 0x7c, 0xf6, 0xf8, 0xf7,
  0xdc, 0xf8, 0xf4, 0xf8, 0xc4, 0xf8, 0xa4, 0xf9, 0xd8, 0xfb, 0xd0, 0xff,
  0x50, 0x04, 0x24, 0x08, 0x6c, 0x0a, 0x38, 0x0a, 0x38, 0x07, 0xe4, 0x00,
  0xc0, 0xf9, 0xa4, 0xf4, 0xf4, 0xf2, 0x38, 0xf3, 0x84, 0xf2, 0xec, 0xef,
  0x20, 0xea, 0xe8, 0xe4, 0x04, 0xe2, 0xec, 0xe1, 0xb4, 0xe9, 0xec, 0xf1,
  0xb4, 0xf9, 0xd4, 0x0b, 0x8c, 0x1e, 0x24, 0x28, 0xd4, 0x28, 0xd4, 0x1f,
  0x8c, 0x12, 0x94, 0x07, 0xac, 0x02, 0x5c, 0x01, 0xcc, 0xff, 0x34, 0xfe,
  0xfc, 0xfb, 0xd8, 0xf8, 0xec, 0xf4, 0x94, 0xef, 0x54, 0xeb, 0x9c, 0xed,
  0xd4, 0xf6, 0xd0, 0x02, 0xdc, 0x0d, 0xcc, 0x13, 0x70, 0x13, 0xb4, 0x0f,
  0xf0, 0x0b, 0xf0, 0x09, 0x58, 0x0a, 0x90, 0x0c, 0xb0, 0x0e, 0x38, 0x0e,
  0x10, 0x0a, 0x6c, 0x02, 0xf4, 0xf8, 0xcc, 0xf1, 0xc4, 0xee, 0x40, 0xf0,
  0x04, 0xf5, 0x7c, 0xfa, 0xa8, 0xfe, 0x90, 0x00, 0xdc, 0x00, 0xc8, 0x00,
  0x00, 0x02, 0xc0, 0x05, 0x94, 0x0b, 0x58, 0x11, 0x94, 0x14, 0xac, 0x13,
  0x80, 0x0e, 0xf0, 0x06, 0xb0, 0xff, 0x04, 0xfa, 0x38, 0xf7, 0xa8, 0xf6,
  0xf0, 0xf6, 0x78, 0xf7, 0xec, 0xf6, 0xe0, 0xf5, 0xec, 0xf4, 0x28, 0xf5,
  0xc0, 0xf7, 0x18, 0xfc, 0xa4, 0x01, 0xa0, 0x06, 0xdc, 0x09, 0x6c, 0x0a,
  0x98, 0x07, 0xdc, 0x01, 0x28, 0xfb, 0x68, 0xf6, 0x84, 0xf4, 0x10, 0xf4,
  0xd8, 0xf2, 0xe0, 0xee, 0x6c, 0xe8, 0xfc, 0xe1, 0xd8, 0xdd, 0x40, 0xde,
  0x34, 0xe4, 0x74, 0xec, 0x84, 0xf7, 0xa8, 0x09, 0x68, 0x1d, 0xec, 0x29,
  0xf0, 0x2b, 0xfc, 0x23, 0x0c, 0x17, 0xdc, 0x0b, 0x18, 0x06, 0x2c, 0x04,
  0xe8, 0x02, 0x1c, 0x01, 0x10, 0xfe, 0xac, 0xf9, 0x10, 0xf4, 0x80, 0xed,
  0x28, 0xe9, 0x24, 0xeb, 0xf8, 0xf3, 0xa4, 0x00, 0x0c, 0x0c, 0xa8, 0x12,
  0x84, 0x13, 0xf4, 0x0f, 0x60, 0x0d, 0x70, 0x0c, 0x08, 0x0b, 0x2c, 0x0b,
  0x80, 0x0c, 0xc4, 0x0c, 0x28, 0x0a, 0xdc, 0x03, 0xdc, 0xfa, 0x8c, 0xf2,
  0x64, 0xee, 0x20, 0xef, 0xa8, 0xf3, 0x4c, 0xf9, 0x3c, 0xfe, 0xa0, 0x00,
  0xa8, 0x01, 0xac, 0x02, 0x58, 0x03, 0xa4, 0x07, 0xd8, 0x0c, 0x3c, 0x0f,
  0x80, 0x10, 0x60, 0x0f, 0xc0, 0x0b, 0x90, 0x06, 0xa4, 0x00, 0x64, 0xfb,
  0x6c, 0xf7, 0xb4, 0xf5, 0xdc, 0xf5, 0x0c, 0xf6, 0xa0, 0xf6, 0xc0, 0xf6,
  0x90, 0xf6, 0xf0, 0xf7, 0x74, 0xfa, 0xe4, 0xfd, 0x14, 0x02, 0xfc, 0x05,
  0xe4, 0x08, 0xc4, 0x09, 0x28, 0x08, 0x18, 0x04, 0x34, 0xfe, 0xd8, 0xf8,
  0x70, 0xf5, 0x8c, 0xf3, 0x2c, 0xf2, 0x48, 0xef, 0x8c, 0xea, 0x6c, 0xe5,
  0x98, 0xe1, 0x5c, 0xe1, 0x6c, 0xe4, 0xcc, 0xeb, 0x94, 0xf4, 0xf4, 0xff,
  0xe8, 0x13, 0xc4, 0x24, 0x40, 0x29, 0x60, 0x25, 0x58, 0x1b, 0xc0, 0x10,
  0x60, 0x0a, 0x04, 0x07, 0x78, 0x04, 0xf8, 0xff, 0x5c, 0xfb, 0x7c, 0xf7,
  0xa8, 0xf3, 0xa4, 0xf0, 0x40, 0xed, 0xe0, 0xec, 0x48, 0xf3, 0xf0, 0xfd,
  0x9c, 0x08, 0x14, 0x10, 0x90, 0x12, 0x00, 0x11, 0x74, 0x0e, 0x48, 0x0d,
  0x20, 0x0c, 0x14, 0x0a, 0x58, 0x08, 0xc4, 0x06, 0x9c, 0x04, 0xe0, 0x00,
  0xd8, 0xfa, 0x60, 0xf4, 0x68, 0xf0, 0x9c, 0xf0, 0x3c, 0xf4, 0x90, 0xf9,
  0x60, 0xfe, 0x50, 0x01, 0x34, 0x03, 0xc0, 0x04, 0xa8, 0x06, 0x00, 0x09,
  0xe4, 0x0b, 0xc0, 0x0d, 0x20, 0x0d, 0x24, 0x0b, 0x90, 0x07, 0x00, 0x03,
  0x88, 0xfe, 0x74, 0xfa, 0xa8, 0xf7, 0x0c, 0xf6, 0xd0, 0xf5, 0x64, 0xf6,
  0x1c, 0xf7, 0x54, 0xf8, 0x78, 0xf9, 0x68, 0xfb, 0x38, 0xfe, 0x6c, 0x01,
  0xa0, 0x04, 0x24, 0x07, 0xa8, 0x08, 0xac, 0x08, 0x1c, 0x07, 0xf8, 0x03,
  0x6c, 0xff, 0x84, 0xfa, 0x58, 0xf6, 0x70, 0xf3, 0x98, 0xf1, 0x28, 0xef,
  0x54, 0xec, 0xa0, 0xe8, 0x84, 0xe5, 0x70, 0xe6, 0xd8, 0xe6, 0xb4, 0xe7,
  0x90, 0xec, 0x08, 0xf5, 0x84, 0x07, 0x54, 0x1e, 0xa4, 0x2b, 0xec, 0x2b,
  0x24, 0x22, 0x40, 0x16, 0xe4, 0x0d, 0x08, 0x0a, 0x1c, 0x08, 0xbc, 0x03,
  0x0c, 0xfe, 0x7c, 0xf9, 0x78, 0xf5, 0xb8, 0xf1, 0x74, 0xed, 0x74, 0xea,
  0x90, 0xed, 0x98, 0xf7, 0x30, 0x04, 0x28, 0x0e, 0x7c, 0x12, 0xe4, 0x11,
  0x30, 0x0f, 0x74, 0x0d, 0x14, 0x0d, 0xe4, 0x0b, 0xf8, 0x09, 0x08, 0x08,
  0xd4, 0x05, 0x90, 0x02, 0x04, 0xfd, 0xfc, 0xf5, 0x8c, 0xf0, 0x44, 0xef,
  0x94, 0xf2, 0x24, 0xf8, 0x78, 0xfd, 0xd8, 0x00, 0x6c, 0x02, 0xd0, 0x03,
  0xb0, 0x05, 0x14, 0x08, 0xb0, 0x0a, 0x14, 0x0d, 0xdc, 0x0d, 0xc8, 0x0c,
  0x9c, 0x09, 0xb8, 0x04, 0x6c, 0xff, 0xb8, 0xfa, 0xe4, 0xf7, 0x9c, 0xf6,
  0x94, 0xf6, 0x0c, 0xf7, 0x78, 0xf7, 0x30, 0xf8, 0x2c, 0xf9, 0xc0, 0xfa,
  0x38, 0xfd, 0x6c, 0x00, 0xf0, 0x03, 0x00, 0x07, 0xe8, 0x08, 0x00, 0x09,
  0x10, 0x07, 0x7c, 0x03, 0xc0, 0xfe, 0x1c, 0xfa, 0x10, 0xf6, 0x44, 0xf3,
  0x10, 0xf1, 0x50, 0xee, 0x44, 0xeb, 0x38, 0xe7, 0x58, 0xe4, 0xac, 0xe3,
  0xe4, 0xe2, 0xa4, 0xe4, 0x2c, 0xea, 0x00, 0xf2, 0xe8, 0x01, 0xa8, 0x17,
  0xa0, 0x27, 0x18, 0x2c, 0xc4, 0x25, 0x0c, 0x1b, 0xe0, 0x11, 0xf4, 0x0c,
  0xc4, 0x0a, 0x34, 0x07, 0x18, 0x02, 0x8c, 0xfc, 0x6c, 0xf7, 0x38, 0xf3,
  0x38, 0xef, 0xec, 0xeb, 0x5c, 0xed, 0xe0, 0xf5, 0xa0, 0x01, 0x08, 0x0c,
  0xb0, 0x11, 0xac, 0x11, 0x94, 0x0f, 0x68, 0x0d, 0xc0, 0x0b, 0xc8, 0x0d,
  0xe8, 0x10, 0x74, 0x10, 0x24, 0x0d, 0x00, 0x07, 0x34, 0xff, 0x5c, 0xf7,
  0x00, 0xf2, 0x0c, 0xf1, 0x10, 0xf3, 0x48, 0xf7, 0x74, 0xfb, 0x38, 0xfe,
  0xcc, 0xff, 0x50, 0x00, 0x54, 0x01, 0x68, 0x04, 0x28, 0x09, 0x60, 0x0d,
  0x64, 0x0f, 0xa8, 0x0e, 0x18, 0x0b, 0xd8, 0x05, 0x98, 0x00, 0x64, 0xfc,
  0x94, 0xf9, 0x30, 0xf8, 0xec, 0xf7, 0x08, 0xf8, 0xf8, 0xf7, 0xa4, 0xf7,
  0x4c, 0xf7, 0x40, 0xf8, 0x00, 0xfb, 0xc8, 0xfe, 0x34, 0x03, 0xa8, 0x06,
  0x84, 0x08, 0x74, 0x08, 0x6c, 0x06, 0x58, 0x03, 0x34, 0xff, 0x28, 0xfb,
  0xe4, 0xf7, 0x44, 0xf5, 0x1c, 0xf3, 0x10, 0xf0, 0x30, 0xec, 0x14, 0xe8,
  0xec, 0xe4, 0xe0, 0xe3, 0xf8, 0xe3, 0x24, 0xe6, 0xa8, 0xea, 0x6c, 0xf2,
  0x00, 0x00, 0x18, 0x11, 0x28, 0x1f, 0x5c, 0x24, 0x1c, 0x21, 0x04, 0x1a,
  0xe0, 0x11, 0xa4, 0x0d, 0xbc, 0x0e, 0xf0, 0x0d, 0x48, 0x09, 0x68, 0x02,
  0x10, 0xfb, 0xac, 0xf5, 0xd0, 0xf1, 0x30, 0xf0, 0xa0, 0xf1, 0xdc, 0xf6,
  0x10, 0xff, 0xa4, 0x06, 0x80, 0x0b, 0x64, 0x0c, 0x50, 0x0a, 0xac, 0x08,
  0x00, 0x0a, 0x40, 0x0e, 0x88, 0x12, 0x8c, 0x13, 0x0c, 0x10, 0x94, 0x09,
  0xd4, 0x01, 0x2c, 0xfb, 0xd4, 0xf6, 0x20, 0xf5, 0x1c, 0xf6, 0x2c, 0xf8,
  0xc4, 0xfa, 0x1c, 0xfc, 0x28, 0xfc, 0xf4, 0xfb, 0xf4, 0xfc, 0xd0, 0x00,
  0xe8, 0x05, 0xec, 0x0a, 0x78, 0x0d, 0x90, 0x0c, 0x24, 0x0a, 0x5c, 0x05,
  0xd8, 0x00, 0x04, 0x01, 0x24, 0x02, 0x88, 0x01, 0x7c, 0xff, 0x40, 0xfc,
  0x38, 0xf9, 0x44, 0xf7, 0x04, 0xf7, 0x0c, 0xf8, 0xd0, 0xf9, 0x68, 0xfc,
  0x7c, 0xff, 0x08, 0x02, 0x9c, 0x03, 0x04, 0x03, 0x28, 0x01, 0x00, 0x00,
  0xfc, 0xfe, 0xa4, 0xfd, 0xdc, 0xfb, 0x58, 0xf9, 0xec, 0xf5, 0xd4, 0xf1,
  0xb0, 0xed, 0xc4, 0xe9, 0xb0, 0xe6, 0x10, 0xe5, 0x30, 0xe4, 0x54, 0xe5,
  0x10, 0xe8, 0x34, 0xed, 0x78, 0xfa, 0x70, 0x0c, 0x8c, 0x19, 0x38, 0x1e,
  0x90, 0x1b, 0x2c, 0x16, 0x88, 0x12, 0x20, 0x13, 0x54, 0x16, 0x48, 0x16,
  0x78, 0x11, 0x38, 0x09, 0xcc, 0x01, 0x64, 0xfc, 0x8c, 0xf4, 0x60, 0xee,
  0xa8, 0xee, 0xcc, 0xf3, 0xf8, 0xfa, 0x18, 0x00, 0xb8, 0x01, 0x84, 0x00,
  0x78, 0xff, 0x04, 0x02, 0x98, 0x07, 0x6c, 0x0e, 0x7c, 0x13, 0xcc, 0x14,
  0x00, 0x13, 0x80, 0x0e, 0xe4, 0x07, 0xc4, 0x01, 0x60, 0xfe, 0x7c, 0xfd,
  0xa8, 0xfd, 0x64, 0xfd, 0xe4, 0xfb, 0x04, 0xf9, 0x84, 0xf6, 0x18, 0xf6,
  0x28, 0xf8, 0x58, 0xfc, 0x1c, 0x01, 0x30, 0x05, 0x94, 0x07, 0xac, 0x07,
  0x38, 0x06, 0x10, 0x04, 0xbc, 0x03, 0x94, 0x06, 0x94, 0x09, 0x0c, 0x0a,
  0xf0, 0x06, 0xb4, 0x01, 0xe8, 0xfc, 0x08, 0xfa, 0x84, 0xf9, 0xf0, 0xf9,
  0x90, 0xfa, 0x1c, 0xfb, 0x90, 0xfb, 0xf4, 0xfb, 0xb0, 0xfb, 0xf8, 0xfa,
  0x74, 0xfa, 0xdc, 0xfa, 0xbc, 0xfb, 0x04, 0xfc, 0x3c, 0xfb, 0x28, 0xf9,
  0x34, 0xf6, 0xe0, 0xf2, 0x00, 0xf0, 0x54, 0xed, 0x4c, 0xeb, 0xc8, 0xe9,
  0x98, 0xe8, 0x70, 0xe9, 0x44, 0xec, 0x9c, 0xf3, 0x30, 0x02, 0x20, 0x11,
  0xf8, 0x17, 0x34, 0x17, 0xc8, 0x12, 0x94, 0x0f, 0xd0, 0x10, 0xc8, 0x14,
  0x80, 0x17, 0xf4, 0x14, 0x54, 0x0e, 0x04, 0x07, 0x84, 0x00, 0x84, 0xfa,
  0xa8, 0xf4, 0x04, 0xf2, 0x5c, 0xf4, 0xc4, 0xf8, 0x1c, 0xfc, 0xfc, 0xfc,
  0xe0, 0xfa, 0x24, 0xfb, 0x48, 0x00, 0x54, 0x06, 0x10, 0x0c, 0xa4, 0x0f,
  0xe0, 0x10, 0xa4, 0x10, 0xac, 0x0e, 0xb4, 0x0b, 0x68, 0x07, 0xec, 0x03,
  0x80, 0x02, 0x80, 0x01, 0x48, 0x00, 0x68, 0xfd, 0x70, 0xf9, 0xcc, 0xf6,
  0x70, 0xf6, 0x0c, 0xf8, 0xa0, 0xfa, 0x7c, 0xfd, 0xf8, 0xff, 0x98, 0x01,
  0x68, 0x02, 0x70, 0x02, 0x40, 0x02, 0x08, 0x03, 0xb0, 0x05, 0xd0, 0x08,
  0xc4, 0x09, 0xa8, 0x07, 0x7c, 0x03, 0xb4, 0xff, 0xb4, 0xfd, 0x3c, 0xfd,
  0x74, 0xfd, 0x14, 0xfd, 0x58, 0xfc, 0x5c, 0xfb, 0x58, 0xfa, 0x24, 0xfa,
  0xfc, 0xf8, 0x68, 0xf7, 0x34, 0xf8, 0xb4, 0xf8, 0xe0, 0xf8, 0x70, 0xf9,
  0x88, 0xf7, 0x50, 0xf5, 0x78, 0xf3, 0xb4, 0xf1, 0x80, 0xf0, 0xa0, 0xef,
  0x84, 0xee, 0xc8, 0xec, 0x04, 0xed, 0x5c, 0xee, 0xc4, 0xf0, 0x7c, 0xfa,
  0xf8, 0x09, 0x14, 0x15, 0xa8, 0x16, 0x1c, 0x12, 0x88, 0x0d, 0x68, 0x0c,
  0x5c, 0x10, 0x70, 0x15, 0x30, 0x15, 0x10, 0x10, 0xb0, 0x09, 0xf8, 0x02,
  0x00, 0xfe, 0xe4, 0xf9, 0x78, 0xf5, 0x74, 0xf5, 0xe0, 0xf8, 0x50, 0xfc,
  0x20, 0xfd, 0x00, 0xfb, 0x3c, 0xfb, 0xa0, 0xfe, 0x54, 0x03, 0xb4, 0x08,
  0xac, 0x0c, 0x44, 0x0e, 0x60, 0x0e, 0x0c, 0x0d, 0x64, 0x0b, 0xfc, 0x08,
  0xf0, 0x04, 0x54, 0x03, 0x38, 0x03, 0x90, 0x01, 0x10, 0xff, 0x78, 0xfb,
  0xdc, 0xf8, 0x24, 0xf8, 0x6c, 0xf8, 0x54, 0xfa, 0x80, 0xfc, 0x48, 0xfe,
  0xa4, 0xff, 0x70, 0x00, 0xf8, 0x00, 0xe4, 0x00, 0xb8, 0x01, 0xf8, 0x03,
  0x28, 0x06, 0xc8, 0x07, 0x14, 0x07, 0x14, 0x04, 0x18, 0x01, 0x1c, 0xff,
  0xc0, 0xfe, 0xdc, 0xfe, 0x0c, 0xfe, 0x30, 0xfd, 0xb0, 0xfc, 0xcc, 0xfb,
  0x64, 0xfa, 0x98, 0xf9, 0x1c, 0xfa, 0xd4, 0xfa, 0x20, 0xfb, 0x80, 0xfa,
  0xe4, 0xf8, 0xe4, 0xf6, 0xe8, 0xf4, 0x84, 0xf3, 0xdc, 0xf1, 0xbc, 0xef,
  0x9c, 0xed, 0x84, 0xeb, 0xc0, 0xea, 0x1c, 0xeb, 0xec, 0xeb, 0x14, 0xf1,
  0xa8, 0xfd, 0xf4, 0x0b, 0x84, 0x14, 0x50, 0x15, 0x64, 0x11, 0x30, 0x0e,
  0x10, 0x0f, 0x78, 0x13, 0xd4, 0x16, 0xc0, 0x15, 0x7c, 0x10, 0x78, 0x09,
  0x1c, 0x03, 0x74, 0xfd, 0x9c, 0xf8, 0xf4, 0xf5, 0xc8, 0xf6, 0xa8, 0xf9,
  0x08, 0xfb, 0xb0, 0xfb, 0x6c, 0xfb, 0x94, 0xf9, 0xd0, 0xfa, 0x28, 0x00,
  0xb8, 0x06, 0xbc, 0x0b, 0xe4, 0x0d, 0xf0, 0x0d, 0x20, 0x0b, 0xa4, 0x08,
  0xac, 0x09, 0x38, 0x0a, 0x50, 0x09, 0x34, 0x07, 0xac, 0x03, 0xc0, 0x00,
  0x2c, 0xfe, 0x08, 0xfc, 0xc8, 0xfa, 0x68, 0xfa, 0x38, 0xfb, 0x38, 0xfc,
  0x88, 0xfd, 0x58, 0xfe, 0xfc, 0xfd, 0xec, 0xfd, 0xf0, 0xfe, 0xf0, 0x00,
  0x40, 0x03, 0x88, 0x05, 0x70, 0x06, 0x98, 0x05, 0x90, 0x03, 0x74, 0x01,
  0x20, 0x00, 0xb8, 0xff, 0xd0, 0xff, 0x60, 0xff, 0x88, 0xfe, 0xf8, 0xfc,
  0x60, 0xfb, 0x4c, 0xfa, 0xa4, 0xf9, 0xa0, 0xf9, 0xa8, 0xf8, 0xa8, 0xf6,
  0xc0, 0xf5, 0x4c, 0xf5, 0x28, 0xf4, 0xbc, 0xf2, 0xec, 0xf0, 0xe0, 0xee,
  0x60, 0xed, 0x98, 0xec, 0x74, 0xeb, 0xd8, 0xea, 0xc0, 0xeb, 0x8c, 0xec,
  0x10, 0xf1, 0x1c, 0xfd, 0x9c, 0x0a, 0x70, 0x11, 0x18, 0x10, 0x2c, 0x0c,
  0x18, 0x0b, 0x8c, 0x0e, 0x00, 0x15, 0xb0, 0x18, 0x44, 0x17, 0x74, 0x13,
  0x10, 0x0e, 0x6c, 0x08, 0x38, 0x04, 0x18, 0x00, 0xd4, 0xfc, 0xdc, 0xfc,
  0x80, 0xfe, 0x94, 0xfe, 0x64, 0xfb, 0x24, 0xf7, 0x38, 0xf5, 0x2c, 0xf6,
  0x88, 0xfa, 0x50, 0x00, 0x74, 0x04, 0xac, 0x06, 0x74, 0x06, 0xbc, 0x05,
  0x6c, 0x07, 0x44, 0x0a, 0x90, 0x0c, 0xe0, 0x0d, 0x94, 0x0d, 0xac, 0x0b,
  0xf8, 0x08, 0x70, 0x06, 0x58, 0x04, 0xa4, 0x02, 0x88, 0x01, 0xc4, 0x00,
  0x08, 0x00, 0xc8, 0xfe, 0xec, 0xfc, 0xfc, 0xfa, 0xe8, 0xf9, 0x7c, 0xfa,
  0x68, 0xfc, 0x70, 0xfe, 0x2c, 0x00, 0x64, 0x01, 0x18, 0x01, 0x3c, 0x00,
  0xe4, 0xff, 0x8c, 0x00, 0x00, 0x02, 0xd8, 0x02, 0xb4, 0x02, 0x34, 0x02,
  0x60, 0x01, 0x94, 0xff, 0xac, 0xfd, 0x0c, 0xfd, 0x30, 0xfc, 0x98, 0xfa,
  0x8c, 0xf9, 0xbc, 0xf8, 0x68, 0xf7, 0x98, 0xf4, 0x3c, 0xf1, 0x5c, 0xee,
  0x64, 0xec, 0x10, 0xec, 0x1c, 0xeb, 0xa4, 0xe9, 0x3c, 0xe9, 0x68, 0xe9,
  0xf4, 0xec, 0x28, 0xf6, 0x80, 0x01, 0xa8, 0x08, 0x84, 0x09, 0xe4, 0x07,
  0x94, 0x07, 0x18, 0x0c, 0xf4, 0x13, 0x7c, 0x19, 0x94, 0x1a, 0xc0, 0x17,
  0xe0, 0x13, 0x58, 0x10, 0x08, 0x0d, 0x48, 0x0a, 0x58, 0x07, 0x5c, 0x05,
  0xd4, 0x04, 0x30, 0x03, 0x30, 0xff, 0x18, 0xfa, 0xd8, 0xf5, 0x88, 0xf4,
  0x10, 0xf7, 0x5c, 0xfb, 0x30, 0xfd, 0xa8, 0xfb, 0x38, 0xfa, 0x7c, 0xfb,
  0x20, 0xff, 0x40, 0x03, 0x50, 0x06, 0xbc, 0x07, 0x54, 0x08, 0x20, 0x09,
  0x84, 0x09, 0x28, 0x09, 0x90, 0x08, 0x18, 0x08, 0x3c, 0x08, 0x8c, 0x08,
  0xc8, 0x07, 0x48, 0x05, 0x28, 0x02, 0x04, 0x00, 0x08, 0xff, 0x8c, 0xfe,
  0x38, 0xfe, 0x4c, 0xfe, 0x54, 0xfe, 0xcc, 0xfd, 0xe0, 0xfc, 0xd8, 0xfb,
  0x8c, 0xfb, 0x24, 0xfc, 0x10, 0xfd, 0x6c, 0xfe, 0x68, 0xff, 0x28, 0xff,
  0x84, 0xfe, 0x1c, 0xfe, 0x3c, 0xfe, 0x78, 0xfe, 0x10, 0xfe, 0x40, 0xfd,
  0x20, 0xfc, 0x90, 0xfa, 0x44, 0xf8, 0x48, 0xf5, 0xa4, 0xf2, 0x8c, 0xf0,
  0x9c, 0xee, 0x94, 0xec, 0x50, 0xea, 0x5c, 0xe8, 0x14, 0xe7, 0x80, 0xe7,
  0xc4, 0xea, 0x38, 0xf2, 0x2c, 0xfc, 0xfc, 0x00, 0x70, 0xff, 0xe0, 0xfd,
  0x80, 0x00, 0xe0, 0x07, 0x64, 0x10, 0xc8, 0x15, 0x98, 0x16, 0xec, 0x14,
  0x90, 0x13, 0xfc, 0x11, 0x64, 0x10, 0x48, 0x0f, 0xc4, 0x0d, 0x9c, 0x0c,
  0xb8, 0x0b, 0x5c, 0x09, 0xbc, 0x04, 0xf8, 0xfe, 0x10, 0xfb, 0xfc, 0xf9,
  0x04, 0xfb, 0x44, 0xfd, 0xb8, 0xfc, 0x20, 0xf7, 0xa0, 0xf1, 0xb4, 0xf1,
  0xd0, 0xf6, 0xe0, 0xfc, 0x20, 0x00, 0x00, 0x00, 0x14, 0xff, 0xf8, 0xff,
  0x04, 0x02, 0xac, 0x03, 0x80, 0x05, 0xc8, 0x07, 0xc4, 0x09, 0x20, 0x0b,
  0x38, 0x0b, 0x50, 0x09, 0xa4, 0x06, 0x44, 0x05, 0x8c, 0x05, 0x68, 0x06,
  0xa8, 0x06, 0x70, 0x05, 0x20, 0x03, 0x1c, 0x01, 0xb4, 0xff, 0x6c, 0xfe,
  0x6c, 0xfd, 0x2c, 0xfd, 0x6c, 0xfd, 0x88, 0xfd, 0x34, 0xfd, 0x48, 0xfc,
  0x18, 0xfb, 0xbc, 0xfa, 0x58, 0xfb, 0x1c, 0xfc, 0x90, 0xfc, 0x28, 0xfc,
  0xd8, 0xfa, 0x54, 0xf9, 0xe4, 0xf7, 0x98, 0xf6, 0x14, 0xf5, 0xc4, 0xf3,
  0xb8, 0xf2, 0x14, 0xf1, 0xfc, 0xee, 0x14, 0xed, 0x08, 0xec, 0x78, 0xec,
  0x94, 0xef, 0x68, 0xf5, 0xc0, 0xfb, 0x84, 0xff, 0x20, 0xff, 0x98, 0xfd,
  0x24, 0xff, 0xb0, 0x04, 0xc0, 0x0b, 0xac, 0x10, 0x00, 0x12, 0xb4, 0x10,
  0x60, 0x0f, 0x9c, 0x0e, 0x7c, 0x0d, 0x84, 0x0d, 0xc8, 0x0e, 0xa4, 0x0f,
  0x68, 0x0e, 0x94, 0x0a, 0x08, 0x06, 0x54, 0x02, 0x70, 0x00, 0x3c, 0x00,
  0x40, 0x00, 0x28, 0x00, 0x78, 0xfe, 0xdc, 0xf9, 0xe0, 0xf4, 0x64, 0xf3,
  0x78, 0xf6, 0x88, 0xfa, 0x28, 0xfc, 0x44, 0xfb, 0x30, 0xfa, 0x0c, 0xfb,
  0x10, 0xfd, 0xf4, 0xfe, 0x5c, 0x00, 0x14, 0x02, 0xd0, 0x04, 0x44, 0x07,
  0x18, 0x08, 0x48, 0x07, 0x14, 0x06, 0xd0, 0x05, 0xac, 0x06, 0x18, 0x08,
  0xb0, 0x08, 0xb4, 0x07, 0x18, 0x06, 0xc8, 0x04, 0xb0, 0x03, 0x54, 0x02,
  0x18, 0x01, 0x58, 0x00, 0xf0, 0xff, 0xa0, 0xff, 0xe0, 0xfe, 0x8c, 0xfd,
  0x30, 0xfc, 0x50, 0xfb, 0x5c, 0xfb, 0xdc, 0xfb, 0xb0, 0xfb, 0x1c, 0xfb,
  0x24, 0xfa, 0xf0, 0xf8, 0xd0, 0xf7, 0xa8, 0xf6, 0xa8, 0xf5, 0x80, 0xf4,
  0x24, 0xf3, 0xe4, 0xf1, 0x68, 0xf0, 0x44, 0xef, 0x18, 0xef, 0x10, 0xf0,
  0x20, 0xf3, 0x74, 0xf8, 0x8c, 0xfd, 0x2c, 0xff, 0xac, 0xfd, 0x00, 0xfd,
  0xe4, 0xff, 0xd0, 0x05, 0xf8, 0x0b, 0x48, 0x0f, 0x38, 0x0f, 0xf4, 0x0d,
  0x5c, 0x0d, 0x68, 0x0d, 0x08, 0x0e, 0x74, 0x0f, 0xb8, 0x10, 0x9c, 0x10,
  0xf0, 0x0e, 0xc8, 0x0b, 0x9c, 0x07, 0x80, 0x04, 0xcc, 0x03, 0x48, 0x04,
  0x40, 0x04, 0x98, 0x02, 0x94, 0xfe, 0x68, 0xf9, 0x54, 0xf6, 0xc4, 0xf6,
  0x08, 0xf9, 0x90, 0xfa, 0x78, 0xf9, 0xcc, 0xf6, 0x80, 0xf5, 0xec, 0xf6,
  0x9c, 0xf9, 0x70, 0xfb, 0xd4, 0xfc, 0x88, 0xfe, 0x60, 0x00, 0x60, 0x02,
  0x98, 0x03, 0xc0, 0x03, 0x34, 0x04, 0xf0, 0x05, 0x24, 0x08, 0x90, 0x09,
  0xc4, 0x09, 0xc0, 0x08, 0x74, 0x07, 0x34, 0x07, 0x90, 0x07, 0xdc, 0x06,
  0x48, 0x05, 0x0c, 0x04, 0x2c, 0x03, 0x18, 0x02, 0xa8, 0x00, 0x04, 0xff,
  0x98, 0xfd, 0xcc, 0xfc, 0x54, 0xfc, 0xc8, 0xfb, 0xc0, 0xfa, 0x3c, 0xf9,
  0xe0, 0xf7, 0xc8, 0xf6, 0x30, 0xf6, 0xbc, 0xf5, 0x90, 0xf4, 0x24, 0xf3,
  0xfc, 0xf1, 0xf8, 0xf0, 0x6c, 0xf0, 0xcc, 0xf0, 0xb4, 0xf1, 0x44, 0xf3,
  0xb8, 0xf6, 0x00, 0xfb, 0xfc, 0xfc, 0x94, 0xfc, 0x84, 0xfc, 0x7c, 0xfe,
  0xd0, 0x02, 0x28, 0x08, 0x64, 0x0b, 0xc4, 0x0b, 0x64, 0x0b, 0x64, 0x0b,
  0xc0, 0x0b, 0xe0, 0x0c, 0xac, 0x0e, 0x90, 0x0f, 0x1c, 0x0f, 0x24, 0x0e,
  0x44, 0x0c, 0x3c, 0x09, 0xa0, 0x06, 0xf0, 0x05, 0xe8, 0x06, 0xd8, 0x07,
  0x60, 0x06, 0x9c, 0x01, 0x1c, 0xfc, 0x9c, 0xf9, 0xb0, 0xfa, 0xe8, 0xfc,
  0x44, 0xfd, 0xc4, 0xfa, 0x8c, 0xf7, 0x48, 0xf6, 0x4c, 0xf7, 0xdc, 0xf8,
  0xd4, 0xf9, 0xc8, 0xfa, 0x5c, 0xfc, 0x38, 0xfe, 0x8c, 0xff, 0xa8, 0xff,
  0x6c, 0xff, 0xe8, 0x00, 0xd4, 0x03, 0x6c, 0x06, 0xc4, 0x07, 0xc4, 0x07,
  0xf8, 0x06, 0x8c, 0x06, 0x54, 0x07, 0x58, 0x08, 0x34, 0x08, 0x14, 0x07,
  0x2c, 0x06, 0x9c, 0x05, 0xb0, 0x04, 0x14, 0x03, 0x40, 0x01, 0x00, 0x00,
  0x8c, 0xff, 0x3c, 0xff, 0xec, 0xfd, 0xcc, 0xfb, 0xf8, 0xf9, 0x90, 0xf8,
  0x94, 0xf7, 0xf0, 0xf6, 0x0c, 0xf6, 0xb0, 0xf4, 0x4c, 0xf3, 0x24, 0xf2,
  0x48, 0xf1, 0xe8, 0xf0, 0xc4, 0xf0, 0x74, 0xf1, 0x98, 0xf3, 0x28, 0xf6,
  0xb0, 0xf7, 0xc0, 0xf7, 0xb8, 0xf7, 0x14, 0xf9, 0x48, 0xfc, 0x68, 0x00,
  0x28, 0x03, 0x18, 0x04, 0xa4, 0x04, 0xd0, 0x05, 0x50, 0x07, 0x60, 0x08,
  0xd8, 0x09, 0xfc, 0x0b, 0xf0, 0x0d, 0x94, 0x0e, 0x24, 0x0d, 0x9c, 0x0a,
  0xf8, 0x08, 0x38, 0x09, 0x70, 0x0a, 0x84, 0x0a, 0x84, 0x08, 0xf0, 0x04,
  0x94, 0x01, 0x3c, 0x00, 0x14, 0x00, 0xa0, 0xff, 0x28, 0xfe, 0xec, 0xfb,
  0x48, 0xfa, 0xe4, 0xf9, 0x1c, 0xfa, 0x00, 0xfa, 0x80, 0xf9, 0xac, 0xf9,
  0xa8, 0xfa, 0x10, 0xfc, 0x50, 0xfd, 0xa4, 0xfd, 0x84, 0xfd, 0x70, 0xfe,
  0xd0, 0x00, 0xa4, 0x02, 0xb4, 0x02, 0xc4, 0x01, 0x18, 0x01, 0x10, 0x02,
  0x2c, 0x04, 0x28, 0x05, 0x70, 0x04, 0x4c, 0x03, 0xe8, 0x02, 0xe8, 0x02,
  0x94, 0x02, 0xf8, 0x01, 0x10, 0x01, 0x98, 0x00, 0xc8, 0x00, 0x88, 0x00,
  0x88, 0xff, 0x10, 0xfe, 0xa0, 0xfc, 0xcc, 0xfb, 0xb4, 0xfb, 0xd4, 0xfb,
  0x54, 0xfb, 0x54, 0xfa, 0x5c, 0xf9, 0x74, 0xf8, 0xd4, 0xf7, 0xe4, 0xf7,
  0xbc, 0xf8, 0x10, 0xfa, 0x40, 0xfb, 0xa0, 0xfb, 0x08, 0xfb, 0x08, 0xfb,
  0xd0, 0xfc, 0x54, 0xff, 0x5c, 0x01, 0x94, 0x02, 0x04, 0x03, 0x40, 0x03,
  0x08, 0x04, 0x24, 0x05, 0x2c, 0x06, 0x9c, 0x07, 0x78, 0x09, 0x94, 0x0a,
  0xa0, 0x0a, 0x40, 0x0a, 0xa8, 0x09, 0x0c, 0x09, 0x1c, 0x09, 0xa8, 0x09,
  0x88, 0x09, 0x4c, 0x08, 0x9c, 0x06, 0x3c, 0x05, 0xbc, 0x04, 0x98, 0x04,
  0x74, 0x03, 0x58, 0x01, 0xbc, 0xff, 0x3c, 0xff, 0x2c, 0xff, 0xc0, 0xfe,
  0xd8, 0xfd, 0xd4, 0xfc, 0x60, 0xfc, 0xd0, 0xfc, 0x64, 0xfd, 0x48, 0xfd,
  0x18, 0xfd, 0x7c, 0xfd, 0x54, 0xfe, 0x48, 0xff, 0x6c, 0xff, 0x80, 0xfe,
  0xcc, 0xfd, 0x8c, 0xfe, 0x54, 0x00, 0x98, 0x01, 0x9c, 0x01, 0xbc, 0x00,
  0xe4, 0xff, 0x00, 0x00, 0xd8, 0x00, 0x4c, 0x01, 0x08, 0x01, 0xd4, 0x00,
  0xe0, 0x00, 0xb0, 0x00, 0x2c, 0x00, 0x58, 0xff, 0x80, 0xfe, 0x50, 0xfe,
  0xb0, 0xfe, 0xa4, 0xfe, 0xc4, 0xfd, 0x78, 0xfc, 0x58, 0xfb, 0xbc, 0xfa,
  0xc4, 0xfa, 0xf4, 0xfa, 0xa8, 0xfa, 0x3c, 0xfa, 0x64, 0xfa, 0x08, 0xfb,
  0x6c, 0xfb, 0x70, 0xfb, 0x9c, 0xfb, 0x70, 0xfc, 0xf0, 0xfd, 0x74, 0xff,
  0x18, 0x00, 0x28, 0x00, 0xa4, 0x00, 0x94, 0x01, 0x84, 0x02, 0x14, 0x03,
  0x70, 0x03, 0xdc, 0x03, 0x40, 0x04, 0xc4, 0x04, 0xf4, 0x04, 0xbc, 0x04,
  0x20, 0x05, 0x4c, 0x06, 0x14, 0x07, 0xb0, 0x06, 0x84, 0x05, 0x9c, 0x04,
  0x48, 0x04, 0x48, 0x04, 0x74, 0x04, 0x48, 0x04, 0x94, 0x03, 0x9c, 0x02,
  0xa0, 0x01, 0xbc, 0x00, 0xf4, 0xff, 0x98, 0xff, 0x90, 0xff, 0x94, 0xff,
  0x84, 0xff, 0xd4, 0xfe, 0xe0, 0xfd, 0x9c, 0xfd, 0x10, 0xfe, 0x78, 0xfe,
  0x98, 0xfe, 0xe4, 0xfe, 0x0c, 0xff, 0xf4, 0xfe, 0xa0, 0xfe, 0x24, 0xfe,
  0x58, 0xfe, 0xe0, 0xfe, 0x84, 0xfe, 0xb0, 0xfd, 0x58, 0xfd, 0xac, 0xfd,
  0xf4, 0xfd, 0xc4, 0xfd, 0x88, 0xfd, 0x5c, 0xfd, 0x78, 0xfd, 0xf4, 0xfd,
  0x10, 0xfe, 0xec, 0xfd, 0x10, 0xfe, 0x40, 0xfe, 0x68, 0xfe, 0xa0, 0xfe,
  0xa8, 0xfe, 0x58, 0xfe, 0x44, 0xfe, 0x9c, 0xfe, 0xa4, 0xfe, 0x28, 0xfe,
  0xe8, 0xfd, 0x0c, 0xfe, 0x2c, 0xfe, 0x30, 0xfe, 0x2c, 0xfe, 0x50, 0xfe,
  0xa0, 0xfe, 0xac, 0xfe, 0xac, 0xfe, 0x2c, 0xff, 0x98, 0xff, 0xbc, 0xff,
  0x14, 0x00, 0x4c, 0x00, 0x88, 0x00, 0xe8, 0x00, 0xd0, 0x00, 0x7c, 0x00,
  0x34, 0x00, 0x14, 0x00, 0x30, 0x00, 0x34, 0x00, 0x28, 0x00, 0x30, 0x00,
  0xfc, 0xff, 0xcc, 0xff, 0xd4, 0xff, 0xec, 0xff, 0x30, 0x00, 0x8c, 0x00,
  0x2c, 0x01, 0xbc, 0x01, 0xb8, 0x01, 0xa8, 0x01, 0xb8, 0x01, 0xcc, 0x01,
  0xd8, 0x01, 0xe4, 0x01, 0x2c, 0x02, 0x6c, 0x02, 0x34, 0x02, 0x88, 0x01,
  0x18, 0x01, 0x60, 0x01, 0xdc, 0x01, 0xf0, 0x01, 0xa4, 0x01, 0x6c, 0x01,
  0x24, 0x01, 0xb0, 0x00, 0x8c, 0x00, 0x90, 0x00, 0x74, 0x00, 0x80, 0x00,
  0x80, 0x00, 0x2c, 0x00, 0xbc, 0xff, 0x64, 0xff, 0x4c, 0xff, 0x2c, 0xff,
  0x10, 0xff, 0x08, 0xff, 0xc0, 0xfe, 0x84, 0xfe, 0x48, 0xfe, 0x20, 0xfe,
  0x44, 0xfe, 0x58, 0xfe, 0x80, 0xfe, 0xd4, 0xfe, 0xd8, 0xfe, 0xb8, 0xfe,
  0xe0, 0xfe, 0x04, 0xff, 0x44, 0xff, 0xb4, 0xff, 0x9c, 0xff, 0x6c, 0xff,
  0xac, 0xff, 0xb0, 0xff, 0x90, 0xff, 0xa4, 0xff, 0x90, 0xff, 0x70, 0xff,
  0x54, 0xff, 0x40, 0xff, 0x4c, 0xff, 0x54, 0xff, 0x50, 0xff, 0x34, 0xff,
  0x68, 0xff, 0xa4, 0xff, 0x78, 0xff, 0x7c, 0xff, 0xb4, 0xff, 0xf8, 0xff,
  0xb4, 0xff, 0xec, 0xfe, 0x94, 0xfe, 0x98, 0xfe, 0xb0, 0xfe, 0xb4, 0xfe,
  0xb0, 0xfe, 0xd4, 0xfe, 0xc0, 0xfe, 0xa4, 0xfe, 0xd4, 0xfe, 0x20, 0xff,
  0x8c, 0xff, 0xc8, 0xff, 0x34, 0x00, 0xa4, 0x00, 0xb4, 0x00, 0x04, 0x01,
  0x3c, 0x01, 0x34, 0x01, 0x54, 0x01, 0x6c, 0x01, 0x7c, 0x01, 0x8c, 0x01,
  0x74, 0x01, 0x2c, 0x01, 0xe8, 0x00, 0xf4, 0x00, 0x50, 0x01, 0x44, 0x01,
  0xe4, 0x00, 0xfc, 0x00, 0x34, 0x01, 0x50, 0x01, 0x7c, 0x01, 0x5c, 0x01,
  0x38, 0x01, 0x60, 0x01, 0x3c, 0x01, 0xf8, 0x00, 0xe8, 0x00, 0xc0, 0x00,
  0xa4, 0x00, 0x78, 0x00, 0x44, 0x00, 0x08, 0x00, 0xb4, 0xff, 0x84, 0xff,
  0x34, 0xff, 0x14, 0xff, 0x40, 0xff, 0x3c, 0xff, 0x28, 0xff, 0x34, 0xff,
  0x18, 0xff, 0x08, 0xff, 0x34, 0xff, 0x68, 0xff, 0xa4, 0xff, 0xac, 0xff,
  0x94, 0xff, 0xa8, 0xff, 0xb8, 0xff, 0xc4, 0xff, 0xfc, 0xff, 0xf4, 0xff,
  0xc4, 0xff, 0xd4, 0xff, 0xbc, 0xff, 0xa0, 0xff, 0xbc, 0xff, 0xd4, 0xff,
  0xd0, 0xff, 0xb0, 0xff, 0xc4, 0xff, 0xe0, 0xff, 0xc0, 0xff, 0xa8, 0xff,
  0xcc, 0xff, 0x00, 0x00, 0xf8, 0xff, 0xbc, 0xff, 0x80, 0xff, 0x38, 0xff,
  0x2c, 0xff, 0x38, 0xff, 0x34, 0xff, 0x48, 0xff, 0x38, 0xff, 0x28, 0xff,
  0x48, 0xff, 0x50, 0xff, 0x60, 0xff, 0x9c, 0xff, 0xec, 0xff, 0x2c, 0x00,
  0x4c, 0x00, 0x60, 0x00, 0x7c, 0x00, 0xbc, 0x00, 0xb0, 0x00, 0x68, 0x00,
  0x68, 0x00, 0x5c, 0x00, 0x68, 0x00, 0x6c, 0x00, 0x38, 0x00, 0x38, 0x00,
  0x30, 0x00, 0x24, 0x00, 0x38, 0x00, 0x38, 0x00, 0x48, 0x00, 0x84, 0x00,
  0xcc, 0x00, 0xe4, 0x00, 0xdc, 0x00, 0xdc, 0x00, 0xe0, 0x00, 0x00, 0x01,
  0x38, 0x01, 0x54, 0x01, 0x4c, 0x01, 0x28, 0x01, 0xf8, 0x00, 0xd4, 0x00,
  0x90, 0x00, 0x64, 0x00, 0x58, 0x00, 0x28, 0x00, 0x04, 0x00, 0xf8, 0xff,
  0xb0, 0xff, 0x70, 0xff, 0x7c, 0xff, 0x7c, 0xff, 0x64, 0xff, 0x78, 0xff,
  0x98, 0xff, 0x94, 0xff, 0x88, 0xff, 0x88, 0xff, 0x98, 0xff, 0xa8, 0xff,
  0xbc, 0xff, 0xd8, 0xff, 0xe8, 0xff, 0xd0, 0xff, 0xc8, 0xff, 0xc8, 0xff,
  0xc4, 0xff, 0xd8, 0xff, 0xe0, 0xff, 0xe0, 0xff, 0xe8, 0xff, 0xd8, 0xff,
  0xc8, 0xff, 0xdc, 0xff, 0xf0, 0xff, 0x00, 0x00, 0xe8, 0xff, 0xc0, 0xff,
  0xb4, 0xff, 0xa8, 0xff, 0xa0, 0xff, 0xa8, 0xff, 0x90, 0xff, 0x8c, 0xff,
  0x8c, 0xff, 0x70, 0xff, 0x7c, 0xff, 0x94, 0xff, 0x8c, 0xff, 0xa4, 0xff,
  0xc4, 0xff, 0xc4, 0xff, 0xc8, 0xff, 0xec, 0xff, 0x00, 0x00, 0x00, 0x00,
  0x14, 0x00, 0x28, 0x00, 0x34, 0x00, 0x4c, 0x00, 0x48, 0x00, 0x18, 0x00,
  0xf4, 0xff, 0x08, 0x00, 0x1c, 0x00, 0xec, 0xff, 0xac, 0xff, 0xb0, 0xff,
  0xa4, 0xff, 0xa0, 0xff, 0xc4, 0xff, 0xc8, 0xff, 0xd8, 0xff, 0x00, 0x00,
  0x1c, 0x00, 0x24, 0x00, 0x20, 0x00, 0x2c, 0x00, 0x3c, 0x00, 0x54, 0x00,
  0x70, 0x00, 0x84, 0x00, 0x94, 0x00, 0x84, 0x00, 0x54, 0x00, 0x48, 0x00,
  0x54, 0x00, 0x40, 0x00, 0x3c, 0x00, 0x44, 0x00, 0x34, 0x00, 0x10, 0x00,
  0x0c, 0x00, 0x18, 0x00, 0x00, 0x00, 0x00, 0x00, 0x0c, 0x00, 0xf0, 0xff,
  0xfc, 0xff, 0x18, 0x00, 0x08, 0x00, 0x00, 0x00, 0x00, 0x00, 0xf4, 0xff,
  0xec, 0xff, 0xec, 0xff, 0x00, 0x00, 0x04, 0x00, 0xf4, 0xff, 0xec, 0xff,
  0xf8, 0xff, 0x00, 0x00, 0xec, 0xff, 0xd8, 0xff, 0xf4, 0xff, 0x08, 0x00,
  0xe4, 0xff, 0xdc, 0xff, 0xf0, 0xff, 0xdc, 0xff, 0xb0, 0xff, 0x98, 0xff,
  0xa0, 0xff, 0xa4, 0xff, 0x88, 0xff, 0x68, 0xff, 0x60, 0xff, 0x68, 0xff,
  0x88, 0xff, 0x8c, 0xff, 0x9c, 0xff, 0xc8, 0xff, 0xdc, 0xff, 0xe4, 0xff,
  0x04, 0x00, 0x14, 0x00, 0x0c, 0x00, 0x10, 0x00, 0x14, 0x00, 0xf8, 0xff,
  0x00, 0x00, 0x24, 0x00, 0xf4, 0xff, 0x9c, 0xff, 0x88, 0xff, 0xa0, 0xff,
  0xbc, 0xff, 0xd8, 0xff, 0xf0, 0xff, 0x04, 0x00, 0x0c, 0x00, 0x2c, 0x00,
  0x4c, 0x00, 0x40, 0x00, 0x44, 0x00, 0x58, 0x00, 0x64, 0x00, 0x84, 0x00,
  0xa4, 0x00, 0x90, 0x00, 0x98, 0x00, 0xd0, 0x00, 0xd0, 0x00, 0xbc, 0x00,
  0xb4, 0x00, 0xb0, 0x00, 0x9c, 0x00, 0x7c, 0x00, 0x78, 0x00, 0x6c, 0x00,
  0x58, 0x00, 0x4c, 0x00, 0x48, 0x00, 0x44, 0x00, 0x30, 0x00, 0x24, 0x00,
  0x24, 0x00, 0x14, 0x00, 0xfc, 0xff, 0x08, 0x00, 0x14, 0x00, 0x04, 0x00,
  0xfc, 0xff, 0xf4, 0xff, 0xd8, 0xff, 0xd8, 0xff, 0xec, 0xff, 0xe8, 0xff,
  0xdc, 0xff, 0xec, 0xff, 0xe4, 0xff, 0xd4, 0xff, 0xe8, 0xff, 0xf4, 0xff,
  0xec, 0xff, 0xe8, 0xff, 0xf8, 0xff, 0xf4, 0xff, 0xe0, 0xff, 0xf0, 0xff,
  0xfc, 0xff, 0xe8, 0xff, 0xdc, 0xff, 0xc4, 0xff, 0xb4, 0xff, 0xa8, 0xff,
  0x68, 0xff, 0x50, 0xff, 0x7c, 0xff, 0x90, 0xff, 0x84, 0xff, 0xa4, 0xff,
  0xc0, 0xff, 0xbc, 0xff, 0xc0, 0xff, 0xe4, 0xff, 0xf4, 0xff, 0xe4, 0xff,
  0xcc, 0xff, 0xa8, 0xff, 0x80, 0xff, 0x98, 0xff, 0xa0, 0xff, 0x74, 0xff,
  0x80, 0xff, 0x84, 0xff, 0x60, 0xff, 0x7c, 0xff, 0xb4, 0xff, 0xac, 0xff,
  0xa4, 0xff, 0xe8, 0xff, 0x10, 0x00, 0x0c, 0x00, 0x34, 0x00, 0x58, 0x00,
  0x40, 0x00, 0x3c, 0x00, 0x58, 0x00, 0x68, 0x00, 0x80, 0x00, 0x98, 0x00,
  0xb0, 0x00, 0xe0, 0x00, 0xec, 0x00, 0xd8, 0x00, 0xc8, 0x00, 0xa8, 0x00,
  0xa0, 0x00, 0xa8, 0x00, 0x80, 0x00, 0x74, 0x00, 0x84, 0x00, 0x68, 0x00,
  0x54, 0x00, 0x64, 0x00, 0x4c, 0x00, 0x28, 0x00, 0x34, 0x00, 0x38, 0x00,
  0x18, 0x00, 0x18, 0x00, 0x24, 0x00, 0x04, 0x00, 0xf8, 0xff, 0x08, 0x00,
  0xfc, 0xff, 0xe8, 0xff, 0xe8, 0xff, 0x18, 0x00, 0x50, 0x00, 0x60, 0x00,
  0x50, 0x00, 0x40, 0x00, 0x48, 0x00, 0x3c, 0x00, 0x24, 0x00, 0x20, 0x00,
  0xe0, 0xff, 0xa4, 0xff, 0xbc, 0xff, 0xd8, 0xff, 0xb4, 0xff, 0x94, 0xff,
  0xac, 0xff, 0xb0, 0xff, 0x8c, 0xff, 0x8c, 0xff, 0x94, 0xff, 0x7c, 0xff,
  0x8c, 0xff, 0xa8, 0xff, 0xac, 0xff, 0xc0, 0xff, 0xc8, 0xff, 0xc4, 0xff,
  0xd8, 0xff, 0xe4, 0xff, 0xcc, 0xff, 0xa4, 0xff, 0xa0, 0xff, 0xb8, 0xff,
  0xac, 0xff, 0xa4, 0xff, 0xb8, 0xff, 0xb0, 0xff, 0xa0, 0xff, 0xa4, 0xff,
  0xb4, 0xff, 0xbc, 0xff, 0xd0, 0xff, 0xe4, 0xff, 0xfc, 0xff, 0x0c, 0x00,
  0x20, 0x00, 0x28, 0x00, 0x24, 0x00, 0x28, 0x00, 0x34, 0x00, 0x40, 0x00,
  0x48, 0x00, 0x54, 0x00, 0x70, 0x00, 0x84, 0x00, 0x84, 0x00, 0x84, 0x00,
  0x88, 0x00, 0x78, 0x00, 0x68, 0x00, 0x64, 0x00, 0x58, 0x00, 0x58, 0x00,
  0x50, 0x00, 0x44, 0x00, 0x44, 0x00, 0x3c, 0x00, 0x2c, 0x00, 0x24, 0x00,
  0x2c, 0x00, 0x24, 0x00, 0x18, 0x00, 0x08, 0x00, 0xd0, 0xff, 0x94, 0xff,
  0xac, 0xff, 0xc0, 0xff, 0xa0, 0xff, 0xb0, 0xff, 0xd0, 0xff, 0xd4, 0xff,
  0x00, 0x00, 0x2c, 0x00, 0x10, 0x00, 0xfc, 0xff, 0x24, 0x00, 0x1c, 0x00,
  0x04, 0x00, 0x08, 0x00, 0xe8, 0xff, 0xe0, 0xff, 0xf0, 0xff, 0xc0, 0xff,
  0xa4, 0xff, 0xc4, 0xff, 0xc4, 0xff, 0xb4, 0xff, 0xd4, 0xff, 0xe4, 0xff,
  0xe0, 0xff, 0x08, 0x00, 0x38, 0x00, 0x1c, 0x00, 0xfc, 0xff, 0x1c, 0x00,
  0x14, 0x00, 0x04, 0x00, 0x28, 0x00, 0x18, 0x00, 0xe0, 0xff, 0xe4, 0xff,
  0xe4, 0xff, 0xb4, 0xff, 0xb0, 0xff, 0xec, 0xff, 0xec, 0xff, 0xd0, 0xff,
  0x00, 0x00, 0x28, 0x00, 0x14, 0x00, 0x24, 0x00, 0x3c, 0x00, 0x2c, 0x00,
  0x28, 0x00, 0x34, 0x00, 0x3c, 0x00, 0x48, 0x00, 0x3c, 0x00, 0x38, 0x00,
  0x64, 0x00, 0x80, 0x00, 0x58, 0x00, 0x3c, 0x00, 0x44, 0x00, 0x2c, 0x00,
  0x28, 0x00, 0x34, 0x00, 0x1c, 0x00, 0x00, 0x00, 0xf4, 0xff, 0x00, 0x00,
  0x10, 0x00, 0x10, 0x00, 0x04, 0x00, 0xec, 0xff, 0xf0, 0xff, 0xfc, 0xff,
  0x00, 0x00, 0x0c, 0x00, 0xf4, 0xff, 0xe4, 0xff, 0xfc, 0xff, 0x08, 0x00,
  0xec, 0xff, 0xf8, 0xff, 0x48, 0x00, 0x7c, 0x00, 0xa0, 0x00, 0xa8, 0x00,
  0x78, 0x00, 0x48, 0x00, 0x30, 0x00, 0x24, 0x00, 0x04, 0x00, 0xb0, 0xff,
  0x64, 0xff, 0x5c, 0xff, 0x78, 0xff, 0x94, 0xff, 0xbc, 0xff, 0xe0, 0xff,
  0xe0, 0xff, 0x04, 0x00, 0x58, 0x00, 0x98, 0x00, 0x9c, 0x00, 0x60, 0x00,
  0x38, 0x00, 0x34, 0x00, 0x08, 0x00, 0xe8, 0xff, 0xd4, 0xff, 0xc0, 0xff,
  0xcc, 0xff, 0xe8, 0xff, 0x00, 0x00, 0xe8, 0xff, 0xe4, 0xff, 0xd8, 0xff,
  0xa0, 0xff, 0x98, 0xff, 0xd8, 0xff, 0xe4, 0xff, 0xcc, 0xff, 0xe0, 0xff,
  0xbc, 0xff, 0x98, 0xff, 0xb4, 0xff, 0xd4, 0xff, 0xe4, 0xff, 0xe4, 0xff,
  0xf8, 0xff, 0x08, 0x00, 0x00, 0x00, 0x0c, 0x00, 0x1c, 0x00, 0x14, 0x00,
  0x10, 0x00, 0x14, 0x00, 0x0c, 0x00, 0x10, 0x00, 0x1c, 0x00, 0x18, 0x00,
  0x30, 0x00, 0x34, 0x00, 0x20, 0x00, 0x14, 0x00, 0xfc, 0xff, 0xf8, 0xff,
  0x0c, 0x00, 0x08, 0x00, 0xf0, 0xff, 0xe8, 0xff, 0xe0, 0xff, 0xec, 0xff,
  0xf0, 0xff, 0xec, 0xff, 0x04, 0x00, 0x04, 0x00, 0xe4, 0xff, 0xe4, 0xff,
  0xe8, 0xff, 0xf4, 0xff, 0x00, 0x00, 0xf0, 0xff, 0x00, 0x00, 0xfc, 0xff,
  0xd8, 0xff, 0xf4, 0xff, 0x68, 0x00, 0xd0, 0x00, 0xfc, 0x00, 0xdc, 0x00,
  0x90, 0x00, 0x60, 0x00, 0x38, 0x00, 0xf0, 0xff, 0xf0, 0xff, 0x28, 0x00,
  0x04, 0x00, 0xdc, 0xff, 0xe0, 0xff, 0xcc, 0xff, 0xd0, 0xff, 0x40, 0x00,
  0xc0, 0x00, 0x9c, 0x00, 0x2c, 0x00, 0x00, 0x00, 0xd4, 0xff, 0xb8, 0xff,
  0xb8, 0xff, 0xa8, 0xff, 0x9c, 0xff, 0x98, 0xff, 0x90, 0xff, 0x68, 0xff,
  0x78, 0xff, 0x98, 0xff, 0x9c, 0xff, 0xe4, 0xff, 0x08, 0x00, 0x08, 0x00,
  0x0c, 0x00, 0xfc, 0xff, 0xf8, 0xff, 0xe4, 0xff, 0xa4, 0xff, 0x8c, 0xff,
  0x94, 0xff, 0x88, 0xff, 0x88, 0xff, 0x98, 0xff, 0x80, 0xff, 0x80, 0xff,
  0x94, 0xff, 0xa8, 0xff, 0xd8, 0xff, 0xec, 0xff, 0xf8, 0xff, 0x18, 0x00,
  0x30, 0x00, 0x24, 0x00, 0x18, 0x00, 0x20, 0x00, 0x14, 0x00, 0x14, 0x00,
  0x14, 0x00, 0x08, 0x00, 0x08, 0x00, 0x18, 0x00, 0x28, 0x00, 0x4c, 0x00,
  0xd0, 0x00, 0x28, 0x01, 0x00, 0x01, 0x9c, 0x00, 0x5c, 0x00, 0x30, 0x00,
  0x08, 0x00, 0x00, 0x00, 0xe4, 0xff, 0xd8, 0xff, 0xe4, 0xff, 0xd0, 0xff,
  0xa4, 0xff, 0xc4, 0xff, 0xd8, 0xff, 0xbc, 0xff, 0xd4, 0xff, 0xa4, 0xff,
  0x80, 0xff, 0x98, 0xff, 0x94, 0xff, 0xc0, 0xff, 0xd8, 0xff, 0xdc, 0xff,
  0xf0, 0xff, 0xf0, 0xff, 0xf4, 0xff, 0xf8, 0xff, 0xfc, 0xff, 0xec, 0xff,
  0xdc, 0xff, 0xec, 0xff, 0xe0, 0xff, 0xb4, 0xff, 0x98, 0xff, 0xa8, 0xff,
  0xb0, 0xff, 0x98, 0xff, 0xb0, 0xff, 0xd4, 0xff, 0xec, 0xff, 0xfc, 0xff,
  0xe8, 0xff, 0xfc, 0xff, 0x24, 0x00, 0x10, 0x00, 0x14, 0x00, 0x10, 0x00,
  0xfc, 0xff, 0xf4, 0xff, 0xdc, 0xff, 0xd0, 0xff, 0xc4, 0xff, 0xbc, 0xff,
  0x78, 0xff, 0xe8, 0xfe, 0x88, 0xfe, 0xac, 0xfe, 0x30, 0xff, 0x88, 0xff,
  0xe4, 0xff, 0xb0, 0x00, 0x4c, 0x01, 0x58, 0x01, 0x1c, 0x01, 0xc8, 0x00,
  0x8c, 0x00, 0x7c, 0x00, 0x60, 0x00, 0x48, 0x00, 0x30, 0x00, 0x04, 0x00,
  0xe4, 0xff, 0xcc, 0xff, 0xd0, 0xff, 0xdc, 0xff, 0xc0, 0xff, 0xe8, 0xff,
  0x34, 0x00, 0x24, 0x00, 0x04, 0x00, 0x10, 0x00, 0x24, 0x00, 0x2c, 0x00,
  0x04, 0x00, 0x04, 0x00, 0x28, 0x00, 0xfc, 0xff, 0xe4, 0xff, 0xf4, 0xff,
  0xe8, 0xff, 0xec, 0xff, 0xd8, 0xff, 0xe4, 0xff, 0x08, 0x00, 0xec, 0xff,
  0xfc, 0xff, 0x54, 0x00, 0xa8, 0x00, 0xb0, 0x00, 0x84, 0x00, 0x60, 0x00,
  0x38, 0x00, 0x18, 0x00, 0x18, 0x00, 0x00, 0x00, 0xec, 0xff, 0xe8, 0xff,
  0xcc, 0xff, 0xe0, 0xff, 0x14, 0x00, 0xf4, 0xff, 0x0c, 0x00, 0x10, 0x00,
  0xec, 0xff, 0x48, 0x00, 0x90, 0x00, 0xb4, 0x00, 0x38, 0x00, 0xd4, 0xff,
  0xf8, 0xff, 0xb0, 0xff, 0xc8, 0xff, 0xd0, 0xff, 0x98, 0xff, 0xc0, 0xff,
  0xa0, 0xff, 0x8c, 0xff, 0xcc, 0xff, 0xc0, 0xff, 0xec, 0xff, 0x10, 0x00,
  0xd4, 0xff, 0x44, 0x00, 0xb0, 0xff, 0x1c, 0xfe, 0x84, 0xfe, 0x64, 0xff,
  0x44, 0xff, 0x74, 0xff, 0xa8, 0xff, 0x98, 0xff, 0xc8, 0xff, 0x00, 0x00,
  0x00, 0x00, 0x0c, 0x00, 0x2c, 0x00, 0xf0, 0xff, 0xe0, 0xff, 0x1c, 0x00,
  0xdc, 0xff, 0xf4, 0xff, 0x2c, 0x00, 0x24, 0x00, 0x2c, 0x00, 0x14, 0x00,
  0x18, 0x00, 0x20, 0x00, 0x28, 0x00, 0x24, 0x00, 0x2c, 0x00, 0x2c, 0x00,
  0x2c, 0x00, 0x44, 0x00, 0x78, 0x00, 0x18, 0x01, 0xf0, 0x00, 0x88, 0x00,
  0x74, 0x00, 0x10, 0x00, 0x20, 0x00, 0x00, 0x00, 0xe4, 0xff, 0x0c, 0x00,
  0xb4, 0xff, 0xd4, 0xff, 0x58, 0x01, 0xd0, 0x01, 0xa4, 0x00, 0x9c, 0x00,
  0x64, 0x00, 0xd0, 0xff, 0xc8, 0xff, 0xa0, 0xff, 0x8c, 0xff, 0x98, 0xff,
  0xa0, 0xff, 0x98, 0xff, 0xf4, 0xff, 0x28, 0x00, 0x08, 0x00, 0x3c, 0x00,
  0x14, 0x00, 0xc0, 0xff, 0x00, 0x00, 0xb8, 0xff, 0x0c, 0x00, 0xdc, 0xff,
  0xb0, 0xff, 0x04, 0x00, 0xb0, 0xff, 0xf8, 0xff, 0xd8, 0xff, 0xe8, 0xff,
  0xf4, 0xff, 0xe0, 0xff, 0xf8, 0xff, 0xd8, 0xff, 0x10, 0x00, 0xe8, 0xff,
  0x00, 0x00, 0x08, 0x00, 0xec, 0xff, 0xfc, 0xff, 0xec, 0xff, 0x08, 0x00,
  0xc4, 0xff, 0x1c, 0x00, 0xc4, 0xff, 0xd4, 0xff, 0x04, 0x00, 0x1c, 0xff,
  0x24, 0xff, 0x78, 0xff, 0xac, 0xff, 0x08, 0x00, 0xe0, 0xff, 0x2c, 0x00,
  0x34, 0x01, 0x88, 0x00, 0x6c, 0x00, 0x80, 0x00, 0xd8, 0xff, 0x68, 0x00,
  0xc4, 0xff, 0xcc, 0xff, 0x94, 0x00, 0x38, 0xfd, 0xa0, 0xfc, 0x48, 0x00,
  0xd0, 0xff, 0x2c, 0xff, 0x70, 0x00, 0xb4, 0xff, 0xf0, 0xff, 0x8c, 0x00,
  0x38, 0x00, 0x80, 0x00, 0x04, 0x00, 0x40, 0x00, 0xa8, 0xff, 0xa4, 0xfc,
  0x9c, 0xfd, 0x40, 0x00, 0xd0, 0xff, 0xc4, 0xff, 0x14, 0x00, 0xf0, 0xff,
  0xf8, 0xff, 0xf4, 0x00, 0x98, 0x00, 0x0c, 0x00, 0xbc, 0x00, 0xb4, 0xff,
  0x08, 0x00, 0xe4, 0x00, 0x44, 0x00, 0xa8, 0x00, 0xb0, 0x00, 0xf0, 0xff,
  0x24, 0x00, 0x28, 0x00, 0x10, 0x00, 0x50, 0x00, 0xec, 0xff, 0xe8, 0xff,
  0xf8, 0xff, 0x1c, 0x00, 0x3c, 0x00, 0x48, 0x00, 0x40, 0x00, 0xe0, 0xff,
  0x54, 0x00, 0xe8, 0xff, 0xa4, 0x00, 0xb4, 0x00, 0x08, 0x00, 0x58, 0x00,
  0x94, 0xff, 0x48, 0x00, 0x04, 0x00, 0xcc, 0xff, 0x4c, 0x00, 0x78, 0xff,
  0x20, 0x00, 0xf4, 0xff, 0x90, 0xff, 0x1c, 0x01, 0x30, 0xfe, 0x78, 0xfc,
  0x28, 0x00, 0x50, 0x00, 0x20, 0xff, 0x34, 0xff, 0xdc, 0xfe, 0x5c, 0xff,
  0x68, 0x00, 0x5c, 0x00, 0xf4, 0xff, 0x2c, 0x00, 0x24, 0x00, 0xd4, 0xff,
  0xf8, 0xff, 0x2c, 0x01, 0x28, 0xff, 0x90, 0xfc, 0x64, 0xff, 0xac, 0x00,
  0x4c, 0xff, 0x34, 0x00, 0xb0, 0x00, 0x00, 0x00, 0xa0, 0x00, 0xac, 0x00,
  0xa8, 0x00, 0x4c, 0x00, 0x74, 0x00, 0x0c, 0x00, 0x84, 0xff, 0x34, 0x01,
  0xac, 0xff, 0x8c, 0x00, 0x5c, 0x01, 0xfc, 0xff, 0x58, 0x01, 0x64, 0x00,
  0x7c, 0x00, 0x5c, 0x00, 0x08, 0x00, 0x50, 0x00, 0x98, 0xff, 0x90, 0x00,
  0x9c, 0xff, 0x74, 0x00, 0xcc, 0x00, 0xf0, 0xfd, 0x9c, 0x01, 0x14, 0x01,
  0xcc, 0xfd, 0x38, 0x01, 0x5c, 0x00, 0x38, 0xff, 0x48, 0x00, 0x48, 0x01,
  0x0c, 0xff, 0xc0, 0xff, 0x20, 0x02, 0x54, 0xfe, 0xe4, 0x00, 0x24, 0x01,
  0x7c, 0xfe, 0xa8, 0x00, 0xa4, 0x00, 0x48, 0xff, 0x80, 0x02, 0x70, 0x07,
  0xbc, 0x03, 0x34, 0xff, 0xac, 0x00, 0x54, 0x00, 0x40, 0x00, 0x50, 0x00,
  0xa8, 0xff, 0x08, 0xff, 0xcc, 0xfc, 0xac, 0x00, 0xcc, 0x02, 0x00, 0xfe,
  0x98, 0x00, 0x7c, 0x01, 0xc8, 0xfc, 0x74, 0x01, 0x2c, 0x01, 0xb4, 0xfc,
  0xac, 0x00, 0xe4, 0x00, 0x84, 0xfe, 0x64, 0xff, 0xd8, 0xff, 0x38, 0xff,
  0x64, 0x01, 0x60, 0x00, 0x38, 0xfe, 0xc8, 0x04, 0xc0, 0x08, 0x1c, 0x02,
  0xdc, 0xfd, 0xd0, 0x01, 0x04, 0x01, 0x04, 0xfe, 0x58, 0x01, 0xf4, 0xfe,
  0xf4, 0xfa, 0x2c, 0xfe, 0x58, 0xff, 0xe0, 0x00, 0x60, 0xff, 0x48, 0x00,
  0x6c, 0xff, 0xc0, 0xfe, 0x5c, 0x01, 0xd0, 0xfe, 0x6c, 0x00, 0xc8, 0xfe,
  0x18, 0x00, 0xfc, 0xff, 0x8c, 0xfc, 0xd0, 0xfd, 0x34, 0x01, 0xc4, 0x01,
  0xf4, 0xfc, 0xe0, 0xff, 0xac, 0x00, 0xb0, 0xff, 0x68, 0x01, 0x3c, 0xff,
  0xb8, 0x00, 0x00, 0x00, 0xc8, 0xfe, 0xf8, 0xff, 0xcc, 0x01, 0xc4, 0xfe,
  0xd8, 0xfe, 0x50, 0x03, 0xf8, 0xfc, 0x20, 0xff, 0x6c, 0x02, 0xf0, 0xfe,
  0x5c, 0xff, 0x0c, 0x00, 0x78, 0x01, 0x50, 0xfe, 0x94, 0xfe, 0xb0, 0x02,
  0x74, 0xff, 0x48, 0xfe, 0x04, 0x01, 0xf0, 0xff, 0x54, 0xff, 0x38, 0x00,
  0x98, 0xff, 0x74, 0x00, 0x14, 0x00, 0x40, 0xfe, 0xe0, 0x00, 0x60, 0x01,
  0xa0, 0xfe, 0x98, 0xff, 0x0c, 0x01, 0xe4, 0xff, 0x98, 0xff, 0xe0, 0x00,
  0xf4, 0xff, 0xa8, 0xfe, 0xb8, 0xff, 0x54, 0x00, 0x88, 0x00, 0x00, 0x00,
  0xb0, 0xff, 0xc0, 0xfe, 0x38, 0x00, 0xb8, 0x00, 0x68, 0xff, 0xdc, 0x00,
  0x50, 0xff, 0x58, 0xfe, 0x38, 0x01, 0xe8, 0x00, 0x2c, 0xff, 0xf4, 0xfe,
  0x50, 0x01, 0xe8, 0x02, 0x48, 0x00, 0x1c, 0x01, 0xc4, 0xff, 0xc4, 0xfe,
  0xb4, 0x00, 0x48, 0x00, 0xe0, 0xff, 0x6c, 0xfe, 0x48, 0xfc, 0x20, 0xff,
  0x88, 0x02, 0x58, 0xff, 0x30, 0xff, 0x14, 0xff, 0xbc, 0x00, 0xac, 0x00,
  0xe0, 0xfd, 0x84, 0x02, 0xe8, 0xff, 0x0c, 0xfd, 0x24, 0x01, 0xc8, 0x00,
  0x74, 0xfe, 0x44, 0xff, 0x70, 0x00, 0xdc, 0xff, 0x58, 0xff, 0xdc, 0xff,
  0xb8, 0x01, 0xf0, 0xfe, 0x00, 0xfd, 0xc8, 0x03, 0x74, 0xfe, 0x98, 0xf9,
  0x1c, 0x02, 0x00, 0x01, 0x70, 0x00, 0xec, 0xfd, 0x88, 0xfe, 0xf0, 0x02,
  0x28, 0xfd, 0x58, 0x00, 0x10, 0x05, 0x08, 0xfa, 0xd4, 0xfe, 0x6c, 0x06,
  0x30, 0xfc, 0xb4, 0xff, 0x5c, 0x01, 0x94, 0xfd, 0x70, 0x01, 0x44, 0x01,
  0xec, 0xfd, 0x04, 0x02, 0x64, 0x02, 0x04, 0x01, 0x54, 0x00, 0x1c, 0xfd,
  0xd8, 0x01, 0x6c, 0x02, 0x38, 0xfe, 0x18, 0x00, 0xa4, 0x00, 0x94, 0xfe,
  0xf4, 0x01, 0x70, 0x01, 0xcc, 0xff, 0x04, 0x02, 0xac, 0xfe, 0x70, 0xfe,
  0x30, 0x05, 0x28, 0xfe, 0xb8, 0xfd, 0xdc, 0x02, 0x58, 0xfb, 0xfc, 0x01,
  0xa4, 0x00, 0xf4, 0xfc, 0x40, 0x02, 0xb8, 0xff, 0x34, 0xff, 0x20, 0x00,
  0xc4, 0x00, 0x7c, 0xff, 0x70, 0xff, 0x68, 0x00, 0xd8, 0x00, 0x1c, 0xfe,
  0xb4, 0x00, 0xe8, 0x00, 0x9c, 0xfe, 0x08, 0x00, 0x14, 0x00, 0x9c, 0x00,
  0xc8, 0xff, 0x4c, 0xff, 0xd8, 0xff, 0xa8, 0x01, 0x6c, 0xfd, 0x00, 0xfe,
  0xe0, 0xfe, 0xe4, 0x00, 0xe0, 0x02, 0x38, 0xfb, 0xb4, 0x01, 0x30, 0x01,
  0xa8, 0xfd, 0xa8, 0x01, 0xcc, 0xfd, 0xcc, 0x01, 0x2c, 0xff, 0xd8, 0x01,
  0x30, 0xff, 0x8c, 0xfb, 0x84, 0x05, 0xcc, 0xfc, 0x50, 0xff, 0xb8, 0x05,
  0x3c, 0xfb, 0x54, 0xfd, 0xac, 0x06, 0x94, 0xfc, 0x7c, 0xfd, 0x74, 0x06,
  0xc8, 0xfc, 0xa4, 0xfe, 0x58, 0x01, 0xec, 0x01, 0xec, 0xff, 0x20, 0xfc,
  0x78, 0x02, 0x0c, 0x04, 0x8c, 0x02, 0x58, 0xfd, 0x64, 0xff, 0x98, 0x02,
  0x88, 0x00, 0x60, 0x00, 0xac, 0xfd, 0xd0, 0x02, 0xcc, 0xff, 0x04, 0xfd,
  0x14, 0x05, 0xdc, 0xfd, 0x70, 0xfd, 0xac, 0x04, 0x10, 0xfe, 0x34, 0xff,
  0xa4, 0x00, 0x20, 0xfe, 0xc4, 0x04, 0x0c, 0xfe, 0xf4, 0xfd, 0x94, 0x02,
  0x94, 0xfd, 0x4c, 0x01, 0xc0, 0xff, 0xb0, 0x01, 0x9c, 0xfd, 0xd8, 0xfd,
  0x20, 0x05, 0x60, 0xff, 0x1c, 0xfc, 0x84, 0x02, 0x58, 0x01, 0xe4, 0xff,
  0x1c, 0x05, 0xcc, 0xfc, 0x8c, 0xfd, 0x80, 0x02, 0xc0, 0x02, 0xb8, 0xfe,
  0x24, 0xfc, 0xf8, 0x02, 0x80, 0x00, 0x98, 0xfe, 0xb8, 0x01, 0x18, 0xff,
  0x3c, 0xff, 0x40, 0x00, 0x4c, 0x02, 0x10, 0xfe, 0x64, 0xfe, 0x24, 0x01,
  0xc8, 0xfe, 0x74, 0x04, 0x60, 0xfb, 0xbc, 0xfe, 0xf4, 0x03, 0x78, 0xfd,
  0x04, 0x01, 0x60, 0xfc, 0x78, 0xfc, 0x50, 0x03, 0xc8, 0xfe, 0xf4, 0xfe,
  0x7c, 0x00, 0xf4, 0xfe, 0x9c, 0x01, 0x4c, 0xfc, 0xd0, 0x01, 0x9c, 0x02,
  0x34, 0xfb, 0x10, 0x02, 0x90, 0x01, 0xfc, 0xfd, 0xb4, 0xfe, 0x64, 0x01,
  0xbc, 0x00, 0x48, 0xfe, 0xf0, 0xff, 0x10, 0x00, 0xf4, 0xfe, 0x30, 0x01,
  0x4c, 0x03, 0xf4, 0xfa, 0xb0, 0xfe, 0xb4, 0x07, 0x84, 0xff, 0x4c, 0xff,
  0x2c, 0x00, 0xd4, 0xfe, 0xf0, 0x03, 0x88, 0xfd, 0x58, 0xfe, 0xbc, 0x05,
  0x00, 0xfb, 0xcc, 0xfe, 0xd8, 0x06, 0x44, 0xfc, 0x54, 0xfe, 0xe4, 0xff,
  0x04, 0x04, 0xd8, 0x00, 0xec, 0xf8, 0x48, 0x05, 0x80, 0x02, 0x08, 0xfc,
  0xf4, 0x00, 0x5c, 0x00, 0xdc, 0xfd, 0xf8, 0x01, 0xe0, 0x00, 0x94, 0xfe,
  0x54, 0x02, 0xc4, 0xfa, 0x68, 0x01, 0x28, 0x06, 0xb4, 0xf7, 0x38, 0x04,
  0x54, 0x02, 0x7c, 0xf8, 0x2c, 0x04, 0x48, 0x03, 0xec, 0xfb, 0x3c, 0xfe,
  0x34, 0x04, 0xd4, 0xfc, 0x34, 0x01, 0xac, 0xff, 0xd0, 0xfa, 0x10, 0x02,
  0xb0, 0xff, 0x50, 0x01, 0xa4, 0xfe, 0xb0, 0xfd, 0xdc, 0x01, 0xc8, 0xfd,
  0x90, 0x00, 0xd8, 0x01, 0x54, 0xf9, 0x58, 0x01, 0x9c, 0x01, 0x04, 0xfd,
  0x2c, 0x03, 0xfc, 0xf9, 0x04, 0x02, 0xe8, 0x03, 0xc8, 0xf9, 0x9c, 0x04,
  0x5c, 0xfe, 0xe8, 0xfb, 0x68, 0x04, 0xe0, 0x00, 0xa4, 0xfe, 0x4c, 0x00,
  0xc8, 0x00, 0x2c, 0x01, 0x94, 0xfd, 0x64, 0xff, 0x48, 0x05, 0x60, 0xfc,
  0x44, 0xff, 0xfc, 0x04, 0xb4, 0xfb, 0x8c, 0xff, 0x00, 0x02, 0x80, 0xff,
  0xe4, 0x02, 0x68, 0xfb, 0x38, 0x01, 0xe4, 0x04, 0x6c, 0xf9, 0xf4, 0x01,
  0xe4, 0x03, 0xd0, 0xfb, 0xd0, 0x01, 0x18, 0x01, 0x84, 0xfd, 0x90, 0x00,
  0xfc, 0xff, 0xe0, 0x02, 0xec, 0xfd, 0x38, 0xff, 0xec, 0x01, 0x08, 0xfe,
  0xe8, 0x00, 0x44, 0xff, 0x74, 0x01, 0x9c, 0x00, 0xcc, 0xfe, 0xec, 0xfe,
  0xdc, 0x01, 0x58, 0x00, 0x14, 0xfd, 0x1c, 0x02, 0x38, 0x00, 0x20, 0xff,
  0x78, 0xfe, 0x14, 0xfd, 0x8c, 0xff, 0x18, 0x01, 0x38, 0x00, 0xa0, 0xfe,
  0xcc, 0xff, 0x00, 0x00, 0x1c, 0xfd, 0xf4, 0xfe, 0x04, 0x01, 0xc8, 0xff,
  0x9c, 0xff, 0x40, 0x00, 0x28, 0xfe, 0xe0, 0xfd, 0xb0, 0x01, 0xec, 0xff,
  0xcc, 0x00, 0x30, 0xff, 0x88, 0x00, 0x18, 0x00, 0x14, 0xfe, 0x24, 0x05,
  0xec, 0x00, 0x78, 0xff, 0x60, 0x02, 0x4c, 0xff, 0x24, 0x00, 0xec, 0x02,
  0xb8, 0xfe, 0x8c, 0x00, 0x60, 0x03, 0xa4, 0xfc, 0x44, 0x02, 0x18, 0x02,
  0x34, 0xfc, 0xd0, 0x01, 0x68, 0x02, 0x6c, 0xfe, 0x74, 0xfe, 0x3c, 0x00,
  0x2c, 0x02, 0x88, 0x00, 0x20, 0xfc, 0x74, 0xfe, 0x84, 0xff, 0x14, 0x00,
  0xb8, 0x01, 0x98, 0xff, 0xc0, 0xfc, 0x48, 0x00, 0x90, 0x01, 0x10, 0xff,
  0xd0, 0xff, 0x48, 0x00, 0x3c, 0x01, 0x64, 0xfd, 0x34, 0x02, 0xa0, 0x00,
  0x64, 0xfc, 0x84, 0x04, 0x54, 0x01, 0xc8, 0xfc, 0x00, 0x00, 0x1c, 0x01,
  0x00, 0x01, 0xa8, 0x00, 0x8c, 0xff, 0xb0, 0xff, 0x24, 0x00, 0x84, 0x00,
  0x78, 0x00, 0x74, 0xff, 0xd4, 0xfe, 0x20, 0x01, 0x98, 0xff, 0xf4, 0xfe,
  0x98, 0x02, 0x64, 0xfe, 0x50, 0xfe, 0xf8, 0x02, 0x68, 0xfd, 0xcc, 0x00,
  0xe4, 0x00, 0xd4, 0xfd, 0xc4, 0x02, 0x9c, 0xfd, 0x3c, 0xff, 0x2c, 0x02,
  0xec, 0xfe, 0x04, 0x00, 0x2c, 0x00, 0xb4, 0xff, 0xcc, 0xff, 0xa8, 0x00,
  0x84, 0x00, 0x38, 0xfe, 0x6c, 0x00, 0x8c, 0x04, 0x78, 0x01, 0xec, 0xfb,
  0x88, 0x01, 0x80, 0x02, 0xc8, 0xfe, 0xcc, 0x01, 0x44, 0x01, 0xe0, 0x02,
  0x4c, 0x01, 0x7c, 0xff, 0xd8, 0x01, 0x68, 0xfe, 0x98, 0x00, 0x18, 0x06,
  0xd0, 0xfc, 0x34, 0xfd, 0x54, 0x05, 0x70, 0xfb, 0xd0, 0x01, 0x28, 0x03,
  0x7c, 0xf9, 0x14, 0x01, 0x68, 0xff, 0x38, 0x00, 0x38, 0xff, 0x88, 0xfd,
  0xf8, 0x02, 0xc4, 0xfd, 0x9c, 0xff, 0xa8, 0x00, 0x5c, 0xfc, 0x04, 0x03,
  0x1c, 0x01, 0xc4, 0xfd, 0x68, 0x00, 0xc4, 0xff, 0xfc, 0xff, 0xf8, 0x00,
  0xe8, 0xfe, 0xa0, 0x01, 0xec, 0x00, 0x34, 0xfd, 0xcc, 0x02, 0xdc, 0xfd,
  0xbc, 0xff, 0x64, 0x02, 0xc8, 0xff, 0x84, 0x01, 0xbc, 0xfb, 0x4c, 0x01,
  0xbc, 0x01, 0x58, 0xfc, 0xcc, 0x02, 0x4c, 0x00, 0x28, 0xfe, 0x34, 0x00,
  0xd4, 0xff, 0x20, 0x00, 0x5c, 0x00, 0x00, 0xfe, 0x68, 0x01, 0x34, 0x06,
  0x54, 0xfd, 0x04, 0xff, 0x14, 0x01, 0x20, 0xfe, 0xa0, 0x03, 0xc4, 0x01,
  0xf0, 0xfd, 0xe4, 0xfe, 0xd0, 0x00, 0x0c, 0x00, 0xb0, 0x00, 0x9c, 0x01,
  0x40, 0xfe, 0x9c, 0xff, 0x84, 0x02, 0x90, 0xfd, 0x94, 0xfe, 0x8c, 0x00,
  0x8c, 0xff, 0x2c, 0x00, 0x10, 0xff, 0x8c, 0x00, 0x70, 0xfd, 0x80, 0x00,
  0x70, 0x00, 0xb8, 0xfd, 0x70, 0x03, 0x00, 0xfe, 0xcc, 0xff, 0x7c, 0x05,
  0x88, 0xfe, 0x24, 0xfe, 0xcc, 0x02, 0x48, 0x00, 0x00, 0x00, 0x54, 0x02,
  0x4c, 0xfe, 0x00, 0x01, 0x34, 0xff, 0x48, 0x01, 0xc0, 0x02, 0xcc, 0xfa,
  0x54, 0x00, 0xec, 0x03, 0xc8, 0xfd, 0xd4, 0xf9, 0x4c, 0xff, 0xf4, 0x01,
  0xa8, 0xfe, 0x38, 0xff, 0xe8, 0xff, 0x10, 0xfc, 0x84, 0xff, 0xc8, 0x01,
  0xac, 0xfe, 0x48, 0x01, 0x24, 0xfc, 0x04, 0x02, 0xec, 0x08, 0x60, 0xf9,
  0x64, 0xfd, 0x78, 0x07, 0xb8, 0xfe, 0x2c, 0xfe, 0x54, 0x03, 0x6c, 0xff,
  0x08, 0xfd, 0xb8, 0x05, 0x50, 0x01, 0x2c, 0xfb, 0x88, 0xff, 0x5c, 0x02,
  0x70, 0x02, 0xd0, 0xfd, 0x9c, 0xff, 0xf8, 0xfd, 0x20, 0x01, 0xc8, 0xfd,
  0xfc, 0xfd, 0x30, 0x06, 0x9c, 0xfa, 0x9c, 0xfd, 0xb4, 0x04, 0x70, 0xfd,
  0x1c, 0xfd, 0x38, 0x02, 0xe0, 0x00, 0x84, 0xff, 0x20, 0x03, 0x8c, 0x01,
  0x38, 0xfd, 0x00, 0xff, 0x88, 0x02, 0xfc, 0x01, 0xe0, 0xfe, 0x30, 0xff,
  0x54, 0x00, 0xb8, 0x00, 0x88, 0x00, 0x30, 0x00, 0x14, 0x02, 0x38, 0x00,
  0xb4, 0xff, 0xac, 0x00, 0x08, 0x00, 0xac, 0xfe, 0xb0, 0x00, 0xec, 0x01,
  0xf4, 0xfd, 0xd0, 0xff, 0xa0, 0x00, 0xcc, 0xfe, 0x10, 0xff, 0x10, 0x01,
  0x28, 0x01, 0x40, 0xfb, 0x38, 0xfd, 0x3c, 0xff, 0x4c, 0x02, 0xe4, 0x00,
  0xa0, 0xf8, 0xf4, 0xff, 0xb8, 0xff, 0x94, 0xfe, 0xf8, 0x02, 0x00, 0xfe,
  0x60, 0xfe, 0xc0, 0x01, 0xbc, 0x02, 0x28, 0x00, 0x80, 0xff, 0x10, 0x00,
  0x80, 0x00, 0x58, 0x02, 0x28, 0x00, 0x6c, 0xff, 0x0c, 0x00, 0x28, 0x00,
  0x08, 0x01, 0x34, 0x02, 0x14, 0x00, 0x6c, 0xff, 0xb4, 0x00, 0x1c, 0x00,
  0xbc, 0x00, 0x30, 0xfe, 0x1c, 0xff, 0xf0, 0x00, 0xc8, 0xff, 0x90, 0xfe,
  0x04, 0x00, 0x14, 0x01, 0xd0, 0xfb, 0xc4, 0x01, 0x60, 0x03, 0xc4, 0xfa,
  0x88, 0x00, 0x88, 0x02, 0xcc, 0x01, 0x64, 0x00, 0x70, 0xfe, 0xfc, 0x01,
  0x8c, 0xfe, 0x24, 0x01, 0x40, 0x02, 0xf8, 0xfe, 0x1c, 0xff, 0x54, 0xff,
  0xc8, 0x01, 0x34, 0x00, 0xfc, 0x00, 0x88, 0x02, 0x78, 0xff, 0x30, 0xff,
  0xe4, 0x00, 0x1c, 0x00, 0xec, 0xfd, 0x64, 0x00, 0x8c, 0x00, 0xd4, 0xfd,
  0xf8, 0xff, 0x64, 0xfe, 0x44, 0xfd, 0x18, 0x00, 0x14, 0x01, 0x00, 0x00,
  0x50, 0xfe, 0xb0, 0xff, 0x18, 0x00, 0xd4, 0x00, 0x90, 0x02, 0x04, 0xff,
  0x18, 0xfe, 0x48, 0x01, 0xc0, 0x00, 0xd8, 0x00, 0x10, 0xfe, 0x2c, 0xfd,
  0xa0, 0x00, 0x9c, 0x01, 0x9c, 0x00, 0x4c, 0xff, 0x54, 0xff, 0xd0, 0xff,
  0xdc, 0x00, 0xa0, 0x00, 0x4c, 0x00, 0xa0, 0xfe, 0xcc, 0xfe, 0xf4, 0x00,
  0x64, 0x03, 0x50, 0xff, 0xac, 0xfd, 0x68, 0x02, 0xf0, 0xfe, 0xc8, 0xff,
  0x34, 0x01, 0x20, 0xfe, 0xf0, 0x00, 0x24, 0x01, 0xc4, 0xff, 0x9c, 0x00,
  0x8c, 0xfe, 0xa8, 0xff, 0x00, 0x02, 0xcc, 0xff, 0xc0, 0xfe, 0xf4, 0xff,
  0x10, 0xff, 0x10, 0x01, 0x6c, 0x01, 0x20, 0xff, 0xbc, 0xff, 0x98, 0x00,
  0xd0, 0x00, 0xf8, 0xfe, 0x78, 0x00, 0xb0, 0xff, 0xfc, 0xfd, 0x74, 0x00,
  0x70, 0xff, 0xd8, 0xfe, 0x6c, 0x00, 0x80, 0xfd, 0xbc, 0xfd, 0x1c, 0x03,
  0x38, 0xff, 0x08, 0xfd, 0x38, 0x02, 0xac, 0x00, 0xb0, 0xfe, 0x70, 0x01,
  0x1c, 0x00, 0xf4, 0xfd, 0xcc, 0x00, 0x44, 0x00, 0x50, 0xff, 0x78, 0xff,
  0x84, 0xfd, 0x2c, 0x00, 0x14, 0x01, 0xa4, 0xff, 0x8c, 0xfe, 0x8c, 0xff,
  0xd4, 0x01, 0x1c, 0xfe, 0xdc, 0xfd, 0x90, 0x01, 0xf4, 0x01, 0x84, 0xff,
  0xac, 0xfe, 0x50, 0x00, 0x48, 0xff, 0x78, 0xfd, 0x94, 0x01, 0x18, 0x02,
  0xa4, 0xfe, 0xf0, 0xff, 0x64, 0x01, 0xd4, 0xff, 0x64, 0xff, 0xac, 0x01,
  0x44, 0xff, 0x80, 0x00, 0x30, 0x00, 0x78, 0xff, 0xfc, 0x01, 0xe0, 0xff,
  0xf8, 0x00, 0x54, 0xff, 0xb0, 0xff, 0xf4, 0x00, 0x78, 0xff, 0x78, 0x01,
  0xb4, 0xfe, 0x44, 0x00, 0xa8, 0x01, 0x64, 0xff, 0x90, 0x00, 0x68, 0xff,
  0x8c, 0x00, 0x90, 0xff, 0x10, 0x01, 0x68, 0x00, 0x60, 0xfd, 0x24, 0x02,
  0x0c, 0x00, 0x84, 0xff, 0x88, 0x02, 0x60, 0xfe, 0xdc, 0xff, 0x2c, 0x02,
  0x78, 0xfe, 0xc8, 0xff, 0x88, 0x00, 0x9c, 0xfd, 0xc8, 0xff, 0xb8, 0x01,
  0x6c, 0xfd, 0x5c, 0xfe, 0x58, 0x00, 0x48, 0xfe, 0xec, 0xfd, 0x5c, 0xff,
  0xcc, 0x01, 0x00, 0x00, 0xd0, 0xff, 0x04, 0x00, 0x24, 0x00, 0xb4, 0x00,
  0x34, 0xff, 0xd8, 0x00, 0x6c, 0x00, 0xa0, 0xff, 0x74, 0x00, 0x84, 0xff,
  0x1c, 0xff, 0x24, 0x00, 0xf4, 0x00, 0x30, 0x00, 0x74, 0x00, 0xc4, 0xfe,
  0x28, 0xff, 0xe8, 0x01, 0x60, 0xff, 0xc4, 0xff, 0x10, 0x01, 0x14, 0x00,
  0x40, 0xff, 0xd8, 0xff, 0x98, 0x01, 0x0c, 0xff, 0x88, 0xff, 0x34, 0x00,
  0x90, 0x00, 0x28, 0x01, 0xd8, 0xfc, 0xe4, 0xfe, 0xcc, 0x00, 0x00, 0x00,
  0x68, 0x00, 0x6c, 0xff, 0x08, 0x00, 0xc8, 0xff, 0x84, 0x00, 0xf8, 0x00,
  0xc8, 0xff, 0x94, 0x00, 0x10, 0x00, 0x04, 0x00, 0xdc, 0x00, 0xf8, 0xfe,
  0x34, 0x00, 0xa4, 0x01, 0x04, 0x00, 0xe0, 0xfe, 0xf8, 0xff, 0x90, 0x00,
  0xe0, 0xff, 0xa4, 0x00, 0x90, 0x00, 0x9c, 0xfe, 0xe4, 0xff, 0x88, 0x01,
  0x94, 0x00, 0x7c, 0xff, 0x98, 0xfe, 0xb0, 0x02, 0x18, 0x02, 0x40, 0xff,
  0x48, 0x01, 0x4c, 0xff, 0x20, 0xff, 0xa0, 0x02, 0xbc, 0xff, 0xf8, 0xfd,
  0x9c, 0x00, 0xc4, 0xff, 0x98, 0x00, 0x28, 0x00, 0x54, 0xfe, 0x08, 0x00,
  0x8c, 0x00, 0x50, 0x00, 0x9c, 0xff, 0x44, 0xff, 0x10, 0x01, 0x38, 0x00,
  0x00, 0x00, 0xbc, 0x00, 0x50, 0xfe, 0x14, 0x00, 0x80, 0x01, 0x44, 0x00,
  0x10, 0x00, 0xf0, 0xfe, 0xe4, 0xff, 0xd4, 0x00, 0x54, 0x00, 0xf0, 0xff,
  0x3c, 0xff, 0x68, 0x00, 0x5c, 0x00, 0x0c, 0xff, 0x68, 0x00, 0xec, 0xff,
  0x70, 0xff, 0xf0, 0xfe, 0xdc, 0xfd, 0xb0, 0xff, 0x30, 0x00, 0x70, 0xff,
  0xd0, 0xfe, 0x34, 0xff, 0xb0, 0xff, 0xc0, 0xff, 0x3c, 0x01, 0xd4, 0xff,
  0x68, 0xff, 0x34, 0x01, 0xa4, 0xfe, 0x70, 0xfd, 0x4c, 0xff, 0xc4, 0x00,
  0x74, 0x00, 0x5c, 0xfe, 0xac, 0xfe, 0x6c, 0xff, 0x38, 0x00, 0x00, 0x01,
  0xdc, 0xff, 0xf4, 0xff, 0x64, 0x00, 0x4c, 0x00, 0x04, 0x01, 0x54, 0x00,
  0x38, 0x00, 0x34, 0x01, 0xc8, 0x01, 0x6c, 0x02, 0xec, 0x00, 0xf4, 0xff,
  0xb4, 0x00, 0x08, 0x02, 0x7c, 0x01, 0xa0, 0xff, 0x10, 0x00, 0x14, 0x00,
  0x44, 0x00, 0x08, 0x02, 0x4c, 0x02, 0x04, 0x00, 0xec, 0xfe, 0x60, 0x00,
  0x8c, 0x01, 0x2c, 0x01, 0xfc, 0xff, 0xa0, 0xff, 0x9c, 0xff, 0xe4, 0xff,
  0x90, 0x00, 0x88, 0xff, 0x14, 0xff, 0xe4, 0xff, 0xd4, 0xff, 0x90, 0xff,
  0xc8, 0xff, 0x30, 0xff, 0x74, 0xff, 0x9c, 0x00, 0xec, 0xff, 0xb8, 0xff,
  0x70, 0xff, 0x68, 0xff, 0x3c, 0x00, 0xd8, 0xff, 0x30, 0xff, 0xf0, 0xfd,
  0x50, 0xfd, 0x50, 0xfe, 0x74, 0xfe, 0xf8, 0xfd, 0x68, 0xfd, 0x30, 0xfd,
  0x5c, 0xfd, 0x2c, 0xfe, 0x50, 0xfe, 0x6c, 0xfe, 0xfc, 0xfe, 0x7c, 0xfe,
  0x2c, 0xfd, 0xc8, 0xfb, 0x1c, 0xfd, 0xa8, 0xfe, 0x38, 0xfe, 0x70, 0xfd,
  0x80, 0xfc, 0xac, 0xfc, 0x30, 0xfe, 0x04, 0xff, 0x18, 0xff, 0xe4, 0xfe,
  0x48, 0xff, 0xf4, 0xff, 0x40, 0x00, 0xd0, 0x00, 0x1c, 0x01, 0x58, 0x02,
  0xc0, 0x03, 0x04, 0x04, 0xe0, 0x03, 0x3c, 0x03, 0x38, 0x04, 0x28, 0x05,
  0xf0, 0x04, 0xb8, 0x04, 0x88, 0x03, 0x48, 0x03, 0xf4, 0x03, 0xd0, 0x05,
  0xc8, 0x05, 0x04, 0x04, 0xc0, 0x02, 0x8c, 0x02, 0x90, 0x06, 0x14, 0x07,
  0xa0, 0x03, 0xd4, 0x02, 0xc8, 0x02, 0x94, 0x03, 0x1c, 0x04, 0xf8, 0x01,
  0x48, 0x01, 0xc8, 0x03, 0x68, 0x03, 0x80, 0x00, 0x90, 0xff, 0x40, 0x00,
  0x68, 0x01, 0xa0, 0x01, 0x3c, 0x00, 0xf0, 0xfd, 0x08, 0xfe, 0x48, 0xff,
  0x7c, 0xff, 0x5c, 0xfe, 0x14, 0xfd, 0x44, 0xfc, 0xcc, 0xfb, 0xb8, 0xfc,
  0x3c, 0xfc, 0x04, 0xfc, 0x20, 0xfc, 0xb4, 0xfb, 0x78, 0xfb, 0x20, 0xfa,
  0x14, 0xf9, 0x04, 0xf9, 0x94, 0xf9, 0xe4, 0xf9, 0xd4, 0xf8, 0x68, 0xf7,
  0x04, 0xf8, 0x90, 0xf8, 0xb8, 0xf5, 0x00, 0xf5, 0xf8, 0xf7, 0x78, 0xf8,
  0xc0, 0xf7, 0x1c, 0xf7, 0x84, 0xf6, 0xf8, 0xf7, 0xb0, 0xfa, 0xe0, 0xfc,
  0x2c, 0xfd, 0xd8, 0xfd, 0x88, 0xff, 0xec, 0x00, 0xac, 0x02, 0x2c, 0x04,
  0x74, 0x05, 0xe8, 0x06, 0x84, 0x07, 0xe4, 0x07, 0x5c, 0x09, 0xb4, 0x0b,
  0x38, 0x0d, 0xa8, 0x0c, 0x44, 0x0c, 0x8c, 0x0d, 0xec, 0x0f, 0x2c, 0x11,
  0x94, 0x0f, 0x78, 0x0e, 0x84, 0x0e, 0x94, 0x0e, 0x7c, 0x0f, 0x24, 0x0d,
  0xb8, 0x08, 0xb8, 0x09, 0x40, 0x0b, 0x68, 0x08, 0x34, 0x05, 0x00, 0x03,
  0x50, 0x02, 0x60, 0x02, 0x64, 0x01, 0xac, 0xfe, 0xf8, 0xfb, 0x00, 0xfc,
  0x2c, 0xfc, 0x7c, 0xfa, 0x44, 0xf8, 0x98, 0xf6, 0x78, 0xf6, 0xfc, 0xf6,
  0x30, 0xf6, 0xb0, 0xf4, 0x3c, 0xf4, 0xf0, 0xf4, 0x38, 0xf5, 0xac, 0xf3,
  0x20, 0xf2, 0x4c, 0xf2, 0xe0, 0xf3, 0x2c, 0xf5, 0x08, 0xf4, 0xb0, 0xf3,
  0x50, 0xf4, 0xd4, 0xf2, 0x88, 0xf3, 0xf4, 0xf6, 0xc8, 0xf6, 0x28, 0xf2,
  0x78, 0xef, 0xf8, 0xf2, 0x98, 0xf6, 0x4c, 0xf6, 0x64, 0xf7, 0x84, 0xfa,
  0x9c, 0xfc, 0x24, 0xfe, 0xf8, 0xff, 0x20, 0x02, 0xe4, 0x04, 0x6c, 0x09,
  0x68, 0x0d, 0x48, 0x0d, 0xb8, 0x0c, 0x20, 0x10, 0x94, 0x14, 0x24, 0x16,
  0xd4, 0x16, 0xbc, 0x17, 0xcc, 0x17, 0xfc, 0x18, 0x28, 0x1a, 0x8c, 0x18,
  0xf0, 0x16, 0xb4, 0x17, 0x6c, 0x17, 0x84, 0x13, 0x44, 0x0f, 0x68, 0x0f,
  0x08, 0x10, 0xf8, 0x0b, 0xf8, 0x07, 0xac, 0x05, 0x58, 0x03, 0x50, 0x02,
  0x84, 0xff, 0x34, 0xfd, 0xe0, 0xfb, 0x98, 0xf8, 0x0c, 0xf7, 0xac, 0xf5,
  0x08, 0xf4, 0x0c, 0xf2, 0xb0, 0xf0, 0x58, 0xf1, 0xdc, 0xef, 0x38, 0xef,
  0xa0, 0xee, 0x0c, 0xed, 0x4c, 0xee, 0x24, 0xee, 0x4c, 0xed, 0x28, 0xed,
  0x38, 0xed, 0x90, 0xef, 0x64, 0xf0, 0xc8, 0xee, 0x70, 0xed, 0x68, 0xef,
  0x50, 0xf2, 0x7c, 0xef, 0xf0, 0xeb, 0xf4, 0xec, 0xe4, 0xf0, 0x88, 0xf3,
  0x54, 0xf1, 0xa8, 0xf2, 0x6c, 0xf8, 0x0c, 0xfb, 0xb8, 0xfc, 0x00, 0xfd,
  0xc0, 0xfe, 0xd4, 0x04, 0xb0, 0x09, 0xc8, 0x0a, 0x60, 0x0a, 0x50, 0x0c,
  0x2c, 0x10, 0x68, 0x13, 0x88, 0x14, 0xf0, 0x13, 0xfc, 0x14, 0xb8, 0x17,
  0x0c, 0x18, 0x00, 0x16, 0xe0, 0x14, 0x18, 0x15, 0x40, 0x15, 0x90, 0x13,
  0x9c, 0x0f, 0xf0, 0x0b, 0x54, 0x0b, 0x74, 0x0b, 0x94, 0x08, 0x18, 0x04,
  0xf0, 0x00, 0x8c, 0xff, 0x78, 0xfe, 0xb4, 0xfc, 0xd8, 0xf9, 0xa8, 0xf7,
  0x30, 0xf7, 0x4c, 0xf6, 0x90, 0xf4, 0xa0, 0xf2, 0x14, 0xf2, 0xe4, 0xf2,
  0x14, 0xf3, 0xa4, 0xf2, 0xe8, 0xf1, 0x44, 0xf2, 0xd4, 0xf3, 0x58, 0xf4,
  0xec, 0xf3, 0xd0, 0xf3, 0xd0, 0xf4, 0x84, 0xf6, 0xc4, 0xf7, 0xd8, 0xf7,
  0xdc, 0xf7, 0x7c, 0xf8, 0x48, 0xf8, 0xcc, 0xf9, 0x4c, 0xf9, 0x80, 0xf5,
  0x94, 0xf6, 0xac, 0xf4, 0xcc, 0xee, 0xa4, 0xef, 0x38, 0xf4, 0xc0, 0xfc,
  0xec, 0x01, 0x3c, 0xfa, 0x1c, 0xf4, 0xe0, 0xfa, 0x2c, 0x06, 0xb0, 0x0b,
  0xbc, 0x0b, 0x40, 0x0a, 0x34, 0x0a, 0x70, 0x0f, 0x3c, 0x15, 0xac, 0x15,
  0x38, 0x16, 0xd4, 0x19, 0x14, 0x1c, 0x68, 0x1a, 0xbc, 0x17, 0xd8, 0x17,
  0x54, 0x1a, 0x4c, 0x1c, 0x94, 0x19, 0x08, 0x13, 0xdc, 0x0e, 0x7c, 0x0e,
  0x2c, 0x0f, 0x6c, 0x0d, 0x3c, 0x08, 0x6c, 0x03, 0xec, 0x00, 0x30, 0xff,
  0x7c, 0xfc, 0xdc, 0xf9, 0xc8, 0xf8, 0x74, 0xf7, 0xd8, 0xf4, 0xd8, 0xf1,
  0xa8, 0xef, 0xb4, 0xef, 0xb4, 0xf1, 0x34, 0xf2, 0xc8, 0xf0, 0x70, 0xef,
  0x00, 0xf0, 0xf8, 0xf1, 0xa8, 0xf2, 0xdc, 0xf3, 0xf8, 0xf3, 0x64, 0xf5,
  0x04, 0xf9, 0xbc, 0xf4, 0xc4, 0xf0, 0x50, 0xf7, 0x0c, 0xfc, 0xb8, 0xf8,
  0x9c, 0xf5, 0x98, 0xf3, 0x34, 0xf1, 0x2c, 0xf1, 0x40, 0xf0, 0x04, 0xed,
  0x08, 0xed, 0x90, 0xf7, 0xcc, 0xff, 0x14, 0xf5, 0x44, 0xec, 0xd4, 0xf5,
  0x88, 0x02, 0xbc, 0x06, 0x14, 0x06, 0x9c, 0x04, 0x08, 0x04, 0xac, 0x0a,
  0x2c, 0x13, 0x10, 0x13, 0x14, 0x12, 0x34, 0x16, 0x20, 0x1a, 0xf8, 0x18,
  0x24, 0x16, 0x10, 0x17, 0x38, 0x1a, 0x54, 0x1c, 0x24, 0x19, 0x7c, 0x12,
  0x20, 0x0f, 0x00, 0x0f, 0x7c, 0x0f, 0xd0, 0x0d, 0x7c, 0x08, 0x38, 0x03,
  0xd0, 0x00, 0xa8, 0xff, 0x98, 0xfc, 0x9c, 0xf9, 0x20, 0xf9, 0xbc, 0xf7,
  0xbc, 0xf4, 0xdc, 0xf1, 0x18, 0xf0, 0x30, 0xf0, 0xf8, 0xf1, 0xc4, 0xf2,
  0x18, 0xf1, 0xfc, 0xef, 0xf4, 0xf0, 0xf4, 0xf2, 0x60, 0xf4, 0xac, 0xf4,
  0x30, 0xf6, 0xa4, 0xf7, 0xe4, 0xf5, 0x78, 0xf3, 0x28, 0xf5, 0x88, 0xf9,
  0x88, 0xf9, 0xa0, 0xf6, 0xf8, 0xf3, 0xf0, 0xf0, 0x90, 0xef, 0x14, 0xef,
  0xf0, 0xed, 0xa4, 0xee, 0xc0, 0xf4, 0x44, 0xfa, 0x04, 0xf6, 0xdc, 0xee,
  0xe0, 0xf2, 0x08, 0xfe, 0x68, 0x04, 0x44, 0x05, 0xac, 0x03, 0x9c, 0x03,
  0x28, 0x08, 0x30, 0x0f, 0x24, 0x13, 0x14, 0x13, 0x20, 0x15, 0x70, 0x18,
  0x7c, 0x18, 0x6c, 0x17, 0xd0, 0x17, 0x94, 0x1a, 0x48, 0x1c, 0xec, 0x19,
  0xf4, 0x14, 0xcc, 0x10, 0xf0, 0x0f, 0x2c, 0x10, 0xe0, 0x0e, 0xc8, 0x0a,
  0x48, 0x05, 0xfc, 0x01, 0x00, 0x00, 0xd4, 0xfd, 0xc4, 0xfb, 0xac, 0xf9,
  0x0c, 0xf9, 0xbc, 0xf5, 0xfc, 0xf0, 0xc4, 0xf4, 0xe0, 0xf8, 0xd8, 0xf2,
  0xf0, 0xef, 0xf0, 0xf5, 0x58, 0xf7, 0x64, 0xf5, 0xf8, 0xf7, 0x28, 0xf9,
  0xd4, 0xf6, 0xc4, 0xf9, 0xd8, 0xfe, 0xe0, 0xfa, 0xb4, 0xf5, 0x6c, 0xf9,
  0xb0, 0xfd, 0xc4, 0xfb, 0x28, 0xf8, 0x0c, 0xf6, 0x80, 0xf3, 0xd8, 0xf1,
  0xc4, 0xf0, 0xd8, 0xeb, 0xbc, 0xea, 0x30, 0xf7, 0xc4, 0xff, 0x6c, 0xf4,
  0x5c, 0xec, 0x64, 0xf4, 0x94, 0xf9, 0x58, 0xff, 0x48, 0x09, 0x98, 0x06,
  0xb8, 0xfe, 0x8c, 0x04, 0xc0, 0x0e, 0xe8, 0x0e, 0x88, 0x10, 0x90, 0x17,
  0x8c, 0x17, 0x28, 0x14, 0x5c, 0x15, 0x6c, 0x16, 0xbc, 0x17, 0xd0, 0x1b,
  0xf0, 0x1a, 0x64, 0x14, 0xa0, 0x0f, 0xd0, 0x0e, 0xe0, 0x0e, 0xf0, 0x0e,
  0x7c, 0x0c, 0x54, 0x06, 0x88, 0x02, 0xac, 0x00, 0x1c, 0xfd, 0xd0, 0xfb,
  0x4c, 0xfc, 0x60, 0xfa, 0xc4, 0xf6, 0xa4, 0xf4, 0x68, 0xf5, 0xa8, 0xf6,
  0xd4, 0xf6, 0x2c, 0xf6, 0x64, 0xf6, 0xfc, 0xf7, 0x48, 0xf9, 0xa8, 0xf9,
  0x5c, 0xfa, 0x78, 0xfb, 0xb0, 0xfc, 0x9c, 0xfe, 0xb0, 0xfd, 0x98, 0xfa,
  0x84, 0xfa, 0x60, 0xfd, 0x4c, 0xfe, 0xfc, 0xfa, 0x04, 0xf8, 0xb0, 0xf5,
  0xe8, 0xf2, 0xcc, 0xf1, 0x78, 0xef, 0xec, 0xed, 0x24, 0xf8, 0x40, 0x02,
  0xbc, 0xf7, 0x3c, 0xee, 0x84, 0xf7, 0x94, 0xfe, 0xb0, 0x00, 0x60, 0x09,
  0xd8, 0x0a, 0xcc, 0x01, 0xc8, 0x04, 0x5c, 0x10, 0xc0, 0x10, 0x28, 0x10,
  0x60, 0x17, 0x30, 0x18, 0xfc, 0x12, 0x6c, 0x13, 0x0c, 0x16, 0x5c, 0x16,
  0xa8, 0x18, 0x8c, 0x18, 0x0c, 0x12, 0xc0, 0x0c, 0x4c, 0x0c, 0x18, 0x0d,
  0x94, 0x0c, 0xb8, 0x09, 0x28, 0x04, 0x4c, 0x00, 0x30, 0xff, 0xb0, 0xfc,
  0x3c, 0xfb, 0x70, 0xfb, 0x28, 0xf9, 0x74, 0xf6, 0xb8, 0xf5, 0xd8, 0xf6,
  0xe4, 0xf5, 0x50, 0xf4, 0xbc, 0xfa, 0x28, 0xfe, 0x8c, 0xf7, 0xac, 0xf5,
  0xe4, 0xfb, 0x9c, 0xfe, 0x48, 0xfd, 0xa0, 0xff, 0x08, 0xff, 0xc4, 0xf9,
  0xe8, 0xfa, 0x64, 0xfe, 0xd0, 0xfc, 0x58, 0xfa, 0x0c, 0xfa, 0x1c, 0xf8,
  0x50, 0xf2, 0x98, 0xf0, 0xe0, 0xf0, 0x74, 0xea, 0x04, 0xee, 0x2c, 0xfd,
  0x00, 0xfd, 0x1c, 0xf0, 0x1c, 0xef, 0x90, 0xf7, 0x08, 0xfb, 0x98, 0x00,
  0x5c, 0x07, 0xec, 0x02, 0x88, 0xfe, 0x04, 0x06, 0x14, 0x0c, 0x94, 0x0b,
  0xac, 0x0e, 0x5c, 0x13, 0x70, 0x12, 0xb8, 0x0f, 0x74, 0x10, 0x00, 0x12,
  0x30, 0x14, 0xd4, 0x15, 0x48, 0x13, 0x60, 0x0e, 0xe8, 0x0a, 0x78, 0x0a,
  0xc8, 0x0b, 0x34, 0x0b, 0xbc, 0x06, 0x64, 0x02, 0xb0, 0x00, 0x58, 0xfe,
  0x4c, 0xfc, 0x18, 0xfc, 0x3c, 0xfb, 0xe0, 0xf8, 0xcc, 0xf6, 0x88, 0xf7,
  0x0c, 0xf7, 0x0c, 0xf5, 0x9c, 0xf9, 0x84, 0xfd, 0xbc, 0xf7, 0x9c, 0xf4,
  0xdc, 0xf9, 0x6c, 0xfc, 0x0c, 0xfb, 0x58, 0xfc, 0x9c, 0xfc, 0xb4, 0xf7,
  0xcc, 0xf7, 0x00, 0xfc, 0x18, 0xfa, 0xc0, 0xf7, 0x14, 0xf8, 0xf0, 0xf5,
  0xa0, 0xf2, 0x74, 0xef, 0xb8, 0xee, 0x2c, 0xef, 0x44, 0xea, 0xc0, 0xf2,
  0x98, 0x03, 0x88, 0xfa, 0x44, 0xea, 0xac, 0xf2, 0x18, 0x00, 0x78, 0xff,
  0x50, 0x04, 0xf0, 0x09, 0x58, 0x00, 0x54, 0xff, 0xa8, 0x0d, 0xa0, 0x10,
  0x88, 0x0a, 0xb0, 0x0f, 0x40, 0x15, 0x3c, 0x10, 0x44, 0x0e, 0x18, 0x11,
  0xd8, 0x11, 0xa4, 0x12, 0xb8, 0x13, 0x50, 0x0f, 0xcc, 0x08, 0x28, 0x08,
  0x10, 0x0a, 0xf8, 0x0a, 0xb4, 0x07, 0x6c, 0x01, 0x4c, 0xff, 0x38, 0xff,
  0xa8, 0xfd, 0x20, 0xfc, 0x64, 0xfb, 0x40, 0xfa, 0xbc, 0xf7, 0xf8, 0xf8,
  0x60, 0xf9, 0xd8, 0xf6, 0x44, 0xfa, 0x1c, 0xfe, 0x30, 0xfb, 0x24, 0xf8,
  0x38, 0xfb, 0x5c, 0xfd, 0x1c, 0xfd, 0xc8, 0xfe, 0xbc, 0xfd, 0x2c, 0xfa,
  0x8c, 0xf9, 0x0c, 0xfc, 0x74, 0xfb, 0x30, 0xf9, 0x48, 0xf8, 0xac, 0xf5,
  0x20, 0xf3, 0x3c, 0xf0, 0x20, 0xee, 0xcc, 0xed, 0x48, 0xeb, 0xe0, 0xf1,
  0xac, 0x02, 0x0c, 0xff, 0x48, 0xe9, 0xb0, 0xeb, 0xac, 0x00, 0x30, 0x04,
  0x40, 0x02, 0x2c, 0x07, 0xa4, 0x01, 0xcc, 0xfc, 0xd4, 0x0a, 0x70, 0x13,
  0x7c, 0x09, 0x54, 0x0e, 0x80, 0x1b, 0xb8, 0x12, 0xe8, 0x09, 0x2c, 0x12,
  0x10, 0x17, 0xbc, 0x14, 0x88, 0x17, 0xc8, 0x13, 0xd8, 0x07, 0x28, 0x08,
  0xf0, 0x0f, 0x88, 0x0e, 0xb0, 0x08, 0xc0, 0x03, 0xc8, 0x00, 0x08, 0x00,
  0xa0, 0xfe, 0x94, 0xfd, 0x78, 0xfb, 0x90, 0xfa, 0x1c, 0xf9, 0x94, 0xf7,
  0x70, 0xf7, 0x40, 0xf6, 0x0c, 0xf9, 0x10, 0xfd, 0xb4, 0xfa, 0xc4, 0xf5,
  0x14, 0xf8, 0xbc, 0xfb, 0x90, 0xfb, 0x1c, 0xfd, 0x08, 0xfc, 0x48, 0xf8,
  0xc4, 0xf7, 0x6c, 0xfa, 0xa0, 0xfa, 0xbc, 0xf7, 0x08, 0xf7, 0xfc, 0xf5,
  0x58, 0xf2, 0xf0, 0xef, 0x94, 0xee, 0xb4, 0xec, 0x04, 0xee, 0x6c, 0xf5,
  0x9c, 0xfd, 0xc8, 0xf9, 0x38, 0xec, 0x4c, 0xee, 0x40, 0xfe, 0x6c, 0x02,
  0xbc, 0x00, 0x8c, 0x02, 0x2c, 0x00, 0xc8, 0xfe, 0x54, 0x08, 0xa0, 0x0e,
  0x40, 0x09, 0x68, 0x0d, 0xe8, 0x16, 0xb4, 0x10, 0xc4, 0x09, 0x04, 0x11,
  0xb0, 0x15, 0xfc, 0x13, 0x24, 0x15, 0xc4, 0x11, 0x0c, 0x09, 0x88, 0x09,
  0xfc, 0x0f, 0x34, 0x0e, 0x0c, 0x08, 0xcc, 0x04, 0xac, 0x02, 0xe8, 0x00,
  0x18, 0x00, 0xc4, 0xfe, 0xbc, 0xfc, 0xc8, 0xfb, 0x18, 0xfb, 0x28, 0xf9,
  0x7c, 0xf8, 0xa4, 0xf8, 0x38, 0xfa, 0xb8, 0xfc, 0x18, 0xfa, 0x60, 0xf7,
  0xfc, 0xf8, 0xd8, 0xfa, 0xcc, 0xfb, 0x44, 0xfb, 0x3c, 0xfa, 0x1c, 0xf8,
  0x38, 0xf7, 0xe8, 0xf9, 0xc8, 0xf8, 0x4c, 0xf6, 0x10, 0xf6, 0xc0, 0xf3,
  0xe0, 0xf1, 0x4c, 0xef, 0x44, 0xee, 0xb8, 0xef, 0x3c, 0xf1, 0x0c, 0xfd,
  0x90, 0x01, 0x54, 0xee, 0xc4, 0xe8, 0x78, 0xfc, 0xe4, 0x04, 0xe4, 0xfe,
  0xa4, 0x01, 0x6c, 0x02, 0xfc, 0xfa, 0x54, 0x03, 0xd0, 0x0f, 0x54, 0x0a,
  0xfc, 0x07, 0x9c, 0x12, 0xa8, 0x13, 0xe0, 0x0a, 0xc4, 0x0c, 0xf8, 0x13,
  0x08, 0x14, 0x64, 0x14, 0x48, 0x13, 0x64, 0x0b, 0xe0, 0x08, 0xc8, 0x0d,
  0x94, 0x0f, 0x28, 0x0c, 0xd8, 0x05, 0x50, 0x02, 0xdc, 0x02, 0x2c, 0x02,
  0xd4, 0xff, 0xfc, 0xfd, 0x5c, 0xfd, 0x9c, 0xfb, 0x30, 0xfa, 0x8c, 0xfa,
  0x34, 0xf9, 0x5c, 0xf9, 0xf8, 0xfc, 0x1c, 0xfc, 0x68, 0xf8, 0x1c, 0xf9,
  0x3c, 0xfa, 0x5c, 0xfb, 0x34, 0xfe, 0xb4, 0xfc, 0xbc, 0xf6, 0x38, 0xf6,
  0x90, 0xfa, 0x1c, 0xfa, 0x18, 0xf8, 0xb8, 0xf6, 0xfc, 0xf1, 0xe8, 0xef,
  0xdc, 0xf1, 0x48, 0xf0, 0x34, 0xf1, 0xb0, 0xfa, 0x84, 0xfe, 0xe0, 0xf3,
  0x5c, 0xee, 0x0c, 0xf7, 0xfc, 0xfd, 0x50, 0x02, 0x8c, 0x04, 0xd4, 0xfe,
  0x60, 0xf9, 0xc8, 0x00, 0x40, 0x0b, 0x18, 0x0b, 0xe8, 0x09, 0xb4, 0x0b,
  0xe4, 0x0b, 0xcc, 0x0b, 0x9c, 0x0e, 0x1c, 0x11, 0x64, 0x10, 0xd4, 0x10,
  0x4c, 0x10, 0x54, 0x0c, 0xec, 0x0a, 0x44, 0x0c, 0x98, 0x0c, 0xfc, 0x0b,
  0x54, 0x08, 0x34, 0x04, 0xf4, 0x02, 0xc0, 0x02, 0xf0, 0x02, 0x40, 0x02,
  0xe8, 0xfe, 0x1c, 0xfc, 0x2c, 0xfc, 0x0c, 0xfe, 0x5c, 0xfd, 0xdc, 0xfb,
  0xb0, 0xfc, 0xbc, 0xfb, 0xe4, 0xfa, 0xc8, 0xfa, 0x84, 0xfa, 0xa8, 0xfc,
  0x90, 0xfd, 0x50, 0xf9, 0xb0, 0xf5, 0x3c, 0xf7, 0xc4, 0xf9, 0x40, 0xf8,
  0xa0, 0xf6, 0xa8, 0xf3, 0x4c, 0xef, 0x70, 0xf0, 0x80, 0xf0, 0x98, 0xec,
  0x10, 0xf0, 0xc0, 0xfa, 0x88, 0xfb, 0x50, 0xf2, 0xc8, 0xef, 0x74, 0xf5,
  0xc4, 0xfc, 0xf8, 0x03, 0xbc, 0x04, 0x58, 0xfc, 0x44, 0xfa, 0x0c, 0x03,
  0xc8, 0x09, 0x3c, 0x0d, 0x90, 0x0d, 0xb4, 0x09, 0x10, 0x08, 0x9c, 0x0c,
  0xcc, 0x10, 0x24, 0x11, 0xc4, 0x10, 0xbc, 0x0e, 0xa0, 0x0b, 0xd8, 0x0a,
  0x48, 0x0d, 0x98, 0x0d, 0xe8, 0x0a, 0x40, 0x09, 0xe4, 0x06, 0xf8, 0x03,
  0xe8, 0x03, 0x40, 0x05, 0x1c, 0x04, 0x0c, 0x01, 0x1c, 0xff, 0xe4, 0xfe,
  0x74, 0xff, 0x60, 0x00, 0x5c, 0xfe, 0x94, 0xfc, 0x00, 0xfe, 0x44, 0xfc,
  0xe8, 0xfa, 0x08, 0xfe, 0x60, 0xfd, 0xc4, 0xf8, 0x88, 0xf8, 0xc0, 0xf8,
  0xa8, 0xf6, 0x64, 0xf7, 0xbc, 0xf7, 0x64, 0xf3, 0x28, 0xf0, 0xe0, 0xef,
  0xfc, 0xed, 0xe4, 0xed, 0xb0, 0xf0, 0x78, 0xf5, 0x24, 0xfa, 0xc8, 0xf7,
  0xbc, 0xee, 0x94, 0xee, 0x50, 0xfd, 0x2c, 0x06, 0x3c, 0x02, 0x48, 0xfe,
  0x80, 0xfc, 0x08, 0xfd, 0xfc, 0x07, 0x54, 0x13, 0x14, 0x0e, 0x5c, 0x06,
  0xb0, 0x09, 0x6c, 0x0d, 0x30, 0x0f, 0x68, 0x13, 0xf0, 0x12, 0xd4, 0x0c,
  0x2c, 0x0b, 0xcc, 0x0e, 0x3c, 0x0d, 0x78, 0x0a, 0xa0, 0x0d, 0xb8, 0x0b,
  0x18, 0x05, 0x14, 0x04, 0xe8, 0x04, 0x1c, 0x00, 0x94, 0xff, 0x54, 0x03,
  0xf4, 0xfe, 0x68, 0xfa, 0xa0, 0xfb, 0xa8, 0xfc, 0x30, 0xfb, 0x84, 0xfc,
  0xcc, 0xfc, 0xd8, 0xf8, 0x04, 0xf9, 0x30, 0xfa, 0xe8, 0xfb, 0x98, 0xfe,
  0x58, 0xfb, 0xb8, 0xf5, 0xd4, 0xf5, 0x94, 0xf9, 0x64, 0xf9, 0xb0, 0xf6,
  0xec, 0xf4, 0xf8, 0xef, 0x9c, 0xeb, 0x88, 0xef, 0x3c, 0xf4, 0x68, 0xf5,
  0x88, 0xfa, 0xcc, 0xf9, 0x90, 0xef, 0xec, 0xef, 0xcc, 0xfc, 0x58, 0x05,
  0x98, 0x03, 0x60, 0x00, 0x04, 0xfd, 0x54, 0xfc, 0x24, 0x07, 0x28, 0x11,
  0x38, 0x0f, 0x90, 0x09, 0xcc, 0x08, 0x1c, 0x0b, 0x40, 0x0f, 0xf0, 0x13,
  0x60, 0x13, 0xd0, 0x0e, 0x1c, 0x0c, 0x2c, 0x0c, 0xcc, 0x0c, 0xcc, 0x0e,
  0x98, 0x0e, 0xe0, 0x09, 0x60, 0x06, 0x04, 0x06, 0xcc, 0x05, 0xec, 0x02,
  0xb0, 0x01, 0xf8, 0x01, 0xbc, 0xff, 0x94, 0xfd, 0x9c, 0xfd, 0x30, 0xfd,
  0xe0, 0xfb, 0x3c, 0xfd, 0xdc, 0xfc, 0x78, 0xfa, 0x20, 0xfa, 0x10, 0xfa,
  0x84, 0xfb, 0xcc, 0xfd, 0x94, 0xfb, 0x60, 0xf6, 0xa8, 0xf5, 0x94, 0xf8,
  0x70, 0xf8, 0x60, 0xf6, 0x80, 0xf4, 0x8c, 0xef, 0x98, 0xec, 0x9c, 0xf1,
  0x78, 0xf9, 0x20, 0xfd, 0x18, 0xf8, 0x64, 0xef, 0xd0, 0xef, 0xa8, 0xfa,
  0x64, 0x03, 0xd4, 0x03, 0x24, 0xff, 0xe4, 0xf9, 0x98, 0xfb, 0x90, 0x05,
  0x98, 0x0e, 0xdc, 0x0d, 0x64, 0x08, 0xcc, 0x07, 0xcc, 0x09, 0xa4, 0x0d,
  0xa8, 0x12, 0x28, 0x13, 0x88, 0x0e, 0xcc, 0x0a, 0x5c, 0x0b, 0xc0, 0x0c,
  0x58, 0x0e, 0x30, 0x0e, 0x50, 0x0a, 0x3c, 0x06, 0x60, 0x04, 0xfc, 0x04,
  0xc0, 0x03, 0x28, 0x01, 0x38, 0x01, 0x7c, 0xfe, 0x98, 0xf9, 0x2c, 0xfa,
  0x10, 0xfd, 0xa0, 0xfc, 0x0c, 0xfa, 0xec, 0xf8, 0xe0, 0xf7, 0x4c, 0xf7,
  0x30, 0xfa, 0xec, 0xfc, 0xd0, 0xfb, 0x40, 0xf8, 0x64, 0xf6, 0xc0, 0xf6,
  0x3c, 0xf8, 0x1c, 0xf9, 0xe0, 0xf6, 0x20, 0xf3, 0x74, 0xef, 0x68, 0xee,
  0xc4, 0xf2, 0x80, 0xf9, 0xd8, 0xfd, 0xe0, 0xf8, 0xc0, 0xef, 0xa0, 0xf1,
  0x20, 0xfc, 0x2c, 0x04, 0xc0, 0x04, 0xfc, 0xff, 0xd4, 0xfa, 0xb4, 0xfc,
  0x34, 0x07, 0x14, 0x0f, 0xf4, 0x0d, 0x70, 0x09, 0x14, 0x08, 0x28, 0x0a,
  0x7c, 0x0e, 0xf4, 0x12, 0x84, 0x12, 0x74, 0x0e, 0x54, 0x0b, 0xf4, 0x0a,
  0x74, 0x0c, 0xa0, 0x0d, 0xc0, 0x0d, 0x6c, 0x0a, 0x54, 0x05, 0x5c, 0x03,
  0xc4, 0x03, 0x1c, 0x04, 0x48, 0x03, 0x84, 0x00, 0x4c, 0xfc, 0xe4, 0xf9,
  0xa4, 0xfb, 0xdc, 0xfc, 0x5c, 0xfb, 0x44, 0xf9, 0x68, 0xf7, 0x0c, 0xf7,
  0x00, 0xf8, 0xf0, 0xf9, 0x8c, 0xfa, 0x9c, 0xf8, 0xc0, 0xf6, 0x38, 0xf6,
  0xb0, 0xf6, 0xe4, 0xf7, 0xf4, 0xf7, 0xb0, 0xf5, 0xf0, 0xf2, 0x00, 0xf2,
  0xec, 0xf3, 0xf4, 0xf7, 0x00, 0xfd, 0x68, 0xfd, 0x2c, 0xf7, 0x60, 0xf4,
  0xf0, 0xf9, 0xe8, 0x00, 0x40, 0x03, 0x00, 0x02, 0xc4, 0xfe, 0xbc, 0xfc,
  0xa0, 0x01, 0xe0, 0x09, 0xf4, 0x0b, 0x50, 0x08, 0xd8, 0x05, 0x20, 0x07,
  0xa8, 0x0a, 0xa8, 0x0d, 0x64, 0x0e, 0x90, 0x0b, 0x58, 0x08, 0xc0, 0x08,
  0x8c, 0x0a, 0xf0, 0x0a, 0x2c, 0x0a, 0x68, 0x08, 0x78, 0x05, 0x00, 0x04,
  0xb8, 0x03, 0xec, 0x02, 0x6c, 0x02, 0xd0, 0x00, 0x18, 0xfe, 0xf8, 0xfb,
  0x40, 0xfc, 0xe0, 0xfc, 0xe8, 0xfb, 0x90, 0xfb, 0xa0, 0xfa, 0xc0, 0xf8,
  0x94, 0xf8, 0xfc, 0xfa, 0x70, 0xfc, 0x10, 0xfb, 0x98, 0xf9, 0x64, 0xf8,
  0xb0, 0xf7, 0xac, 0xf8, 0x64, 0xfa, 0x9c, 0xfa, 0x14, 0xf9, 0xbc, 0xf7,
  0x0c, 0xf8, 0xb0, 0xf9, 0x08, 0xfc, 0x94, 0xfd, 0x08, 0xfd, 0x88, 0xfb,
  0x54, 0xfb, 0xcc, 0xfd, 0xac, 0x00, 0x8c, 0x01, 0x94, 0x00, 0x44, 0xff,
  0xf4, 0xff, 0xd0, 0x02, 0x9c, 0x05, 0x08, 0x06, 0x50, 0x04, 0x14, 0x03,
  0x04, 0x04, 0x48, 0x06, 0xbc, 0x07, 0xe4, 0x06, 0xfc, 0x04, 0x18, 0x04,
  0x78, 0x04, 0xb8, 0x05, 0x74, 0x06, 0x18, 0x05, 0x34, 0x03, 0x60, 0x02,
  0x2c, 0x02, 0xe4, 0x02, 0x30, 0x03, 0x9c, 0x01, 0xac, 0xff, 0x10, 0xff,
  0x7c, 0xff, 0xa4, 0xff, 0x94, 0xff, 0x24, 0xff, 0x90, 0xfd, 0xb8, 0xfc,
  0xac, 0xfd, 0x58, 0xfe, 0x58, 0xfe, 0x0c, 0xfe, 0x20, 0xfd, 0xa4, 0xfc,
  0x78, 0xfd, 0xf0, 0xfd, 0x1c, 0xfd, 0x48, 0xfd, 0xc8, 0xfd, 0xfc, 0xfc,
  0x8c, 0xfc, 0xec, 0xfc, 0x7c, 0xfd, 0x4c, 0xfe, 0x10, 0xff, 0x30, 0xff,
  0x6c, 0xfe, 0xfc, 0xfd, 0x1c, 0xff, 0xbc, 0x00, 0x60, 0x01, 0x98, 0x00,
  0x80, 0xff, 0x4c, 0x00, 0x58, 0x02, 0xa0, 0x03, 0xb8, 0x03, 0xc0, 0x02,
  0x20, 0x02, 0x48, 0x03, 0x70, 0x04, 0x68, 0x04, 0x34, 0x04, 0xd0, 0x03,
  0x44, 0x03, 0x58, 0x03, 0x0c, 0x04, 0xe8, 0x03, 0x0c, 0x03, 0xc0, 0x02,
  0x58, 0x02, 0xcc, 0x01, 0xf0, 0x01, 0x2c, 0x02, 0x74, 0x01, 0x70, 0x00,
  0x5c, 0x00, 0x9c, 0x00, 0x78, 0x00, 0x34, 0x00, 0xac, 0xff, 0x00, 0xff,
  0xc0, 0xfe, 0x04, 0xff, 0x30, 0xff, 0xc4, 0xfe, 0x2c, 0xfe, 0xf8, 0xfd,
  0x40, 0xfe, 0x98, 0xfe, 0x44, 0xfe, 0xa8, 0xfd, 0x70, 0xfd, 0xb4, 0xfd,
  0x14, 0xfe, 0x44, 0xfe, 0x24, 0xfe, 0xb0, 0xfd, 0x90, 0xfd, 0x1c, 0xfe,
  0xa8, 0xfe, 0x74, 0xfe, 0x00, 0xfe, 0x10, 0xfe, 0x78, 0xfe, 0x30, 0xff,
  0xb8, 0xff, 0x7c, 0xff, 0x24, 0xff, 0x20, 0xff, 0x80, 0xff, 0x28, 0x00,
  0xa0, 0x00, 0x68, 0x00, 0xfc, 0xff, 0x5c, 0x00, 0x08, 0x01, 0x60, 0x01,
  0x80, 0x01, 0x48, 0x01, 0x00, 0x01, 0x18, 0x01, 0x6c, 0x01, 0xbc, 0x01,
  0xcc, 0x01, 0x70, 0x01, 0x18, 0x01, 0x30, 0x01, 0x50, 0x01, 0x30, 0x01,
  0x28, 0x01, 0x18, 0x01, 0x9c, 0x00, 0x44, 0x00, 0x80, 0x00, 0x98, 0x00,
  0x58, 0x00, 0x38, 0x00, 0x24, 0x00, 0xf8, 0xff, 0xcc, 0xff, 0xc0, 0xff,
  0xc4, 0xff, 0xac, 0xff, 0x8c, 0xff, 0x40, 0xff, 0x04, 0xff, 0x24, 0xff,
  0x4c, 0xff, 0x30, 0xff, 0xec, 0xfe, 0xc4, 0xfe, 0xd4, 0xfe, 0x20, 0xff,
  0x68, 0xff, 0x20, 0xff, 0xcc, 0xfe, 0xfc, 0xfe, 0x34, 0xff, 0x5c, 0xff,
  0x94, 0xff, 0x78, 0xff, 0x34, 0xff, 0x7c, 0xff, 0x04, 0x00, 0x0c, 0x00,
  0xec, 0xff, 0xf8, 0xff, 0x00, 0x00, 0x20, 0x00, 0x5c, 0x00, 0x64, 0x00,
  0x34, 0x00, 0x38, 0x00, 0x64, 0x00, 0x18, 0x00, 0xb4, 0xff, 0xa8, 0xff,
  0xbc, 0xff, 0x00, 0x00, 0xe4, 0xff, 0x78, 0xff, 0x50, 0xff, 0x6c, 0xff,
  0xc0, 0xff, 0xf8, 0xff, 0xb4, 0xff, 0x34, 0xff, 0x28, 0xff, 0x9c, 0xff,
  0xe0, 0xff, 0xc0, 0xff, 0x78, 0xff, 0x2c, 0xff, 0x20, 0xff, 0x78, 0xff,
  0xc4, 0xff, 0xa8, 0xff, 0x48, 0xff, 0x30, 0xff, 0x84, 0xff, 0xc4, 0xff,
  0xd8, 0xff, 0xb0, 0xff, 0x78, 0xff, 0x9c, 0xff, 0x98, 0xff, 0x4c, 0xff,
  0x2c, 0xff, 0x78, 0xff, 0xb8, 0xff, 0xb0, 0xff, 0xb0, 0xff, 0x90, 0xff,
  0x7c, 0xff, 0xcc, 0xff, 0x50, 0x00, 0x38, 0x00, 0xb0, 0xff, 0xb4, 0xff,
  0x1c, 0x00, 0x6c, 0x00, 0x6c, 0x00, 0x20, 0x00, 0x10, 0x00, 0x44, 0x00,
  0x74, 0x00, 0x94, 0x00, 0xa4, 0x00, 0x94, 0x00, 0x6c, 0x00, 0x7c, 0x00,
  0xa0, 0x00, 0xa0, 0x00, 0xb4, 0x00, 0x90, 0x00, 0x64, 0x00, 0x4c, 0x00,
  0xec, 0xff, 0xa0, 0xff, 0xc4, 0xff, 0xdc, 0xff, 0x98, 0xff, 0x5c, 0xff,
  0x48, 0xff, 0x38, 0xff, 0x5c, 0xff, 0x78, 0xff, 0x54, 0xff, 0x58, 0xff,
  0x88, 0xff, 0x9c, 0xff, 0x84, 0xff, 0x7c, 0xff, 0xd4, 0xff, 0x30, 0x00,
  0x50, 0x00, 0x3c, 0x00, 0x14, 0x00, 0x14, 0x00, 0x34, 0x00, 0x60, 0x00,
  0x84, 0x00, 0x64, 0x00, 0x2c, 0x00, 0x54, 0x00, 0x9c, 0x00, 0x68, 0x00,
  0xd8, 0xff, 0x64, 0xff, 0xf4, 0xfe, 0xec, 0xfe, 0x68, 0xff, 0x98, 0xff,
  0x50, 0xff, 0x08, 0xff, 0xf4, 0xfe, 0x30, 0xff, 0x8c, 0xff, 0xb8, 0xff,
  0xa4, 0xff, 0x78, 0xff, 0x84, 0xff, 0xc8, 0xff, 0x14, 0x00, 0x50, 0x00,
  0x50, 0x00, 0x1c, 0x00, 0x20, 0x00, 0x88, 0x00, 0xe0, 0x00, 0xe8, 0x00,
  0xe4, 0x00, 0xd0, 0x00, 0xb8, 0x00, 0xe4, 0x00, 0x1c, 0x01, 0x18, 0x01,
  0xf8, 0x00, 0xc8, 0x00, 0x9c, 0x00, 0x64, 0x00, 0x48, 0x00, 0x68, 0x00,
  0x50, 0x00, 0xf0, 0xff, 0xe0, 0xff, 0xec, 0xff, 0xcc, 0xff, 0xb8, 0xff,
  0xc8, 0xff, 0x04, 0x00, 0x28, 0x00, 0x08, 0x00, 0x08, 0x00, 0xf8, 0xff,
  0xc8, 0xff, 0xe0, 0xff, 0x00, 0x00, 0x04, 0x00, 0x00, 0x00, 0x04, 0x00,
  0x08, 0x00, 0xf8, 0xff, 0xb4, 0xff, 0x60, 0xff, 0x14, 0xff, 0xd4, 0xfe,
  0xf0, 0xfe, 0x14, 0xff, 0xc4, 0xfe, 0x84, 0xfe, 0x80, 0xfe, 0x94, 0xfe,
  0xdc, 0xfe, 0x04, 0xff, 0x0c, 0xff, 0x48, 0xff, 0x70, 0xff, 0x9c, 0xff,
  0xe4, 0xff, 0xf8, 0xff, 0x00, 0x00, 0x48, 0x00, 0x98, 0x00, 0x9c, 0x00,
  0xbc, 0x00, 0x28, 0x01, 0x50, 0x01, 0x18, 0x01, 0x04, 0x01, 0x6c, 0x01,
  0xdc, 0x01, 0x0c, 0x02, 0xf0, 0x01, 0x88, 0x01, 0x50, 0x01, 0x70, 0x01,
  0x50, 0x01, 0xe0, 0x00, 0x98, 0x00, 0x70, 0x00, 0x38, 0x00, 0x38, 0x00,
  0x30, 0x00, 0xbc, 0xff, 0x88, 0xff, 0xc4, 0xff, 0xdc, 0xff, 0xb8, 0xff,
  0xc8, 0xff, 0xd0, 0xff, 0x9c, 0xff, 0x7c, 0xff, 0x80, 0xff, 0x90, 0xff,
  0xa8, 0xff, 0xc4, 0xff, 0xb4, 0xff, 0x98, 0xff, 0xa0, 0xff, 0x78, 0xff,
  0x14, 0xff, 0xec, 0xfe, 0xf8, 0xfe, 0xd4, 0xfe, 0xc8, 0xfe, 0xc8, 0xfe,
  0x9c, 0xfe, 0x90, 0xfe, 0xbc, 0xfe, 0xdc, 0xfe, 0xb4, 0xfe, 0x88, 0xfe,
  0xb4, 0xfe, 0xf8, 0xfe, 0x2c, 0xff, 0x50, 0xff, 0x80, 0xff, 0xfc, 0xff,
  0x7c, 0x00, 0xa8, 0x00, 0xbc, 0x00, 0xe8, 0x00, 0x10, 0x01, 0x34, 0x01,
  0x70, 0x01, 0x84, 0x01, 0x68, 0x01, 0x78, 0x01, 0xa8, 0x01, 0xb4, 0x01,
  0x90, 0x01, 0x88, 0x01, 0x90, 0x01, 0x60, 0x01, 0x14, 0x01, 0x04, 0x01,
  0xec, 0x00, 0x94, 0x00, 0x54, 0x00, 0x24, 0x00, 0xf4, 0xff, 0xdc, 0xff,
  0xb8, 0xff, 0x8c, 0xff, 0x78, 0xff, 0x68, 0xff, 0x74, 0xff, 0x8c, 0xff,
  0x90, 0xff, 0x7c, 0xff, 0x50, 0xff, 0x50, 0xff, 0x9c, 0xff, 0x9c, 0xff,
  0x90, 0xff, 0xbc, 0xff, 0xd0, 0xff, 0xd8, 0xff, 0xc8, 0xff, 0xb8, 0xff,
  0xc0, 0xff, 0xbc, 0xff, 0xb0, 0xff, 0xa8, 0xff, 0x90, 0xff, 0x70, 0xff,
  0x6c, 0xff, 0x6c, 0xff, 0x60, 0xff, 0x58, 0xff, 0x30, 0xff, 0x0c, 0xff,
  0x24, 0xff, 0x48, 0xff, 0x6c, 0xff, 0x78, 0xff, 0x84, 0xff, 0xf0, 0xff,
  0x48, 0x00, 0x54, 0x00, 0x78, 0x00, 0x8c, 0x00, 0x90, 0x00, 0xc4, 0x00,
  0x18, 0x01, 0x34, 0x01, 0x1c, 0x01, 0x1c, 0x01, 0x2c, 0x01, 0x14, 0x01,
  0xf4, 0x00, 0xf4, 0x00, 0xe4, 0x00, 0xb0, 0x00, 0x84, 0x00, 0x70, 0x00,
  0x70, 0x00, 0x5c, 0x00, 0x24, 0x00, 0xfc, 0xff, 0xf4, 0xff, 0xe8, 0xff,
  0xf4, 0xff, 0xe4, 0xff, 0xc0, 0xff, 0xc0, 0xff, 0xbc, 0xff, 0xb4, 0xff,
  0xac, 0xff, 0xa4, 0xff, 0xa8, 0xff, 0xa8, 0xff, 0xb0, 0xff, 0xd0, 0xff,
  0xcc, 0xff, 0x9c, 0xff, 0xa4, 0xff, 0x00, 0x00, 0x30, 0x00, 0x20, 0x00,
  0x04, 0x00, 0x08, 0x00, 0x14, 0x00, 0xd8, 0xff, 0x84, 0xff, 0x58, 0xff,
  0x38, 0xff, 0x44, 0xff, 0x68, 0xff, 0x68, 0xff, 0x58, 0xff, 0x6c, 0xff,
  0xb8, 0xff, 0xe8, 0xff, 0xd4, 0xff, 0xe4, 0xff, 0x34, 0x00, 0x58, 0x00,
  0x60, 0x00, 0x84, 0x00, 0xb0, 0x00, 0xc8, 0x00, 0xc0, 0x00, 0xc8, 0x00,
  0xbc, 0x00, 0xb0, 0x00, 0xcc, 0x00, 0xb4, 0x00, 0x84, 0x00, 0x80, 0x00,
  0x78, 0x00, 0x64, 0x00, 0x50, 0x00, 0x38, 0x00, 0x1c, 0x00, 0x10, 0x00,
  0x20, 0x00, 0x30, 0x00, 0x04, 0x00, 0xe8, 0xff, 0xfc, 0xff, 0xf0, 0xff,
  0xe4, 0xff, 0xfc, 0xff, 0x04, 0x00, 0xdc, 0xff, 0xd0, 0xff, 0x18, 0x00,
  0x44, 0x00, 0x40, 0x00, 0x4c, 0x00, 0x4c, 0x00, 0x30, 0x00, 0x2c, 0x00,
  0x38, 0x00, 0x28, 0x00, 0x24, 0x00, 0x28, 0x00, 0x30, 0x00, 0x1c, 0x00,
  0x08, 0x00, 0x14, 0x00, 0x1c, 0x00, 0x08, 0x00, 0xfc, 0xff, 0xfc, 0xff,
  0x04, 0x00, 0xfc, 0xff, 0xe8, 0xff, 0xd0, 0xff, 0xc4, 0xff, 0xc4, 0xff,
  0xd4, 0xff, 0xd8, 0xff, 0xc0, 0xff, 0xb4, 0xff, 0xc0, 0xff, 0xc8, 0xff,
  0xd8, 0xff, 0xf4, 0xff, 0xe0, 0xff, 0xc0, 0xff, 0xcc, 0xff, 0xe4, 0xff,
  0xec, 0xff, 0xfc, 0xff, 0x0c, 0x00, 0x04, 0x00, 0xe8, 0xff, 0xec, 0xff,
  0x08, 0x00, 0x14, 0x00, 0x14, 0x00, 0x08, 0x00, 0x0c, 0x00, 0x14, 0x00,
  0x04, 0x00, 0x10, 0x00, 0x54, 0x00, 0x78, 0x00, 0x7c, 0x00, 0x80, 0x00,
  0x68, 0x00, 0x58, 0x00, 0x64, 0x00, 0x5c, 0x00, 0x4c, 0x00, 0x48, 0x00,
  0x3c, 0x00, 0x2c, 0x00, 0x20, 0x00, 0x14, 0x00, 0x3c, 0x00, 0x70, 0x00,
  0x68, 0x00, 0x38, 0x00, 0x1c, 0x00, 0x24, 0x00, 0x24, 0x00, 0x18, 0x00,
  0x00, 0x00, 0xe8, 0xff, 0xd8, 0xff, 0xdc, 0xff, 0xe0, 0xff, 0xd0, 0xff,
  0xcc, 0xff, 0xcc, 0xff, 0xbc, 0xff, 0xa4, 0xff, 0x98, 0xff, 0xa8, 0xff,
  0xa0, 0xff, 0x88, 0xff, 0x88, 0xff, 0x8c, 0xff, 0x94, 0xff, 0x98, 0xff,
  0xa8, 0xff, 0xac, 0xff, 0xa4, 0xff, 0xac, 0xff, 0xc4, 0xff, 0xc8, 0xff,
  0xc4, 0xff, 0xd0, 0xff, 0xdc, 0xff, 0xe0, 0xff, 0xe4, 0xff, 0xec, 0xff,
  0xf8, 0xff, 0xfc, 0xff, 0xfc, 0xff, 0x08, 0x00, 0x08, 0x00, 0x08, 0x00,
  0x10, 0x00, 0x14, 0x00, 0x10, 0x00, 0x38, 0x00, 0x7c, 0x00, 0x8c, 0x00,
  0x6c, 0x00, 0x5c, 0x00, 0x5c, 0x00, 0x5c, 0x00, 0x54, 0x00, 0x4c, 0x00,
  0x40, 0x00, 0x30, 0x00, 0x20, 0x00, 0x1c, 0x00, 0x28, 0x00, 0x48, 0x00,
  0x6c, 0x00, 0x60, 0x00, 0x34, 0x00, 0x20, 0x00, 0x24, 0x00, 0x20, 0x00,
  0x10, 0x00, 0xf4, 0xff, 0xd4, 0xff, 0xd4, 0xff, 0xd8, 0xff, 0xd4, 0xff,
  0xcc, 0xff, 0x84, 0xff, 0x10, 0xff, 0xc4, 0xfe, 0xd0, 0xfe, 0xfc, 0xfe,
  0x0c, 0xff, 0xf8, 0xfe, 0xe0, 0xfe, 0xd8, 0xfe, 0x00, 0xff, 0x34, 0xff,
  0x44, 0xff, 0x44, 0xff, 0x40, 0xff, 0x40, 0xff, 0x60, 0xff, 0x88, 0xff,
  0xa0, 0xff, 0xb8, 0xff, 0xb8, 0xff, 0xc8, 0xff, 0xf4, 0xff, 0x14, 0x00,
  0x34, 0x00, 0x40, 0x00, 0x40, 0x00, 0x44, 0x00, 0x58, 0x00, 0x74, 0x00,
  0x94, 0x00, 0xa4, 0x00, 0x90, 0x00, 0x58, 0x00, 0x38, 0x00, 0x60, 0x00,
  0x8c, 0x00, 0x7c, 0x00, 0x7c, 0x00, 0xac, 0x00, 0xc4, 0x00, 0xb0, 0x00,
  0x90, 0x00, 0x7c, 0x00, 0x84, 0x00, 0x98, 0x00, 0x90, 0x00, 0x78, 0x00,
  0x54, 0x00, 0x40, 0x00, 0x48, 0x00, 0x38, 0x00, 0x2c, 0x00, 0x14, 0x00,
  0xf8, 0xff, 0x04, 0x00, 0xfc, 0xff, 0xd0, 0xff, 0xac, 0xff, 0x70, 0xff,
  0x28, 0xff, 0xfc, 0xfe, 0x00, 0xff, 0x20, 0xff, 0x24, 0xff, 0x0c, 0xff,
  0x0c, 0xff, 0x24, 0xff, 0x30, 0xff, 0x3c, 0xff, 0x54, 0xff, 0x60, 0xff,
  0x54, 0xff, 0x5c, 0xff, 0x80, 0xff, 0x98, 0xff, 0xac, 0xff, 0xc4, 0xff,
  0xd0, 0xff, 0xe4, 0xff, 0x04, 0x00, 0x24, 0x00, 0x38, 0x00, 0x38, 0x00,
  0x40, 0x00, 0x5c, 0x00, 0x6c, 0x00, 0x6c, 0x00, 0x94, 0x00, 0xc0, 0x00,
  0x84, 0x00, 0x40, 0x00, 0x64, 0x00, 0x90, 0x00, 0x94, 0x00, 0x88, 0x00,
  0x70, 0x00, 0x5c, 0x00, 0x6c, 0x00, 0x94, 0x00, 0xb8, 0x00, 0x9c, 0x00,
  0x68, 0x00, 0x5c, 0x00, 0x64, 0x00, 0x60, 0x00, 0x5c, 0x00, 0x5c, 0x00,
  0x4c, 0x00, 0x28, 0x00, 0x08, 0x00, 0x1c, 0x00, 0x28, 0x00, 0x10, 0x00,
  0xf0, 0xff, 0xe4, 0xff, 0xe4, 0xff, 0xd4, 0xff, 0xcc, 0xff, 0xb8, 0xff,
  0x80, 0xff, 0x50, 0xff, 0x50, 0xff, 0x5c, 0xff, 0x6c, 0xff, 0x6c, 0xff,
  0x5c, 0xff, 0x64, 0xff, 0x70, 0xff, 0x78, 0xff, 0x98, 0xff, 0x98, 0xff,
  0x88, 0xff, 0x9c, 0xff, 0xb0, 0xff, 0xb0, 0xff, 0xc8, 0xff, 0xe0, 0xff,
  0xe4, 0xff, 0xf0, 0xff, 0x00, 0x00, 0x14, 0x00, 0x2c, 0x00, 0x14, 0x00,
  0xcc, 0xff, 0xbc, 0xff, 0xf0, 0xff, 0x10, 0x00, 0x28, 0x00, 0x34, 0x00,
  0x14, 0x00, 0xfc, 0xff, 0x08, 0x00, 0x28, 0x00, 0x30, 0x00, 0x2c, 0x00,
  0x2c, 0x00, 0x24, 0x00, 0x20, 0x00, 0x3c, 0x00, 0x74, 0x00, 0x8c, 0x00,
  0x6c, 0x00, 0x60, 0x00, 0x50, 0x00, 0x14, 0x00, 0x00, 0x00, 0x28, 0x00,
  0x3c, 0x00, 0x1c, 0x00, 0x10, 0x00, 0x18, 0x00, 0x14, 0x00, 0x14, 0x00,
  0x24, 0x00, 0x10, 0x00, 0xd8, 0xff, 0xb0, 0xff, 0xa0, 0xff, 0x9c, 0xff,
  0xa0, 0xff, 0xa0, 0xff, 0xa4, 0xff, 0xa0, 0xff, 0xa0, 0xff, 0xb4, 0xff,
  0xc4, 0xff, 0xc8, 0xff, 0xc4, 0xff, 0xc8, 0xff, 0xd0, 0xff, 0xd8, 0xff,
  0xe8, 0xff, 0xec, 0xff, 0x00, 0x00, 0x08, 0x00, 0xcc, 0xff, 0xb4, 0xff,
  0xe4, 0xff, 0xf4, 0xff, 0xc8, 0xff, 0x98, 0xff, 0x90, 0xff, 0xa8, 0xff,
  0xcc, 0xff, 0xf0, 0xff, 0xf0, 0xff, 0xd8, 0xff, 0xc8, 0xff, 0xd8, 0xff,
  0xf0, 0xff, 0x00, 0x00, 0x08, 0x00, 0x14, 0x00, 0x14, 0x00, 0x1c, 0x00,
  0x48, 0x00, 0x7c, 0x00, 0x90, 0x00, 0x88, 0x00, 0x7c, 0x00, 0x58, 0x00,
  0x28, 0x00, 0x30, 0x00, 0x4c, 0x00, 0x4c, 0x00, 0x44, 0x00, 0x40, 0x00,
  0x40, 0x00, 0x44, 0x00, 0x4c, 0x00, 0x48, 0x00, 0x2c, 0x00, 0xf8, 0xff,
  0xd8, 0xff, 0xc4, 0xff, 0xac, 0xff, 0xe8, 0xff, 0x24, 0x00, 0x04, 0x00,
  0xec, 0xff, 0xf0, 0xff, 0xf8, 0xff, 0x08, 0x00, 0x10, 0x00, 0x08, 0x00,
  0xf4, 0xff, 0xec, 0xff, 0x04, 0x00, 0x0c, 0x00, 0x18, 0x00, 0x28, 0x00,
  0xf8, 0xff, 0xc8, 0xff, 0xe4, 0xff, 0xfc, 0xff, 0xfc, 0xff, 0x00, 0x00,
  0x0c, 0x00, 0xe0, 0xff, 0xc0, 0xff, 0xe8, 0xff, 0xd8, 0xff, 0xd4, 0xff,
  0xd0, 0xff, 0x98, 0xff, 0xa4, 0xff, 0xc4, 0xff, 0xcc, 0xff, 0xe0, 0xff,
  0xe8, 0xff, 0xe4, 0xff, 0xd0, 0xff, 0xe0, 0xff, 0xfc, 0xff, 0x14, 0x00,
  0x64, 0x00, 0xa4, 0x00, 0x90, 0x00, 0x7c, 0x00, 0x90, 0x00, 0xa8, 0x00,
  0xc4, 0x00, 0xc8, 0x00, 0xa0, 0x00, 0x70, 0x00, 0x58, 0x00, 0x6c, 0x00,
  0x78, 0x00, 0x6c, 0x00, 0x6c, 0x00, 0x44, 0x00, 0x44, 0x00, 0x48, 0x00,
  0x34, 0x00, 0x24, 0x00, 0x04, 0x00, 0xf4, 0xff, 0xcc, 0xff, 0xa4, 0xff,
  0xc8, 0xff, 0xec, 0xff, 0xe8, 0xff, 0xe4, 0xff, 0xe0, 0xff, 0xdc, 0xff,
  0xdc, 0xff, 0xd8, 0xff, 0xf8, 0xff, 0xf4, 0xff, 0xc8, 0xff, 0xdc, 0xff,
  0x04, 0x00, 0xf8, 0xff, 0x00, 0x00, 0x08, 0x00, 0xdc, 0xff, 0xd8, 0xff,
  0xf0, 0xff, 0xec, 0xff, 0xf8, 0xff, 0x00, 0x00, 0xf4, 0xff, 0xe8, 0xff,
  0xd0, 0xff, 0xc0, 0xff, 0xdc, 0xff, 0xd4, 0xff, 0xa8, 0xff, 0xb0, 0xff,
  0x14, 0x00, 0x4c, 0x00, 0x2c, 0x00, 0x20, 0x00, 0x20, 0x00, 0x3c, 0x00,
  0x88, 0x00, 0x90, 0x00, 0x78, 0x00, 0x6c, 0x00, 0x68, 0x00, 0x80, 0x00,
  0x84, 0x00, 0xa4, 0x00, 0xc8, 0x00, 0xac, 0x00, 0x84, 0x00, 0x78, 0x00,
  0x7c, 0x00, 0x68, 0x00, 0x5c, 0x00, 0x64, 0x00, 0x38, 0x00, 0x10, 0x00,
  0x24, 0x00, 0x14, 0x00, 0xf4, 0xff, 0xf0, 0xff, 0xd0, 0xff, 0xbc, 0xff,
  0xd0, 0xff, 0xcc, 0xff, 0xcc, 0xff, 0xc8, 0xff, 0xbc, 0xff, 0xc4, 0xff,
  0xc0, 0xff, 0x90, 0xff, 0x64, 0xff, 0x6c, 0xff, 0x84, 0xff, 0x8c, 0xff,
  0x98, 0xff, 0xac, 0xff, 0x90, 0xff, 0x90, 0xff, 0xb8, 0xff, 0xbc, 0xff,
  0xac, 0xff, 0xbc, 0xff, 0xc8, 0xff, 0xc8, 0xff, 0xd8, 0xff, 0xcc, 0xff,
  0xd4, 0xff, 0xe4, 0xff, 0xe0, 0xff, 0xe8, 0xff, 0xe4, 0xff, 0x04, 0x00,
  0x48, 0x00, 0x44, 0x00, 0x2c, 0x00, 0x40, 0x00, 0x64, 0x00, 0x94, 0x00,
  0xa8, 0x00, 0x94, 0x00, 0x8c, 0x00, 0x80, 0x00, 0x80, 0x00, 0x94, 0x00,
  0xb8, 0x00, 0xc0, 0x00, 0x94, 0x00, 0x70, 0x00, 0x6c, 0x00, 0x58, 0x00,
  0x50, 0x00, 0x54, 0x00, 0x30, 0x00, 0x14, 0x00, 0x04, 0x00, 0xf4, 0xff,
  0xf8, 0xff, 0xe8, 0xff, 0xe0, 0xff, 0xf8, 0xff, 0x04, 0x00, 0x10, 0x00,
  0xfc, 0xff, 0xc4, 0xff, 0xc4, 0xff, 0xcc, 0xff, 0xb4, 0xff, 0xb8, 0xff,
  0xb8, 0xff, 0xb0, 0xff, 0x94, 0xff, 0x8c, 0xff, 0x90, 0xff, 0x78, 0xff,
  0x8c, 0xff, 0x9c, 0xff, 0x7c, 0xff, 0x94, 0xff, 0xac, 0xff, 0xa4, 0xff,
  0xbc, 0xff, 0xbc, 0xff, 0xa4, 0xff, 0xac, 0xff, 0xd0, 0xff, 0xe4, 0xff,
  0xec, 0xff, 0xfc, 0xff, 0x0c, 0x00, 0xf8, 0xff, 0x10, 0x00, 0x38, 0x00,
  0x34, 0x00, 0x40, 0x00, 0x38, 0x00, 0x28, 0x00, 0x24, 0x00, 0x38, 0x00,
  0x58, 0x00, 0x50, 0x00, 0x40, 0x00, 0x38, 0x00, 0x24, 0x00, 0x1c, 0x00,
  0x20, 0x00, 0x20, 0x00, 0x14, 0x00, 0x10, 0x00, 0x04, 0x00, 0xf8, 0xff,
  0xf8, 0xff, 0xe8, 0xff, 0xf0, 0xff, 0x0c, 0x00, 0x20, 0x00, 0x18, 0x00,
  0xfc, 0xff, 0xe0, 0xff, 0xd8, 0xff, 0xe8, 0xff, 0xe0, 0xff, 0xcc, 0xff,
  0xd0, 0xff, 0xc8, 0xff, 0xb0, 0xff, 0xac, 0xff, 0xa0, 0xff, 0xa0, 0xff,
  0xb0, 0xff, 0xa4, 0xff, 0x94, 0xff, 0xa8, 0xff, 0xb8, 0xff, 0xb4, 0xff,
  0xcc, 0xff, 0xc0, 0xff, 0xb4, 0xff, 0xc8, 0xff, 0xd8, 0xff, 0xe8, 0xff,
  0x90, 0xff, 0x34, 0xff, 0x44, 0xff, 0x98, 0xff, 0xc8, 0xff, 0xa4, 0xff,
  0xac, 0xff, 0xc4, 0xff, 0xb0, 0xff, 0xd8, 0xff, 0x0c, 0x00, 0xd8, 0xff,
  0xd8, 0xff, 0x00, 0x00, 0xf0, 0xff, 0x20, 0x00, 0x28, 0x00, 0x00, 0x00,
  0x14, 0x00, 0x48, 0x00, 0x30, 0x00, 0x1c, 0x00, 0x30, 0x00, 0x20, 0x00,
  0x3c, 0x00, 0x30, 0x00, 0x14, 0x00, 0x30, 0x00, 0x24, 0x00, 0x18, 0x00,
  0x20, 0x00, 0x28, 0x00, 0x14, 0x00, 0xf0, 0xff, 0x24, 0x00, 0x1c, 0x00,
  0x1c, 0x00, 0xbc, 0x00, 0xc4, 0x00, 0x64, 0x00, 0x50, 0x00, 0x50, 0x00,
  0x54, 0x00, 0x50, 0x00, 0x5c, 0x00, 0x2c, 0x00, 0x08, 0x00, 0x24, 0x00,
  0x2c, 0x00, 0x1c, 0x00, 0x10, 0x00, 0xf8, 0xff, 0xe8, 0xff, 0x10, 0x00,
  0xe8, 0xff, 0xcc, 0xff, 0xdc, 0xff, 0xdc, 0xff, 0xe8, 0xff, 0xd0, 0xff,
  0xbc, 0xff, 0xec, 0xff, 0xe8, 0xff, 0xac, 0xff, 0xf0, 0xff, 0xdc, 0xff,
  0xcc, 0xff, 0x04, 0x00, 0xc0, 0xff, 0xf4, 0xff, 0x04, 0x00, 0xc8, 0xff,
  0x10, 0x00, 0xf4, 0xff, 0xf0, 0xff, 0xf8, 0xff, 0x10, 0x00, 0x00, 0x00,
  0xec, 0xff, 0x20, 0x00, 0xd4, 0xff, 0x2c, 0x00, 0xe8, 0xff, 0xf8, 0xff,
  0x2c, 0x00, 0xc4, 0xff, 0x34, 0x00, 0xe8, 0xff, 0xfc, 0xff, 0x10, 0x00,
  0xe4, 0xff, 0x10, 0x00, 0xe8, 0xff, 0x1c, 0x00, 0xd0, 0xff, 0x20, 0x00,
  0xf4, 0xff, 0xd0, 0xff, 0x54, 0x00, 0x88, 0xff, 0x6c, 0x00, 0xac, 0xff,
  0xd4, 0xff, 0xc8, 0x04, 0xe0, 0x03, 0xa0, 0xff, 0x60, 0x03, 0xc8, 0x07,
  0xe0, 0x03, 0x60, 0x02, 0x10, 0x04, 0x14, 0x02, 0xb0, 0x01, 0x90, 0x02,
  0x18, 0x02, 0x7c, 0x00, 0x44, 0x00, 0xa8, 0x00, 0x1c, 0x00, 0xf0, 0xff,
  0xc4, 0xfe, 0xa8, 0xfe, 0x4c, 0xff, 0x50, 0xfe, 0xf8, 0xfd, 0x50, 0xfe,
  0x48, 0xfe, 0xe0, 0xfd, 0x1c, 0xfe, 0xcc, 0xfe, 0x14, 0xfe, 0x1c, 0xfe,
  0x00, 0xff, 0xb0, 0xfe, 0xa4, 0xfe, 0x30, 0xff, 0x0c, 0xff, 0x50, 0xff,
  0x74, 0xff, 0x8c, 0xff, 0x9c, 0xff, 0xe0, 0xff, 0xc4, 0xff, 0xd4, 0xff,
  0x34, 0x00, 0xbc, 0xff, 0x24, 0x00, 0xe4, 0xff, 0x18, 0x00, 0x00, 0x00,
  0xbc, 0xff, 0x40, 0x00, 0xa0, 0xff, 0xf4, 0xff, 0xd8, 0xff, 0xb0, 0xff,
  0xcc, 0xff, 0x54, 0xff, 0xfc, 0xff, 0x58, 0xff, 0x1c, 0xff, 0xa4, 0xff,
  0x94, 0xff, 0x6c, 0xff, 0x74, 0xff, 0x94, 0xff, 0xac, 0xff, 0x80, 0xff,
  0x6c, 0xff, 0xd8, 0xff, 0x30, 0xff, 0x84, 0xff, 0x34, 0x00, 0x38, 0xff,
  0x0c, 0x00, 0xa4, 0xff, 0xf8, 0xfe, 0x8c, 0x00, 0x30, 0x00, 0x90, 0xff,
  0x98, 0xff, 0x98, 0xff, 0x04, 0xff, 0xa0, 0x00, 0x50, 0x00, 0x90, 0xff,
  0x4c, 0x00, 0x50, 0xff, 0xf0, 0xff, 0xf4, 0xff, 0x44, 0x00, 0xf0, 0xff,
  0x38, 0x00, 0x8c, 0x00, 0xf4, 0xff, 0x8c, 0x00, 0x9c, 0xff, 0x20, 0x00,
  0xac, 0x01, 0x8c, 0x01, 0xa0, 0x01, 0x94, 0xff, 0x48, 0xfe, 0x8c, 0xff,
  0xf0, 0xfe, 0x6c, 0xff, 0xc0, 0xff, 0x80, 0xfe, 0x74, 0xff, 0xec, 0xff,
  0x48, 0xff, 0x84, 0xff, 0x4c, 0xff, 0x1c, 0xff, 0x54, 0xff, 0x24, 0xff,
  0x9c, 0xff, 0xe8, 0xff, 0xa0, 0xff, 0x64, 0x00, 0x34, 0xff, 0x30, 0xff,
  0x90, 0x00, 0xc0, 0xff, 0x6c, 0x00, 0x00, 0x00, 0x6c, 0xff, 0x50, 0x00,
  0xb4, 0xff, 0x3c, 0x00, 0xf8, 0x00, 0x44, 0xff, 0xe0, 0xff, 0x8c, 0x00,
  0xf0, 0xfe, 0x70, 0x00, 0x90, 0x00, 0x7c, 0xff, 0x18, 0x00, 0xe4, 0xff,
  0xd8, 0xff, 0xe0, 0xff, 0xc4, 0xff, 0xf4, 0xff, 0x14, 0x00, 0xe0, 0xff,
  0xd0, 0xff, 0xcc, 0xff, 0x18, 0x00, 0xa4, 0xff, 0x84, 0xff, 0x78, 0x00,
  0xf4, 0xff, 0x80, 0xff, 0x1c, 0x00, 0xd4, 0xff, 0xd8, 0xff, 0x48, 0x00,
  0xc0, 0xff, 0xf8, 0xff, 0xd4, 0xff, 0xb0, 0xff, 0x70, 0x00, 0xc8, 0xff,
  0xf0, 0xff, 0x5c, 0x00, 0xa4, 0xff, 0xdc, 0xff, 0x14, 0x00, 0x00, 0x00,
  0xd0, 0xff, 0xec, 0xff, 0x64, 0x00, 0xf0, 0xff, 0xcc, 0xff, 0xf8, 0xff,
  0x64, 0x00, 0xd8, 0x00, 0x8c, 0x00, 0x74, 0x00, 0x6c, 0x00, 0x44, 0x00,
  0x48, 0x00, 0x44, 0x00, 0x40, 0x00, 0x14, 0x00, 0x04, 0x00, 0x9c, 0x00,
  0x2c, 0x00, 0xcc, 0xff, 0xdc, 0xff, 0xb4, 0xff, 0x44, 0x00, 0xb0, 0xff,
  0x90, 0xff, 0xe0, 0xff, 0xc8, 0xff, 0xb0, 0xff, 0xc0, 0xff, 0x08, 0x00,
  0x84, 0xff, 0xe8, 0xff, 0x04, 0x00, 0xac, 0xff, 0xbc, 0xff, 0xe8, 0xff,
  0x0c, 0x00, 0x98, 0xff, 0x30, 0x00, 0x6c, 0x00, 0xa8, 0xff, 0xc0, 0xff,
  0x80, 0x00, 0xa4, 0x00, 0x9c, 0x00, 0xd0, 0x00, 0x54, 0x00, 0x48, 0x00,
  0x70, 0x00, 0x4c, 0x00, 0x78, 0x00, 0x7c, 0x00, 0x38, 0x00, 0x38, 0x00,
  0x6c, 0x00, 0x3c, 0x00, 0xf0, 0xff, 0x08, 0x00, 0x18, 0x00, 0x38, 0x00,
  0x74, 0x00, 0x5c, 0x00, 0x08, 0x00, 0xec, 0xff, 0xfc, 0xff, 0xf4, 0xff,
  0x18, 0x00, 0x04, 0x00, 0xbc, 0xff, 0xe8, 0xff, 0x04, 0x00, 0xc8, 0xff,
  0xd4, 0xff, 0x00, 0x00, 0xcc, 0xff, 0x9c, 0xff, 0xb4, 0xff, 0xe0, 0xff,
  0xe8, 0xff, 0xdc, 0xff, 0xb0, 0xff, 0xb8, 0xff, 0xe4, 0xff, 0xd8, 0xff,
  0xe0, 0xff, 0x14, 0x00, 0xb0, 0xff, 0x9c, 0xff, 0x18, 0x00, 0xe8, 0xff,
  0xdc, 0xff, 0x20, 0x00, 0xf0, 0xff, 0xc0, 0xff, 0x24, 0x00, 0x0c, 0x00,
  0xa8, 0xff, 0x00, 0x00, 0x38, 0x00, 0x14, 0x00, 0xd0, 0xff, 0x70, 0xff,
  0xa0, 0xff, 0xc0, 0xff, 0xe0, 0xff, 0xec, 0xff, 0xcc, 0xff, 0xf8, 0xff,
  0x9c, 0xff, 0xb8, 0xff, 0x20, 0x00, 0xd0, 0xff, 0xa4, 0xff, 0x04, 0x00,
  0x74, 0x00, 0x34, 0x00, 0x44, 0x00, 0x5c, 0x00, 0x2c, 0x00, 0x38, 0x00,
  0x2c, 0x00, 0x24, 0x00, 0x40, 0x00, 0x50, 0x00, 0x28, 0x00, 0x60, 0x00,
  0x2c, 0x00, 0x90, 0xff, 0xa8, 0xff, 0x00, 0x00, 0x14, 0x00, 0xf8, 0xff,
  0xfc, 0xff, 0xd8, 0xff, 0x9c, 0xff, 0xc4, 0xff, 0xdc, 0xff, 0xbc, 0xff,
  0xc0, 0xff, 0xd0, 0xff, 0xe4, 0xff, 0xe8, 0xff, 0xc8, 0xff, 0xc4, 0xff,
  0x04, 0x00, 0xe4, 0xff, 0x6c, 0xff, 0x90, 0xff, 0xd4, 0xff, 0xf4, 0xff,
  0x08, 0x00, 0xd8, 0xff, 0xd8, 0xff, 0xc4, 0xff, 0xbc, 0xff, 0x24, 0x00,
  0x64, 0x00, 0x54, 0x00, 0x18, 0x00, 0x14, 0x00, 0x74, 0x00, 0x84, 0x00,
  0x50, 0x00, 0x80, 0x00, 0x80, 0x00, 0x48, 0x00, 0x60, 0x00, 0x80, 0x00,
  0x74, 0x00, 0x50, 0x00, 0x68, 0x00, 0x50, 0x00, 0xe8, 0xff, 0xd4, 0xff,
  0x04, 0x00, 0x48, 0x00, 0x38, 0x00, 0xe4, 0xff, 0xc0, 0xff, 0xd0, 0xff,
  0xe0, 0xff, 0xdc, 0xff, 0xd8, 0xff, 0xc8, 0xff, 0xc0, 0xff, 0xd4, 0xff,
  0xbc, 0xff, 0xc4, 0xff, 0xfc, 0xff, 0xdc, 0xff, 0xd8, 0xff, 0xb0, 0xff,
  0x58, 0xff, 0x84, 0xff, 0xe8, 0xff, 0x04, 0x00, 0xf4, 0xff, 0xd8, 0xff,
  0xb4, 0xff, 0x98, 0xff, 0xf8, 0xff, 0x4c, 0x00, 0x34, 0x00, 0x48, 0x00,
  0xd0, 0xff, 0x50, 0x00, 0x88, 0x00, 0x2c, 0x00, 0x50, 0x00, 0xb0, 0xff,
  0x60, 0x00, 0x44, 0x00, 0x3c, 0x00, 0x94, 0x00, 0xf8, 0xff, 0x34, 0x00,
  0x28, 0x00, 0x50, 0x00, 0xc4, 0x00, 0x6c, 0x00, 0x40, 0x00, 0x7c, 0x00,
  0x5c, 0x00, 0x9c, 0x00, 0x8c, 0x00, 0x6c, 0x00, 0x8c, 0x00, 0x64, 0x00,
  0x3c, 0x00, 0x88, 0x00, 0x30, 0x00, 0x4c, 0x00, 0x80, 0x00, 0xb0, 0xff,
  0x0c, 0x00, 0x88, 0xff, 0xe0, 0xff, 0x3c, 0x00, 0xb0, 0xff, 0x0c, 0x00,
  0x68, 0xff, 0x8c, 0xff, 0x98, 0xff, 0x7c, 0xff, 0xec, 0xff, 0x80, 0xff,
  0xd4, 0xff, 0x84, 0xff, 0x68, 0xff, 0xf0, 0xff, 0xf8, 0xfe, 0xc8, 0x00,
  0x3c, 0x05, 0x24, 0x03, 0xe8, 0xfe, 0x3c, 0xff, 0xd8, 0xff, 0x30, 0x01,
  0x10, 0x03, 0x64, 0x03, 0x6c, 0x01, 0xf8, 0x00, 0x54, 0x00, 0xa0, 0xfb,
  0x94, 0xfc, 0x60, 0x01, 0x18, 0x02, 0x88, 0x01, 0x0c, 0x00, 0xcc, 0xfc,
  0x44, 0xfb, 0x7c, 0xfd, 0x68, 0xff, 0x30, 0x00, 0x3c, 0x00, 0xec, 0xfe,
  0x24, 0xfd, 0x18, 0xfd, 0xf4, 0xfd, 0x9c, 0xfe, 0xac, 0x00, 0xc0, 0x00,
  0x60, 0xff, 0xa8, 0xfe, 0x90, 0xfe, 0x30, 0xff, 0x48, 0x00, 0x74, 0x01,
  0x20, 0x01, 0x68, 0x00, 0xd4, 0xff, 0xac, 0xff, 0x20, 0x00, 0xfc, 0x00,
  0x64, 0x02, 0xbc, 0x02, 0xc4, 0x01, 0x50, 0x00, 0xf0, 0xff, 0x68, 0x00,
  0xf0, 0x01, 0x5c, 0x04, 0x9c, 0x04, 0x54, 0x01, 0x48, 0xfe, 0x60, 0xff,
  0x40, 0x01, 0x38, 0x02, 0xe8, 0x02, 0x04, 0x02, 0x74, 0x00, 0xb8, 0xfe,
  0x58, 0xfd, 0xec, 0xfd, 0x94, 0xff, 0xc0, 0x00, 0x8c, 0x00, 0x88, 0xff,
  0x7c, 0xfd, 0x28, 0xfc, 0x6c, 0xfd, 0x98, 0xfe, 0x2c, 0xff, 0x98, 0xff,
  0xc8, 0xfe, 0x88, 0xfd, 0x78, 0xfd, 0xbc, 0xfd, 0x4c, 0xfe, 0xc8, 0xff,
  0x50, 0x00, 0x38, 0xff, 0x80, 0xfe, 0xf0, 0xfe, 0x48, 0xff, 0x70, 0xff,
  0xac, 0x00, 0xf4, 0x00, 0xe8, 0xff, 0x44, 0x00, 0x20, 0x00, 0xc4, 0xff,
  0xd4, 0x00, 0xa4, 0x01, 0x1c, 0x02, 0xd4, 0x01, 0xb8, 0x00, 0xf8, 0xff,
  0x88, 0x00, 0xc4, 0x01, 0x38, 0x03, 0xd8, 0x03, 0xe4, 0x01, 0xb4, 0xff,
  0xbc, 0xff, 0x44, 0x01, 0xbc, 0x01, 0x10, 0x02, 0x04, 0x02, 0xec, 0x00,
  0x18, 0x00, 0xf8, 0xfe, 0xd4, 0xfd, 0x2c, 0xfe, 0x18, 0x00, 0x24, 0x01,
  0xf0, 0xff, 0xe4, 0xfd, 0x8c, 0xfc, 0xa8, 0xfc, 0x90, 0xfe, 0xd8, 0xff,
  0xc8, 0xff, 0x4c, 0xfe, 0x78, 0xfd, 0x60, 0xfd, 0xf4, 0xfd, 0x68, 0xff,
  0xb0, 0xff, 0x1c, 0x00, 0x80, 0xff, 0x4c, 0xff, 0xfc, 0xfe, 0x00, 0xff,
  0xc4, 0x00, 0x34, 0x00, 0x24, 0x02, 0x70, 0x07, 0x7c, 0x06, 0x24, 0x02,
  0x00, 0x02, 0xf4, 0x03, 0x1c, 0x06, 0xc0, 0x07, 0x4c, 0x07, 0xfc, 0x04,
  0xa0, 0x03, 0x8c, 0x05, 0xfc, 0x06, 0xb8, 0x05, 0x94, 0x04, 0xb0, 0x03,
  0x14, 0x03, 0x4c, 0x03, 0xe8, 0x02, 0x30, 0x01, 0xbc, 0x00, 0xb8, 0x00,
  0xe8, 0xfe, 0xf4, 0xfc, 0x34, 0xfb, 0x28, 0xfc, 0x6c, 0xfc, 0x48, 0xf7,
  0x48, 0xf4, 0x8c, 0xf6, 0x64, 0xf8, 0xc8, 0xf8, 0xcc, 0xf7, 0xb0, 0xf5,
  0xb0, 0xf4, 0xd4, 0xf5, 0x6c, 0xf8, 0xa0, 0xf9, 0x50, 0xf9, 0x9c, 0xf9,
  0x78, 0xf9, 0x6c, 0xfa, 0x04, 0xfc, 0x9c, 0xfc, 0x44, 0xfe, 0x04, 0xff,
  0xfc, 0xff, 0x70, 0x04, 0x54, 0x06, 0x98, 0x03, 0x10, 0x03, 0xb8, 0x05,
  0x5c, 0x08, 0x98, 0x09, 0x74, 0x09, 0xf0, 0x07, 0xf8, 0x06, 0x58, 0x08,
  0xe8, 0x0a, 0x2c, 0x0b, 0x04, 0x09, 0x9c, 0x07, 0x9c, 0x06, 0xcc, 0x06,
  0x64, 0x07, 0x10, 0x06, 0x80, 0x03, 0x18, 0x01, 0x54, 0xff, 0x40, 0xfe,
  0x38, 0xfd, 0x94, 0xf9, 0x8c, 0xf4, 0x24, 0xf3, 0xbc, 0xf3, 0x38, 0xf2,
  0x08, 0xf0, 0x74, 0xee, 0x28, 0xed, 0x28, 0xed, 0xa8, 0xee, 0xc8, 0xef,
  0x9c, 0xef, 0x14, 0xf0, 0xcc, 0xf1, 0x90, 0xf3, 0x60, 0xf5, 0x64, 0xf7,
  0x04, 0xf9, 0xd0, 0xfa, 0xb8, 0xfd, 0x0c, 0x02, 0x48, 0x06, 0x18, 0x08,
  0x74, 0x08, 0xf4, 0x09, 0x38, 0x0d, 0xfc, 0x10, 0x40, 0x13, 0x64, 0x13,
  0xbc, 0x12, 0xcc, 0x12, 0x74, 0x14, 0x4c, 0x16, 0x0c, 0x16, 0x08, 0x14,
  0x10, 0x12, 0xd8, 0x10, 0x44, 0x10, 0x18, 0x0f, 0x80, 0x0c, 0x10, 0x09,
  0x7c, 0x05, 0x40, 0x03, 0x28, 0x01, 0x40, 0xfd, 0x04, 0xf9, 0xf8, 0xf5,
  0x88, 0xf3, 0x5c, 0xf1, 0xbc, 0xef, 0x00, 0xee, 0xf8, 0xeb, 0xd0, 0xea,
  0xe8, 0xea, 0x30, 0xeb, 0x98, 0xeb, 0x68, 0xec, 0x48, 0xed, 0x88, 0xee,
  0x4c, 0xf0, 0x24, 0xf2, 0x08, 0xf4, 0x2c, 0xf6, 0x9c, 0xf8, 0x60, 0xfc,
  0x80, 0x01, 0xfc, 0x04, 0xac, 0x05, 0x80, 0x06, 0xd4, 0x09, 0xc4, 0x0e,
  0xf0, 0x12, 0x64, 0x15, 0x58, 0x15, 0x04, 0x14, 0xc0, 0x14, 0x50, 0x17,
  0xfc, 0x18, 0x18, 0x19, 0x18, 0x18, 0xd4, 0x15, 0x20, 0x13, 0x90, 0x11,
  0xb0, 0x10, 0x54, 0x0f, 0x38, 0x0d, 0x14, 0x0a, 0xd0, 0x05, 0x88, 0x01,
  0x88, 0xfe, 0x94, 0xfc, 0x5c, 0xfa, 0x6c, 0xf7, 0xf8, 0xf3, 0xf8, 0xef,
  0x84, 0xec, 0x48, 0xeb, 0x10, 0xeb, 0x3c, 0xea, 0x68, 0xe9, 0xb4, 0xe8,
  0x00, 0xe8, 0x18, 0xe8, 0x60, 0xe9, 0xc8, 0xeb, 0xdc, 0xee, 0xdc, 0xf1,
  0xe8, 0xf3, 0xb8, 0xf4, 0x44, 0xf6, 0x28, 0xfa, 0x7c, 0xff, 0xc4, 0x04,
  0x10, 0x08, 0xc0, 0x08, 0x78, 0x09, 0x28, 0x0c, 0x5c, 0x10, 0x74, 0x14,
  0xd4, 0x16, 0xdc, 0x16, 0x80, 0x15, 0xd8, 0x14, 0xfc, 0x15, 0x88, 0x17,
  0xc0, 0x17, 0x60, 0x16, 0xd8, 0x13, 0xf4, 0x10, 0xa8, 0x0e, 0x34, 0x0d,
  0xa4, 0x0b, 0x34, 0x09, 0x48, 0x06, 0xb0, 0x02, 0x88, 0xfe, 0x50, 0xfb,
  0x1c, 0xf9, 0x60, 0xf6, 0xbc, 0xf3, 0x7c, 0xf1, 0x5c, 0xee, 0x0c, 0xeb,
  0x58, 0xe9, 0x54, 0xe9, 0x08, 0xe9, 0xb8, 0xe7, 0xbc, 0xe6, 0x68, 0xe6,
  0x28, 0xe7, 0xd8, 0xe8, 0xb4, 0xea, 0x9c, 0xed, 0x88, 0xf0, 0xe0, 0xf1,
  0xcc, 0xf2, 0x44, 0xf5, 0xa0, 0xf9, 0x78, 0xfe, 0xa4, 0x02, 0x74, 0x05,
  0x88, 0x06, 0xb8, 0x07, 0x24, 0x0b, 0x5c, 0x0f, 0x84, 0x12, 0x74, 0x14,
  0xac, 0x14, 0x20, 0x14, 0x60, 0x14, 0x58, 0x15, 0x08, 0x16, 0xe4, 0x15,
  0x60, 0x15, 0xb4, 0x13, 0x90, 0x10, 0xe8, 0x0d, 0x6c, 0x0c, 0x14, 0x0b,
  0x78, 0x09, 0xf4, 0x06, 0x30, 0x03, 0x24, 0xff, 0xa4, 0xfb, 0xb0, 0xf9,
  0x84, 0xf8, 0x44, 0xf6, 0xa0, 0xf3, 0x9c, 0xf0, 0x98, 0xed, 0x2c, 0xec,
  0xe8, 0xeb, 0x00, 0xec, 0x94, 0xeb, 0x7c, 0xea, 0xb0, 0xe9, 0x10, 0xea,
  0xb0, 0xeb, 0x90, 0xed, 0x04, 0xf0, 0x10, 0xf3, 0x08, 0xf5, 0xc0, 0xf5,
  0xfc, 0xf6, 0x30, 0xfa, 0xbc, 0xfe, 0x48, 0x03, 0xb0, 0x06, 0xd0, 0x07,
  0xfc, 0x07, 0xf0, 0x09, 0xcc, 0x0d, 0x50, 0x11, 0x7c, 0x13, 0x40, 0x14,
  0x88, 0x13, 0xb8, 0x12, 0x34, 0x13, 0xf8, 0x13, 0x28, 0x14, 0x08, 0x14,
  0xcc, 0x12, 0xe8, 0x0f, 0xd8, 0x0c, 0xf8, 0x0a, 0xc8, 0x09, 0x90, 0x08,
  0xdc, 0x06, 0xcc, 0x03, 0xbc, 0xff, 0x54, 0xfc, 0x60, 0xfa, 0x04, 0xf9,
  0x74, 0xf7, 0x58, 0xf5, 0x7c, 0xf2, 0xc0, 0xef, 0x40, 0xee, 0xb4, 0xed,
  0xb8, 0xed, 0xac, 0xed, 0x34, 0xec, 0x64, 0xea, 0x8c, 0xea, 0x34, 0xec,
  0x68, 0xed, 0x3c, 0xee, 0xf8, 0xef, 0x60, 0xf2, 0x50, 0xf4, 0xb4, 0xf5,
  0x30, 0xf7, 0x80, 0xf9, 0x34, 0xfd, 0xa0, 0x01, 0xbc, 0x04, 0xf8, 0x05,
  0xec, 0x06, 0xf0, 0x08, 0x40, 0x0c, 0xc8, 0x0f, 0xec, 0x11, 0x4c, 0x12,
  0xe0, 0x11, 0x20, 0x12, 0x00, 0x13, 0xb4, 0x13, 0xcc, 0x13, 0xec, 0x12,
  0x60, 0x11, 0x9c, 0x0f, 0xcc, 0x0d, 0xf8, 0x0b, 0x24, 0x0a, 0x68, 0x08,
  0x4c, 0x06, 0x7c, 0x03, 0x44, 0x00, 0x28, 0xfd, 0xc0, 0xfa, 0xf0, 0xf8,
  0x2c, 0xf7, 0xd8, 0xf4, 0x0c, 0xf2, 0xb4, 0xef, 0x38, 0xee, 0x84, 0xed,
  0x84, 0xed, 0xdc, 0xec, 0x10, 0xeb, 0x10, 0xea, 0xd0, 0xea, 0x0c, 0xec,
  0x14, 0xed, 0x28, 0xee, 0xdc, 0xef, 0x7c, 0xf2, 0x10, 0xf5, 0xa8, 0xf6,
  0xec, 0xf7, 0x58, 0xfa, 0x68, 0xfe, 0xd8, 0x02, 0x08, 0x06, 0xa8, 0x07,
  0xa0, 0x08, 0x9c, 0x0a, 0x14, 0x0e, 0x90, 0x11, 0x84, 0x13, 0xd8, 0x13,
  0xa8, 0x13, 0xd8, 0x13, 0xa4, 0x14, 0x28, 0x15, 0xc8, 0x14, 0x94, 0x13,
  0xbc, 0x11, 0x64, 0x10, 0x4c, 0x0f, 0x54, 0x0d, 0xc8, 0x0a, 0x34, 0x08,
  0xd8, 0x05, 0xc8, 0x03, 0x44, 0x01, 0x30, 0xfe, 0x90, 0xfb, 0x98, 0xf9,
  0xa4, 0xf7, 0x5c, 0xf5, 0xe8, 0xf2, 0xe4, 0xf0, 0xb4, 0xef, 0x1c, 0xef,
  0xb4, 0xee, 0xc0, 0xed, 0x58, 0xec, 0x74, 0xeb, 0xbc, 0xeb, 0xe8, 0xec,
  0xec, 0xed, 0x74, 0xee, 0x4c, 0xef, 0x58, 0xf1, 0x54, 0xf4, 0xc0, 0xf6,
  0x10, 0xf8, 0x5c, 0xf9, 0xec, 0xfb, 0xe4, 0xff, 0xf8, 0x03, 0xc8, 0x06,
  0x2c, 0x08, 0x70, 0x09, 0xd0, 0x0b, 0x00, 0x0f, 0xc4, 0x11, 0x28, 0x13,
  0x88, 0x13, 0xa4, 0x13, 0x14, 0x14, 0xa0, 0x14, 0x90, 0x14, 0xe4, 0x13,
  0xc4, 0x12, 0x44, 0x11, 0x14, 0x10, 0xa8, 0x0e, 0x58, 0x0c, 0xd4, 0x09,
  0x7c, 0x07, 0x64, 0x05, 0x48, 0x03, 0x84, 0x00, 0x84, 0xfd, 0x24, 0xfb,
  0x40, 0xf9, 0x40, 0xf7, 0xf8, 0xf4, 0x9c, 0xf2, 0xd4, 0xf0, 0xd0, 0xef,
  0x38, 0xef, 0xb8, 0xee, 0xb0, 0xed, 0x60, 0xec, 0xc8, 0xeb, 0x2c, 0xec,
  0x70, 0xed, 0x64, 0xee, 0xd0, 0xee, 0xb8, 0xf0, 0x90, 0xf3, 0x54, 0xf6,
  0x40, 0xf8, 0x84, 0xf8, 0xe8, 0xf9, 0xcc, 0xfd, 0xc4, 0x02, 0xb8, 0x06,
  0x00, 0x08, 0x54, 0x08, 0xcc, 0x09, 0x10, 0x0d, 0x08, 0x11, 0x4c, 0x13,
  0x60, 0x13, 0xe4, 0x12, 0x24, 0x13, 0x1c, 0x14, 0xcc, 0x14, 0x54, 0x14,
  0xec, 0x12, 0x60, 0x11, 0x2c, 0x10, 0x38, 0x0f, 0x88, 0x0d, 0x18, 0x0b,
  0xa0, 0x08, 0x50, 0x06, 0x4c, 0x04, 0x0c, 0x02, 0x60, 0xff, 0xd8, 0xfc,
  0xc4, 0xfa, 0xfc, 0xf8, 0xe4, 0xf6, 0x88, 0xf4, 0x90, 0xf2, 0x4c, 0xf1,
  0xa8, 0xf0, 0x14, 0xf0, 0x3c, 0xef, 0x08, 0xee, 0x18, 0xed, 0x08, 0xed,
  0x94, 0xed, 0x88, 0xee, 0xec, 0xee, 0x90, 0xef, 0xe0, 0xf1, 0xac, 0xf4,
  0x28, 0xf7, 0x30, 0xf8, 0x5c, 0xf8, 0x5c, 0xfa, 0x88, 0xfe, 0x40, 0x03,
  0x50, 0x06, 0x18, 0x07, 0x94, 0x07, 0x88, 0x09, 0x00, 0x0d, 0x94, 0x10,
  0x34, 0x12, 0x20, 0x12, 0xf0, 0x11, 0x6c, 0x12, 0x74, 0x13, 0xe0, 0x13,
  0x48, 0x13, 0x0c, 0x12, 0xb0, 0x10, 0xb8, 0x0f, 0xb0, 0x0e, 0xec, 0x0c,
  0xa0, 0x0a, 0x4c, 0x08, 0x34, 0x06, 0x44, 0x04, 0x24, 0x02, 0xb8, 0xff,
  0x28, 0xfd, 0x04, 0xfb, 0x50, 0xf9, 0xa8, 0xf7, 0xcc, 0xf5, 0xec, 0xf3,
  0x7c, 0xf2, 0x7c, 0xf1, 0xfc, 0xf0, 0x88, 0xf0, 0x04, 0xf0, 0x7c, 0xef,
  0x1c, 0xef, 0x30, 0xef, 0xa4, 0xef, 0x78, 0xf0, 0x5c, 0xf1, 0xac, 0xf2,
  0xd0, 0xf4, 0x30, 0xf7, 0x14, 0xf9, 0x14, 0xfa, 0xe0, 0xfa, 0xe0, 0xfc,
  0x44, 0x00, 0xec, 0x03, 0x5c, 0x06, 0x3c, 0x07, 0xd8, 0x07, 0x74, 0x09,
  0x0c, 0x0c, 0xa8, 0x0e, 0xec, 0x0f, 0xe8, 0x0f, 0xb8, 0x0f, 0xb8, 0x0f,
  0x70, 0x10, 0x84, 0x10, 0x88, 0x0f, 0xb8, 0x0f, 0x18, 0x0f, 0xac, 0x0c,
  0xb0, 0x0a, 0x40, 0x09, 0x60, 0x08, 0x6c, 0x07, 0x90, 0x05, 0xdc, 0x02,
  0xa4, 0xff, 0xd4, 0xfd, 0x44, 0xfd, 0xfc, 0xfb, 0x28, 0xfa, 0x00, 0xf8,
  0xc8, 0xf5, 0x88, 0xf4, 0x10, 0xf4, 0x9c, 0xf3, 0xac, 0xf2, 0xd4, 0xf1,
  0x7c, 0xf1, 0x24, 0xf1, 0xcc, 0xf0, 0xc4, 0xf0, 0xfc, 0xf0, 0x84, 0xf1,
  0x68, 0xf2, 0x94, 0xf3, 0x34, 0xf5, 0x40, 0xf7, 0x0c, 0xf9, 0xf8, 0xf9,
  0x80, 0xfa, 0x1c, 0xfc, 0x2c, 0xff, 0xa0, 0x02, 0x14, 0x05, 0xd4, 0x05,
  0x28, 0x06, 0x6c, 0x07, 0x40, 0x0a, 0x50, 0x0d, 0x8c, 0x0e, 0x4c, 0x0e,
  0xc4, 0x0d, 0x38, 0x0e, 0x6c, 0x0f, 0xd4, 0x0f, 0x40, 0x0f, 0x80, 0x0e,
  0xb0, 0x0d, 0x9c, 0x0c, 0x20, 0x0b, 0x78, 0x09, 0x58, 0x08, 0x10, 0x07,
  0x74, 0x05, 0x9c, 0x03, 0x14, 0x01, 0xec, 0xfe, 0x80, 0xfd, 0x6c, 0xfc,
  0x10, 0xfb, 0x28, 0xf9, 0x74, 0xf7, 0x14, 0xf6, 0x48, 0xf5, 0x30, 0xf5,
  0xd4, 0xf4, 0x0c, 0xf4, 0x88, 0xf3, 0x48, 0xf3, 0xa4, 0xf3, 0x44, 0xf4,
  0x84, 0xf4, 0x00, 0xf5, 0x9c, 0xf5, 0xbc, 0xf6, 0xa8, 0xf8, 0x40, 0xfa,
  0xa0, 0xfb, 0xac, 0xfc, 0x74, 0xfd, 0x0c, 0xff, 0x2c, 0x01, 0x44, 0x03,
  0xcc, 0x04, 0xc8, 0x05, 0xe0, 0x06, 0xb8, 0x07, 0x18, 0x09, 0x08, 0x0b,
  0xbc, 0x0b, 0xb0, 0x0b, 0xb4, 0x0b, 0xd4, 0x0b, 0x24, 0x0c, 0x1c, 0x0c,
  0x8c, 0x0b, 0xd0, 0x0a, 0x54, 0x0a, 0xb8, 0x09, 0x48, 0x08, 0xa4, 0x06,
  0x8c, 0x05, 0xa0, 0x04, 0x98, 0x03, 0x3c, 0x02, 0x60, 0x00, 0x7c, 0xfe,
  0x1c, 0xfd, 0x6c, 0xfc, 0x90, 0xfb, 0x2c, 0xfa, 0x00, 0xf9, 0xbc, 0xf7,
  0x08, 0xf7, 0xf8, 0xf6, 0x80, 0xf6, 0x58, 0xf6, 0x90, 0xf5, 0x84, 0xf5,
  0x94, 0xf6, 0x50, 0xf6, 0xb8, 0xf6, 0x14, 0xf7, 0x34, 0xf7, 0xac, 0xf8,
  0xa4, 0xf9, 0x98, 0xfa, 0x8c, 0xfb, 0xc8, 0xfc, 0x38, 0xfe, 0x8c, 0xfe,
  0x78, 0xff, 0xf8, 0x00, 0x40, 0x02, 0xb4, 0x03, 0x98, 0x04, 0x1c, 0x05,
  0x58, 0x05, 0x4c, 0x06, 0x10, 0x08, 0x98, 0x08, 0x54, 0x08, 0x64, 0x08,
  0x54, 0x08, 0x74, 0x08, 0xc8, 0x08, 0x20, 0x08, 0x88, 0x07, 0x24, 0x07,
  0x88, 0x06, 0x38, 0x06, 0x90, 0x04, 0x58, 0x03, 0x3c, 0x03, 0x24, 0x02,
  0x50, 0x01, 0x24, 0x00, 0x94, 0xfe, 0xa4, 0xfd, 0xe8, 0xfc, 0x50, 0xfc,
  0x98, 0xfb, 0x88, 0xfa, 0xa8, 0xf9, 0x4c, 0xf9, 0xc0, 0xf8, 0x6c, 0xf8,
  0x68, 0xf8, 0x18, 0xf8, 0x14, 0xf8, 0x5c, 0xf8, 0x70, 0xf8, 0x74, 0xf8,
  0xbc, 0xf8, 0x30, 0xf9, 0x98, 0xf9, 0x68, 0xfa, 0x38, 0xfb, 0x84, 0xfb,
  0xb4, 0xfc, 0x04, 0xfe, 0x34, 0xfe, 0xf4, 0xfe, 0xc8, 0xff, 0x78, 0x00,
  0x10, 0x02, 0xf8, 0x02, 0x7c, 0x03, 0xec, 0x03, 0x2c, 0x04, 0x9c, 0x05,
  0xa4, 0x06, 0xbc, 0x06, 0x04, 0x07, 0x10, 0x07, 0x04, 0x07, 0x40, 0x07,
  0x74, 0x07, 0x04, 0x07, 0x74, 0x06, 0x1c, 0x06, 0x7c, 0x05, 0xfc, 0x04,
  0x3c, 0x04, 0x50, 0x03, 0xb0, 0x02, 0xa4, 0x01, 0xec, 0x00, 0x40, 0x00,
  0xf4, 0xfe, 0x38, 0xfe, 0x94, 0xfd, 0xc4, 0xfc, 0x3c, 0xfc, 0x84, 0xfb,
  0xec, 0xfa, 0xa8, 0xfa, 0x2c, 0xfa, 0x00, 0xfa, 0x00, 0xfa, 0xb8, 0xf9,
  0xcc, 0xf9, 0x04, 0xfa, 0x4c, 0xfa, 0xa0, 0xfa, 0xdc, 0xfa, 0x48, 0xfb,
  0xbc, 0xfb, 0x4c, 0xfc, 0xdc, 0xfc, 0x70, 0xfd, 0x1c, 0xfe, 0xe4, 0xfe,
  0xa4, 0xff, 0x40, 0x00, 0x9c, 0x00, 0x04, 0x01, 0xe4, 0x01, 0x7c, 0x02,
  0xe4, 0x02, 0x78, 0x03, 0xa0, 0x03, 0xd4, 0x03, 0x3c, 0x04, 0x74, 0x04,
  0xbc, 0x04, 0xd0, 0x04, 0xa0, 0x04, 0x98, 0x04, 0x68, 0x04, 0x1c, 0x04,
  0xc0, 0x03, 0x24, 0x03, 0xe8, 0x02, 0xd4, 0x02, 0x24, 0x02, 0x8c, 0x01,
  0xfc, 0x00, 0x40, 0x00, 0xe4, 0xff, 0xbc, 0xff, 0x38, 0xff, 0x74, 0xfe,
  0x20, 0xfe, 0xb4, 0xfd, 0xf0, 0xfc, 0xd4, 0xfc, 0xd0, 0xfc, 0x8c, 0xfc,
  0x80, 0xfc, 0x20, 0xfc, 0xec, 0xfb, 0xec, 0xfb, 0xec, 0xfb, 0x5c, 0xfc,
  0x74, 0xfc, 0x7c, 0xfc, 0xe4, 0xfc, 0x28, 0xfd, 0x74, 0xfd, 0xd0, 0xfd,
  0x0c, 0xfe, 0xb0, 0xfe, 0x2c, 0xff, 0x50, 0xff, 0xdc, 0xff, 0x10, 0x00,
  0x84, 0x00, 0x3c, 0x01, 0x28, 0x01, 0xb4, 0x01, 0xf4, 0x01, 0xb4, 0x01,
  0x64, 0x02, 0x78, 0x02, 0x30, 0x02, 0xc4, 0x02, 0xa0, 0x02, 0x5c, 0x02,
  0xc0, 0x02, 0x38, 0x02, 0x20, 0x02, 0x54, 0x02, 0xe4, 0x01, 0xcc, 0x01,
  0x84, 0x01, 0x40, 0x01, 0xe0, 0x00, 0x5c, 0x00, 0x88, 0x00, 0x40, 0x00,
  0xbc, 0xff, 0xbc, 0xff, 0x54, 0xff, 0x00, 0xff, 0x0c, 0xff, 0xc0, 0xfe,
  0xac, 0xfe, 0xe0, 0xfe, 0x8c, 0xfe, 0x1c, 0xfe, 0x40, 0xfe, 0x40, 0xfe,
  0x5c, 0xfe, 0xc4, 0xfe, 0x7c, 0xfe, 0x68, 0xfe, 0xbc, 0xfe, 0x9c, 0xfe,
  0xc4, 0xfe, 0x30, 0xff, 0x24, 0xff, 0x48, 0xff, 0x98, 0xff, 0x98, 0xff,
  0xd0, 0xff, 0xd0, 0xff, 0xb8, 0xff, 0x70, 0x00, 0xf0, 0x00, 0xe8, 0x00,
  0xc0, 0x00, 0x80, 0x00, 0xe8, 0x00, 0x94, 0x01, 0x7c, 0x01, 0x68, 0x01,
  0xac, 0x01, 0xa0, 0x01, 0xf0, 0x01, 0x1c, 0x02, 0x88, 0x01, 0xc4, 0x01,
  0xe4, 0x01, 0x74, 0x01, 0x80, 0x01, 0xf8, 0x00, 0x98, 0x00, 0xe8, 0x00,
  0xac, 0x00, 0x34, 0x00, 0xdc, 0xff, 0xbc, 0xff, 0x9c, 0xff, 0xa0, 0xff,
  0xac, 0xff, 0x4c, 0xff, 0x0c, 0xff, 0x0c, 0xff, 0x2c, 0xff, 0x3c, 0xff,
  0x24, 0xff, 0x10, 0xff, 0x14, 0xff, 0x28, 0xff, 0x0c, 0xff, 0x0c, 0xff,
  0x40, 0xff, 0x3c, 0xff, 0x70, 0xff, 0xb4, 0xff, 0xdc, 0xff, 0x94, 0xff,
  0x78, 0xff, 0xd8, 0xff, 0xe0, 0xff, 0x54, 0x00, 0x64, 0x00, 0x04, 0x00,
  0x20, 0x00, 0x2c, 0x00, 0x80, 0x00, 0xe0, 0x00, 0xcc, 0x00, 0xa0, 0x00,
  0x98, 0x00, 0x74, 0x00, 0x7c, 0x00, 0xb0, 0x00, 0x9c, 0x00, 0x70, 0x00,
  0x50, 0x00, 0x5c, 0x00, 0x68, 0x00, 0x28, 0x00, 0x20, 0x00, 0xa4, 0x00,
  0x14, 0x01, 0x2c, 0x01, 0xd0, 0x00, 0x60, 0x00, 0x6c, 0x00, 0xb0, 0x00,
  0xcc, 0x00, 0xa0, 0x00, 0x3c, 0x00, 0xe4, 0xff, 0xf8, 0xff, 0x14, 0x00,
  0xdc, 0xff, 0xa0, 0xff, 0x90, 0xff, 0x8c, 0xff, 0x48, 0xff, 0x3c, 0xff,
  0x7c, 0xff, 0x54, 0xff, 0x70, 0xff, 0x4c, 0xff, 0x04, 0xff, 0x3c, 0xff,
  0x28, 0xff, 0xdc, 0xff, 0x68, 0xff, 0x00, 0xff, 0xe8, 0xff, 0x68, 0xff,
  0x38, 0x00, 0xa8, 0xff, 0x90, 0xff, 0x24, 0x00, 0x34, 0xff, 0x6c, 0x00,
  0xe8, 0xff, 0xf8, 0xff, 0x38, 0x00, 0xf8, 0xff, 0xa4, 0x00, 0x0c, 0x00,
  0x78, 0x00, 0x54, 0x00, 0xa4, 0x00, 0x40, 0x00, 0x28, 0x00, 0x80, 0x00,
  0x58, 0xff, 0x54, 0x00, 0x24, 0x00, 0x04, 0x00, 0x58, 0x00, 0xe4, 0xff,
  0x04, 0x00, 0x14, 0x00, 0x30, 0x00, 0x98, 0xff, 0x9c, 0x00, 0xbc, 0xff,
  0x84, 0xff, 0x48, 0x00, 0x84, 0xfe, 0x70, 0x00, 0x60, 0xff, 0x8c, 0xff,
  0x54, 0x00, 0x74, 0xfe, 0x98, 0x00, 0xe0, 0xfe, 0x84, 0xff, 0x20, 0x00,
  0x58, 0xfd, 0xd0, 0xff, 0x80, 0xff, 0x40, 0xff, 0xb4, 0xff, 0x18, 0xff,
  0x94, 0xff, 0x1c, 0xff, 0xac, 0x00, 0x10, 0x01, 0xe4, 0xff, 0x4c, 0xff,
  0xb4, 0x00, 0xec, 0xff, 0x04, 0x00, 0x3c, 0x01, 0x28, 0xff, 0x78, 0x00,
  0xcc, 0xff, 0x3c, 0x00, 0xb8, 0x00, 0xb4, 0xfe, 0x7c, 0x01, 0x10, 0x00,
  0x88, 0xff, 0x28, 0x01, 0x50, 0xff, 0x8c, 0x00, 0x40, 0x00, 0x10, 0x00,
  0xe4, 0x00, 0x18, 0xff, 0xe8, 0xff, 0xa8, 0x00, 0xe4, 0xff, 0xd4, 0xff,
  0xb4, 0x00, 0x9c, 0xff, 0x80, 0xff, 0x10, 0x01, 0xf8, 0xfe, 0x1c, 0xff,
  0xcc, 0xfe, 0xec, 0xff, 0x80, 0x00, 0x8c, 0xfe, 0x4c, 0x00, 0xd0, 0xff,
  0xb8, 0xfe, 0xcc, 0x00, 0xe4, 0xff, 0x7c, 0xff, 0xe8, 0xff, 0x88, 0xff,
  0x90, 0x00, 0x44, 0xff, 0xf4, 0xff, 0x18, 0x00, 0xec, 0xff, 0xf8, 0xff,
  0x44, 0x00, 0x98, 0x00, 0x40, 0xff, 0xa0, 0x00, 0x64, 0x00, 0xa0, 0xff,
  0x3c, 0x00, 0x28, 0x00, 0x34, 0x00, 0x54, 0x00, 0x7c, 0x00, 0x20, 0x00,
  0x5c, 0x00, 0xf4, 0xff, 0x1c, 0x00, 0xcc, 0x00, 0xa8, 0xff, 0x5c, 0x00,
  0x38, 0x00, 0xb0, 0xff, 0x58, 0x00, 0x1c, 0x00, 0xdc, 0xff, 0xdc, 0xff,
  0x44, 0x00, 0xf0, 0xff, 0xa4, 0xff, 0x38, 0x00, 0x90, 0xff, 0xc4, 0xff,
  0x84, 0x00, 0x10, 0xff, 0xf0, 0xff, 0x44, 0x00, 0x2c, 0xff, 0x34, 0x00,
  0xc8, 0xff, 0x84, 0xff, 0xbc, 0xff, 0xe8, 0xff, 0xb0, 0xff, 0xec, 0xff,
  0x78, 0x01, 0x98, 0x00, 0x5c, 0x00, 0x2c, 0x00, 0x80, 0xff, 0xd8, 0x00,
  0x58, 0x00, 0xdc, 0xff, 0x4c, 0x01, 0x18, 0xff, 0x38, 0x00, 0x58, 0x01,
  0x44, 0xff, 0x70, 0x00, 0x70, 0x00, 0x58, 0x00, 0xb8, 0xff, 0xc4, 0xff,
  0xdc, 0x00, 0xe8, 0xff, 0x88, 0xff, 0x64, 0x01, 0xcc, 0xff, 0x8c, 0xff,
  0xe8, 0x00, 0xb0, 0xff, 0x6c, 0x00, 0xf4, 0xff, 0x24, 0x00, 0x1c, 0x00,
  0xd0, 0xff, 0x24, 0x00, 0x18, 0x00, 0x8c, 0x00, 0x38, 0xff, 0x94, 0x00,
  0x70, 0x01, 0xa0, 0xff, 0xa8, 0x00, 0x78, 0x00, 0xf8, 0xff, 0x34, 0x00,
  0xfc, 0xff, 0x24, 0x00, 0x20, 0x00, 0x28, 0x00, 0x64, 0xff, 0x28, 0x00,
  0x5c, 0x00, 0x40, 0xff, 0x18, 0x00, 0x9c, 0x00, 0x4c, 0xfe, 0xb0, 0x00,
  0x58, 0x00, 0x50, 0xfe, 0xd0, 0x00, 0x94, 0xff, 0x70, 0xff, 0xf0, 0xff,
  0x30, 0x00, 0xe0, 0xfe, 0x60, 0x00, 0xa8, 0xff, 0x3c, 0xfd, 0xac, 0xfe,
  0xc4, 0xff, 0x6c, 0xff, 0x94, 0xfc, 0x70, 0xff, 0xa0, 0xfe, 0x34, 0xff,
  0x44, 0x00, 0x5c, 0xff, 0x50, 0x00, 0x74, 0xfd, 0x38, 0x02, 0x18, 0x00,
  0x84, 0xfe, 0xec, 0x01, 0x04, 0xff, 0xd8, 0x00, 0x6c, 0x00, 0x34, 0x00,
  0x68, 0x00, 0x1c, 0xff, 0x50, 0x01, 0xfc, 0x00, 0x84, 0xff, 0x94, 0xff,
  0x64, 0x01, 0x50, 0x00, 0xb8, 0xff, 0x0c, 0x02, 0xf0, 0x00, 0x08, 0x01,
  0x30, 0x01, 0xc4, 0x00, 0xcc, 0xff, 0x0c, 0x01, 0x18, 0x00, 0xf0, 0xff,
  0xa4, 0x01, 0xd0, 0xfe, 0x80, 0x00, 0x40, 0x00, 0x44, 0x00, 0x14, 0x00,
  0x6c, 0xff, 0x44, 0x01, 0x8c, 0xfe, 0xf4, 0xff, 0x54, 0x00, 0x40, 0xff,
  0x78, 0xff, 0xb0, 0xff, 0xf0, 0xfe, 0xe0, 0xfe, 0xe4, 0xff, 0xd8, 0xfd,
  0x8c, 0x00, 0xe8, 0xfe, 0xfc, 0xfe, 0x3c, 0x01, 0x48, 0xfe, 0xdc, 0xff,
  0xa4, 0x00, 0x08, 0xff, 0x18, 0x00, 0x54, 0x00, 0xdc, 0xff, 0x80, 0x00,
  0x38, 0x00, 0x48, 0x00, 0xe4, 0xff, 0x28, 0x01, 0x54, 0x02, 0x44, 0x00,
  0xa4, 0x00, 0xdc, 0x00, 0x54, 0x00, 0x74, 0x01, 0xa0, 0xff, 0x00, 0x01,
  0xdc, 0x01, 0x28, 0x00, 0x90, 0x01, 0x94, 0x00, 0xe4, 0xff, 0xf8, 0x00,
  0x50, 0x00, 0x20, 0x00, 0xbc, 0xff, 0x98, 0xff, 0x50, 0x01, 0x0c, 0xff,
  0xe4, 0xff, 0x70, 0x00, 0x08, 0xfe, 0xa8, 0x01, 0x3c, 0xff, 0x30, 0xff,
  0xcc, 0x00, 0x10, 0xfe, 0xd8, 0x00, 0x34, 0xfe, 0xa8, 0xfe, 0x00, 0x01,
  0xa8, 0xfd, 0x28, 0xff, 0x3c, 0x00, 0x44, 0xfe, 0xa0, 0xfe, 0xec, 0xff,
  0x18, 0xff, 0x20, 0x00, 0x0c, 0xff, 0xc0, 0xff, 0x7c, 0x00, 0xe0, 0xfd,
  0x78, 0x01, 0xfc, 0xff, 0x00, 0xff, 0x3c, 0x02, 0x70, 0xff, 0x80, 0x00,
  0xb4, 0x00, 0xb0, 0xff, 0xb4, 0x01, 0xd8, 0xff, 0x18, 0x00, 0x00, 0x02,
  0x1c, 0x00, 0xd4, 0xff, 0xbc, 0x01, 0x10, 0x00, 0x70, 0x00, 0xb8, 0x00,
  0xac, 0xff, 0x5c, 0x01, 0x20, 0xff, 0xfc, 0xff, 0x44, 0x01, 0xc0, 0xfe,
  0xc0, 0x00, 0xd4, 0xff, 0x68, 0xff, 0xf8, 0x00, 0xb0, 0xfe, 0x58, 0x00,
  0xac, 0xff, 0x3c, 0xff, 0x8c, 0x00, 0x7c, 0xfe, 0xf8, 0xff, 0xa0, 0xff,
  0xec, 0xfe, 0xf8, 0xff, 0x00, 0xff, 0x70, 0xff, 0x1c, 0x00, 0x24, 0xff,
  0x34, 0x00, 0xc8, 0xff, 0x90, 0xff, 0x68, 0x00, 0x18, 0xff, 0x38, 0x00,
  0x5c, 0x00, 0xcc, 0xff, 0xc0, 0xff, 0xf8, 0xff, 0x00, 0x00, 0x28, 0x00,
  0x2c, 0x00, 0xc4, 0xff, 0x50, 0x01, 0xb8, 0x00, 0xac, 0x00, 0x68, 0x01,
  0x5c, 0x00, 0x78, 0x00, 0xc0, 0x00, 0x68, 0x00, 0xa0, 0x00, 0x28, 0x00,
  0xec, 0xff, 0x40, 0x01, 0x90, 0xff, 0xfc, 0xff, 0xb4, 0x00, 0x88, 0xff,
  0xd0, 0x00, 0xc0, 0xff, 0xa4, 0xff, 0x54, 0x00, 0x70, 0xff, 0x5c, 0xff,
  0x8c, 0x00, 0x34, 0xff, 0xb4, 0xff, 0x00, 0x00, 0x14, 0xff, 0x3c, 0x00,
  0xe8, 0xfe, 0xd8, 0xff, 0x68, 0xff, 0x3c, 0xff, 0xa0, 0xff, 0xec, 0xfe,
  0xdc, 0xff, 0x08, 0xff, 0x64, 0xff, 0xb0, 0x00, 0xd4, 0xfe, 0xc8, 0xff,
  0x68, 0x00, 0x34, 0xff, 0x94, 0x00, 0x58, 0xff, 0x80, 0x00, 0x00, 0x00,
  0xd4, 0xfe, 0xf8, 0x00, 0x88, 0xff, 0xf0, 0x00, 0xd4, 0x01, 0x50, 0xff,
  0xf0, 0x01, 0x20, 0x01, 0xc0, 0x00, 0xfc, 0x01, 0x78, 0x00, 0x84, 0x01,
  0x34, 0x00, 0xd8, 0x00, 0x30, 0x01, 0x90, 0xff, 0xcc, 0x00, 0x08, 0x01,
  0x78, 0xff, 0xd4, 0x00, 0x4c, 0x00, 0x78, 0xff, 0x84, 0x00, 0x28, 0xff,
  0x8c, 0x00, 0xf4, 0xff, 0x4c, 0xfe, 0x58, 0x00, 0xc4, 0xff, 0xc8, 0xfe,
  0xe8, 0xff, 0xac, 0xff, 0x34, 0xff, 0x58, 0xff, 0x74, 0xff, 0x54, 0xff,
  0x08, 0xff, 0x50, 0xff, 0x1c, 0xff, 0x74, 0xff, 0x18, 0xff, 0x58, 0xff,
  0x98, 0xff, 0x60, 0xff, 0x80, 0xff, 0xec, 0xfd, 0x2c, 0x00, 0xbc, 0xff,
  0x20, 0xff, 0x28, 0x00, 0x3c, 0xff, 0x10, 0x00, 0x48, 0xff, 0xc0, 0x00,
  0x30, 0x00, 0x30, 0xff, 0x04, 0x01, 0x20, 0x00, 0xa0, 0xff, 0x68, 0x00,
  0x3c, 0x00, 0xe8, 0xff, 0xb4, 0x00, 0x40, 0x00, 0x38, 0x00, 0x60, 0x00,
  0x90, 0xff, 0xfc, 0x00, 0x10, 0x00, 0x9c, 0xff, 0x44, 0x01, 0x74, 0xff,
  0x28, 0x00, 0x24, 0x00, 0x9c, 0xff, 0xb0, 0x00, 0x68, 0xff, 0x50, 0x00,
  0xf4, 0xff, 0xac, 0xff, 0xd4, 0xff, 0x3c, 0xff, 0x68, 0x00, 0x7c, 0xff,
  0x10, 0x00, 0xf4, 0xff, 0x10, 0xff, 0x0c, 0x00, 0x04, 0xff, 0xd8, 0xff,
  0xd8, 0x00, 0x70, 0x00, 0x58, 0x00, 0x64, 0x00, 0x14, 0x00, 0x2c, 0x00,
  0x04, 0x01, 0x00, 0x00, 0x38, 0x00, 0xa8, 0x00, 0xc0, 0xff, 0xac, 0x00,
  0x08, 0x00, 0xec, 0xff, 0x98, 0x01, 0xdc, 0x00, 0x10, 0x01, 0x40, 0x00,
  0xd4, 0xff, 0x14, 0x01, 0x54, 0x00, 0xe4, 0xff, 0xd4, 0x00, 0x78, 0xff,
  0xb4, 0xff, 0xb4, 0x00, 0xb8, 0xff, 0x50, 0x00, 0x30, 0xff, 0x84, 0x00,
  0x30, 0x00, 0x58, 0xfe, 0x78, 0x00, 0x0c, 0x00, 0x44, 0xfe, 0x58, 0x00,
  0xec, 0xff, 0x80, 0xfe, 0x04, 0x00, 0x5c, 0xff, 0x84, 0xff, 0xd0, 0xff,
  0x68, 0xff, 0xe4, 0xff, 0x34, 0xff, 0x68, 0xff, 0x74, 0x00, 0xec, 0xfe,
  0x6c, 0xff, 0xc8, 0xff, 0x18, 0xff, 0xf0, 0xff, 0xa0, 0xff, 0xc0, 0xff,
  0xe4, 0xff, 0xfc, 0xff, 0xdc, 0xff, 0xf4, 0xff, 0x24, 0x00, 0xec, 0xff,
  0x14, 0x00, 0x28, 0x00, 0x08, 0x00, 0xb4, 0xff, 0x60, 0x00, 0x50, 0x00,
  0xfc, 0xff, 0x64, 0x00, 0x8c, 0x00, 0x54, 0x00, 0x78, 0x00, 0xb0, 0x00,
  0x28, 0x00, 0x60, 0x00, 0x3c, 0x00, 0x94, 0x00, 0x38, 0x00, 0x64, 0xff,
  0x54, 0x00, 0xe4, 0xff, 0xb8, 0xff, 0x58, 0x00, 0xd8, 0xff, 0xe4, 0xff,
  0x08, 0x00, 0x00, 0x00, 0xd0, 0xff, 0xd4, 0xff, 0xc4, 0xff, 0xf0, 0xff,
  0xf0, 0xff, 0xa8, 0xff, 0xf8, 0xff, 0xc4, 0xff, 0x2c, 0x00, 0xb0, 0xff,
  0xb8, 0xff, 0x2c, 0x00, 0x98, 0xff, 0xe4, 0xff, 0xfc, 0xff, 0xd8, 0xff,
  0xa0, 0xff, 0xf0, 0xff, 0x28, 0x00, 0xd8, 0xff, 0x10, 0x00, 0xf8, 0xff,
  0x00, 0x00, 0xdc, 0xff, 0x4c, 0x00, 0x50, 0x00, 0x94, 0xff, 0x78, 0x00,
  0xd4, 0xff, 0xdc, 0xff, 0x7c, 0x00, 0x3c, 0x00, 0xa8, 0x00, 0x24, 0x00,
  0x74, 0x00, 0x50, 0x00, 0xec, 0xff, 0x6c, 0x00, 0x40, 0x00, 0x08, 0x00,
  0x88, 0xff, 0x58, 0xff, 0xa8, 0xff, 0xbc, 0xff, 0xc4, 0xff, 0xb4, 0xff,
  0xcc, 0xff, 0xf0, 0xff, 0xbc, 0xff, 0xc0, 0xff, 0xdc, 0xff, 0x98, 0xff,
  0xac, 0xff, 0xd8, 0xff, 0xc0, 0xff, 0xa4, 0xff, 0xd0, 0xff, 0x10, 0x00,
  0xd8, 0xff, 0xd4, 0xff, 0x00, 0x00, 0x00, 0x00, 0xf8, 0xff, 0xc8, 0xff,
  0xe8, 0xff, 0x00, 0x00, 0xe4, 0xff, 0x24, 0x00, 0x24, 0x00, 0x04, 0x00,
  0x44, 0x00, 0x30, 0x00, 0xf0, 0xff, 0x50, 0x00, 0x54, 0x00, 0x08, 0x00,
  0x40, 0x00, 0x44, 0x00, 0x1c, 0x00, 0x00, 0x00, 0x4c, 0x00, 0x4c, 0x00,
  0x18, 0x00, 0x30, 0x00, 0x30, 0x00, 0x30, 0x00, 0x28, 0x00, 0x08, 0x00,
  0x18, 0x00, 0x30, 0x00, 0x14, 0x00, 0xf8, 0xff, 0x24, 0x00, 0x34, 0x00,
  0xd4, 0xff, 0x08, 0x00, 0x2c, 0x00, 0xf8, 0xff, 0x10, 0x00, 0xd4, 0xff,
  0xd8, 0xff, 0x18, 0x00, 0x08, 0x00, 0x10, 0x00, 0xf4, 0xff, 0xec, 0xff,
  0xd0, 0xff, 0xe8, 0xff, 0x20, 0x00, 0x3c, 0x00, 0x54, 0x00, 0xfc, 0xff,
  0x4c, 0x00, 0x14, 0x00, 0x60, 0x00, 0xf8, 0x00, 0x24, 0x00, 0xa8, 0x00,
  0x84, 0x00, 0x20, 0x00, 0xa8, 0x00, 0x40, 0x00, 0x64, 0x00, 0xb0, 0x00,
  0x4c, 0x00, 0x40, 0x00, 0x90, 0x00, 0x24, 0x00, 0x64, 0x00, 0x28, 0x00,
  0xf4, 0xff, 0x44, 0x00, 0xb8, 0xff, 0x48, 0x00, 0x18, 0x00, 0xa4, 0xff,
  0x18, 0x00, 0xb8, 0xff, 0xd4, 0xff, 0x14, 0x00, 0x70, 0xff, 0x04, 0x00,
  0xb0, 0xff, 0x60, 0xff, 0x44, 0x00, 0x84, 0xff, 0xa0, 0xff, 0x28, 0x00,
  0x58, 0xff, 0xb4, 0xff, 0x0c, 0x00, 0x60, 0xff, 0x0c, 0x00, 0xe8, 0xff,
  0xa0, 0xff, 0x10, 0x00, 0x70, 0xff, 0x08, 0x00, 0xd4, 0xff, 0x9c, 0xff,
  0x50, 0x00, 0x90, 0xff, 0x0c, 0x00, 0x2c, 0x00, 0xb0, 0xff, 0x2c, 0x00,
  0xfc, 0xff, 0xfc, 0xff, 0x18, 0x00, 0x24, 0x00, 0xe8, 0xff, 0xc0, 0xff,
  0x60, 0x00, 0x08, 0x00, 0x08, 0x00, 0x80, 0x00, 0xac, 0xff, 0x2c, 0x00,
  0x4c, 0x00, 0xcc, 0xff, 0x70, 0x00, 0x14, 0x00, 0x0c, 0x00, 0x24, 0x00,
  0xe8, 0xff, 0x10, 0x00, 0xcc, 0xff, 0xfc, 0xff, 0x00, 0x00, 0xec, 0xff,
  0x04, 0x00, 0x6c, 0xff, 0x6c, 0xff, 0xd8, 0xff, 0xc0, 0xff, 0x68, 0xff,
  0xa8, 0xff, 0x80, 0xff, 0x90, 0xff, 0xe8, 0xff, 0x9c, 0xff, 0x9c, 0xff,
  0xf0, 0xff, 0xbc, 0xff, 0xb8, 0xff, 0x14, 0x00, 0xac, 0xff, 0xe8, 0xff,
  0x1c, 0x00, 0xe0, 0xff, 0xf0, 0xff, 0x24, 0x00, 0x34, 0x00, 0x04, 0x00,
  0xe4, 0xff, 0x6c, 0x00, 0xa8, 0x00, 0x3c, 0x00, 0x54, 0x00, 0x84, 0x00,
  0xbc, 0x00, 0xb0, 0x00, 0x6c, 0x00, 0x4c, 0x00, 0x8c, 0x00, 0x84, 0x00,
  0x0c, 0x00, 0x90, 0x00, 0x5c, 0x00, 0x04, 0x00, 0x5c, 0x00, 0x5c, 0x00,
  0x04, 0x00, 0xd8, 0xff, 0x40, 0x00, 0x58, 0x00, 0xd4, 0xff, 0x08, 0x00,
  0x30, 0x00, 0xd8, 0xff, 0x28, 0x00, 0xe8, 0xff, 0xd4, 0xff, 0xd8, 0xff,
  0x8c, 0xff, 0x90, 0xff, 0x78, 0xff, 0x98, 0xff, 0xec, 0xff, 0x7c, 0xff,
  0x5c, 0xff, 0x4c, 0x00, 0x74, 0xff, 0x80, 0xff, 0x0c, 0x00, 0xb0, 0xff,
  0xc0, 0xff, 0x88, 0xff, 0x1c, 0x00, 0xbc, 0xff, 0xb8, 0xff, 0xf4, 0xff,
  0xdc, 0xff, 0x18, 0x00, 0xfc, 0xff, 0xcc, 0xff, 0x0c, 0x00, 0x34, 0x00,
  0xa8, 0xff, 0xf0, 0xff, 0x58, 0x00, 0x00, 0x00, 0xb8, 0xff, 0x50, 0x00,
  0x14, 0x00, 0xec, 0xff, 0xfc, 0xff, 0x64, 0xff, 0xb8, 0xff, 0xcc, 0xff,
  0xe0, 0xff, 0x80, 0xff, 0x80, 0xff, 0x14, 0x00, 0x90, 0xff, 0xc4, 0xff,
  0xc4, 0xff, 0xec, 0xff, 0x04, 0x00, 0xa4, 0xff, 0x00, 0x00, 0xc4, 0xff,
  0x14, 0x00, 0xe8, 0xff, 0xe8, 0xff, 0x34, 0x00, 0xc0, 0xff, 0x6c, 0x00,
  0x0c, 0x00, 0x98, 0xff, 0xb0, 0x00, 0x20, 0x00, 0x2c, 0x00, 0xe0, 0x00,
  0x00, 0x00, 0xb4, 0x00, 0xd4, 0x00, 0x54, 0x00, 0x9c, 0x00, 0x54, 0x00,
  0x84, 0x00, 0x48, 0x00, 0x58, 0x00, 0x80, 0x00, 0x2c, 0x00, 0x40, 0x00,
  0x58, 0x00, 0x94, 0x00, 0x78, 0x00, 0x94, 0x00, 0x64, 0x00, 0x1c, 0x00,
  0xb8, 0x00, 0x3c, 0x00, 0x00, 0x00, 0x58, 0x00, 0x10, 0x00, 0x08, 0x00,
  0x4c, 0x00, 0x04, 0x00, 0x5c, 0xff, 0xc8, 0xff, 0xbc, 0xff, 0x74, 0xff,
  0xb4, 0xff, 0xb0, 0xff, 0xc4, 0xff, 0xac, 0xff, 0xac, 0xff, 0xa8, 0xff,
  0x94, 0xff, 0xe0, 0xff, 0x94, 0xff, 0xa4, 0xff, 0x00, 0x00, 0x80, 0xff,
  0xe4, 0xff, 0xac, 0xff, 0x00, 0x00, 0xc8, 0x00, 0xd8, 0xff, 0x1c, 0x00,
  0x50, 0x00, 0xe8, 0xff, 0x1c, 0x00, 0x08, 0x00, 0xe0, 0xff, 0x14, 0x00,
  0x1c, 0x00, 0x00, 0x00, 0x38, 0x00, 0xe0, 0xff, 0x0c, 0x00, 0x28, 0x00,
  0xa0, 0xff, 0x28, 0x00, 0x0c, 0x00, 0xc4, 0xff, 0x08, 0x00, 0xfc, 0xff,
  0xf0, 0xff, 0xd0, 0xff, 0xec, 0xff, 0x00, 0x00, 0xec, 0xff, 0xd8, 0xff,
  0xa0, 0xff, 0xa0, 0xff, 0xb0, 0xff, 0xac, 0xff, 0xb4, 0xff, 0xcc, 0xff,
  0xd4, 0xff, 0xd4, 0xff, 0xe8, 0xff, 0xe8, 0xff, 0xe0, 0xff, 0xd0, 0xff,
  0x00, 0x00, 0xf8, 0xff, 0xe8, 0xff, 0x08, 0x00, 0xe8, 0xff, 0x30, 0x00,
  0x08, 0x00, 0xec, 0xff, 0x38, 0x00, 0xfc, 0xff, 0x04, 0x00, 0x1c, 0x00,
  0x00, 0x00, 0x00, 0x00, 0x20, 0x00, 0x2c, 0x00, 0x0c, 0x00, 0x00, 0x00,
  0x4c, 0x00, 0x00, 0x00, 0xd0, 0xff, 0x44, 0x00, 0x1c, 0x00, 0xdc, 0xff,
  0xe0, 0xff, 0xbc, 0xff, 0xa4, 0xff, 0xc0, 0xff, 0xd4, 0xff, 0xc8, 0xff,
  0xc4, 0xff, 0xf8, 0xff, 0xe0, 0xff, 0xd8, 0xff, 0x00, 0x00, 0xcc, 0xff,
  0xcc, 0xff, 0x14, 0x00, 0xd4, 0xff, 0xd0, 0xff, 0x28, 0x00, 0x08, 0x00,
  0xe0, 0xff, 0xf4, 0xff, 0x24, 0x00, 0xf4, 0xff, 0x28, 0x00, 0x50, 0x00,
  0xc8, 0xff, 0x2c, 0x00, 0x44, 0x00, 0xcc, 0xff, 0x18, 0x00, 0x38, 0x00,
  0x04, 0x00, 0x60, 0x00, 0x60, 0x00, 0x20, 0x00, 0x44, 0x00, 0x34, 0x00,
  0x1c, 0x00, 0x0c, 0x00, 0x28, 0x00, 0x1c, 0x00, 0x08, 0x00, 0x18, 0x00,
  0x3c, 0x00, 0x64, 0x00, 0x64, 0x00, 0x80, 0x00, 0x34, 0x00, 0x40, 0x00,
  0x68, 0x00, 0x00, 0x00, 0x10, 0x00, 0x2c, 0x00, 0xf0, 0xff, 0x18, 0x00,
  0x48, 0x00, 0xec, 0xff, 0x04, 0x00, 0x20, 0x00, 0xc8, 0xff, 0xc4, 0xff,
  0xe4, 0xff, 0xe4, 0xff, 0xe0, 0xff, 0xdc, 0xff, 0xd8, 0xff, 0xd0, 0xff,
  0xe4, 0xff, 0xf0, 0xff, 0xc8, 0xff, 0x04, 0x00, 0xf0, 0xff, 0xe8, 0xff,
  0xf8, 0xff, 0xe0, 0xff, 0x6c, 0x00, 0x68, 0x00, 0x28, 0x00, 0x58, 0x00,
  0x4c, 0x00, 0x28, 0x00, 0x1c, 0x00, 0x30, 0x00, 0x18, 0x00, 0x0c, 0x00,
  0x14, 0x00, 0x28, 0x00, 0x24, 0x00, 0xf0, 0xff, 0x30, 0x00, 0x0c, 0x00,
  0xf4, 0xff, 0xf8, 0xff, 0xf0, 0xff, 0x18, 0x00, 0xd0, 0xff, 0xb0, 0xff,
  0xe0, 0xff, 0xd0, 0xff, 0xc0, 0xff, 0xe0, 0xff, 0xc0, 0xff, 0xe0, 0xff,
  0xc0, 0xff, 0x84, 0xff, 0x9c, 0xff, 0x98, 0xff, 0xb8, 0xff, 0xa0, 0xff,
  0xb4, 0xff, 0xdc, 0xff, 0xbc, 0xff, 0xc8, 0xff, 0xec, 0xff, 0xe4, 0xff,
  0xcc, 0xff, 0xec, 0xff, 0xf0, 0xff, 0xd4, 0xff, 0xf4, 0xff, 0x08, 0x00,
  0x04, 0x00, 0xd8, 0xff, 0xfc, 0xff, 0x18, 0x00, 0xd4, 0xff, 0x34, 0x00,
  0x2c, 0x00, 0xec, 0xff, 0x1c, 0x00, 0x0c, 0x00, 0x14, 0x00, 0xf0, 0xff,
  0x10, 0x00, 0x34, 0x00, 0xd8, 0xff, 0xfc, 0xff, 0x38, 0x00, 0x0c, 0x00,
  0x24, 0x00, 0x30, 0x00, 0x18, 0x00, 0x18, 0x00, 0x10, 0x00, 0x10, 0x00,
  0x10, 0x00, 0x04, 0x00, 0x00, 0x00, 0x04, 0x00, 0x10, 0x00, 0x04, 0x00,
  0xec, 0xff, 0x0c, 0x00, 0xf4, 0xff, 0xe8, 0xff, 0x04, 0x00, 0xf0, 0xff,
  0xe0, 0xff, 0xf0, 0xff, 0xec, 0xff, 0xf0, 0xff, 0x08, 0x00, 0xe8, 0xff,
  0xfc, 0xff, 0xe0, 0xff, 0x00, 0x00, 0xfc, 0xff, 0xec, 0xff, 0x18, 0x00,
  0xf0, 0xff, 0x2c, 0x00, 0x2c, 0x00, 0x00, 0x00, 0x1c, 0x00, 0x30, 0x00,
  0x50, 0x00, 0x48, 0x00, 0x54, 0x00, 0x4c, 0x00, 0x24, 0x00, 0x34, 0x00,
  0x30, 0x00, 0x04, 0x00, 0x1c, 0x00, 0x3c, 0x00, 0x10, 0x00, 0xf4, 0xff,
  0x08, 0x00, 0x10, 0x00, 0x00, 0x00, 0x04, 0x00, 0x04, 0x00, 0xec, 0xff,
  0x0c, 0x00, 0x10, 0x00, 0xf0, 0xff, 0xec, 0xff, 0xf4, 0xff, 0xf8, 0xff,
  0xe8, 0xff, 0xec, 0xff, 0x04, 0x00, 0xf8, 0xff, 0xe0, 0xff, 0x00, 0x00,
  0xe4, 0xff, 0xe0, 0xff, 0xf0, 0xff, 0xdc, 0xff, 0x00, 0x00, 0xec, 0xff,
  0xe8, 0xff, 0xec, 0xff, 0x0c, 0x00, 0x48, 0x00, 0x40, 0x00, 0x40, 0x00,
  0x48, 0x00, 0x18, 0x00, 0x38, 0x00, 0x24, 0x00, 0xf4, 0xff, 0x10, 0x00,
  0x04, 0x00, 0x10, 0x00, 0x24, 0x00, 0x10, 0x00, 0xf0, 0xff, 0x08, 0x00,
  0x24, 0x00, 0xfc, 0xff, 0x08, 0x00, 0x1c, 0x00, 0xf8, 0xff, 0xf8, 0xff,
  0xfc, 0xff, 0xe0, 0xff, 0xf4, 0xff, 0xfc, 0xff, 0xf0, 0xff, 0xe8, 0xff,
  0xec, 0xff, 0xf4, 0xff, 0xdc, 0xff, 0xcc, 0xff, 0xf4, 0xff, 0xfc, 0xff,
  0xa0, 0xff, 0x88, 0xff, 0xb0, 0xff, 0x78, 0xff, 0xa8, 0xff, 0xc4, 0xff,
  0xa0, 0xff, 0xd8, 0xff, 0xc0, 0xff, 0xd8, 0xff, 0xdc, 0xff, 0xc4, 0xff,
  0xd0, 0xff, 0xd4, 0xff, 0xe8, 0xff, 0xd4, 0xff, 0xc8, 0xff, 0x0c, 0x00,
  0xf8, 0xff, 0x10, 0x00, 0x24, 0x00, 0xe0, 0xff, 0x04, 0x00, 0x0c, 0x00,
  0xfc, 0xff, 0xf8, 0xff, 0x14, 0x00, 0x10, 0x00, 0x08, 0x00, 0x00, 0x00,
  0xf8, 0xff, 0x18, 0x00, 0x10, 0x00, 0x24, 0x00, 0x10, 0x00, 0x18, 0x00,
  0x0c, 0x00, 0xf8, 0xff, 0x1c, 0x00, 0xf0, 0xff, 0x08, 0x00, 0xfc, 0xff,
  0x9c, 0xff, 0xa8, 0xff, 0xb8, 0xff, 0xa4, 0xff, 0xb8, 0xff, 0xcc, 0xff,
  0xd8, 0xff, 0xb8, 0xff, 0x78, 0xff, 0x88, 0xff, 0x94, 0xff, 0x84, 0xff,
  0x9c, 0xff, 0xb8, 0xff, 0xbc, 0xff, 0xb8, 0xff, 0xd4, 0xff, 0xf0, 0xff,
  0xd8, 0xff, 0xc8, 0xff, 0xd8, 0xff, 0x00, 0x00, 0xfc, 0xff, 0xcc, 0xff,
  0xe4, 0xff, 0xd0, 0xff, 0xd0, 0xff, 0x08, 0x00, 0xd4, 0xff, 0xe0, 0xff,
  0x24, 0x00, 0x04, 0x00, 0xf8, 0xff, 0x34, 0x00, 0x08, 0x00, 0xf8, 0xff,
  0x2c, 0x00, 0x14, 0x00, 0x0c, 0x00, 0x1c, 0x00, 0x3c, 0x00, 0x3c, 0x00,
  0x1c, 0x00, 0x28, 0x00, 0x24, 0x00, 0x18, 0x00, 0x38, 0x00, 0x28, 0x00,
  0xec, 0xff, 0xe0, 0xff, 0xcc, 0xff, 0xd0, 0xff, 0xf8, 0xff, 0xd8, 0xff,
  0xec, 0xff, 0xfc, 0xff, 0xfc, 0xff, 0x08, 0x00, 0xe0, 0xff, 0xe0, 0xff,
  0xe8, 0xff, 0xe8, 0xff, 0xf8, 0xff, 0xf4, 0xff, 0xe4, 0xff, 0xec, 0xff,
  0x1c, 0x00, 0xfc, 0xff, 0xf8, 0xff, 0x1c, 0x00, 0x04, 0x00, 0x10, 0x00,
  0x10, 0x00, 0x18, 0x00, 0x04, 0x00, 0xe8, 0xff, 0x1c, 0x00, 0x44, 0x00,
  0x44, 0x00, 0x58, 0x00, 0x5c, 0x00, 0x5c, 0x00, 0x94, 0x00, 0x88, 0x00,
  0x50, 0x00, 0x54, 0x00, 0x68, 0x00, 0x44, 0x00, 0x34, 0x00, 0x50, 0x00,
  0x34, 0x00, 0x34, 0x00, 0x40, 0x00, 0x38, 0x00, 0x20, 0x00, 0x2c, 0x00,
  0x38, 0x00, 0x14, 0x00, 0x1c, 0x00, 0x00, 0x00, 0xe8, 0xff, 0x04, 0x00,
  0x04, 0x00, 0xe8, 0xff, 0xec, 0xff, 0xf0, 0xff, 0x08, 0x00, 0x04, 0x00,
  0xe0, 0xff, 0xe4, 0xff, 0xe4, 0xff, 0xcc, 0xff, 0xe8, 0xff, 0xf8, 0xff,
  0xcc, 0xff, 0xe4, 0xff, 0x04, 0x00, 0xf0, 0xff, 0xe8, 0xff, 0xfc, 0xff,
  0x0c, 0x00, 0xe8, 0xff, 0xf4, 0xff, 0x10, 0x00, 0xf4, 0xff, 0xec, 0xff,
  0xec, 0xff, 0x24, 0x00, 0x44, 0x00, 0x28, 0x00, 0x2c, 0x00, 0x58, 0x00,
  0x6c, 0x00, 0x54, 0x00, 0x34, 0x00, 0xfc, 0xff, 0xe4, 0xff, 0xf4, 0xff,
  0xec, 0xff, 0xf0, 0xff, 0xf8, 0xff, 0xf8, 0xff, 0x10, 0x00, 0x14, 0x00,
  0x10, 0x00, 0x08, 0x00, 0x00, 0x00, 0x08, 0x00, 0x04, 0x00, 0xf4, 0xff,
  0xfc, 0xff, 0x0c, 0x00, 0xfc, 0xff, 0xf8, 0xff, 0x04, 0x00, 0xf4, 0xff,
  0xf8, 0xff, 0x04, 0x00, 0x0c, 0x00, 0x04, 0x00, 0xf0, 0xff, 0x00, 0x00,
  0x0c, 0x00, 0xf8, 0xff, 0xf4, 0xff, 0x08, 0x00, 0xfc, 0xff, 0xf0, 0xff,
  0x00, 0x00, 0x00, 0x00, 0x00, 0x00, 0x10, 0x00, 0xfc, 0xff, 0xf0, 0xff,
  0xfc, 0xff, 0xf8, 0xff, 0x08, 0x00, 0xf4, 0xff, 0xf8, 0xff, 0x14, 0x00,
  0xfc, 0xff, 0x08, 0x00, 0xf8, 0xff, 0xf4, 0xff, 0x0c, 0x00, 0xe8, 0xff,
  0x00, 0x00, 0x14, 0x00, 0x04, 0x00, 0xf4, 0xff, 0x0c, 0x00, 0x44, 0x00,
  0x48, 0x00, 0x48, 0x00, 0x30, 0x00, 0x28, 0x00, 0x40, 0x00, 0x04, 0x00,
  0xe8, 0xff, 0xe4, 0xff, 0xd0, 0xff, 0xe8, 0xff, 0xf0, 0xff, 0xf4, 0xff,
  0xf8, 0xff, 0x00, 0x00, 0x0c, 0x00, 0x00, 0x00, 0xf0, 0xff, 0xfc, 0xff,
  0x00, 0x00, 0xf0, 0xff, 0xf8, 0xff, 0xf0, 0xff, 0xe8, 0xff, 0xe4, 0xff,
  0xe4, 0xff, 0xec, 0xff, 0xec, 0xff, 0xfc, 0xff, 0x14, 0x00, 0x04, 0x00,
  0xf8, 0xff, 0xf4, 0xff, 0xf0, 0xff, 0x04, 0x00, 0x0c, 0x00, 0x08, 0x00,
  0x08, 0x00, 0xfc, 0xff, 0xf8, 0xff, 0x04, 0x00, 0x00, 0x00, 0xfc, 0xff,
  0x08, 0x00, 0xfc, 0xff, 0x04, 0x00, 0x0c, 0x00, 0xf8, 0xff, 0x10, 0x00,
  0x40, 0x00, 0x4c, 0x00, 0x48, 0x00, 0x34, 0x00, 0x34, 0x00, 0x30, 0x00,
  0x14, 0x00, 0x0c, 0x00, 0x0c, 0x00, 0x00, 0x00, 0x00, 0x00, 0xfc, 0xff,
  0x00, 0x00, 0x00, 0x00, 0xf4, 0xff, 0x00, 0x00, 0xf8, 0xff, 0xe4, 0xff,
  0xec, 0xff, 0xf4, 0xff, 0xec, 0xff, 0xec, 0xff, 0xe0, 0xff, 0xd4, 0xff,
  0xe0, 0xff, 0xec, 0xff, 0xf4, 0xff, 0xec, 0xff, 0xf0, 0xff, 0xec, 0xff,
  0xe0, 0xff, 0xf0, 0xff, 0xfc, 0xff, 0xf4, 0xff, 0xf8, 0xff, 0x00, 0x00,
  0xf4, 0xff, 0xfc, 0xff, 0x04, 0x00, 0xf4, 0xff, 0xec, 0xff, 0xf0, 0xff,
  0xf8, 0xff, 0xdc, 0xff, 0xac, 0xff, 0xa8, 0xff, 0xa0, 0xff, 0xbc, 0xff,
  0xc4, 0xff, 0xc0, 0xff, 0xe4, 0xff, 0xe4, 0xff, 0xe4, 0xff, 0xec, 0xff,
  0xfc, 0xff, 0x28, 0x00, 0x3c, 0x00, 0x48, 0x00, 0x40, 0x00, 0x28, 0x00,
  0x24, 0x00, 0x18, 0x00, 0x14, 0x00, 0xfc, 0xff, 0xd4, 0xff, 0xc4, 0xff,
  0xc4, 0xff, 0xcc, 0xff, 0xd8, 0xff, 0xe4, 0xff, 0xf8, 0xff, 0xf4, 0xff,
  0xec, 0xff, 0xf8, 0xff, 0xfc, 0xff, 0xf0, 0xff, 0xec, 0xff, 0xe4, 0xff,
  0xe0, 0xff, 0xe4, 0xff, 0xf4, 0xff, 0x04, 0x00, 0xf8, 0xff, 0xfc, 0xff,
  0x0c, 0x00, 0x08, 0x00, 0x1c, 0x00, 0x24, 0x00, 0x14, 0x00, 0x0c, 0x00,
  0x08, 0x00, 0x00, 0x00, 0xf8, 0xff, 0x00, 0x00, 0x10, 0x00, 0x00, 0x00,
  0xf4, 0xff, 0x0c, 0x00, 0x08, 0x00, 0x04, 0x00, 0x08, 0x00, 0x04, 0x00,
  0x04, 0x00, 0xfc, 0xff, 0xf8, 0xff, 0x00, 0x00, 0xf8, 0xff, 0xf4, 0xff,
  0xf8, 0xff, 0x00, 0x00, 0x00, 0x00, 0xf4, 0xff, 0xfc, 0xff, 0xfc, 0xff,
  0x00, 0x00, 0x08, 0x00, 0x04, 0x00, 0xfc, 0xff, 0xf4, 0xff, 0xf4, 0xff,
  0x00, 0x00, 0x08, 0x00, 0x08, 0x00, 0x00, 0x00, 0xfc, 0xff, 0x00, 0x00,
  0x00, 0x00, 0x08, 0x00, 0x08, 0x00, 0xfc, 0xff, 0x00, 0x00, 0x04, 0x00,
  0xfc, 0xff, 0x04, 0x00, 0x18, 0x00, 0x24, 0x00, 0x2c, 0x00, 0x24, 0x00,
  0x10, 0x00, 0x18, 0x00, 0x44, 0x00, 0x64, 0x00, 0x70, 0x00, 0x6c, 0x00,
  0x60, 0x00, 0x44, 0x00, 0x20, 0x00, 0x10, 0x00, 0x0c, 0x00, 0x04, 0x00,
  0xf4, 0xff, 0xe8, 0xff, 0xec, 0xff, 0xec, 0xff, 0xec, 0xff, 0xf8, 0xff,
  0xe8, 0xff, 0xd8, 0xff, 0xdc, 0xff, 0xd8, 0xff, 0xd0, 0xff, 0xd4, 0xff,
  0xcc, 0xff, 0xcc, 0xff, 0xd0, 0xff, 0xdc, 0xff, 0xe4, 0xff, 0xe0, 0xff,
  0xe4, 0xff, 0xf8, 0xff, 0xec, 0xff, 0xcc, 0xff, 0xc0, 0xff, 0xa8, 0xff,
  0xac, 0xff, 0xc0, 0xff, 0xc4, 0xff, 0xdc, 0xff, 0xfc, 0xff, 0x08, 0x00,
  0x0c, 0x00, 0x08, 0x00, 0x0c, 0x00, 0x0c, 0x00, 0x00, 0x00, 0xec, 0xff,
  0xdc, 0xff, 0xe8, 0xff, 0xf8, 0xff, 0xf0, 0xff, 0xf8, 0xff, 0x08, 0x00,
  0x08, 0x00, 0x14, 0x00, 0x20, 0x00, 0x20, 0x00, 0x28, 0x00, 0x20, 0x00,
  0x1c, 0x00, 0x20, 0x00, 0x18, 0x00, 0x14, 0x00, 0x08, 0x00, 0xf8, 0xff,
  0xf4, 0xff, 0xf4, 0xff, 0xf0, 0xff, 0xf4, 0xff, 0xfc, 0xff, 0xf4, 0xff,
  0xe8, 0xff, 0xec, 0xff, 0xf0, 0xff, 0xf4, 0xff, 0xe4, 0xff, 0xc8, 0xff,
  0xb8, 0xff, 0xb0, 0xff, 0xb8, 0xff, 0xc4, 0xff, 0xd4, 0xff, 0xec, 0xff,
  0xf4, 0xff, 0xec, 0xff, 0x00, 0x00, 0x10, 0x00, 0x0c, 0x00, 0x14, 0x00,
  0x1c, 0x00, 0x0c, 0x00, 0x00, 0x00, 0x08, 0x00, 0x14, 0x00, 0x14, 0x00,
  0x14, 0x00, 0x20, 0x00, 0x24, 0x00, 0x34, 0x00, 0x2c, 0x00, 0x1c, 0x00,
  0x24, 0x00, 0x10, 0x00, 0x04, 0x00, 0x08, 0x00, 0x04, 0x00, 0x00, 0x00,
  0xf8, 0xff, 0xfc, 0xff, 0xf8, 0xff, 0x00, 0x00, 0x00, 0x00, 0xf4, 0xff,
  0xfc, 0xff, 0x04, 0x00, 0x04, 0x00, 0x00, 0x00, 0xf8, 0xff, 0x0c, 0x00,
  0x24, 0x00, 0x30, 0x00, 0x34, 0x00, 0x30, 0x00, 0x2c, 0x00, 0x20, 0x00,
  0x0c, 0x00, 0x10, 0x00, 0x08, 0x00, 0xfc, 0xff, 0xfc, 0xff, 0x04, 0x00,
  0x00, 0x00, 0xe0, 0xff, 0xd0, 0xff, 0xc4, 0xff, 0xc0, 0xff, 0xc8, 0xff,
  0xd8, 0xff, 0xe4, 0xff, 0xf0, 0xff, 0xe8, 0xff, 0xe8, 0xff, 0xf0, 0xff,
  0xf0, 0xff, 0xf8, 0xff, 0x00, 0x00, 0x00, 0x00, 0x04, 0x00, 0x04, 0x00,
  0x0c, 0x00, 0x18, 0x00, 0x1c, 0x00, 0x3c, 0x00, 0x68, 0x00, 0x74, 0x00,
  0x74, 0x00, 0x68, 0x00, 0x58, 0x00, 0x50, 0x00, 0x3c, 0x00, 0x24, 0x00,
  0x20, 0x00, 0x1c, 0x00, 0x0c, 0x00, 0x08, 0x00, 0x10, 0x00, 0x0c, 0x00,
  0xfc, 0xff, 0x00, 0x00, 0x08, 0x00, 0xfc, 0xff, 0xec, 0xff, 0xe0, 0xff,
  0xdc, 0xff, 0xc4, 0xff, 0xac, 0xff, 0xac, 0xff, 0xa4, 0xff, 0xac, 0xff,
  0xc0, 0xff, 0xc0, 0xff, 0xcc, 0xff, 0xe4, 0xff, 0xe4, 0xff, 0xdc, 0xff,
  0xec, 0xff, 0xf4, 0xff, 0xe4, 0xff, 0xe0, 0xff, 0xe8, 0xff, 0xe0, 0xff,
  0xdc, 0xff, 0xec, 0xff, 0xfc, 0xff, 0x04, 0x00, 0x04, 0x00, 0x0c, 0x00,
  0x18, 0x00, 0x18, 0x00, 0x10, 0x00, 0x18, 0x00, 0x28, 0x00, 0x1c, 0x00,
  0x0c, 0x00, 0x1c, 0x00, 0x18, 0x00, 0x10, 0x00, 0x08, 0x00, 0x00, 0x00,
  0x00, 0x00, 0x04, 0x00, 0xfc, 0xff, 0xf8, 0xff, 0x00, 0x00, 0xf8, 0xff,
  0xf8, 0xff, 0xfc, 0xff, 0xf4, 0xff, 0xe8, 0xff, 0xdc, 0xff, 0xd4, 0xff,
  0xd4, 0xff, 0xe0, 0xff, 0xe0, 0xff, 0xdc, 0xff, 0xe0, 0xff, 0xf4, 0xff,
  0xf4, 0xff, 0xcc, 0xff, 0xb8, 0xff, 0xb8, 0xff, 0xb4, 0xff, 0xa0, 0xff,
  0x8c, 0xff, 0x94, 0xff, 0xb0, 0xff, 0xc0, 0xff, 0xc0, 0xff, 0xcc, 0xff,
  0xe4, 0xff, 0xe8, 0xff, 0xe8, 0xff, 0xf8, 0xff, 0xf8, 0xff, 0x00, 0x00,
  0x08, 0x00, 0x00, 0x00, 0x00, 0x00, 0xf4, 0xff, 0x08, 0x00, 0x24, 0x00,
  0x28, 0x00, 0x2c, 0x00, 0x2c, 0x00, 0x28, 0x00, 0x28, 0x00, 0x28, 0x00,
  0x2c, 0x00, 0x1c, 0x00, 0x18, 0x00, 0x28, 0x00, 0x24, 0x00, 0x24, 0x00,
  0x24, 0x00, 0x34, 0x00, 0x54, 0x00, 0x6c, 0x00, 0x68, 0x00, 0x58, 0x00,
  0x5c, 0x00, 0x5c, 0x00, 0x4c, 0x00, 0x3c, 0x00, 0x34, 0x00, 0x2c, 0x00,
  0x28, 0x00, 0x28, 0x00, 0x24, 0x00, 0x20, 0x00, 0x20, 0x00, 0x18, 0x00,
  0x14, 0x00, 0x08, 0x00, 0x04, 0x00, 0xf4, 0xff, 0xec, 0xff, 0xe8, 0xff,
  0xd8, 0xff, 0xd8, 0xff, 0xd8, 0xff, 0xe8, 0xff, 0xf0, 0xff, 0xe0, 0xff,
  0xe4, 0xff, 0xe8, 0xff, 0xdc, 0xff, 0xf0, 0xff, 0xfc, 0xff, 0xec, 0xff,
  0xf0, 0xff, 0xf4, 0xff, 0xec, 0xff, 0xf0, 0xff, 0x00, 0x00, 0x0c, 0x00,
  0x14, 0x00, 0x1c, 0x00, 0x2c, 0x00, 0x28, 0x00, 0x18, 0x00, 0x24, 0x00,
  0x48, 0x00, 0x60, 0x00, 0x60, 0x00, 0x54, 0x00, 0x54, 0x00, 0x58, 0x00,
  0x58, 0x00, 0x54, 0x00, 0x4c, 0x00, 0x3c, 0x00, 0x3c, 0x00, 0x48, 0x00,
  0x44, 0x00, 0x40, 0x00, 0x34, 0x00, 0x30, 0x00, 0x30, 0x00, 0x24, 0x00,
  0x10, 0x00, 0x04, 0x00, 0x00, 0x00, 0xf4, 0xff, 0xec, 0xff, 0xf0, 0xff,
  0xec, 0xff, 0xe8, 0xff, 0xe8, 0xff, 0xe4, 0xff, 0xdc, 0xff, 0xe0, 0xff,
  0xe4, 0xff, 0xe0, 0xff, 0xdc, 0xff, 0xd8, 0xff, 0xd8, 0xff, 0xd4, 0xff,
  0xd4, 0xff, 0xdc, 0xff, 0xd4, 0xff, 0xd4, 0xff, 0xd8, 0xff, 0xd8, 0xff,
  0xd8, 0xff, 0xe4, 0xff, 0xe4, 0xff, 0xe0, 0xff, 0xe0, 0xff, 0xe0, 0xff,
  0xd8, 0xff, 0xd8, 0xff, 0xdc, 0xff, 0xdc, 0xff, 0xe0, 0xff, 0xe4, 0xff,
  0xe4, 0xff, 0xe8, 0xff, 0xe8, 0xff, 0xd8, 0xff, 0xd0, 0xff, 0xd8, 0xff,
  0xd4, 0xff, 0xc4, 0xff, 0xc4, 0xff, 0xc4, 0xff, 0xcc, 0xff, 0xd8, 0xff,
  0xd8, 0xff, 0xdc, 0xff, 0xdc, 0xff, 0xe0, 0xff, 0xe8, 0xff, 0xf0, 0xff,
  0xec, 0xff, 0xe8, 0xff, 0xec, 0xff, 0xec, 0xff, 0xec, 0xff, 0xf4, 0xff,
  0xf4, 0xff, 0xf8, 0xff, 0xfc, 0xff, 0x00, 0x00, 0x04, 0x00, 0x00, 0x00,
  0x08, 0x00, 0x10, 0x00, 0x14, 0x00, 0x18, 0x00, 0x18, 0x00, 0x0c, 0x00,
  0x04, 0x00, 0x00, 0x00, 0x04, 0x00, 0x08, 0x00, 0x04, 0x00, 0x10, 0x00,
  0x14, 0x00, 0x00, 0x00, 0xfc, 0xff, 0x00, 0x00, 0x00, 0x00, 0xfc, 0xff,
  0xfc, 0xff, 0x04, 0x00, 0x0c, 0x00, 0x08, 0x00, 0x14, 0x00, 0x30, 0x00,
  0x48, 0x00, 0x5c, 0x00, 0x50, 0x00, 0x44, 0x00, 0x4c, 0x00, 0x3c, 0x00,
  0x24, 0x00, 0x24, 0x00, 0x1c, 0x00, 0x0c, 0x00, 0x10, 0x00, 0x1c, 0x00,
  0x18, 0x00, 0x0c, 0x00, 0x0c, 0x00, 0x10, 0x00, 0x04, 0x00, 0xf4, 0xff,
  0xf8, 0xff, 0xf8, 0xff, 0xf0, 0xff, 0xe4, 0xff, 0xdc, 0xff, 0xe8, 0xff,
  0xe4, 0xff, 0xe0, 0xff, 0xe4, 0xff, 0xe4, 0xff, 0xe8, 0xff, 0xe8, 0xff,
  0xd8, 0xff, 0xe4, 0xff, 0xec, 0xff, 0xe0, 0xff, 0xec, 0xff, 0xf0, 0xff,
  0xe0, 0xff, 0xe8, 0xff, 0xf4, 0xff, 0xf0, 0xff, 0xf0, 0xff, 0xf4, 0xff,
  0xfc, 0xff, 0x04, 0x00, 0x0c, 0x00, 0x08, 0x00, 0x04, 0x00, 0x04, 0x00,
  0x08, 0x00, 0x0c, 0x00, 0xf8, 0xff, 0xcc, 0xff, 0xb8, 0xff, 0xc0, 0xff,
  0xcc, 0xff, 0xd4, 0xff, 0xc8, 0xff, 0xbc, 0xff, 0xcc, 0xff, 0xdc, 0xff,
  0xec, 0xff, 0xf4, 0xff, 0xe4, 0xff, 0xe8, 0xff, 0xec, 0xff, 0xe8, 0xff,
  0xf0, 0xff, 0xec, 0xff, 0xf0, 0xff, 0xec, 0xff, 0xf8, 0xff, 0x08, 0x00,
  0xfc, 0xff, 0xf4, 0xff, 0xfc, 0xff, 0x08, 0x00, 0xf8, 0xff, 0xdc, 0xff,
  0xc0, 0xff, 0xac, 0xff, 0xb4, 0xff, 0xc4, 0xff, 0xc4, 0xff, 0xdc, 0xff,
  0xe0, 0xff, 0xec, 0xff, 0x08, 0x00, 0x0c, 0x00, 0x08, 0x00, 0x08, 0x00,
  0x04, 0x00, 0x00, 0x00, 0x04, 0x00, 0x04, 0x00, 0x04, 0x00, 0xf8, 0xff,
  0x00, 0x00, 0x0c, 0x00, 0x08, 0x00, 0x14, 0x00, 0x2c, 0x00, 0x4c, 0x00,
  0x60, 0x00, 0x68, 0x00, 0x68, 0x00, 0x58, 0x00, 0x44, 0x00, 0x38, 0x00,
  0x24, 0x00, 0x0c, 0x00, 0x08, 0x00, 0x04, 0x00, 0x04, 0x00, 0x0c, 0x00,
  0x08, 0x00, 0x04, 0x00, 0x04, 0x00, 0xfc, 0xff, 0x00, 0x00, 0x04, 0x00,
  0x00, 0x00, 0xfc, 0xff, 0xf4, 0xff, 0xec, 0xff, 0xe0, 0xff, 0xe4, 0xff,
  0xec, 0xff, 0xe8, 0xff, 0xe8, 0xff, 0xf8, 0xff, 0xf8, 0xff, 0xec, 0xff,
  0x00, 0x00, 0x04, 0x00, 0xf4, 0xff, 0xf8, 0xff, 0xf4, 0xff, 0xec, 0xff,
  0xf4, 0xff, 0xf8, 0xff, 0xf4, 0xff, 0xfc, 0xff, 0xfc, 0xff, 0xf8, 0xff,
  0x04, 0x00, 0x0c, 0x00, 0x04, 0x00, 0x00, 0x00, 0x08, 0x00, 0x08, 0x00,
  0x00, 0x00, 0x08, 0x00, 0x00, 0x00, 0xf4, 0xff, 0xfc, 0xff, 0x00, 0x00,
  0x04, 0x00, 0xfc, 0xff, 0x04, 0x00, 0x04, 0x00, 0xf0, 0xff, 0xf4, 0xff,
  0xf4, 0xff, 0xdc, 0xff, 0xdc, 0xff, 0xf0, 0xff, 0xe0, 0xff, 0xe8, 0xff,
  0xf8, 0xff, 0xf8, 0xff, 0xf4, 0xff, 0xfc, 0xff, 0x08, 0x00, 0x08, 0x00,
  0x08, 0x00, 0x0c, 0x00, 0x08, 0x00, 0x04, 0x00, 0x04, 0x00, 0x00, 0x00,
  0x00, 0x00, 0x08, 0x00, 0xf8, 0xff, 0x04, 0x00, 0x10, 0x00, 0x14, 0x00,
  0x28, 0x00, 0x28, 0x00, 0x20, 0x00, 0x20, 0x00, 0x20, 0x00, 0x14, 0x00,
  0x10, 0x00, 0x0c, 0x00, 0xfc, 0xff, 0xfc, 0xff, 0xfc, 0xff, 0xf4, 0xff,
  0xf8, 0xff, 0xf8, 0xff, 0xf0, 0xff, 0xfc, 0xff, 0x04, 0x00, 0x04, 0x00,
  0xfc, 0xff, 0xfc, 0xff, 0x00, 0x00, 0xf0, 0xff, 0xc8, 0xff, 0xb4, 0xff,
  0x98, 0xff, 0x7c, 0xff, 0x74, 0xff, 0x60, 0xff, 0x68, 0xff, 0x70, 0xff,
  0x90, 0xff, 0xc0, 0xff, 0xd8, 0xff, 0x04, 0x00, 0x10, 0x00, 0x28, 0x00,
  0x38, 0x00, 0x30, 0x00, 0x44, 0x00, 0x24, 0x00, 0x28, 0x00, 0x18, 0x00,
  0x10, 0x00, 0x18, 0x00, 0x0c, 0x00, 0x14, 0x00, 0x18, 0x00, 0x24, 0x00,
  0x2c, 0x00, 0x34, 0x00, 0x34, 0x00, 0x28, 0x00, 0x18, 0x00, 0x04, 0x00,
  0xf0, 0xff, 0xec, 0xff, 0xdc, 0xff, 0xe0, 0xff, 0xdc, 0xff, 0xe0, 0xff,
  0xf0, 0xff, 0xf8, 0xff, 0x00, 0x00, 0x08, 0x00, 0x18, 0x00, 0x14, 0x00,
  0x24, 0x00, 0x18, 0x00, 0x14, 0x00, 0x10, 0x00, 0x04, 0x00, 0x08, 0x00,
  0xfc, 0xff, 0x08, 0x00, 0xfc, 0xff, 0x1c, 0x00, 0x20, 0x00, 0x00, 0x00,
  0xac, 0x01, 0xac, 0x04, 0xd4, 0x06, 0x5c, 0x08, 0xdc, 0x08, 0x8c, 0x07,
  0xf8, 0x05, 0xe0, 0x04, 0x80, 0x03, 0xc4, 0x01, 0x3c, 0x00, 0xdc, 0xfe,
  0xb4, 0xfd, 0x50, 0xfd, 0x4c, 0xfd, 0x4c, 0xfd, 0x7c, 0xfd, 0x0c, 0xfe,
  0xd0, 0xfe, 0x88, 0xff, 0xd0, 0xff, 0x78, 0xff, 0xcc, 0xfe, 0x14, 0xfe,
  0x7c, 0xfd, 0x24, 0xfd, 0xe0, 0xfc, 0xb8, 0xfc, 0xc0, 0xfc, 0x24, 0xfd,
  0xe0, 0xfd, 0x80, 0xfe, 0x74, 0xff, 0x30, 0x00, 0x8c, 0x00, 0x2c, 0x01,
  0x74, 0x01, 0x38, 0x01, 0x14, 0x01, 0x8c, 0x00, 0xcc, 0xff, 0xac, 0xff,
  0x74, 0xff, 0x48, 0xff, 0x80, 0xff, 0x78, 0xff, 0x84, 0xff, 0xb8, 0xff,
  0xd4, 0xff, 0x20, 0x00, 0x44, 0x00, 0x00, 0x00, 0x88, 0xff, 0xf8, 0xfe,
  0x78, 0xfe, 0x34, 0xfe, 0x04, 0xfe, 0xfc, 0xfd, 0x48, 0xfe, 0x64, 0xfe,
  0x74, 0xfe, 0x9c, 0xfe, 0x74, 0xfe, 0x74, 0xfe, 0xd0, 0xfe, 0x08, 0xff,
  0x64, 0xff, 0xcc, 0xff, 0xf4, 0xff, 0x18, 0x00, 0x10, 0x00, 0x0c, 0x00,
  0x00, 0x00, 0x00, 0x00, 0x38, 0x00, 0x34, 0x00, 0x5c, 0x00, 0x80, 0x00,
  0x60, 0x00, 0x9c, 0x00, 0xb8, 0x00, 0xdc, 0x00, 0x2c, 0x01, 0x00, 0x01,
  0xe8, 0x00, 0xdc, 0x00, 0x64, 0x00, 0x4c, 0x00, 0x44, 0x00, 0xc4, 0xff,
  0xc4, 0xff, 0xac, 0xff, 0x58, 0xff, 0x94, 0xff, 0x94, 0xff, 0x90, 0xff,
  0xc4, 0xff, 0xd8, 0xff, 0xd8, 0xff, 0xc8, 0xff, 0xd8, 0xff, 0xd0, 0xff,
  0x98, 0xff, 0xb0, 0xff, 0xbc, 0xff, 0x8c, 0xff, 0xa8, 0xff, 0xb4, 0xff,
  0x9c, 0xff, 0xdc, 0xff, 0xe4, 0xff, 0xd8, 0xff, 0xfc, 0xff, 0xf0, 0xff,
  0xf4, 0xff, 0x28, 0x00, 0x6c, 0x00, 0x78, 0x00, 0x54, 0x00, 0x80, 0x00,
  0xb4, 0x00, 0xfc, 0x00, 0xc8, 0x01, 0x1c, 0x02, 0xf0, 0x01, 0x24, 0x02,
  0xd4, 0x01, 0x64, 0x01, 0x80, 0x01, 0x58, 0x01, 0x4c, 0x01, 0x54, 0x01,
  0x54, 0x01, 0x5c, 0x01, 0xf0, 0x00, 0xd8, 0x00, 0xa8, 0x00, 0x14, 0x00,
  0x0c, 0x00, 0x0c, 0x00, 0xc4, 0xff, 0xbc, 0xff, 0x94, 0xff, 0x44, 0xff,
  0x38, 0xff, 0x14, 0xff, 0x14, 0xff, 0x10, 0xff, 0xe0, 0xfe, 0x0c, 0xff,
  0x0c, 0xff, 0x14, 0xff, 0x60, 0xff, 0x30, 0xff, 0x14, 0xff, 0x48, 0xff,
  0x34, 0xff, 0x40, 0xff, 0x94, 0xff, 0xa4, 0xff, 0x98, 0xff, 0x90, 0xff,
  0x98, 0xff, 0xd0, 0xff, 0xf4, 0xff, 0x08, 0x00, 0x28, 0x00, 0x28, 0x00,
  0x14, 0x00, 0x2c, 0x00, 0x9c, 0x00, 0x18, 0x01, 0x64, 0x01, 0x9c, 0x01,
  0x98, 0x01, 0x8c, 0x01, 0x6c, 0x01, 0x28, 0x01, 0xf0, 0x00, 0xb8, 0x00,
  0xe0, 0x00, 0x04, 0x01, 0x04, 0x01, 0x24, 0x01, 0x50, 0x01, 0xa0, 0x01,
  0x00, 0x02, 0x0c, 0x02, 0x04, 0x02, 0xfc, 0x01, 0x94, 0x01, 0x34, 0x01,
  0x1c, 0x01, 0xf4, 0x00, 0xd4, 0x00, 0xdc, 0x00, 0xc4, 0x00, 0x7c, 0x00,
  0x0c, 0x00, 0xb0, 0xff, 0x80, 0xff, 0x24, 0xff, 0xf0, 0xfe, 0x24, 0xff,
  0xf8, 0xfe, 0x44, 0xfe, 0x84, 0xfd, 0xbc, 0xfc, 0x34, 0xfc, 0x2c, 0xfc,
  0x00, 0xfc, 0xd4, 0xfb, 0xd4, 0xfb, 0xcc, 0xfb, 0xf8, 0xfb, 0xf8, 0xfb,
  0xf8, 0xfb, 0x40, 0xfc, 0x3c, 0xfc, 0x20, 0xfc, 0x28, 0xfc, 0x18, 0xfc,
  0x58, 0xfc, 0xc4, 0xfc, 0xc8, 0xfc, 0x24, 0xfd, 0x8c, 0xfd, 0xec, 0xfd,
  0x98, 0xfe, 0xfc, 0xfe, 0x48, 0xff, 0xb8, 0xff, 0xb8, 0x00, 0xf8, 0x01,
  0x98, 0x02, 0x78, 0x03, 0x30, 0x04, 0x1c, 0x04, 0x74, 0x04, 0x00, 0x05,
  0xf4, 0x04, 0x1c, 0x05, 0x84, 0x05, 0x9c, 0x05, 0xa8, 0x05, 0xe8, 0x05,
  0x68, 0x06, 0xb0, 0x06, 0xa4, 0x06, 0xc0, 0x06, 0x7c, 0x06, 0xf4, 0x05,
  0xb0, 0x05, 0x28, 0x05, 0x98, 0x04, 0x3c, 0x04, 0xbc, 0x03, 0x30, 0x03,
  0x88, 0x02, 0xb4, 0x01, 0x00, 0x01, 0x4c, 0x00, 0x80, 0xff, 0xe8, 0xfe,
  0x54, 0xfe, 0xbc, 0xfd, 0x00, 0xfd, 0x0c, 0xfc, 0x58, 0xfb, 0xb0, 0xfa,
  0x2c, 0xfa, 0x04, 0xfa, 0xa8, 0xf9, 0xfc, 0xf8, 0x68, 0xf8, 0xf8, 0xf7,
  0x6c, 0xf7, 0xd8, 0xf6, 0x78, 0xf6, 0x4c, 0xf6, 0x5c, 0xf6, 0x9c, 0xf6,
  0xf4, 0xf6, 0x44, 0xf7, 0xa0, 0xf7, 0x40, 0xf8, 0xc4, 0xf8, 0x84, 0xf9,
  0xb0, 0xfa, 0xe4, 0xfb, 0x64, 0xfd, 0xe0, 0xfe, 0x1c, 0x00, 0x60, 0x01,
  0x7c, 0x02, 0x9c, 0x03, 0xcc, 0x04, 0xcc, 0x05, 0xd0, 0x06, 0xe4, 0x07,
  0xe0, 0x08, 0xd4, 0x09, 0xc0, 0x0a, 0xa4, 0x0b, 0x18, 0x0c, 0x14, 0x0c,
  0x2c, 0x0c, 0x3c, 0x0c, 0xf8, 0x0b, 0xb4, 0x0b, 0x50, 0x0b, 0x8c, 0x0a,
  0xe8, 0x09, 0x40, 0x09, 0x3c, 0x08, 0x20, 0x07, 0xfc, 0x05, 0xac, 0x04,
  0x78, 0x03, 0x5c, 0x02, 0x08, 0x01, 0xd0, 0xff, 0x90, 0xfe, 0xfc, 0xfc,
  0x68, 0xfb, 0xf0, 0xf9, 0xa4, 0xf8, 0xa8, 0xf7, 0xb0, 0xf6, 0x8c, 0xf5,
  0x80, 0xf4, 0xb8, 0xf3, 0x00, 0xf3, 0x24, 0xf2, 0x64, 0xf1, 0x00, 0xf1,
  0xd4, 0xf0, 0x04, 0xf1, 0x90, 0xf1, 0x20, 0xf2, 0xac, 0xf2, 0x88, 0xf3,
  0x8c, 0xf4, 0xa4, 0xf5, 0xfc, 0xf6, 0x90, 0xf8, 0x6c, 0xfa, 0x78, 0xfc,
  0x84, 0xfe, 0x64, 0x00, 0x14, 0x02, 0xb0, 0x03, 0x54, 0x05, 0xe4, 0x06,
  0x68, 0x08, 0xc8, 0x09, 0x08, 0x0b, 0x14, 0x0c, 0x10, 0x0d, 0xe0, 0x0d,
  0x64, 0x0e, 0x30, 0x0f, 0x64, 0x0f, 0xc8, 0x0e, 0x8c, 0x0e, 0x2c, 0x0e,
  0x6c, 0x0d, 0xc8, 0x0c, 0xd4, 0x0b, 0xa0, 0x0a, 0x68, 0x09, 0x24, 0x08,
  0xe0, 0x06, 0x78, 0x05, 0x0c, 0x04, 0xa4, 0x02, 0x28, 0x01, 0xc8, 0xff,
  0x80, 0xfe, 0x18, 0xfd, 0xd4, 0xfb, 0xb0, 0xfa, 0x7c, 0xf9, 0x58, 0xf8,
  0x10, 0xf7, 0xcc, 0xf5, 0xc8, 0xf4, 0x00, 0xf4, 0x64, 0xf3, 0xb4, 0xf2,
  0xe8, 0xf1, 0x4c, 0xf1, 0xf4, 0xf0, 0x70, 0xf0, 0xf4, 0xef, 0xec, 0xef,
  0x54, 0xef, 0x94, 0xee, 0xdc, 0xee, 0x5c, 0xef, 0xec, 0xef, 0xc8, 0xf0,
  0x90, 0xf1, 0x7c, 0xf2, 0xa8, 0xf3, 0x30, 0xf5, 0xf8, 0xf6, 0xe4, 0xf8,
  0x0c, 0xfb, 0x38, 0xfd, 0x54, 0xff, 0x88, 0x01, 0xa4, 0x03, 0x8c, 0x05,
  0x80, 0x07, 0x54, 0x09, 0x10, 0x0b, 0xac, 0x0c, 0x34, 0x0e, 0x84, 0x0f,
  0x94, 0x10, 0xd4, 0x11, 0x78, 0x12, 0x5c, 0x12, 0xb4, 0x12, 0xd8, 0x12,
  0x68, 0x12, 0x0c, 0x12, 0x60, 0x11, 0x5c, 0x10, 0x5c, 0x0f, 0x24, 0x0e,
  0xe8, 0x0c, 0xb4, 0x0b, 0x50, 0x0a, 0xe4, 0x08, 0x40, 0x07, 0xb4, 0x05,
  0x54, 0x04, 0xa8, 0x02, 0x48, 0x01, 0xe0, 0xff, 0x30, 0xfe, 0xf4, 0xfc,
  0xc4, 0xfb, 0x7c, 0xfa, 0x74, 0xf9, 0x44, 0xf8, 0x14, 0xf7, 0x18, 0xf6,
  0x0c, 0xf5, 0x58, 0xf4, 0xbc, 0xf3, 0x08, 0xf3, 0x9c, 0xf2, 0x0c, 0xf2,
  0xa4, 0xf1, 0x8c, 0xf1, 0x38, 0xf1, 0x1c, 0xf1, 0xec, 0xf0, 0x78, 0xf0,
  0x7c, 0xf0, 0xdc, 0xf0, 0x64, 0xf1, 0x2c, 0xf2, 0x08, 0xf3, 0xf4, 0xf3,
  0x28, 0xf5, 0xa8, 0xf6, 0x80, 0xf8, 0x7c, 0xfa, 0x8c, 0xfc, 0xcc, 0xfe,
  0x04, 0x01, 0x4c, 0x03, 0x94, 0x05, 0xa0, 0x07, 0xac, 0x09, 0x90, 0x0b,
  0x34, 0x0d, 0xd0, 0x0e, 0x28, 0x10, 0x38, 0x11, 0x40, 0x12, 0xf0, 0x12,
  0x5c, 0x13, 0x64, 0x13, 0x10, 0x13, 0xb4, 0x12, 0x10, 0x12, 0x2c, 0x11,
  0x18, 0x10, 0xb4, 0x0e, 0x2c, 0x0d, 0x98, 0x0b, 0x00, 0x0a, 0x6c, 0x08,
  0xc8, 0x06, 0x28, 0x05, 0xc4, 0x03, 0x54, 0x02, 0xd0, 0x00, 0x78, 0xff,
  0x34, 0xfe, 0xf4, 0xfc, 0xe4, 0xfb, 0xf8, 0xfa, 0x00, 0xfa, 0x30, 0xf9,
  0x9c, 0xf8, 0xf4, 0xf7, 0x5c, 0xf7, 0xf4, 0xf6, 0x84, 0xf6, 0x38, 0xf6,
  0x04, 0xf6, 0xb8, 0xf5, 0x8c, 0xf5, 0x68, 0xf5, 0x38, 0xf5, 0x24, 0xf5,
  0xf8, 0xf4, 0xa4, 0xf4, 0x68, 0xf4, 0x84, 0xf4, 0xfc, 0xf4, 0x78, 0xf5,
  0xf0, 0xf5, 0xa0, 0xf6, 0x60, 0xf7, 0x70, 0xf8, 0xfc, 0xf9, 0x9c, 0xfb,
  0x30, 0xfd, 0xf4, 0xfe, 0xf8, 0x00, 0xf4, 0x02, 0xe8, 0x04, 0xe8, 0x06,
  0x9c, 0x08, 0x3c, 0x0a, 0xe4, 0x0b, 0x38, 0x0d, 0x5c, 0x0e, 0x48, 0x0f,
  0xf4, 0x0f, 0x7c, 0x10, 0xb8, 0x10, 0xa4, 0x10, 0x38, 0x10, 0x98, 0x0f,
  0xcc, 0x0e, 0xc8, 0x0d, 0xd4, 0x0c, 0xc0, 0x0b, 0x38, 0x0a, 0xa8, 0x08,
  0x3c, 0x07, 0xc0, 0x05, 0x6c, 0x04, 0x3c, 0x03, 0x0c, 0x02, 0xd8, 0x00,
  0xc4, 0xff, 0xec, 0xfe, 0x10, 0xfe, 0x50, 0xfd, 0xa8, 0xfc, 0xec, 0xfb,
  0x78, 0xfb, 0x04, 0xfb, 0x9c, 0xfa, 0x44, 0xfa, 0xbc, 0xf9, 0x74, 0xf9,
  0x2c, 0xf9, 0xc4, 0xf8, 0x98, 0xf8, 0x3c, 0xf8, 0xd0, 0xf7, 0x84, 0xf7,
  0x20, 0xf7, 0xc4, 0xf6, 0x64, 0xf6, 0xc8, 0xf5, 0x24, 0xf5, 0xb4, 0xf4,
  0xa8, 0xf4, 0xcc, 0xf4, 0xe0, 0xf4, 0x28, 0xf5, 0x5c, 0xf5, 0x88, 0xf5,
  0x4c, 0xf6, 0x6c, 0xf7, 0x8c, 0xf8, 0xe8, 0xf9, 0x64, 0xfb, 0xf4, 0xfc,
  0xa8, 0xfe, 0x90, 0x00, 0x8c, 0x02, 0x44, 0x04, 0xe8, 0x05, 0xb0, 0x07,
  0x44, 0x09, 0xb4, 0x0a, 0x0c, 0x0c, 0x04, 0x0d, 0xd8, 0x0d, 0x80, 0x0e,
  0xe0, 0x0e, 0xfc, 0x0e, 0xc0, 0x0e, 0x5c, 0x0e, 0xd8, 0x0d, 0x2c, 0x0d,
  0x68, 0x0c, 0x58, 0x0b, 0x20, 0x0a, 0xe4, 0x08, 0x98, 0x07, 0x78, 0x06,
  0x64, 0x05, 0x20, 0x04, 0x00, 0x03, 0xfc, 0x01, 0xf4, 0x00, 0x18, 0x00,
  0x30, 0xff, 0x50, 0xfe, 0xa0, 0xfd, 0xd8, 0xfc, 0x2c, 0xfc, 0xa0, 0xfb,
  0xfc, 0xfa, 0x60, 0xfa, 0xd4, 0xf9, 0x40, 0xf9, 0xb4, 0xf8, 0x48, 0xf8,
  0xc4, 0xf7, 0x28, 0xf7, 0xb4, 0xf6, 0x3c, 0xf6, 0xb4, 0xf5, 0x48, 0xf5,
  0xc0, 0xf4, 0x28, 0xf4, 0xd8, 0xf3, 0xa0, 0xf3, 0x4c, 0xf3, 0x48, 0xf3,
  0x80, 0xf3, 0x90, 0xf3, 0xd4, 0xf3, 0x6c, 0xf4, 0x40, 0xf5, 0x60, 0xf6,
  0xbc, 0xf7, 0x48, 0xf9, 0xe0, 0xfa, 0x9c, 0xfc, 0xb0, 0xfe, 0xb8, 0x00,
  0xb8, 0x02, 0xcc, 0x04, 0xa8, 0x06, 0x80, 0x08, 0x58, 0x0a, 0xe4, 0x0b,
  0x38, 0x0d, 0x48, 0x0e, 0x24, 0x0f, 0xd0, 0x0f, 0x38, 0x10, 0x54, 0x10,
  0x14, 0x10, 0x8c, 0x0f, 0xe0, 0x0e, 0x08, 0x0e, 0x10, 0x0d, 0xf4, 0x0b,
  0x94, 0x0a, 0x1c, 0x09, 0xa4, 0x07, 0x34, 0x06, 0xd8, 0x04, 0x84, 0x03,
  0x38, 0x02, 0x00, 0x01, 0xdc, 0xff, 0xe0, 0xfe, 0xf8, 0xfd, 0x20, 0xfd,
  0x64, 0xfc, 0xb8, 0xfb, 0x24, 0xfb, 0xa8, 0xfa, 0x38, 0xfa, 0xd0, 0xf9,
  0x6c, 0xf9, 0x10, 0xf9, 0xc4, 0xf8, 0x7c, 0xf8, 0x38, 0xf8, 0xf0, 0xf7,
  0xa4, 0xf7, 0x60, 0xf7, 0x18, 0xf7, 0xd0, 0xf6, 0x84, 0xf6, 0x28, 0xf6,
  0xcc, 0xf5, 0x94, 0xf5, 0x58, 0xf5, 0x20, 0xf5, 0x20, 0xf5, 0x34, 0xf5,
  0x3c, 0xf5, 0x70, 0xf5, 0xe0, 0xf5, 0x88, 0xf6, 0x78, 0xf7, 0x94, 0xf8,
  0xfc, 0xf9, 0x54, 0xfb, 0xac, 0xfc, 0x54, 0xfe, 0x0c, 0x00, 0xdc, 0x01,
  0x9c, 0x03, 0x38, 0x05, 0x0c, 0x07, 0xb8, 0x08, 0x44, 0x0a, 0xc0, 0x0b,
  0xdc, 0x0c, 0xdc, 0x0d, 0xc4, 0x0e, 0x70, 0x0f, 0xd8, 0x0f, 0xe4, 0x0f,
  0xac, 0x0f, 0x50, 0x0f, 0xc0, 0x0e, 0x18, 0x0e, 0x3c, 0x0d, 0x08, 0x0c,
  0xcc, 0x0a, 0x6c, 0x09, 0x1c, 0x08, 0xec, 0x06, 0x88, 0x05, 0x30, 0x04,
  0xd8, 0x02, 0x8c, 0x01, 0x7c, 0x00, 0x68, 0xff, 0x60, 0xfe, 0x68, 0xfd,
  0x74, 0xfc, 0xa8, 0xfb, 0x04, 0xfb, 0x64, 0xfa, 0xc4, 0xf9, 0x34, 0xf9,
  0xa8, 0xf8, 0x14, 0xf8, 0x80, 0xf7, 0x08, 0xf7, 0xa0, 0xf6, 0x2c, 0xf6,
  0xbc, 0xf5, 0x48, 0xf5, 0xdc, 0xf4, 0x78, 0xf4, 0x28, 0xf4, 0xe8, 0xf3,
  0x98, 0xf3, 0x68, 0xf3, 0x5c, 0xf3, 0x6c, 0xf3, 0x9c, 0xf3, 0xcc, 0xf3,
  0x20, 0xf4, 0xb4, 0xf4, 0x78, 0xf5, 0x74, 0xf6, 0x8c, 0xf7, 0xc4, 0xf8,
  0x04, 0xfa, 0x58, 0xfb, 0xe4, 0xfc, 0x78, 0xfe, 0x14, 0x00, 0xb8, 0x01,
  0x50, 0x03, 0x04, 0x05, 0xb8, 0x06, 0x48, 0x08, 0xc8, 0x09, 0x28, 0x0b,
  0x60, 0x0c, 0x84, 0x0d, 0x8c, 0x0e, 0x4c, 0x0f, 0xdc, 0x0f, 0x3c, 0x10,
  0x58, 0x10, 0x34, 0x10, 0xf8, 0x0f, 0x9c, 0x0f, 0x04, 0x0f, 0x38, 0x0e,
  0x50, 0x0d, 0x4c, 0x0c, 0x44, 0x0b, 0x34, 0x0a, 0x10, 0x09, 0xd0, 0x07,
  0x88, 0x06, 0x4c, 0x05, 0x10, 0x04, 0xe4, 0x02, 0xb0, 0x01, 0x68, 0x00,
  0x38, 0xff, 0x1c, 0xfe, 0x04, 0xfd, 0xf8, 0xfb, 0xd4, 0xfa, 0x9c, 0xf9,
  0x80, 0xf8, 0x70, 0xf7, 0x7c, 0xf6, 0xa8, 0xf5, 0xd4, 0xf4, 0x04, 0xf4,
  0x48, 0xf3, 0xb8, 0xf2, 0x48, 0xf2, 0xe8, 0xf1, 0x9c, 0xf1, 0x60, 0xf1,
  0x58, 0xf1, 0x68, 0xf1, 0x74, 0xf1, 0x88, 0xf1, 0xac, 0xf1, 0x24, 0xf2,
  0xec, 0xf2, 0xc4, 0xf3, 0xc4, 0xf4, 0xb8, 0xf5, 0xd8, 0xf6, 0x38, 0xf8,
  0x9c, 0xf9, 0x18, 0xfb, 0x88, 0xfc, 0xfc, 0xfd, 0x8c, 0xff, 0x30, 0x01,
  0xe4, 0x02, 0x7c, 0x04, 0xf0, 0x05, 0x48, 0x07, 0x8c, 0x08, 0xd0, 0x09,
  0x18, 0x0b, 0x34, 0x0c, 0x0c, 0x0d, 0xbc, 0x0d, 0x44, 0x0e, 0xd4, 0x0e,
  0x34, 0x0f, 0x64, 0x0f, 0x70, 0x0f, 0x28, 0x0f, 0xdc, 0x0e, 0x94, 0x0e,
  0x20, 0x0e, 0xa0, 0x0d, 0xf0, 0x0c, 0x18, 0x0c, 0x34, 0x0b, 0x50, 0x0a,
  0x6c, 0x09, 0x78, 0x08, 0x68, 0x07, 0x50, 0x06, 0x30, 0x05, 0x1c, 0x04,
  0x18, 0x03, 0xfc, 0x01, 0xd8, 0x00, 0xc0, 0xff, 0xa4, 0xfe, 0xa8, 0xfd,
  0xb4, 0xfc, 0xb4, 0xfb, 0xbc, 0xfa, 0xc8, 0xf9, 0xec, 0xf8, 0x30, 0xf8,
  0x84, 0xf7, 0xd0, 0xf6, 0x18, 0xf6, 0x8c, 0xf5, 0x20, 0xf5, 0xd8, 0xf4,
  0xb4, 0xf4, 0x98, 0xf4, 0x80, 0xf4, 0x6c, 0xf4, 0x54, 0xf4, 0x48, 0xf4,
  0x68, 0xf4, 0xc0, 0xf4, 0x40, 0xf5, 0xc0, 0xf5, 0x4c, 0xf6, 0xfc, 0xf6,
  0xc4, 0xf7, 0xc8, 0xf8, 0x00, 0xfa, 0x38, 0xfb, 0x5c, 0xfc, 0x88, 0xfd,
  0xe4, 0xfe, 0x58, 0x00, 0xcc, 0x01, 0x34, 0x03, 0x6c, 0x04, 0x9c, 0x05,
  0xe4, 0x06, 0x1c, 0x08, 0x3c, 0x09, 0x38, 0x0a, 0xf4, 0x0a, 0xa0, 0x0b,
  0x48, 0x0c, 0xd4, 0x0c, 0x30, 0x0d, 0x60, 0x0d, 0x58, 0x0d, 0x10, 0x0d,
  0xa4, 0x0c, 0x44, 0x0c, 0xcc, 0x0b, 0x20, 0x0b, 0x50, 0x0a, 0x68, 0x09,
  0x84, 0x08, 0xa8, 0x07, 0xc0, 0x06, 0xc0, 0x05, 0xb8, 0x04, 0xa8, 0x03,
  0xac, 0x02, 0xd0, 0x01, 0xf4, 0x00, 0x0c, 0x00, 0x1c, 0xff, 0x44, 0xfe,
  0x88, 0xfd, 0xd4, 0xfc, 0x24, 0xfc, 0x74, 0xfb, 0xcc, 0xfa, 0x28, 0xfa,
  0xa0, 0xf9, 0x2c, 0xf9, 0xb8, 0xf8, 0x44, 0xf8, 0xd4, 0xf7, 0x74, 0xf7,
  0x2c, 0xf7, 0xe4, 0xf6, 0xb4, 0xf6, 0x7c, 0xf6, 0x48, 0xf6, 0x1c, 0xf6,
  0xd4, 0xf5, 0x90, 0xf5, 0x5c, 0xf5, 0x60, 0xf5, 0x9c, 0xf5, 0xdc, 0xf5,
  0x20, 0xf6, 0x7c, 0xf6, 0xf0, 0xf6, 0x94, 0xf7, 0x6c, 0xf8, 0x40, 0xf9,
  0x24, 0xfa, 0x1c, 0xfb, 0x30, 0xfc, 0x78, 0xfd, 0xc0, 0xfe, 0x08, 0x00,
  0x38, 0x01, 0x60, 0x02, 0xa8, 0x03, 0xdc, 0x04, 0x04, 0x06, 0x28, 0x07,
  0x20, 0x08, 0xf4, 0x08, 0xc4, 0x09, 0x88, 0x0a, 0x28, 0x0b, 0xa0, 0x0b,
  0xf4, 0x0b, 0x30, 0x0c, 0x48, 0x0c, 0x54, 0x0c, 0x50, 0x0c, 0x10, 0x0c,
  0xb0, 0x0b, 0x2c, 0x0b, 0x8c, 0x0a, 0xfc, 0x09, 0x54, 0x09, 0x8c, 0x08,
  0xb8, 0x07, 0xd8, 0x06, 0xf0, 0x05, 0x04, 0x05, 0x24, 0x04, 0x44, 0x03,
  0x54, 0x02, 0x5c, 0x01, 0x70, 0x00, 0xa0, 0xff, 0xe0, 0xfe, 0x1c, 0xfe,
  0x58, 0xfd, 0x9c, 0xfc, 0xe8, 0xfb, 0x4c, 0xfb, 0xc4, 0xfa, 0x4c, 0xfa,
  0xd0, 0xf9, 0x54, 0xf9, 0xf4, 0xf8, 0xb0, 0xf8, 0x7c, 0xf8, 0x4c, 0xf8,
  0x08, 0xf8, 0xdc, 0xf7, 0xd8, 0xf7, 0xd8, 0xf7, 0xc8, 0xf7, 0xa4, 0xf7,
  0x70, 0xf7, 0x54, 0xf7, 0x50, 0xf7, 0x50, 0xf7, 0x60, 0xf7, 0x80, 0xf7,
  0x9c, 0xf7, 0xd8, 0xf7, 0x30, 0xf8, 0x94, 0xf8, 0x04, 0xf9, 0x8c, 0xf9,
  0x30, 0xfa, 0xdc, 0xfa, 0x88, 0xfb, 0x38, 0xfc, 0x00, 0xfd, 0xec, 0xfd,
  0xd0, 0xfe, 0xa0, 0xff, 0x9c, 0x00, 0xb8, 0x01, 0xd0, 0x02, 0xd0, 0x03,
  0xb8, 0x04, 0x98, 0x05, 0x88, 0x06, 0x68, 0x07, 0x34, 0x08, 0xe4, 0x08,
  0x74, 0x09, 0xf8, 0x09, 0x78, 0x0a, 0xd4, 0x0a, 0x10, 0x0b, 0x30, 0x0b,
  0x28, 0x0b, 0xf0, 0x0a, 0x8c, 0x0a, 0x20, 0x0a, 0xb0, 0x09, 0x1c, 0x09,
  0x70, 0x08, 0xac, 0x07, 0xdc, 0x06, 0x18, 0x06, 0x48, 0x05, 0x68, 0x04,
  0x84, 0x03, 0xac, 0x02, 0xd4, 0x01, 0x0c, 0x01, 0x48, 0x00, 0x88, 0xff,
  0xc8, 0xfe, 0x14, 0xfe, 0x7c, 0xfd, 0xe4, 0xfc, 0x50, 0xfc, 0xd4, 0xfb,
  0x64, 0xfb, 0xf4, 0xfa, 0x98, 0xfa, 0x48, 0xfa, 0x04, 0xfa, 0xc8, 0xf9,
  0x98, 0xf9, 0x78, 0xf9, 0x64, 0xf9, 0x50, 0xf9, 0x50, 0xf9, 0x64, 0xf9,
  0x6c, 0xf9, 0x70, 0xf9, 0x78, 0xf9, 0x8c, 0xf9, 0xa8, 0xf9, 0xbc, 0xf9,
  0xe4, 0xf9, 0x10, 0xfa, 0x44, 0xfa, 0x88, 0xfa, 0xcc, 0xfa, 0x28, 0xfb,
  0x7c, 0xfb, 0xe0, 0xfb, 0x5c, 0xfc, 0xcc, 0xfc, 0x50, 0xfd, 0xd0, 0xfd,
  0x38, 0xfe, 0xac, 0xfe, 0x30, 0xff, 0xc0, 0xff, 0x4c, 0x00, 0xe4, 0x00,
  0x8c, 0x01, 0x1c, 0x02, 0xa4, 0x02, 0x28, 0x03, 0xa8, 0x03, 0x28, 0x04,
  0x9c, 0x04, 0x10, 0x05, 0x70, 0x05, 0xbc, 0x05, 0x08, 0x06, 0x44, 0x06,
  0x68, 0x06, 0x8c, 0x06, 0xa0, 0x06, 0x94, 0x06, 0x78, 0x06, 0x5c, 0x06,
  0x30, 0x06, 0xfc, 0x05, 0xb8, 0x05, 0x6c, 0x05, 0x18, 0x05, 0xb0, 0x04,
  0x3c, 0x04, 0xcc, 0x03, 0x54, 0x03, 0xe4, 0x02, 0x6c, 0x02, 0xf0, 0x01,
  0x7c, 0x01, 0x04, 0x01, 0x90, 0x00, 0x20, 0x00, 0xac, 0xff, 0x48, 0xff,
  0xec, 0xfe, 0x90, 0xfe, 0x34, 0xfe, 0xec, 0xfd, 0xbc, 0xfd, 0x8c, 0xfd,
  0x5c, 0xfd, 0x30, 0xfd, 0x10, 0xfd, 0xfc, 0xfc, 0xe8, 0xfc, 0xdc, 0xfc,
  0xd4, 0xfc, 0xd0, 0xfc, 0xd8, 0xfc, 0xe4, 0xfc, 0xe0, 0xfc, 0xe8, 0xfc,
  0xf4, 0xfc, 0x00, 0xfd, 0x0c, 0xfd, 0x20, 0xfd, 0x40, 0xfd, 0x5c, 0xfd,
  0x80, 0xfd, 0xa0, 0xfd, 0xc0, 0xfd, 0xe8, 0xfd, 0x18, 0xfe, 0x4c, 0xfe,
  0x7c, 0xfe, 0xa8, 0xfe, 0xd8, 0xfe, 0x0c, 0xff, 0x38, 0xff, 0x70, 0xff,
  0xac, 0xff, 0xe0, 0xff, 0x20, 0x00, 0x64, 0x00, 0x98, 0x00, 0xcc, 0x00,
  0x04, 0x01, 0x38, 0x01, 0x6c, 0x01, 0xa4, 0x01, 0xd8, 0x01, 0x08, 0x02,
  0x28, 0x02, 0x44, 0x02, 0x64, 0x02, 0x7c, 0x02, 0x94, 0x02, 0xa4, 0x02,
  0xac, 0x02, 0xb4, 0x02, 0xb0, 0x02, 0xa8, 0x02, 0x9c, 0x02, 0x90, 0x02,
  0x7c, 0x02, 0x4c, 0x02, 0x14, 0x02, 0xe8, 0x01, 0xbc, 0x01, 0x88, 0x01,
  0x50, 0x01, 0x1c, 0x01, 0xe0, 0x00, 0xa0, 0x00, 0x68, 0x00, 0x30, 0x00,
  0xf0, 0xff, 0xbc, 0xff, 0x90, 0xff, 0x60, 0xff, 0x2c, 0xff, 0x04, 0xff,
  0xe0, 0xfe, 0xbc, 0xfe, 0x90, 0xfe, 0x74, 0xfe, 0x60, 0xfe, 0x4c, 0xfe,
  0x38, 0xfe, 0x28, 0xfe, 0x20, 0xfe, 0x18, 0xfe, 0x18, 0xfe, 0x14, 0xfe,
  0x10, 0xfe, 0x1c, 0xfe, 0x28, 0xfe, 0x2c, 0xfe, 0x40, 0xfe, 0x50, 0xfe,
  0x58, 0xfe, 0x70, 0xfe, 0x84, 0xfe, 0x98, 0xfe, 0xb0, 0xfe, 0xc8, 0xfe,
  0xe4, 0xfe, 0xfc, 0xfe, 0x14, 0xff, 0x30, 0xff, 0x44, 0xff, 0x60, 0xff,
  0x80, 0xff, 0x8c, 0xff, 0x94, 0xff, 0x94, 0xff, 0x9c, 0xff, 0xa8, 0xff,
  0xb4, 0xff, 0xb0, 0xff, 0xb8, 0xff, 0xc0, 0xff, 0xc4, 0xff, 0xcc, 0xff,
  0xcc, 0xff, 0xc8, 0xff, 0xd4, 0xff, 0xe4, 0xff, 0xec, 0xff, 0xf8, 0xff,
  0xfc, 0xff, 0xf4, 0xff, 0xf0, 0xff, 0xf8, 0xff, 0x18, 0x00, 0x30, 0x00,
  0x44, 0x00, 0x58, 0x00, 0x64, 0x00, 0x78, 0x00, 0x88, 0x00, 0x94, 0x00,
  0xa4, 0x00, 0xb8, 0x00, 0xc8, 0x00, 0xd8, 0x00, 0xe4, 0x00, 0xe8, 0x00,
  0xf0, 0x00, 0xf4, 0x00, 0xf8, 0x00, 0xf8, 0x00, 0xf8, 0x00, 0x00, 0x01,
  0x00, 0x01, 0xf8, 0x00, 0xec, 0x00, 0xec, 0x00, 0xe8, 0x00, 0xe0, 0x00,
  0xd0, 0x00, 0xc8, 0x00, 0xc0, 0x00, 0xb0, 0x00, 0xa0, 0x00, 0x98, 0x00,
  0x94, 0x00, 0x7c, 0x00, 0x68, 0x00, 0x64, 0x00, 0x54, 0x00, 0x40, 0x00,
  0x30, 0x00, 0x24, 0x00, 0x18, 0x00, 0x04, 0x00, 0xfc, 0xff, 0xf0, 0xff,
  0xd8, 0xff, 0xbc, 0xff, 0xa4, 0xff, 0x90, 0xff, 0x80, 0xff, 0x68, 0xff,
  0x5c, 0xff, 0x4c, 0xff, 0x3c, 0xff, 0x30, 0xff, 0x20, 0xff, 0x10, 0xff,
  0x08, 0xff, 0x08, 0xff, 0xf0, 0xfe, 0xd8, 0xfe, 0xc0, 0xfe, 0x9c, 0xfe,
  0x80, 0xfe, 0x64, 0xfe, 0x54, 0xfe, 0x5c, 0xfe, 0x64, 0xfe, 0x60, 0xfe,
  0x64, 0xfe, 0x60, 0xfe, 0x60, 0xfe, 0x6c, 0xfe, 0x7c, 0xfe, 0x94, 0xfe,
  0xa8, 0xfe, 0xc0, 0xfe, 0xdc, 0xfe, 0xf0, 0xfe, 0x10, 0xff, 0x28, 0xff,
  0x40, 0xff, 0x5c, 0xff, 0x78, 0xff, 0x90, 0xff, 0xb0, 0xff, 0xcc, 0xff,
  0xec, 0xff, 0x04, 0x00, 0x14, 0x00, 0x30, 0x00, 0x60, 0x00, 0x84, 0x00,
  0x9c, 0x00, 0xb0, 0x00, 0xc8, 0x00, 0xe4, 0x00, 0xec, 0x00, 0xf0, 0x00,
  0x0c, 0x01, 0x2c, 0x01, 0x3c, 0x01, 0x50, 0x01, 0x54, 0x01, 0x58, 0x01,
  0x60, 0x01, 0x58, 0x01, 0x50, 0x01, 0x4c, 0x01, 0x48, 0x01, 0x48, 0x01,
  0x44, 0x01, 0x34, 0x01, 0x24, 0x01, 0x14, 0x01, 0xfc, 0x00, 0xdc, 0x00,
  0xc8, 0x00, 0xb8, 0x00, 0xa8, 0x00, 0x98, 0x00, 0x7c, 0x00, 0x6c, 0x00,
  0x64, 0x00, 0x4c, 0x00, 0x3c, 0x00, 0x34, 0x00, 0x20, 0x00, 0x0c, 0x00,
  0xec, 0xff, 0xc4, 0xff, 0xac, 0xff, 0x90, 0xff, 0x74, 0xff, 0x6c, 0xff,
  0x74, 0xff, 0x7c, 0xff, 0x7c, 0xff, 0x84, 0xff, 0x84, 0xff, 0x80, 0xff,
  0x84, 0xff, 0x90, 0xff, 0x90, 0xff, 0x98, 0xff, 0xa8, 0xff, 0xb0, 0xff,
  0xb8, 0xff, 0xbc, 0xff, 0xc4, 0xff, 0xd4, 0xff, 0xe4, 0xff, 0xe4, 0xff,
  0xec, 0xff, 0xfc, 0xff, 0xfc, 0xff, 0x0c, 0x00, 0x20, 0x00, 0x2c, 0x00,
  0x38, 0x00, 0x40, 0x00, 0x40, 0x00, 0x40, 0x00, 0x4c, 0x00, 0x50, 0x00,
  0x58, 0x00, 0x74, 0x00, 0x8c, 0x00, 0xa8, 0x00, 0xac, 0x00, 0x9c, 0x00,
  0x9c, 0x00, 0xa0, 0x00, 0x9c, 0x00, 0x94, 0x00, 0x94, 0x00, 0x90, 0x00,
  0x94, 0x00, 0x94, 0x00, 0x80, 0x00, 0x7c, 0x00, 0x90, 0x00, 0x94, 0x00,
  0x7c, 0x00, 0x70, 0x00, 0x70, 0x00, 0x64, 0x00, 0x58, 0x00, 0x54, 0x00,
  0x50, 0x00, 0x44, 0x00, 0x40, 0x00, 0x40, 0x00, 0x2c, 0x00, 0x18, 0x00,
  0x08, 0x00, 0xf8, 0xff, 0xe8, 0xff, 0xd4, 0xff, 0xd4, 0xff, 0xd4, 0xff,
  0xd4, 0xff, 0xe4, 0xff, 0xe0, 0xff, 0xd4, 0xff, 0xd8, 0xff, 0xd8, 0xff,
  0xd0, 0xff, 0xc8, 0xff, 0xcc, 0xff, 0xd4, 0xff, 0xd8, 0xff, 0xd4, 0xff,
  0xd4, 0xff, 0xe0, 0xff, 0xdc, 0xff, 0xd8, 0xff, 0xe0, 0xff, 0xdc, 0xff,
  0xdc, 0xff, 0xe4, 0xff, 0xec, 0xff, 0xfc, 0xff, 0x0c, 0x00, 0x0c, 0x00,
  0x10, 0x00, 0x18, 0x00, 0x10, 0x00, 0x0c, 0x00, 0x14, 0x00, 0x1c, 0x00,
  0x2c, 0x00, 0x50, 0x00, 0x5c, 0x00, 0x5c, 0x00, 0x60, 0x00, 0x60, 0x00,
  0x58, 0x00, 0x50, 0x00, 0x48, 0x00, 0x48, 0x00, 0x4c, 0x00, 0x4c, 0x00,
  0x44, 0x00, 0x3c, 0x00, 0x3c, 0x00, 0x3c, 0x00, 0x34, 0x00, 0x2c, 0x00,
  0x20, 0x00, 0x18, 0x00, 0x14, 0x00, 0x0c, 0x00, 0x08, 0x00, 0x04, 0x00,
  0xfc, 0xff, 0xf8, 0xff, 0xf4, 0xff, 0xec, 0xff, 0xe8, 0xff, 0xe0, 0xff,
  0xd0, 0xff, 0xc8, 0xff, 0xc4, 0xff, 0xbc, 0xff, 0xc0, 0xff, 0xc8, 0xff,
  0xc8, 0xff, 0xc4, 0xff, 0xc4, 0xff, 0xc4, 0xff, 0xbc, 0xff, 0xb8, 0xff,
  0xb4, 0xff, 0xc0, 0xff, 0xbc, 0xff, 0xac, 0xff, 0xa8, 0xff, 0xac, 0xff,
  0xac, 0xff, 0xa8, 0xff, 0xac, 0xff, 0xb0, 0xff, 0xb4, 0xff, 0xb4, 0xff,
  0xb0, 0xff, 0xb8, 0xff, 0xc0, 0xff, 0xc0, 0xff, 0xc4, 0xff, 0xc8, 0xff,
  0xc8, 0xff, 0xd0, 0xff, 0xd4, 0xff, 0xd4, 0xff, 0xd4, 0xff, 0xdc, 0xff,
  0xe8, 0xff, 0xf4, 0xff, 0xf8, 0xff, 0xf8, 0xff, 0xf8, 0xff, 0xfc, 0xff,
  0x00, 0x00, 0xfc, 0xff, 0xf4, 0xff, 0x00, 0x00, 0x0c, 0x00, 0x14, 0x00,
  0x18, 0x00, 0x18, 0x00, 0x14, 0x00, 0x1c, 0x00, 0x20, 0x00, 0x10, 0x00,
  0x10, 0x00, 0x18, 0x00, 0x10, 0x00, 0x10, 0x00, 0x10, 0x00, 0x04, 0x00,
  0xec, 0xff, 0xd8, 0xff, 0xd4, 0xff, 0xd8, 0xff, 0xd4, 0xff, 0xd4, 0xff,
  0xd0, 0xff, 0xcc, 0xff, 0xc8, 0xff, 0xc0, 0xff, 0xac, 0xff, 0xa8, 0xff,
  0xb0, 0xff, 0xb0, 0xff, 0xac, 0xff, 0xb8, 0xff, 0xc4, 0xff, 0xc0, 0xff,
  0xbc, 0xff, 0xc4, 0xff, 0xc4, 0xff, 0xbc, 0xff, 0xc0, 0xff, 0xbc, 0xff,
  0xb0, 0xff, 0xac, 0xff, 0xb4, 0xff, 0xbc, 0xff, 0xbc, 0xff, 0xbc, 0xff,
  0xc4, 0xff, 0xc8, 0xff, 0xc0, 0xff, 0xc0, 0xff, 0xcc, 0xff, 0xd0, 0xff,
  0xd0, 0xff, 0xe0, 0xff, 0xe4, 0xff, 0xe4, 0xff, 0xe8, 0xff, 0xe8, 0xff,
  0xf0, 0xff, 0xf0, 0xff, 0xf4, 0xff, 0x04, 0x00, 0x14, 0x00, 0x10, 0x00,
  0x14, 0x00, 0x20, 0x00, 0x14, 0x00, 0x14, 0x00, 0x18, 0x00, 0x14, 0x00,
  0x20, 0x00, 0x34, 0x00, 0x3c, 0x00, 0x38, 0x00, 0x38, 0x00, 0x34, 0x00,
  0x38, 0x00, 0x3c, 0x00, 0x28, 0x00, 0x3c, 0x00, 0x60, 0x00, 0x60, 0x00,
  0x54, 0x00, 0x50, 0x00, 0x44, 0x00, 0x2c, 0x00, 0x14, 0x00, 0x14, 0x00,
  0x14, 0x00, 0x14, 0x00, 0x10, 0x00, 0x08, 0x00, 0x08, 0x00, 0xf8, 0xff,
  0xf0, 0xff, 0xe0, 0xff, 0xc8, 0xff, 0xb4, 0xff, 0xb4, 0xff, 0xc0, 0xff,
  0xb4, 0xff, 0xb4, 0xff, 0xb8, 0xff, 0xb4, 0xff, 0xb8, 0xff, 0xb0, 0xff,
  0xac, 0xff, 0xb0, 0xff, 0xb4, 0xff, 0xb8, 0xff, 0xc0, 0xff, 0xc8, 0xff,
  0xcc, 0xff, 0xdc, 0xff, 0xd0, 0xff, 0xe8, 0xff, 0xe8, 0xff, 0x70, 0xff,
  0x50, 0xff, 0x98, 0xff, 0xa0, 0xff, 0x84, 0xff, 0x88, 0xff, 0xa4, 0xff,
  0xbc, 0xff, 0xc4, 0xff, 0xac, 0xff, 0xb0, 0xff, 0xcc, 0xff, 0xd4, 0xff,
  0xdc, 0xff, 0xdc, 0xff, 0xf4, 0xff, 0x08, 0x00, 0x04, 0x00, 0x08, 0x00,
  0x10, 0x00, 0x1c, 0x00, 0x24, 0x00, 0x18, 0x00, 0x2c, 0x00, 0x38, 0x00,
  0x2c, 0x00, 0x94, 0x00, 0xdc, 0x00, 0x9c, 0x00, 0x80, 0x00, 0x8c, 0x00,
  0x90, 0x00, 0x78, 0x00, 0x64, 0x00, 0x6c, 0x00, 0x78, 0x00, 0x88, 0x00,
  0x68, 0x00, 0x54, 0x00, 0x54, 0x00, 0x48, 0x00, 0x3c, 0x00, 0x28, 0x00,
  0x3c, 0x00, 0x50, 0x00, 0x34, 0x00, 0x18, 0x00, 0x0c, 0x00, 0xf0, 0xff,
  0xe8, 0xff, 0xc4, 0xff, 0xe8, 0xff, 0xc4, 0xff, 0xd4, 0xff, 0xe4, 0xff,
  0x88, 0xff, 0x00, 0x00, 0x94, 0xff, 0xc0, 0xff, 0xe4, 0xff, 0x78, 0xff,
  0x10, 0x00, 0xa4, 0xff, 0xbc, 0xff, 0xfc, 0xff, 0x94, 0xff, 0x18, 0x00,
  0xc4, 0xff, 0xe0, 0xff, 0x04, 0x00, 0x68, 0xff, 0xdc, 0xff, 0xa4, 0xff,
  0xc8, 0xff, 0xe8, 0xff, 0x90, 0xff, 0xf0, 0xff, 0x00, 0x00, 0xbc, 0xff,
  0x24, 0x00, 0xc4, 0xff, 0xe0, 0xff, 0x54, 0x00, 0x9c, 0xff, 0x60, 0x00,
  0xc8, 0xff, 0x20, 0x00, 0x2c, 0x00, 0xd4, 0xff, 0x68, 0x00, 0xc0, 0xff,
  0x68, 0x00, 0xe4, 0xff, 0x28, 0x00, 0x40, 0x00, 0xe0, 0xff, 0xd8, 0x00,
  0xac, 0xff, 0x70, 0x01, 0x78, 0x07, 0xfc, 0x05, 0x6c, 0x01, 0x7c, 0x02,
  0x88, 0x03, 0xe4, 0x03, 0x38, 0x02, 0x18, 0x00, 0x0c, 0x01, 0x64, 0x02,
  0x44, 0x02, 0x04, 0x00, 0x78, 0xff, 0x68, 0x00, 0x78, 0x00, 0x5c, 0x00,
  0xe0, 0xfe, 0x48, 0xff, 0x64, 0xff, 0x14, 0xfe, 0x68, 0xfe, 0x08, 0xfe,
  0x54, 0xfe, 0xe4, 0xfe, 0x28, 0xfd, 0x88, 0xfe, 0xd0, 0x04, 0x94, 0x05,
  0x40, 0x00, 0xac, 0xff, 0x54, 0x02, 0x10, 0x03, 0xbc, 0x01, 0xf8, 0xfe,
  0x6c, 0xff, 0xe0, 0x01, 0xdc, 0x01, 0x10, 0x00, 0x78, 0xfe, 0x7c, 0xff,
  0x9c, 0x01, 0x68, 0x00, 0xa0, 0xfd, 0xec, 0xfc, 0xbc, 0xfd, 0x2c, 0xfe,
  0xb8, 0xfd, 0x08, 0xfd, 0x48, 0xfd, 0x88, 0xfe, 0x7c, 0xfe, 0xcc, 0xfd,
  0xf8, 0xfd, 0x18, 0xfe, 0x80, 0xfe, 0x64, 0xfe, 0x48, 0xfd, 0x18, 0xfd,
  0xbc, 0xfd, 0x9c, 0xfe, 0xac, 0xfe, 0x1c, 0xfe, 0x18, 0xff, 0x20, 0x00,
  0xfc, 0xff, 0x00, 0x00, 0xf8, 0xff, 0xcc, 0xff, 0x08, 0x00, 0x7c, 0x00,
  0xa4, 0x00, 0xf0, 0xff, 0x70, 0x00, 0x30, 0x01, 0x1c, 0x00, 0xf8, 0xff,
  0x0c, 0x01, 0xac, 0x00, 0xb8, 0x00, 0x08, 0x02, 0x84, 0x01, 0x8c, 0x00,
  0x58, 0x00, 0xe8, 0x00, 0xfc, 0x00, 0xf0, 0xff, 0xfc, 0xff, 0x18, 0x00,
  0xb0, 0xff, 0x00, 0x00, 0xc0, 0xff, 0x30, 0xff, 0x98, 0xff, 0xa8, 0xff,
  0x6c, 0xff, 0x5c, 0xff, 0x08, 0xff, 0x20, 0xff, 0x4c, 0xff, 0x24, 0xff,
  0x60, 0xff, 0x44, 0xff, 0xd0, 0xfe, 0x1c, 0xff, 0xd0, 0xff, 0xd8, 0x00,
  0x00, 0x01, 0x08, 0x00, 0xe4, 0xff, 0xbc, 0x00, 0x94, 0x00, 0xec, 0xff,
  0x40, 0x00, 0x24, 0x00, 0xbc, 0x00, 0x2c, 0x02, 0xc8, 0x01, 0x9c, 0x00,
  0x40, 0x00, 0xd8, 0x00, 0x40, 0x01, 0x70, 0x00, 0xdc, 0xff, 0x00, 0x00,
  0x04, 0x00, 0xb0, 0xff, 0xd8, 0xff, 0x54, 0xff, 0xd4, 0xfe, 0x10, 0x00,
  0xb8, 0xff, 0x5c, 0xfe, 0x60, 0xfe, 0xc8, 0xfe, 0xe0, 0xfe, 0xcc, 0xfe,
  0xc4, 0xfe, 0xd0, 0xfe, 0x08, 0xff, 0x5c, 0xff, 0x10, 0xff, 0x30, 0xff,
  0x8c, 0xff, 0x44, 0xff, 0x58, 0xff, 0x48, 0xff, 0x3c, 0xff, 0x5c, 0xff,
  0x98, 0xff, 0x90, 0xff, 0xc0, 0xff, 0x88, 0x00, 0x20, 0x00, 0xa8, 0xff,
  0x10, 0x00, 0x2c, 0x00, 0x78, 0x00, 0xa0, 0x00, 0xf4, 0xff, 0xe4, 0xff,
  0x7c, 0x00, 0x24, 0x00, 0x10, 0x00, 0x48, 0x00, 0x20, 0x00, 0x3c, 0x00,
  0x50, 0x00, 0x84, 0x00, 0x54, 0x00, 0x20, 0x00, 0x4c, 0x00, 0xec, 0x00,
  0x3c, 0x01, 0xe8, 0x00, 0x40, 0x00, 0xd8, 0xff, 0x9c, 0x00, 0x28, 0x01,
  0xe8, 0x00, 0x48, 0x00, 0x24, 0x00, 0x74, 0x00, 0xcc, 0x00, 0x64, 0x00,
  0x2c, 0xff, 0x98, 0xff, 0x58, 0x00, 0xec, 0xff, 0x84, 0xff, 0x6c, 0xff,
  0xb4, 0xff, 0xa4, 0xff, 0xb4, 0xff, 0x88, 0xff, 0x6c, 0xff, 0x9c, 0xff,
  0xac, 0xff, 0xa4, 0xff, 0x3c, 0xff, 0xac, 0xff, 0xd0, 0xff, 0x54, 0xff,
  0xc8, 0xff, 0xe0, 0xff, 0x5c, 0xff, 0xb4, 0xff, 0xa0, 0xff, 0xdc, 0xfe,
  0x38, 0xff, 0x80, 0xff, 0x4c, 0xff, 0x54, 0xff, 0x44, 0xff, 0x34, 0xff,
  0x7c, 0xff, 0x8c, 0xff, 0xa0, 0xfe, 0x44, 0xfe, 0x60, 0xff, 0xd8, 0xff,
  0xd0, 0xfe, 0xec, 0xfd, 0x60, 0xfe, 0x48, 0xff, 0x68, 0xff, 0x24, 0xff,
  0xdc, 0xfe, 0x0c, 0xff, 0x00, 0x00, 0x1c, 0x00, 0x68, 0xff, 0xd8, 0xff,
  0xb8, 0x00, 0x5c, 0x00, 0x38, 0x00, 0xa4, 0x00, 0x88, 0x00, 0x94, 0x00,
  0xc8, 0x00, 0xdc, 0x00, 0xc0, 0x00, 0xb8, 0x00, 0xf4, 0x00, 0x1c, 0x01,
  0x48, 0x01, 0x0c, 0x01, 0xac, 0x01, 0xe0, 0x02, 0x08, 0x02, 0x68, 0x01,
  0x2c, 0x03, 0x74, 0x03, 0x60, 0x02, 0x04, 0x03, 0x84, 0x03, 0xec, 0x02,
  0x3c, 0x02, 0x3c, 0x02, 0x10, 0x02, 0xa0, 0x01, 0x84, 0x01, 0x04, 0x01,
  0x44, 0x00, 0x0c, 0x00, 0x34, 0x00, 0x94, 0xff, 0x4c, 0xff, 0x44, 0xff,
  0x4c, 0xff, 0x1c, 0xff, 0xb8, 0xfe, 0x14, 0xff, 0xc0, 0xfe, 0xdc, 0xfe,
  0xc4, 0xfe, 0xd8, 0xfe, 0x9c, 0xff, 0x6c, 0xfc, 0x00, 0xfb, 0x88, 0xfe,
  0xac, 0xfe, 0x44, 0xfb, 0x0c, 0xfa, 0x80, 0xfb, 0xf8, 0xfb, 0x78, 0xfa,
  0x7c, 0xfa, 0x70, 0xfb, 0x3c, 0xf9, 0x4c, 0xf7, 0xd4, 0xf9, 0xcc, 0xfb,
  0x38, 0xfa, 0xa0, 0xf9, 0x94, 0xfa, 0x28, 0xfb, 0x74, 0xfb, 0x28, 0xfd,
  0x48, 0xfe, 0xdc, 0xfd, 0xcc, 0xfe, 0xa8, 0xff, 0x64, 0x00, 0xe8, 0x00,
  0x08, 0x02, 0x1c, 0x03, 0xd4, 0x02, 0x18, 0x03, 0x90, 0x03, 0x9c, 0x04,
  0xfc, 0x04, 0x88, 0x05, 0x84, 0x06, 0xfc, 0x05, 0x44, 0x06, 0x6c, 0x07,
  0xd4, 0x07, 0xc4, 0x07, 0x34, 0x08, 0xcc, 0x08, 0xe0, 0x07, 0x24, 0x07,
  0x8c, 0x07, 0x60, 0x07, 0xc0, 0x06, 0xd0, 0x05, 0xf8, 0x04, 0x00, 0x04,
  0x2c, 0x03, 0xbc, 0x02, 0xcc, 0x01, 0xfc, 0x00, 0x20, 0x00, 0x68, 0xff,
  0xe8, 0xfe, 0x58, 0xfe, 0xfc, 0xfd, 0xc4, 0xfd, 0x8c, 0xfd, 0xf8, 0xfc,
  0xf8, 0xfc, 0x7c, 0xfd, 0x38, 0xfb, 0xd0, 0xf9, 0xe0, 0xfc, 0x18, 0xfd,
  0x0c, 0xfa, 0x14, 0xf9, 0xf4, 0xfa, 0x64, 0xfb, 0x10, 0xfa, 0x70, 0xfa,
  0xd0, 0xfa, 0x08, 0xfa, 0x64, 0xf7, 0x0c, 0xf6, 0xf4, 0xf7, 0x58, 0xf9,
  0x4c, 0xf8, 0x84, 0xf6, 0x94, 0xf5, 0x44, 0xf5, 0x10, 0xf7, 0x9c, 0xf9,
  0xd4, 0xf8, 0x0c, 0xf8, 0x3c, 0xfb, 0x50, 0xfd, 0x78, 0xfc, 0x80, 0xfd,
  0x4c, 0x01, 0x3c, 0x03, 0x38, 0x03, 0xbc, 0x04, 0xa0, 0x05, 0x94, 0x05,
  0x68, 0x08, 0x98, 0x0b, 0x50, 0x0a, 0x00, 0x09, 0xf8, 0x0a, 0x64, 0x0c,
  0xdc, 0x0b, 0xd4, 0x0b, 0x08, 0x0d, 0x64, 0x0c, 0x9c, 0x0a, 0xb0, 0x0a,
  0xdc, 0x0a, 0x88, 0x09, 0xf4, 0x08, 0xb4, 0x08, 0xa4, 0x06, 0x8c, 0x04,
  0x24, 0x04, 0x54, 0x04, 0xb8, 0x02, 0x7c, 0x00, 0x48, 0x00, 0xb0, 0xff,
  0x78, 0xfd, 0xec, 0xfc, 0x10, 0xfe, 0x2c, 0xfd, 0x28, 0xfb, 0x24, 0xfb,
  0x00, 0xfc, 0xb0, 0xfb, 0xd8, 0xfa, 0x4c, 0xfa, 0xec, 0xfa, 0xbc, 0xfb,
  0x7c, 0xfa, 0x18, 0xfa, 0x00, 0xfb, 0x38, 0xfb, 0x84, 0xfb, 0x6c, 0xfb,
  0xb8, 0xfa, 0x38, 0xfb, 0xcc, 0xfb, 0x58, 0xfa, 0x00, 0xf9, 0xb8, 0xf9,
  0x38, 0xfb, 0xec, 0xfa, 0x30, 0xf9, 0x48, 0xf8, 0xc4, 0xf9, 0x60, 0xfa,
  0x90, 0xf7, 0x50, 0xf7, 0x64, 0xfb, 0xb0, 0xfd, 0x1c, 0xfb, 0x54, 0xf8,
  0xf0, 0xf9, 0x5c, 0xfd, 0x44, 0xff, 0x90, 0xff, 0x28, 0xfe, 0x60, 0xfd,
  0x30, 0x01, 0x98, 0x04, 0xb0, 0x02, 0x34, 0x03, 0x48, 0x08, 0xc0, 0x09,
  0x0c, 0x07, 0x40, 0x07, 0x64, 0x0b, 0x54, 0x0d, 0x00, 0x0d, 0xb0, 0x0c,
  0xa4, 0x0b, 0xd4, 0x0b, 0x20, 0x0d, 0xcc, 0x0d, 0xd8, 0x0c, 0x80, 0x0b,
  0x3c, 0x0b, 0x7c, 0x0a, 0x74, 0x09, 0x04, 0x09, 0x4c, 0x09, 0xcc, 0x08,
  0xac, 0x06, 0xb4, 0x04, 0x58, 0x04, 0x78, 0x04, 0xc8, 0x03, 0xe0, 0x02,
  0x64, 0x01, 0xf4, 0xff, 0x38, 0xff, 0x18, 0xff, 0xe4, 0xfe, 0x2c, 0xfe,
  0x9c, 0xfd, 0xcc, 0xfc, 0x10, 0xfc, 0xf0, 0xfb, 0x80, 0xfc, 0xe8, 0xfc,
  0x7c, 0xfc, 0x0c, 0xfc, 0xec, 0xfb, 0x2c, 0xfc, 0x8c, 0xfc, 0x6c, 0xfc,
  0x7c, 0xfc, 0xa0, 0xfc, 0x50, 0xfc, 0xc8, 0xfb, 0xc0, 0xfb, 0x54, 0xfc,
  0x70, 0xfc, 0x0c, 0xfc, 0x90, 0xfb, 0xe8, 0xfa, 0x54, 0xfa, 0xb8, 0xf9,
  0x1c, 0xf9, 0x40, 0xf9, 0x84, 0xf8, 0xa4, 0xf7, 0x90, 0xf9, 0x74, 0xf9,
  0xc8, 0xf6, 0x70, 0xf6, 0x30, 0xf7, 0x4c, 0xf8, 0x60, 0xfa, 0x44, 0xfb,
  0xf8, 0xf8, 0x28, 0xf8, 0xa0, 0xfb, 0xa0, 0xff, 0x0c, 0x01, 0x74, 0x00,
  0x30, 0x01, 0xec, 0x03, 0xdc, 0x06, 0x0c, 0x08, 0x20, 0x09, 0xdc, 0x0a,
  0xc0, 0x0b, 0x30, 0x0c, 0x9c, 0x0c, 0x4c, 0x0d, 0x04, 0x0e, 0x6c, 0x0e,
  0xa0, 0x0d, 0x0c, 0x0c, 0x94, 0x0b, 0xb8, 0x0b, 0x0c, 0x0b, 0xc4, 0x09,
  0x54, 0x08, 0xf8, 0x06, 0xc4, 0x05, 0x9c, 0x04, 0x80, 0x03, 0x64, 0x02,
  0x0c, 0x01, 0xac, 0xff, 0x38, 0xfe, 0x38, 0xfd, 0xb0, 0xfc, 0x0c, 0xfc,
  0x48, 0xfb, 0x60, 0xfa, 0xb8, 0xf9, 0xa4, 0xf9, 0xc4, 0xf9, 0xcc, 0xf9,
  0xfc, 0xf9, 0x0c, 0xfa, 0x44, 0xfa, 0xb0, 0xfa, 0x50, 0xfb, 0x24, 0xfc,
  0x98, 0xfc, 0xd4, 0xfc, 0xd8, 0xfc, 0x24, 0xfd, 0x04, 0xfe, 0x78, 0xfe,
  0x5c, 0xfe, 0x34, 0xfe, 0x3c, 0xfe, 0x64, 0xfe, 0x40, 0xfe, 0x4c, 0xfe,
  0x8c, 0xfd, 0xc8, 0xfc, 0xd8, 0xfb, 0x68, 0xfa, 0x88, 0xfb, 0xd4, 0xf9,
  0x94, 0xf6, 0xb8, 0xfb, 0x1c, 0xfe, 0xfc, 0xf6, 0x04, 0xf4, 0x18, 0xf8,
  0xfc, 0xfa, 0x44, 0xfb, 0xc0, 0xfb, 0xcc, 0xf9, 0xd0, 0xf7, 0xb4, 0xfb,
  0xc4, 0x00, 0x90, 0x01, 0x94, 0x00, 0x54, 0x01, 0x94, 0x03, 0xb0, 0x05,
  0x6c, 0x07, 0x38, 0x09, 0x50, 0x0a, 0x40, 0x0a, 0x24, 0x0a, 0x1c, 0x0b,
  0x04, 0x0c, 0x3c, 0x0c, 0x6c, 0x0c, 0x74, 0x0b, 0xb8, 0x09, 0x20, 0x09,
  0x5c, 0x09, 0xa4, 0x08, 0x20, 0x07, 0x00, 0x06, 0x84, 0x04, 0xe0, 0x02,
  0x10, 0x02, 0x60, 0x01, 0x48, 0x00, 0xf0, 0xfe, 0x90, 0xfd, 0x68, 0xfc,
  0xb0, 0xfb, 0x60, 0xfb, 0x1c, 0xfb, 0x64, 0xfa, 0xa0, 0xf9, 0xe4, 0xf9,
  0x38, 0xf9, 0x24, 0xf8, 0xdc, 0xf9, 0x78, 0xfb, 0x8c, 0xfa, 0xa8, 0xf9,
  0xa8, 0xfa, 0xe4, 0xfb, 0xb4, 0xfc, 0xb4, 0xfd, 0x84, 0xfd, 0x04, 0xfd,
  0xd8, 0xfd, 0xc8, 0xfe, 0x24, 0xff, 0x28, 0xff, 0x28, 0xff, 0x30, 0xff,
  0xd0, 0xfe, 0xc0, 0xfe, 0xe8, 0xfe, 0x68, 0xfe, 0xa8, 0xfd, 0x58, 0xfc,
  0x48, 0xfb, 0xb4, 0xfb, 0x14, 0xfa, 0xa4, 0xf7, 0xd0, 0xfa, 0x28, 0xfd,
  0x7c, 0xf8, 0xc8, 0xf4, 0xcc, 0xf6, 0x0c, 0xfa, 0x7c, 0xfb, 0x84, 0xfb,
  0x64, 0xf9, 0x0c, 0xf8, 0x94, 0xfb, 0xf0, 0xff, 0x04, 0x01, 0xc4, 0x00,
  0xac, 0x01, 0xd0, 0x03, 0xd0, 0x05, 0x74, 0x07, 0x30, 0x09, 0x9c, 0x0a,
  0x14, 0x0b, 0xdc, 0x0a, 0x68, 0x0b, 0x54, 0x0c, 0xb4, 0x0c, 0xb0, 0x0c,
  0xc0, 0x0b, 0x38, 0x0a, 0x84, 0x09, 0x54, 0x09, 0x64, 0x08, 0xf0, 0x06,
  0xd4, 0x05, 0x5c, 0x04, 0xa8, 0x02, 0x94, 0x01, 0xb0, 0x00, 0xb8, 0xff,
  0x74, 0xfe, 0x20, 0xfd, 0xf8, 0xfb, 0x40, 0xfb, 0x08, 0xfb, 0xa0, 0xfa,
  0x24, 0xfa, 0xac, 0xf9, 0x84, 0xf9, 0x7c, 0xf9, 0xfc, 0xf8, 0x48, 0xf9,
  0x94, 0xfa, 0x44, 0xfb, 0xd0, 0xfa, 0xcc, 0xfa, 0xd0, 0xfb, 0xf0, 0xfc,
  0xe4, 0xfd, 0x4c, 0xfe, 0x18, 0xfe, 0x38, 0xfe, 0x18, 0xff, 0xac, 0xff,
  0xe4, 0xff, 0xd0, 0xff, 0xb8, 0xff, 0x94, 0xff, 0x60, 0xff, 0x48, 0xff,
  0x08, 0xff, 0x50, 0xfe, 0x30, 0xfd, 0x60, 0xfc, 0x34, 0xfb, 0x18, 0xfb,
  0x70, 0xf9, 0x60, 0xf6, 0x7c, 0xfa, 0xc4, 0xfd, 0x24, 0xf7, 0x98, 0xf2,
  0xb0, 0xf6, 0xf8, 0xfa, 0x54, 0xfb, 0xa0, 0xfa, 0xe0, 0xf8, 0x24, 0xf8,
  0xd8, 0xfc, 0x4c, 0x01, 0x14, 0x01, 0x38, 0x01, 0x38, 0x03, 0x44, 0x05,
  0xcc, 0x06, 0xb0, 0x08, 0xc8, 0x0a, 0x0c, 0x0c, 0x4c, 0x0c, 0xc4, 0x0b,
  0x68, 0x0c, 0xc0, 0x0d, 0xd4, 0x0d, 0x40, 0x0d, 0x2c, 0x0c, 0xa8, 0x0a,
  0xf8, 0x09, 0x98, 0x09, 0x54, 0x08, 0xb4, 0x06, 0x8c, 0x05, 0x08, 0x04,
  0xf4, 0x01, 0xd8, 0x00, 0x30, 0x00, 0xec, 0xfe, 0x9c, 0xfd, 0x3c, 0xfc,
  0x0c, 0xfb, 0x98, 0xfa, 0x5c, 0xfa, 0x0c, 0xfa, 0x84, 0xf9, 0x38, 0xf9,
  0x34, 0xf9, 0xf4, 0xf8, 0x24, 0xf9, 0xe4, 0xf9, 0xd8, 0xfa, 0x5c, 0xfb,
  0x30, 0xfb, 0xb0, 0xfb, 0xdc, 0xfc, 0xf8, 0xfd, 0xcc, 0xfe, 0x04, 0xff,
  0x20, 0xff, 0x8c, 0xff, 0x34, 0x00, 0xd0, 0x00, 0xcc, 0x00, 0xc0, 0x00,
  0xb8, 0x00, 0x2c, 0x00, 0x90, 0x00, 0xf8, 0xff, 0x68, 0xfd, 0x54, 0xfd,
  0x6c, 0xfe, 0x68, 0xfc, 0xd0, 0xf9, 0xc8, 0xf8, 0x78, 0xf7, 0xd4, 0xf7,
  0xb4, 0xfa, 0xc8, 0xf9, 0x48, 0xf4, 0x5c, 0xf3, 0xe0, 0xf7, 0x34, 0xf9,
  0x00, 0xf8, 0xf0, 0xf8, 0x78, 0xf9, 0x58, 0xf9, 0xd0, 0xfb, 0x38, 0xff,
  0x90, 0x00, 0xe8, 0x01, 0xf4, 0x03, 0x14, 0x05, 0x80, 0x06, 0x24, 0x09,
  0x7c, 0x0b, 0x4c, 0x0c, 0x64, 0x0c, 0xc4, 0x0c, 0x98, 0x0d, 0x20, 0x0e,
  0x04, 0x0e, 0xe4, 0x0d, 0x1c, 0x0d, 0xac, 0x0b, 0x80, 0x0a, 0xbc, 0x09,
  0x9c, 0x08, 0x24, 0x07, 0xcc, 0x05, 0x00, 0x04, 0x0c, 0x02, 0xc0, 0x00,
  0xbc, 0xff, 0x78, 0xfe, 0x24, 0xfd, 0x08, 0xfc, 0xf8, 0xfa, 0x34, 0xfa,
  0xe4, 0xf9, 0xb8, 0xf9, 0x98, 0xf9, 0x84, 0xf9, 0x74, 0xf9, 0x68, 0xf9,
  0xf8, 0xf9, 0xec, 0xfa, 0xe8, 0xfb, 0xa0, 0xfc, 0xf0, 0xfc, 0xb0, 0xfd,
  0xc8, 0xfe, 0xcc, 0xff, 0xac, 0x00, 0x18, 0x01, 0x60, 0x01, 0xc4, 0x01,
  0x18, 0x02, 0x64, 0x02, 0x5c, 0x02, 0x28, 0x02, 0xe0, 0x01, 0x54, 0x01,
  0xa0, 0x00, 0x04, 0xff, 0x84, 0xfd, 0x5c, 0xfd, 0x80, 0xfc, 0xa8, 0xfa,
  0x48, 0xf8, 0x70, 0xf6, 0x70, 0xf6, 0x18, 0xf6, 0x80, 0xf8, 0xcc, 0xf9,
  0xb8, 0xf1, 0x88, 0xee, 0xc0, 0xf6, 0x68, 0xfa, 0x54, 0xf7, 0xa0, 0xf6,
  0xcc, 0xf7, 0x6c, 0xf8, 0x60, 0xfc, 0xd4, 0x00, 0x84, 0x00, 0x50, 0x01,
  0x14, 0x05, 0xc8, 0x06, 0xac, 0x07, 0x18, 0x0a, 0x68, 0x0c, 0xf8, 0x0d,
  0x78, 0x0e, 0xd0, 0x0d, 0xe0, 0x0d, 0x18, 0x0f, 0x64, 0x0f, 0x70, 0x0e,
  0x64, 0x0d, 0xb8, 0x0b, 0x00, 0x0a, 0x8c, 0x09, 0x4c, 0x08, 0xe0, 0x05,
  0x58, 0x04, 0x00, 0x03, 0xe0, 0x00, 0x10, 0xff, 0xe8, 0xfd, 0xa8, 0xfc,
  0x98, 0xfb, 0xe4, 0xfa, 0xa8, 0xf9, 0xe8, 0xf8, 0x00, 0xf9, 0xf0, 0xf8,
  0xcc, 0xf9, 0xac, 0xf9, 0x9c, 0xf7, 0x98, 0xf8, 0xf0, 0xfb, 0x94, 0xfc,
  0xd4, 0xfb, 0xc0, 0xfc, 0xd8, 0xfd, 0xd4, 0xfe, 0xb8, 0x00, 0xa8, 0x01,
  0x60, 0x01, 0xf0, 0x01, 0x20, 0x03, 0x40, 0x03, 0x2c, 0x03, 0x64, 0x03,
  0x48, 0x03, 0x2c, 0x03, 0x98, 0x02, 0x5c, 0x01, 0x38, 0x00, 0x20, 0xff,
  0x08, 0xfe, 0x00, 0xfd, 0xa0, 0xfb, 0x88, 0xf9, 0x7c, 0xf7, 0xa8, 0xf6,
  0x3c, 0xf6, 0xb8, 0xf6, 0x1c, 0xf8, 0x00, 0xf6, 0x68, 0xf1, 0x1c, 0xf2,
  0x00, 0xf7, 0x84, 0xf8, 0x9c, 0xf7, 0xb4, 0xf7, 0x5c, 0xf8, 0x58, 0xfa,
  0x20, 0xfe, 0xb8, 0x00, 0x7c, 0x01, 0x9c, 0x03, 0x18, 0x06, 0xcc, 0x07,
  0x6c, 0x09, 0x60, 0x0a, 0x54, 0x0d, 0xf8, 0x10, 0xd4, 0x0f, 0x58, 0x0d,
  0x70, 0x0e, 0x60, 0x10, 0x28, 0x10, 0x54, 0x0f, 0xa4, 0x0d, 0xcc, 0x0a,
  0xd4, 0x09, 0xa4, 0x09, 0xac, 0x07, 0x28, 0x05, 0x80, 0x03, 0xf0, 0x01,
  0xc0, 0xff, 0x10, 0xfe, 0x90, 0xfc, 0x2c, 0xfb, 0x80, 0xfb, 0xfc, 0xf9,
  0x08, 0xf6, 0xb0, 0xf6, 0x9c, 0xf9, 0xdc, 0xf8, 0x94, 0xf7, 0x94, 0xf7,
  0xc8, 0xf6, 0x80, 0xf7, 0xf0, 0xfa, 0x30, 0xfc, 0xfc, 0xfa, 0xc8, 0xfb,
  0x8c, 0xfd, 0x84, 0xfe, 0x10, 0x00, 0x2c, 0x01, 0xa0, 0x01, 0xa4, 0x02,
  0x20, 0x03, 0xf4, 0x02, 0x2c, 0x03, 0xc8, 0x03, 0xe4, 0x03, 0x90, 0x03,
  0xdc, 0x02, 0x68, 0x01, 0x34, 0x00, 0x80, 0xff, 0x48, 0xfe, 0xa4, 0xfc,
  0x48, 0xfb, 0x78, 0xf9, 0x2c, 0xf7, 0x30, 0xf6, 0x40, 0xf5, 0x44, 0xf5,
  0x88, 0xf8, 0x90, 0xf7, 0x44, 0xf1, 0xc4, 0xf0, 0x30, 0xf6, 0xf0, 0xf8,
  0xf8, 0xf8, 0x08, 0xf9, 0xbc, 0xf8, 0x54, 0xfa, 0xd0, 0xfe, 0x0c, 0x02,
  0xd4, 0x02, 0xbc, 0x04, 0x70, 0x07, 0x4c, 0x09, 0xd4, 0x0a, 0xf4, 0x0b,
  0x5c, 0x0e, 0xc4, 0x11, 0x58, 0x12, 0x1c, 0x10, 0x64, 0x0f, 0xbc, 0x10,
  0x40, 0x11, 0xd8, 0x10, 0x34, 0x0f, 0x20, 0x0c, 0x38, 0x0a, 0xb0, 0x09,
  0x1c, 0x08, 0x9c, 0x05, 0x84, 0x03, 0xb8, 0x01, 0xcc, 0xff, 0xd0, 0xfd,
  0xf4, 0xfb, 0xbc, 0xfa, 0xfc, 0xf9, 0x04, 0xf8, 0x1c, 0xf6, 0xbc, 0xf6,
  0x7c, 0xf7, 0xc8, 0xf6, 0x44, 0xf6, 0xdc, 0xf5, 0xb0, 0xf5, 0x34, 0xf7,
  0x98, 0xf9, 0x3c, 0xfa, 0x20, 0xfa, 0x3c, 0xfb, 0xc8, 0xfc, 0x54, 0xfe,
  0xe8, 0xff, 0xf0, 0x00, 0xb4, 0x01, 0xa8, 0x02, 0x40, 0x03, 0x88, 0x03,
  0xf8, 0x03, 0x54, 0x04, 0x64, 0x04, 0x08, 0x04, 0x20, 0x03, 0xd0, 0x01,
  0x94, 0x00, 0xa0, 0xff, 0x14, 0xfe, 0x74, 0xfc, 0xb8, 0xfa, 0x44, 0xf8,
  0xd8, 0xf6, 0x20, 0xf5, 0x88, 0xf4, 0xcc, 0xf8, 0xc0, 0xf9, 0x78, 0xf3,
  0x30, 0xf0, 0x5c, 0xf4, 0xc0, 0xf8, 0xd0, 0xf9, 0x30, 0xfb, 0x7c, 0xf9,
  0x94, 0xf6, 0x18, 0xfc, 0x80, 0x03, 0x98, 0x03, 0xac, 0x02, 0x50, 0x05,
  0xc8, 0x07, 0x90, 0x09, 0xac, 0x0b, 0x28, 0x0d, 0xe8, 0x0e, 0x54, 0x11,
  0x2c, 0x11, 0x40, 0x0f, 0x2c, 0x0f, 0x2c, 0x10, 0xe4, 0x10, 0x78, 0x10,
  0xa4, 0x0d, 0x44, 0x0a, 0x84, 0x09, 0x60, 0x09, 0x64, 0x07, 0x10, 0x05,
  0x08, 0x03, 0xf0, 0x00, 0x40, 0xff, 0xfc, 0xfd, 0x24, 0xfc, 0xc8, 0xfa,
  0xa0, 0xf9, 0xa8, 0xf7, 0xfc, 0xf6, 0x48, 0xf7, 0x00, 0xf8, 0x30, 0xf9,
  0x6c, 0xf7, 0x94, 0xf4, 0x60, 0xf6, 0x4c, 0xfa, 0xa8, 0xfb, 0x78, 0xfb,
  0x84, 0xfb, 0xc4, 0xfb, 0x30, 0xfd, 0x2c, 0x00, 0xe8, 0x01, 0xbc, 0x01,
  0xe4, 0x01, 0x88, 0x02, 0xe4, 0x02, 0x60, 0x03, 0xfc, 0x03, 0x34, 0x04,
  0xac, 0x03, 0x3c, 0x02, 0xbc, 0x00, 0xb0, 0xff, 0xfc, 0xfe, 0xcc, 0xfd,
  0xdc, 0xfb, 0xa4, 0xf9, 0x04, 0xf7, 0x60, 0xf5, 0xd4, 0xf4, 0x78, 0xf5,
  0xcc, 0xf7, 0xa4, 0xf7, 0xc0, 0xf3, 0x3c, 0xf1, 0xf0, 0xf3, 0x68, 0xf8,
  0xdc, 0xf9, 0x60, 0xfb, 0xb4, 0xfb, 0x60, 0xf8, 0x40, 0xfa, 0x48, 0x02,
  0x4c, 0x06, 0x98, 0x05, 0x18, 0x06, 0x84, 0x07, 0xa4, 0x08, 0xf8, 0x0b,
  0x1c, 0x10, 0x6c, 0x11, 0xcc, 0x10, 0x20, 0x10, 0xc8, 0x0f, 0x48, 0x10,
  0x6c, 0x11, 0xdc, 0x11, 0x74, 0x10, 0x9c, 0x0d, 0x9c, 0x0a, 0x74, 0x09,
  0xa4, 0x09, 0x54, 0x08, 0xc8, 0x05, 0x2c, 0x03, 0x78, 0x00, 0x80, 0xfe,
  0xe8, 0xfd, 0x50, 0xfd, 0x84, 0xfb, 0xe8, 0xf8, 0xe0, 0xf6, 0x80, 0xf6,
  0x80, 0xf6, 0x60, 0xf7, 0x9c, 0xf8, 0x54, 0xf6, 0x60, 0xf3, 0xdc, 0xf4,
  0x7c, 0xf8, 0x24, 0xfa, 0x48, 0xfa, 0x70, 0xfa, 0x34, 0xfa, 0xfc, 0xfa,
  0x24, 0xfe, 0xc4, 0x00, 0x34, 0x01, 0xd4, 0x00, 0x04, 0x01, 0x7c, 0x01,
  0x58, 0x02, 0xdc, 0x03, 0x38, 0x04, 0xac, 0x03, 0xe0, 0x01, 0x74, 0xfe,
  0xe0, 0xfd, 0xec, 0xff, 0xdc, 0xfe, 0xf4, 0xfa, 0xec, 0xf7, 0xbc, 0xf5,
  0x54, 0xf4, 0xb8, 0xf5, 0x50, 0xf8, 0x74, 0xf7, 0xd0, 0xf3, 0x70, 0xf1,
  0x28, 0xf2, 0x44, 0xf5, 0x98, 0xf8, 0x8c, 0xfa, 0x24, 0xfa, 0xe4, 0xf7,
  0x34, 0xf8, 0xb4, 0xfd, 0xb4, 0x03, 0xec, 0x05, 0x74, 0x05, 0xb0, 0x05,
  0x5c, 0x07, 0x08, 0x09, 0xf8, 0x0c, 0x48, 0x12, 0x98, 0x12, 0x34, 0x0f,
  0x38, 0x0e, 0xcc, 0x0f, 0x60, 0x11, 0xc4, 0x12, 0xd0, 0x12, 0x08, 0x0f,
  0x88, 0x0a, 0xb8, 0x09, 0xc4, 0x0a, 0x64, 0x0a, 0x18, 0x08, 0xd4, 0x04,
  0x50, 0x01, 0xc0, 0xfe, 0x5c, 0xfe, 0xbc, 0xfe, 0x8c, 0xfd, 0x48, 0xfa,
  0xe4, 0xf6, 0x98, 0xf5, 0x34, 0xf6, 0xac, 0xf7, 0xc4, 0xf8, 0x5c, 0xf7,
  0xf8, 0xf3, 0x28, 0xf3, 0x54, 0xf6, 0xb0, 0xf9, 0xf4, 0xfa, 0xa4, 0xfa,
  0xe8, 0xf9, 0x08, 0xfa, 0x4c, 0xfc, 0xfc, 0xff, 0xf0, 0x01, 0xcc, 0x01,
  0x0c, 0x01, 0xe0, 0x00, 0xfc, 0x01, 0xbc, 0x03, 0x40, 0x05, 0x88, 0x04,
  0x20, 0x01, 0xa8, 0xfe, 0xdc, 0xfe, 0x58, 0xff, 0x90, 0xfe, 0x98, 0xfb,
  0xa8, 0xf8, 0xcc, 0xf6, 0x5c, 0xf3, 0x9c, 0xf5, 0x04, 0xfc, 0xd4, 0xf8,
  0x04, 0xf1, 0x7c, 0xf0, 0x68, 0xf4, 0xa8, 0xf6, 0x74, 0xf9, 0x0c, 0xfc,
  0x54, 0xf8, 0x2c, 0xf5, 0x48, 0xfa, 0xfc, 0x00, 0xd4, 0x03, 0xa8, 0x04,
  0x68, 0x05, 0xf8, 0x04, 0x20, 0x05, 0xcc, 0x09, 0xec, 0x0f, 0x00, 0x12,
  0x64, 0x0f, 0xb4, 0x0c, 0x50, 0x0d, 0x64, 0x0f, 0xf4, 0x11, 0x50, 0x13,
  0x90, 0x10, 0x38, 0x0b, 0xb0, 0x08, 0x68, 0x0a, 0x64, 0x0b, 0xd0, 0x09,
  0x18, 0x07, 0x0c, 0x03, 0x40, 0xff, 0x54, 0xfe, 0xc0, 0xff, 0xb8, 0xff,
  0x40, 0xfc, 0x64, 0xf8, 0x04, 0xf6, 0xb8, 0xf5, 0x9c, 0xf7, 0x4c, 0xf9,
  0x58, 0xf8, 0xc8, 0xf4, 0xb0, 0xf2, 0xb8, 0xf4, 0x30, 0xf8, 0x78, 0xfa,
  0xd0, 0xfa, 0x9c, 0xf9, 0xec, 0xf8, 0x4c, 0xfa, 0xf0, 0xfd, 0x30, 0x01,
  0xb0, 0x01, 0xc0, 0x00, 0x14, 0x00, 0x9c, 0x00, 0x94, 0x02, 0x7c, 0x04,
  0x18, 0x04, 0x64, 0x01, 0xc8, 0xfe, 0x04, 0xfe, 0x08, 0xfe, 0x78, 0xfd,
  0xe0, 0xfb, 0x1c, 0xf9, 0xac, 0xf5, 0x34, 0xf4, 0x74, 0xf7, 0x80, 0xfb,
  0xf0, 0xf8, 0xb8, 0xf2, 0xec, 0xf1, 0xa8, 0xf5, 0x40, 0xf9, 0xf4, 0xfb,
  0x70, 0xfc, 0xbc, 0xf9, 0x88, 0xf8, 0x3c, 0xfd, 0x50, 0x03, 0x08, 0x06,
  0xe8, 0x06, 0x0c, 0x07, 0x98, 0x06, 0xb8, 0x07, 0xa4, 0x0c, 0xe8, 0x11,
  0xa8, 0x12, 0x20, 0x10, 0x98, 0x0d, 0x80, 0x0e, 0x2c, 0x11, 0x9c, 0x11,
  0x38, 0x11, 0xdc, 0x0f, 0x7c, 0x0b, 0x10, 0x08, 0xf8, 0x08, 0x08, 0x0a,
  0xf8, 0x07, 0xec, 0x04, 0x00, 0x02, 0x5c, 0xfe, 0xd4, 0xfc, 0x48, 0xfe,
  0x28, 0xfe, 0xb4, 0xfa, 0x1c, 0xf7, 0xcc, 0xf5, 0x14, 0xf6, 0x5c, 0xf7,
  0x6c, 0xf8, 0x44, 0xf7, 0xbc, 0xf4, 0xcc, 0xf3, 0xc0, 0xf5, 0xd4, 0xf8,
  0x90, 0xfa, 0x90, 0xfa, 0x18, 0xfa, 0x10, 0xfa, 0x7c, 0xfb, 0x80, 0xfe,
  0x1c, 0x01, 0x88, 0x01, 0x74, 0x00, 0x00, 0x00, 0xec, 0x00, 0x54, 0x02,
  0x24, 0x03, 0x3c, 0x02, 0xd4, 0xff, 0xd0, 0xfd, 0x00, 0xfd, 0x74, 0xfc,
  0x70, 0xfb, 0x38, 0xfa, 0xfc, 0xf7, 0xf4, 0xf4, 0x24, 0xf6, 0x14, 0xfb,
  0x50, 0xfb, 0xa0, 0xf5, 0xc8, 0xf2, 0x60, 0xf7, 0xf4, 0xfb, 0xac, 0xfc,
  0xcc, 0xfd, 0xec, 0xfc, 0xbc, 0xfa, 0xd0, 0xfe, 0x78, 0x05, 0x70, 0x07,
  0xc8, 0x06, 0xac, 0x06, 0xac, 0x07, 0xd4, 0x09, 0xe4, 0x0c, 0x70, 0x0f,
  0x58, 0x0f, 0x48, 0x0e, 0xf8, 0x0d, 0xe8, 0x0c, 0x38, 0x0d, 0x9c, 0x0e,
  0x88, 0x0d, 0x44, 0x0b, 0xa4, 0x08, 0x8c, 0x06, 0x58, 0x06, 0x84, 0x05,
  0xc8, 0x03, 0xbc, 0x02, 0x34, 0x00, 0x28, 0xfd, 0xdc, 0xfc, 0x44, 0xfd,
  0xe0, 0xfb, 0x44, 0xfa, 0x3c, 0xf9, 0xe4, 0xf7, 0x38, 0xf8, 0x6c, 0xf9,
  0x10, 0xf9, 0x68, 0xf8, 0x0c, 0xf8, 0xa0, 0xf8, 0x90, 0xf9, 0xf4, 0xf9,
  0x6c, 0xfb, 0x30, 0xfd, 0x24, 0xfc, 0x38, 0xfb, 0x24, 0xfe, 0x00, 0x00,
  0x50, 0xff, 0xc8, 0xff, 0xdc, 0xff, 0xcc, 0xff, 0xf4, 0x00, 0x24, 0x00,
  0xf0, 0xfe, 0x40, 0xff, 0x90, 0xfd, 0x00, 0xfc, 0x40, 0xfc, 0xd0, 0xf9,
  0xa4, 0xf7, 0x54, 0xf8, 0xdc, 0xf5, 0x98, 0xf3, 0xe8, 0xf8, 0x08, 0xfd,
  0x98, 0xf7, 0xb8, 0xf2, 0x30, 0xf6, 0x24, 0xfb, 0x04, 0xfe, 0x38, 0x00,
  0x98, 0xfe, 0xc4, 0xfb, 0x58, 0xff, 0x48, 0x06, 0xb4, 0x08, 0x10, 0x08,
  0x18, 0x08, 0x20, 0x09, 0xbc, 0x0a, 0x2c, 0x0c, 0xe0, 0x0f, 0x10, 0x13,
  0x04, 0x10, 0xfc, 0x0b, 0x4c, 0x0d, 0x74, 0x0f, 0xe0, 0x0e, 0xd4, 0x0e,
  0xa8, 0x0d, 0x80, 0x08, 0xc0, 0x05, 0x28, 0x08, 0xfc, 0x07, 0x70, 0x04,
  0xc0, 0x02, 0x90, 0x01, 0x88, 0xfe, 0xd8, 0xfc, 0xc4, 0xfd, 0xc8, 0xfc,
  0x58, 0xfa, 0x80, 0xf9, 0x1c, 0xf9, 0x3c, 0xf8, 0xe0, 0xf7, 0x70, 0xf8,
  0x74, 0xf8, 0xb0, 0xf7, 0xac, 0xf7, 0xd4, 0xf8, 0x98, 0xf9, 0x9c, 0xf9,
  0x68, 0xfa, 0xac, 0xfb, 0xf4, 0xfb, 0x24, 0xfc, 0x60, 0xfd, 0x40, 0xfe,
  0x20, 0xfe, 0xb4, 0xfe, 0x7c, 0xff, 0xe8, 0xfe, 0xf0, 0xfd, 0xf0, 0xfd,
  0x98, 0xfd, 0x74, 0xfc, 0xa4, 0xfb, 0xa8, 0xfa, 0x10, 0xf9, 0x64, 0xf7,
  0x60, 0xf6, 0xd8, 0xf6, 0xa8, 0xfa, 0x98, 0xfc, 0x5c, 0xf6, 0x1c, 0xf2,
  0xb4, 0xf7, 0xc4, 0xfd, 0x34, 0xfe, 0x48, 0xfd, 0x5c, 0xfc, 0x88, 0xfb,
  0x90, 0xff, 0x44, 0x06, 0x4c, 0x07, 0x10, 0x05, 0xf4, 0x05, 0x6c, 0x08,
  0xc4, 0x09, 0xdc, 0x0b, 0x84, 0x0f, 0x84, 0x10, 0x6c, 0x0e, 0x0c, 0x0d,
  0xf8, 0x0d, 0x90, 0x0f, 0xa4, 0x0f, 0x5c, 0x0f, 0x9c, 0x0d, 0x18, 0x0a,
  0xb0, 0x08, 0x74, 0x09, 0x00, 0x09, 0x40, 0x06, 0x54, 0x04, 0x44, 0x03,
  0x84, 0x00, 0xc0, 0xfe, 0xc8, 0xfe, 0xa0, 0xfd, 0xa4, 0xfb, 0x60, 0xfa,
  0xf0, 0xf9, 0xa0, 0xf8, 0xb8, 0xf7, 0x7c, 0xf8, 0x14, 0xf8, 0x2c, 0xf7,
  0x5c, 0xf7, 0xfc, 0xf7, 0x3c, 0xf8, 0x70, 0xf8, 0x70, 0xf9, 0x68, 0xfa,
  0x88, 0xfa, 0x10, 0xfb, 0x28, 0xfc, 0xa0, 0xfc, 0x30, 0xfd, 0xe8, 0xfd,
  0x60, 0xfe, 0x28, 0xfe, 0x74, 0xfd, 0x88, 0xfd, 0x74, 0xfd, 0x48, 0xfc,
  0x04, 0xfc, 0xfc, 0xfa, 0x30, 0xf9, 0x44, 0xf9, 0x30, 0xf6, 0xe0, 0xf4,
  0x98, 0xfc, 0xd8, 0xfe, 0xa0, 0xf5, 0xa8, 0xf1, 0x30, 0xf8, 0xcc, 0xfc,
  0x58, 0xfd, 0xe4, 0xfe, 0x08, 0xfc, 0x94, 0xf8, 0xd4, 0xfe, 0x14, 0x06,
  0x64, 0x05, 0x3c, 0x03, 0x44, 0x05, 0xe8, 0x06, 0x44, 0x07, 0x8c, 0x0a,
  0x20, 0x0e, 0xd0, 0x0e, 0x20, 0x0d, 0x1c, 0x0c, 0xfc, 0x0c, 0x38, 0x0e,
  0xcc, 0x0e, 0x18, 0x0f, 0xa0, 0x0d, 0xcc, 0x09, 0xc4, 0x08, 0x0c, 0x0a,
  0x30, 0x09, 0xdc, 0x06, 0x6c, 0x04, 0x50, 0x02, 0x3c, 0x00, 0x54, 0xff,
  0x14, 0x00, 0xf0, 0xfd, 0x14, 0xfa, 0x68, 0xf9, 0x08, 0xfa, 0x44, 0xf9,
  0xdc, 0xf7, 0xa4, 0xf7, 0x30, 0xf7, 0x44, 0xf6, 0x70, 0xf7, 0x98, 0xf8,
  0xd0, 0xf7, 0xc4, 0xf7, 0x4c, 0xf9, 0x50, 0xfa, 0x68, 0xfa, 0x28, 0xfb,
  0x6c, 0xfc, 0xac, 0xfc, 0xf0, 0xfc, 0xf8, 0xfd, 0x38, 0xfe, 0x84, 0xfd,
  0x44, 0xfd, 0x60, 0xfd, 0xdc, 0xfc, 0xe8, 0xfb, 0x0c, 0xfb, 0x54, 0xfa,
  0x8c, 0xf8, 0x84, 0xf6, 0xd0, 0xf8, 0x3c, 0xfd, 0xb8, 0xfb, 0x28, 0xf6,
  0x70, 0xf5, 0x84, 0xf9, 0xdc, 0xfc, 0xa4, 0xfe, 0x58, 0xfe, 0x80, 0xfb,
  0xb0, 0xfb, 0x28, 0x01, 0x40, 0x05, 0xdc, 0x04, 0x94, 0x04, 0xe4, 0x05,
  0xf0, 0x06, 0x90, 0x08, 0xb8, 0x0b, 0xf8, 0x0d, 0x00, 0x0e, 0x28, 0x0d,
  0xe4, 0x0c, 0x80, 0x0d, 0x48, 0x0e, 0x10, 0x0f, 0xcc, 0x0e, 0xac, 0x0c,
  0x50, 0x0a, 0xd8, 0x09, 0xd8, 0x09, 0xac, 0x08, 0x3c, 0x07, 0x7c, 0x04,
  0xe8, 0x01, 0x40, 0x01, 0x60, 0x00, 0x08, 0xff, 0xa8, 0xfe, 0xd4, 0xfc,
  0x1c, 0xf9, 0x20, 0xf9, 0x9c, 0xfb, 0x14, 0xfa, 0x60, 0xf7, 0xb8, 0xf7,
  0x74, 0xf7, 0xf0, 0xf6, 0xfc, 0xf8, 0x88, 0xf9, 0x5c, 0xf7, 0x80, 0xf7,
  0xc8, 0xf9, 0x34, 0xfa, 0x1c, 0xfa, 0x08, 0xfb, 0x28, 0xfb, 0x28, 0xfb,
  0x10, 0xfc, 0x70, 0xfc, 0xf4, 0xfb, 0x88, 0xfb, 0x7c, 0xfb, 0x6c, 0xfb,
  0xe4, 0xfa, 0xc0, 0xf9, 0xf0, 0xf8, 0x58, 0xf8, 0xe8, 0xf7, 0xfc, 0xf9,
  0x78, 0xfc, 0xcc, 0xfa, 0xbc, 0xf7, 0x78, 0xf8, 0x90, 0xfb, 0xc8, 0xfd,
  0x54, 0xff, 0xe8, 0xfe, 0xf4, 0xfc, 0x60, 0xfe, 0xfc, 0x02, 0x84, 0x05,
  0x58, 0x05, 0x40, 0x05, 0xe0, 0x05, 0x74, 0x07, 0x34, 0x0a, 0xa4, 0x0c,
  0x48, 0x0d, 0x00, 0x0d, 0x20, 0x0d, 0xb4, 0x0d, 0x7c, 0x0e, 0x0c, 0x0f,
  0x24, 0x0f, 0xac, 0x0e, 0x40, 0x0d, 0xf4, 0x0b, 0xbc, 0x0b, 0x4c, 0x0b,
  0x28, 0x0a, 0x7c, 0x08, 0xf0, 0x05, 0xc8, 0x03, 0x18, 0x03, 0x88, 0x02,
  0x40, 0x01, 0xf0, 0xff, 0x30, 0xfd, 0x3c, 0xfa, 0x28, 0xfb, 0xb8, 0xfc,
  0x48, 0xfa, 0x90, 0xf7, 0x6c, 0xf7, 0x10, 0xf7, 0x3c, 0xf7, 0xdc, 0xf8,
  0xe0, 0xf7, 0x94, 0xf5, 0x48, 0xf6, 0x20, 0xf8, 0x68, 0xf8, 0x68, 0xf8,
  0xac, 0xf8, 0x30, 0xf8, 0xbc, 0xf8, 0xe0, 0xf9, 0xf4, 0xf9, 0x6c, 0xf9,
  0x00, 0xf9, 0x50, 0xf9, 0x68, 0xf9, 0x14, 0xf9, 0x48, 0xf8, 0x98, 0xf7,
  0x74, 0xf8, 0xcc, 0xf9, 0x88, 0xfb, 0x34, 0xfc, 0xe8, 0xf8, 0xc4, 0xf6,
  0x44, 0xfb, 0x90, 0xff, 0xd8, 0xfe, 0xdc, 0xfd, 0x0c, 0xfd, 0xd4, 0xfc,
  0x20, 0x01, 0x14, 0x06, 0x34, 0x05, 0x64, 0x02, 0x84, 0x03, 0x54, 0x06,
  0xf8, 0x08, 0xec, 0x0b, 0xf0, 0x0b, 0x68, 0x0a, 0x38, 0x0b, 0x20, 0x0d,
  0x38, 0x0f, 0xc4, 0x0e, 0x88, 0x0b, 0xe0, 0x0b, 0x7c, 0x0e, 0x50, 0x0d,
  0x2c, 0x0b, 0xbc, 0x0a, 0xd0, 0x08, 0x3c, 0x07, 0x90, 0x08, 0xf0, 0x06,
  0x4c, 0x02, 0xc4, 0x01, 0xc4, 0x02, 0x2c, 0x01, 0x58, 0xff, 0x88, 0xfd,
  0xb4, 0xfb, 0xb4, 0xfb, 0x74, 0xfc, 0xfc, 0xfa, 0x6c, 0xf8, 0xa4, 0xf7,
  0xe4, 0xf7, 0xdc, 0xf8, 0x04, 0xf9, 0x28, 0xf7, 0x48, 0xf6, 0x18, 0xf7,
  0xd8, 0xf7, 0xa8, 0xf8, 0xc8, 0xf8, 0x88, 0xf7, 0x50, 0xf7, 0xdc, 0xf8,
  0x70, 0xf9, 0xc0, 0xf8, 0xa0, 0xf8, 0x44, 0xf8, 0xdc, 0xf7, 0xbc, 0xf8,
  0xb0, 0xf8, 0x70, 0xf7, 0xec, 0xf7, 0x38, 0xf9, 0xc4, 0xfa, 0xac, 0xfc,
  0xd4, 0xfa, 0xe4, 0xf7, 0x74, 0xfa, 0xd0, 0xfe, 0xd8, 0xff, 0x8c, 0xff,
  0xa4, 0xfe, 0x6c, 0xfd, 0x90, 0x00, 0xf8, 0x05, 0x58, 0x06, 0x44, 0x04,
  0x44, 0x04, 0xa0, 0x05, 0xd4, 0x08, 0x44, 0x0c, 0x8c, 0x0c, 0xc8, 0x0a,
  0xdc, 0x0a, 0xd0, 0x0c, 0x80, 0x0e, 0xac, 0x0e, 0x60, 0x0c, 0x14, 0x0b,
  0x9c, 0x0c, 0xe4, 0x0c, 0x88, 0x0b, 0x34, 0x0a, 0x18, 0x08, 0xc8, 0x06,
  0x78, 0x07, 0x90, 0x06, 0x3c, 0x03, 0x8c, 0x01, 0x90, 0x01, 0xc0, 0x00,
  0xc4, 0xff, 0x58, 0xfe, 0xbc, 0xfb, 0x0c, 0xfb, 0x0c, 0xfd, 0xa0, 0xfc,
  0x58, 0xf9, 0x34, 0xf8, 0x94, 0xf8, 0x14, 0xf9, 0x6c, 0xfa, 0xcc, 0xf9,
  0x40, 0xf7, 0xd4, 0xf6, 0xa0, 0xf8, 0x38, 0xfa, 0x1c, 0xfa, 0xe4, 0xf8,
  0x04, 0xf8, 0x48, 0xf8, 0xec, 0xf9, 0x68, 0xfa, 0x5c, 0xf9, 0x4c, 0xf8,
  0xa4, 0xf7, 0x64, 0xf8, 0xf8, 0xf8, 0x1c, 0xf8, 0x84, 0xf7, 0x38, 0xf8,
  0xa4, 0xfa, 0x24, 0xfc, 0x68, 0xfa, 0x50, 0xf8, 0x94, 0xf9, 0x14, 0xfd,
  0x04, 0xff, 0x58, 0xff, 0x60, 0xfe, 0xec, 0xfc, 0x38, 0xff, 0xb4, 0x03,
  0x44, 0x05, 0x34, 0x04, 0x64, 0x03, 0x24, 0x04, 0x70, 0x06, 0xb0, 0x09,
  0xfc, 0x0a, 0x5c, 0x09, 0xe4, 0x08, 0x40, 0x0a, 0x34, 0x0b, 0xe8, 0x0b,
  0xdc, 0x0b, 0x50, 0x0a, 0x30, 0x09, 0xa8, 0x09, 0xe0, 0x09, 0x04, 0x09,
  0xb8, 0x07, 0x58, 0x06, 0x64, 0x05, 0xb4, 0x04, 0xb4, 0x03, 0x60, 0x02,
  0x88, 0x01, 0xd0, 0x00, 0xa4, 0xff, 0xa8, 0xfe, 0xb0, 0xfd, 0xf8, 0xfc,
  0x08, 0xfd, 0x20, 0xfd, 0x40, 0xfc, 0xcc, 0xfa, 0x58, 0xfa, 0x04, 0xfb,
  0xb0, 0xfb, 0xc8, 0xfb, 0xf8, 0xfa, 0x10, 0xfa, 0x7c, 0xfa, 0x9c, 0xfb,
  0x48, 0xfc, 0x54, 0xfc, 0x8c, 0xfb, 0xdc, 0xfa, 0xd0, 0xfb, 0xd4, 0xfc,
  0x68, 0xfc, 0xf8, 0xfb, 0x8c, 0xfb, 0xe8, 0xfa, 0x48, 0xfb, 0xe0, 0xfb,
  0x28, 0xfb, 0xe8, 0xfa, 0xe8, 0xfb, 0xc4, 0xfc, 0x5c, 0xfd, 0x80, 0xfc,
  0x30, 0xfb, 0x5c, 0xfc, 0x64, 0xfe, 0x44, 0xff, 0x58, 0xff, 0xe8, 0xfe,
  0x98, 0xfe, 0xec, 0xff, 0x94, 0x02, 0x9c, 0x03, 0x34, 0x03, 0xc4, 0x03,
  0x68, 0x04, 0x10, 0x05, 0xf4, 0x06, 0x28, 0x08, 0x88, 0x07, 0x44, 0x07,
  0x08, 0x08, 0x90, 0x08, 0x00, 0x09, 0x60, 0x09, 0xf8, 0x08, 0x74, 0x08,
  0x6c, 0x08, 0x30, 0x08, 0x98, 0x07, 0xd4, 0x06, 0xc8, 0x05, 0xe4, 0x04,
  0x64, 0x04, 0xd0, 0x03, 0xdc, 0x02, 0xc0, 0x01, 0xd0, 0x00, 0x3c, 0x00,
  0xb8, 0xff, 0xdc, 0xfe, 0x00, 0xfe, 0x88, 0xfd, 0x0c, 0xfd, 0xc8, 0xfc,
  0xbc, 0xfc, 0x40, 0xfc, 0xd8, 0xfb, 0xe0, 0xfb, 0xd8, 0xfb, 0xe8, 0xfb,
  0x2c, 0xfc, 0x1c, 0xfc, 0xf0, 0xfb, 0x20, 0xfc, 0x88, 0xfc, 0xbc, 0xfc,
  0xf4, 0xfc, 0x38, 0xfd, 0x30, 0xfd, 0x58, 0xfd, 0xd0, 0xfd, 0x00, 0xfe,
  0x08, 0xfe, 0x24, 0xfe, 0x10, 0xfe, 0xe8, 0xfd, 0x08, 0xfe, 0x14, 0xfe,
  0xac, 0xfd, 0x54, 0xfd, 0x58, 0xfd, 0x4c, 0xfd, 0x24, 0xfd, 0x6c, 0xfd,
  0x24, 0xfe, 0x90, 0xfe, 0x94, 0xfe, 0x54, 0xfe, 0x38, 0xfe, 0xc8, 0xfe,
  0x6c, 0xff, 0x08, 0x00, 0x8c, 0x00, 0x74, 0x00, 0x80, 0x00, 0x28, 0x01,
  0x00, 0x02, 0x94, 0x02, 0x28, 0x03, 0x9c, 0x03, 0xa8, 0x03, 0x34, 0x04,
  0x04, 0x05, 0x40, 0x05, 0x58, 0x05, 0x80, 0x05, 0x6c, 0x05, 0x6c, 0x05,
  0xcc, 0x05, 0xa4, 0x05, 0xa8, 0x04, 0xf8, 0x03, 0x9c, 0x03, 0x24, 0x03,
  0xd8, 0x02, 0x68, 0x02, 0x90, 0x01, 0xc0, 0x00, 0x88, 0x00, 0xa4, 0x00,
  0x74, 0x00, 0xe4, 0xff, 0x28, 0xff, 0xa8, 0xfe, 0xa8, 0xfe, 0xa0, 0xfe,
  0x64, 0xfe, 0x24, 0xfe, 0xa8, 0xfd, 0x44, 0xfd, 0x70, 0xfd, 0x94, 0xfd,
  0x64, 0xfd, 0x48, 0xfd, 0x38, 0xfd, 0x10, 0xfd, 0x18, 0xfd, 0x8c, 0xfd,
  0xc0, 0xfd, 0x78, 0xfd, 0x94, 0xfd, 0xd0, 0xfd, 0xc8, 0xfd, 0x14, 0xfe,
  0x80, 0xfe, 0x5c, 0xfe, 0x20, 0xfe, 0x74, 0xfe, 0xa4, 0xfe, 0x60, 0xfe,
  0x80, 0xfe, 0xc4, 0xfe, 0x64, 0xfe, 0x30, 0xfe, 0x98, 0xfe, 0xac, 0xfe,
  0xac, 0xfe, 0x2c, 0xff, 0x9c, 0xff, 0xa0, 0xff, 0xb8, 0xff, 0xe0, 0xff,
  0xf4, 0xff, 0x30, 0x00, 0x80, 0x00, 0xa8, 0x00, 0xe0, 0x00, 0x14, 0x01,
  0x20, 0x01, 0x50, 0x01, 0x90, 0x01, 0xd0, 0x01, 0x28, 0x02, 0x68, 0x02,
  0x98, 0x02, 0xb4, 0x02, 0xd4, 0x02, 0xf4, 0x02, 0x20, 0x03, 0x5c, 0x03,
  0x60, 0x03, 0x3c, 0x03, 0x34, 0x03, 0x2c, 0x03, 0xfc, 0x02, 0xc8, 0x02,
  0x78, 0x02, 0xe0, 0x01, 0x58, 0x01, 0x24, 0x01, 0xf0, 0x00, 0x74, 0x00,
  0xf8, 0xff, 0xa8, 0xff, 0x44, 0xff, 0x08, 0xff, 0x30, 0xff, 0x40, 0xff,
  0xf0, 0xfe, 0x98, 0xfe, 0x64, 0xfe, 0x40, 0xfe, 0x44, 0xfe, 0x68, 0xfe,
  0x48, 0xfe, 0xf8, 0xfd, 0xe0, 0xfd, 0xf4, 0xfd, 0xf8, 0xfd, 0x0c, 0xfe,
  0x44, 0xfe, 0x3c, 0xfe, 0x0c, 0xfe, 0x38, 0xfe, 0x7c, 0xfe, 0x80, 0xfe,
  0x9c, 0xfe, 0xdc, 0xfe, 0xe0, 0xfe, 0xd0, 0xfe, 0x08, 0xff, 0x34, 0xff,
  0x2c, 0xff, 0x30, 0xff, 0x38, 0xff, 0x3c, 0xff, 0x4c, 0xff, 0x50, 0xff,
  0x30, 0xff, 0x24, 0xff, 0x24, 0xff, 0x10, 0xff, 0x30, 0xff, 0x74, 0xff,
  0x90, 0xff, 0x98, 0xff, 0xac, 0xff, 0xdc, 0xff, 0x0c, 0x00, 0x20, 0x00,
  0x04, 0x00, 0xf8, 0xff, 0x14, 0x00, 0x50, 0x00, 0x88, 0x00, 0xac, 0x00,
  0xb0, 0x00, 0xb4, 0x00, 0xcc, 0x00, 0x00, 0x01, 0x48, 0x01, 0x70, 0x01,
  0x64, 0x01, 0x70, 0x01, 0xb4, 0x01, 0xe8, 0x01, 0xd8, 0x01, 0xe8, 0x01,
  0x80, 0x02, 0x48, 0x03, 0xc0, 0x03, 0xcc, 0x03, 0xa0, 0x03, 0x58, 0x03,
  0xe4, 0x02, 0x80, 0x02, 0x24, 0x02, 0xa4, 0x01, 0x0c, 0x01, 0x78, 0x00,
  0x30, 0x00, 0x10, 0x00, 0xc0, 0xff, 0x6c, 0xff, 0x2c, 0xff, 0xd8, 0xfe,
  0xa4, 0xfe, 0x90, 0xfe, 0x6c, 0xfe, 0x1c, 0xfe, 0x84, 0xfd, 0xd8, 0xfc,
  0x78, 0xfc, 0x64, 0xfc, 0x58, 0xfc, 0x30, 0xfc, 0x1c, 0xfc, 0x24, 0xfc,
  0x20, 0xfc, 0x5c, 0xfc, 0xb8, 0xfc, 0xe0, 0xfc, 0xe8, 0xfc, 0x10, 0xfd,
  0x70, 0xfd, 0xa8, 0xfd, 0xb4, 0xfd, 0x1c, 0xfe, 0x7c, 0xfe, 0x80, 0xfe,
  0xe0, 0xfe, 0x84, 0xff, 0xd0, 0xff, 0xe4, 0xff, 0x38, 0x00, 0x94, 0x00,
  0xbc, 0x00, 0x24, 0x01, 0x7c, 0x01, 0x60, 0x01, 0x98, 0x01, 0xf4, 0x01,
  0xe4, 0x01, 0x04, 0x02, 0x60, 0x02, 0x38, 0x02, 0x20, 0x02, 0x78, 0x02,
  0x70, 0x02, 0x30, 0x02, 0x4c, 0x02, 0x58, 0x02, 0x28, 0x02, 0x54, 0x02,
  0xb8, 0x02, 0xdc, 0x02, 0xd0, 0x02, 0xcc, 0x02, 0x8c, 0x02, 0xec, 0x01,
  0x64, 0x01, 0x00, 0x01, 0xa0, 0x00, 0x64, 0x00, 0x08, 0x00, 0x84, 0xff,
  0x38, 0xff, 0x1c, 0xff, 0x10, 0xff, 0xd8, 0xfe, 0x60, 0xfe, 0x30, 0xfe,
  0x5c, 0xfe, 0x60, 0xfe, 0x54, 0xfe, 0x18, 0xfe, 0x80, 0xfd, 0x24, 0xfd,
  0x20, 0xfd, 0x24, 0xfd, 0x10, 0xfd, 0xf0, 0xfc, 0xd8, 0xfc, 0xc8, 0xfc,
  0xf8, 0xfc, 0x38, 0xfd, 0x5c, 0xfd, 0x58, 0xfd, 0x54, 0xfd, 0x80, 0xfd,
  0xac, 0xfd, 0xf0, 0xfd, 0x34, 0xfe, 0x54, 0xfe, 0x68, 0xfe, 0xa0, 0xfe,
  0x1c, 0xff, 0x70, 0xff, 0x8c, 0xff, 0xd8, 0xff, 0x18, 0x00, 0x18, 0x00,
  0x64, 0x00, 0xd8, 0x00, 0xf8, 0x00, 0x30, 0x01, 0x78, 0x01, 0x84, 0x01,
  0x8c, 0x01, 0xcc, 0x01, 0x14, 0x02, 0x30, 0x02, 0x48, 0x02, 0x6c, 0x02,
  0x80, 0x02, 0x80, 0x02, 0x84, 0x02, 0x9c, 0x02, 0xc0, 0x02, 0xec, 0x02,
  0x3c, 0x03, 0x94, 0x03, 0xb8, 0x03, 0x74, 0x03, 0x14, 0x03, 0xf0, 0x02,
  0xf8, 0x02, 0x04, 0x03, 0xcc, 0x02, 0x54, 0x02, 0x04, 0x02, 0xcc, 0x01,
  0x88, 0x01, 0x5c, 0x01, 0x18, 0x01, 0x90, 0x00, 0x40, 0x00, 0x1c, 0x00,
  0xe0, 0xff, 0x9c, 0xff, 0x58, 0xff, 0xb0, 0xfe, 0xcc, 0xfd, 0x80, 0xfd,
  0x80, 0xfd, 0x30, 0xfd, 0xdc, 0xfc, 0xc0, 0xfc, 0x6c, 0xfc, 0xe8, 0xfb,
  0xb4, 0xfb, 0xb4, 0xfb, 0x88, 0xfb, 0x58, 0xfb, 0x68, 0xfb, 0x98, 0xfb,
  0x94, 0xfb, 0xa4, 0xfb, 0xf8, 0xfb, 0x20, 0xfc, 0x2c, 0xfc, 0x7c, 0xfc,
  0xf0, 0xfc, 0x28, 0xfd, 0x54, 0xfd, 0xc8, 0xfd, 0x44, 0xfe, 0x78, 0xfe,
  0xb4, 0xfe, 0x2c, 0xff, 0x94, 0xff, 0xec, 0xff, 0x54, 0x00, 0xc8, 0x00,
  0x14, 0x01, 0x40, 0x01, 0xac, 0x01, 0x28, 0x02, 0x58, 0x02, 0x98, 0x02,
  0xe8, 0x02, 0x08, 0x03, 0x7c, 0x03, 0x24, 0x04, 0x64, 0x04, 0x84, 0x04,
  0xa8, 0x04, 0x90, 0x04, 0x8c, 0x04, 0xd4, 0x04, 0x00, 0x05, 0xd8, 0x04,
  0x98, 0x04, 0x70, 0x04, 0x48, 0x04, 0x20, 0x04, 0xe0, 0x03, 0x90, 0x03,
  0x48, 0x03, 0x00, 0x03, 0xa8, 0x02, 0x48, 0x02, 0x20, 0x02, 0x00, 0x02,
  0xac, 0x01, 0x44, 0x01, 0xc4, 0x00, 0x54, 0x00, 0xf4, 0xff, 0x84, 0xff,
  0x38, 0xff, 0xe8, 0xfe, 0x40, 0xfe, 0xac, 0xfd, 0x58, 0xfd, 0xfc, 0xfc,
  0x9c, 0xfc, 0x60, 0xfc, 0x38, 0xfc, 0xf4, 0xfb, 0xbc, 0xfb, 0xcc, 0xfb,
  0xf0, 0xfb, 0xf0, 0xfb, 0xec, 0xfb, 0xe4, 0xfb, 0xec, 0xfb, 0x30, 0xfc,
  0x68, 0xfc, 0x54, 0xfc, 0x20, 0xfc, 0x2c, 0xfc, 0x7c, 0xfc, 0xe4, 0xfc,
  0x40, 0xfd, 0x88, 0xfd, 0xc0, 0xfd, 0xf0, 0xfd, 0x58, 0xfe, 0x1c, 0xff,
  0xcc, 0xff, 0x50, 0x00, 0xf4, 0x00, 0x60, 0x01, 0x88, 0x01, 0xf0, 0x01,
  0x8c, 0x02, 0x00, 0x03, 0x58, 0x03, 0xa0, 0x03, 0xbc, 0x03, 0xcc, 0x03,
  0x0c, 0x04, 0x58, 0x04, 0x64, 0x04, 0x40, 0x04, 0x40, 0x04, 0x48, 0x04,
  0x14, 0x04, 0x0c, 0x04, 0x70, 0x04, 0x7c, 0x04, 0xf8, 0x03, 0x9c, 0x03,
  0x58, 0x03, 0xe4, 0x02, 0x94, 0x02, 0x80, 0x02, 0x28, 0x02, 0x68, 0x01,
  0xbc, 0x00, 0x28, 0x00, 0x8c, 0xff, 0x18, 0xff, 0xc0, 0xfe, 0x6c, 0xfe,
  0xf8, 0xfd, 0x74, 0xfd, 0x30, 0xfd, 0x04, 0xfd, 0xb0, 0xfc, 0x80, 0xfc,
  0x88, 0xfc, 0x54, 0xfc, 0x1c, 0xfc, 0x18, 0xfc, 0xd8, 0xfb, 0x5c, 0xfb,
  0x24, 0xfb, 0x38, 0xfb, 0x58, 0xfb, 0x30, 0xfb, 0xe8, 0xfa, 0xd4, 0xfa,
  0xd4, 0xfa, 0x08, 0xfb, 0x80, 0xfb, 0xf8, 0xfb, 0x70, 0xfc, 0xf4, 0xfc,
  0x80, 0xfd, 0x00, 0xfe, 0x54, 0xfe, 0xb4, 0xfe, 0x54, 0xff, 0xe0, 0xff,
  0x34, 0x00, 0xc8, 0x00, 0xc4, 0x01, 0x88, 0x02, 0xe8, 0x02, 0x4c, 0x03,
  0xa0, 0x03, 0xf0, 0x03, 0x5c, 0x04, 0xb4, 0x04, 0x2c, 0x05, 0xc4, 0x05,
  0x1c, 0x06, 0x30, 0x06, 0x48, 0x06, 0x50, 0x06, 0x3c, 0x06, 0x8c, 0x06,
  0xe8, 0x06, 0xb8, 0x06, 0x44, 0x06, 0xd4, 0x05, 0x20, 0x05, 0x44, 0x04,
  0xe4, 0x03, 0x98, 0x03, 0xc0, 0x02, 0xdc, 0x01, 0x2c, 0x01, 0x50, 0x00,
  0x78, 0xff, 0x00, 0xff, 0x84, 0xfe, 0xac, 0xfd, 0x08, 0xfd, 0xc4, 0xfc,
  0x68, 0xfc, 0xf4, 0xfb, 0xb0, 0xfb, 0x70, 0xfb, 0x1c, 0xfb, 0xdc, 0xfa,
  0xb0, 0xfa, 0x64, 0xfa, 0xe4, 0xf9, 0x94, 0xf9, 0x88, 0xf9, 0x8c, 0xf9,
  0x58, 0xf9, 0xe4, 0xf8, 0x98, 0xf8, 0x9c, 0xf8, 0xdc, 0xf8, 0x50, 0xf9,
  0xc4, 0xf9, 0x5c, 0xfa, 0xf8, 0xfa, 0x80, 0xfb, 0x20, 0xfc, 0xa0, 0xfc,
  0x2c, 0xfd, 0xec, 0xfd, 0x90, 0xfe, 0x18, 0xff, 0x04, 0x00, 0x54, 0x01,
  0x50, 0x02, 0xf8, 0x02, 0x9c, 0x03, 0x1c, 0x04, 0xa0, 0x04, 0x20, 0x05,
  0xac, 0x05, 0x80, 0x06, 0x24, 0x07, 0x6c, 0x07, 0x98, 0x07, 0xb8, 0x07,
  0xd0, 0x07, 0xf4, 0x07, 0x34, 0x08, 0x74, 0x08, 0x60, 0x08, 0xfc, 0x07,
  0x60, 0x07, 0xac, 0x06, 0xf0, 0x05, 0x54, 0x05, 0xbc, 0x04, 0xd8, 0x03,
  0x14, 0x03, 0x98, 0x02, 0xf0, 0x01, 0x28, 0x01, 0x54, 0x00, 0x84, 0xff,
  0xb4, 0xfe, 0xc4, 0xfd, 0xe4, 0xfc, 0x2c, 0xfc, 0x80, 0xfb, 0xf0, 0xfa,
  0x70, 0xfa, 0xd8, 0xf9, 0x5c, 0xf9, 0x44, 0xf9, 0x18, 0xf9, 0x74, 0xf8,
  0xd4, 0xf7, 0xb4, 0xf7, 0xd0, 0xf7, 0xe8, 0xf7, 0x10, 0xf8, 0x28, 0xf8,
  0x04, 0xf8, 0x28, 0xf8, 0xd4, 0xf8, 0x54, 0xf9, 0x74, 0xf9, 0xb4, 0xf9,
  0x1c, 0xfa, 0x78, 0xfa, 0x38, 0xfb, 0x54, 0xfc, 0x24, 0xfd, 0xc8, 0xfd,
  0x9c, 0xfe, 0x88, 0xff, 0x8c, 0x00, 0xa4, 0x01, 0x9c, 0x02, 0x4c, 0x03,
  0xdc, 0x03, 0x8c, 0x04, 0x84, 0x05, 0x8c, 0x06, 0x4c, 0x07, 0xe8, 0x07,
  0x40, 0x08, 0x68, 0x08, 0xe8, 0x08, 0x70, 0x09, 0x78, 0x09, 0x78, 0x09,
  0x78, 0x09, 0x40, 0x09, 0x04, 0x09, 0xd4, 0x08, 0x88, 0x08, 0xfc, 0x07,
  0x88, 0x07, 0x18, 0x07, 0x6c, 0x06, 0xa0, 0x05, 0x84, 0x04, 0x5c, 0x03,
  0x98, 0x02, 0xf0, 0x01, 0x1c, 0x01, 0x38, 0x00, 0x6c, 0xff, 0xa0, 0xfe,
  0xf0, 0xfd, 0x64, 0xfd, 0xbc, 0xfc, 0xf0, 0xfb, 0x48, 0xfb, 0xc4, 0xfa,
  0x64, 0xfa, 0x18, 0xfa, 0xa4, 0xf9, 0xf0, 0xf8, 0x48, 0xf8, 0xf0, 0xf7,
  0xc8, 0xf7, 0xb8, 0xf7, 0xb4, 0xf7, 0x84, 0xf7, 0x4c, 0xf7, 0x64, 0xf7,
  0xd8, 0xf7, 0x50, 0xf8, 0xac, 0xf8, 0xe8, 0xf8, 0x30, 0xf9, 0xa4, 0xf9,
  0x68, 0xfa, 0x68, 0xfb, 0x48, 0xfc, 0x28, 0xfd, 0x2c, 0xfe, 0x48, 0xff,
  0x80, 0x00, 0xcc, 0x01, 0xf8, 0x02, 0xfc, 0x03, 0xe8, 0x04, 0xd8, 0x05,
  0xe4, 0x06, 0xec, 0x07, 0xc8, 0x08, 0x8c, 0x09, 0x24, 0x0a, 0x78, 0x0a,
  0xcc, 0x0a, 0x18, 0x0b, 0x24, 0x0b, 0x24, 0x0b, 0xf0, 0x0a, 0x8c, 0x0a,
  0x14, 0x0a, 0x80, 0x09, 0xc8, 0x08, 0x10, 0x08, 0x50, 0x07, 0x50, 0x06,
  0x50, 0x05, 0x3c, 0x04, 0xec, 0x02, 0xd8, 0x01, 0x18, 0x01, 0x48, 0x00,
  0x50, 0xff, 0x50, 0xfe, 0x84, 0xfd, 0x14, 0xfd, 0xc4, 0xfc, 0x34, 0xfc,
  0x7c, 0xfb, 0xcc, 0xfa, 0x58, 0xfa, 0x24, 0xfa, 0xe8, 0xf9, 0x50, 0xf9,
  0x58, 0xf8, 0x70, 0xf7, 0xcc, 0xf6, 0x68, 0xf6, 0x18, 0xf6, 0xbc, 0xf5,
  0x58, 0xf5, 0x20, 0xf5, 0x1c, 0xf5, 0x50, 0xf5, 0xbc, 0xf5, 0x30, 0xf6,
  0xa8, 0xf6, 0x3c, 0xf7, 0x10, 0xf8, 0x24, 0xf9, 0x78, 0xfa, 0xe4, 0xfb,
  0x4c, 0xfd, 0xb4, 0xfe, 0x28, 0x00, 0xc0, 0x01, 0x5c, 0x03, 0xe0, 0x04,
  0x40, 0x06, 0x7c, 0x07, 0xc0, 0x08, 0xf8, 0x09, 0x28, 0x0b, 0x30, 0x0c,
  0x94, 0x0c, 0x8c, 0x0c, 0x98, 0x0c, 0xb8, 0x0c, 0xac, 0x0c, 0x40, 0x0c,
  0xb4, 0x0b, 0x30, 0x0b, 0x84, 0x0a, 0xcc, 0x09, 0x08, 0x09, 0x1c, 0x08,
  0x18, 0x07, 0x18, 0x06, 0xe8, 0x04, 0x8c, 0x03, 0x54, 0x02, 0x6c, 0x01,
  0x94, 0x00, 0x9c, 0xff, 0x94, 0xfe, 0xa8, 0xfd, 0x08, 0xfd, 0xb0, 0xfc,
  0x40, 0xfc, 0x90, 0xfb, 0xd8, 0xfa, 0x44, 0xfa, 0xf4, 0xf9, 0xb4, 0xf9,
  0x10, 0xf9, 0x08, 0xf8, 0xf8, 0xf6, 0x10, 0xf6, 0x5c, 0xf5, 0xd0, 0xf4,
  0x3c, 0xf4, 0x98, 0xf3, 0x18, 0xf3, 0xe0, 0xf2, 0xf0, 0xf2, 0x38, 0xf3,
  0xa4, 0xf3, 0x24, 0xf4, 0xc4, 0xf4, 0xb0, 0xf5, 0xec, 0xf6, 0x64, 0xf8,
  0x04, 0xfa, 0xa8, 0xfb, 0x58, 0xfd, 0x18, 0xff, 0xec, 0x00, 0xcc, 0x02,
  0x98, 0x04, 0x40, 0x06, 0xc0, 0x07, 0x3c, 0x09, 0xb0, 0x0a, 0x10, 0x0c,
  0x48, 0x0d, 0x04, 0x0e, 0x34, 0x0e, 0x28, 0x0e, 0x2c, 0x0e, 0x34, 0x0e,
  0xb4, 0x0d, 0xac, 0x0c, 0xa4, 0x0b, 0xb0, 0x0a, 0xc0, 0x09, 0xa8, 0x08,
  0x74, 0x07, 0x64, 0x06, 0x54, 0x05, 0x28, 0x04, 0xf8, 0x02, 0xd0, 0x01,
  0xd8, 0x00, 0x24, 0x00, 0x68, 0xff, 0x88, 0xfe, 0xb0, 0xfd, 0x14, 0xfd,
  0xc4, 0xfc, 0x7c, 0xfc, 0x04, 0xfc, 0x6c, 0xfb, 0xe4, 0xfa, 0x90, 0xfa,
  0x5c, 0xfa, 0xec, 0xf9, 0x24, 0xf9, 0x30, 0xf8, 0x48, 0xf7, 0x98, 0xf6,
  0x08, 0xf6, 0x80, 0xf5, 0xe4, 0xf4, 0x58, 0xf4, 0x08, 0xf4, 0xf8, 0xf3,
  0x24, 0xf4, 0x74, 0xf4, 0xdc, 0xf4, 0x64, 0xf5, 0x2c, 0xf6, 0x38, 0xf7,
  0x84, 0xf8, 0xfc, 0xf9, 0x88, 0xfb, 0x1c, 0xfd, 0xbc, 0xfe, 0x74, 0x00,
  0x38, 0x02, 0xf4, 0x03, 0x94, 0x05, 0x14, 0x07, 0x7c, 0x08, 0xdc, 0x09,
  0x2c, 0x0b, 0x54, 0x0c, 0x10, 0x0d, 0x5c, 0x0d, 0x70, 0x0d, 0x70, 0x0d,
  0x7c, 0x0d, 0x28, 0x0d, 0x4c, 0x0c, 0x68, 0x0b, 0xa4, 0x0a, 0xd8, 0x09,
  0xe0, 0x08, 0xc0, 0x07, 0xc0, 0x06, 0xd4, 0x05, 0xc8, 0x04, 0xa8, 0x03,
  0x7c, 0x02, 0x78, 0x01, 0xbc, 0x00, 0x08, 0x00, 0x38, 0xff, 0x50, 0xfe,
  0x9c, 0xfd, 0x38, 0xfd, 0xf4, 0xfc, 0x90, 0xfc, 0xf8, 0xfb, 0x5c, 0xfb,
  0xf0, 0xfa, 0xb4, 0xfa, 0x4c, 0xfa, 0x8c, 0xf9, 0x88, 0xf8, 0x8c, 0xf7,
  0xc0, 0xf6, 0x1c, 0xf6, 0x7c, 0xf5, 0xc8, 0xf4, 0x1c, 0xf4, 0xb8, 0xf3,
  0x80, 0xf3, 0x84, 0xf3, 0x08, 0xf4, 0xb8, 0xf4, 0x4c, 0xf5, 0x10, 0xf6,
  0x1c, 0xf7, 0x7c, 0xf8, 0x2c, 0xfa, 0xe8, 0xfb, 0x94, 0xfd, 0x0c, 0xff,
  0x8c, 0x00, 0x98, 0x02, 0xd4, 0x04, 0xa8, 0x06, 0x1c, 0x08, 0x64, 0x09,
  0xc4, 0x0a, 0x44, 0x0c, 0xac, 0x0d, 0x88, 0x0e, 0xb0, 0x0e, 0x84, 0x0e,
  0x70, 0x0e, 0x68, 0x0e, 0x10, 0x0e, 0x20, 0x0d, 0xe4, 0x0b, 0xb8, 0x0a,
  0xb4, 0x09, 0xa8, 0x08, 0x80, 0x07, 0x5c, 0x06, 0x3c, 0x05, 0x24, 0x04,
  0x08, 0x03, 0xf0, 0x01, 0x00, 0x01, 0x48, 0x00, 0xac, 0xff, 0xfc, 0xfe,
  0x38, 0xfe, 0x98, 0xfd, 0x48, 0xfd, 0x24, 0xfd, 0xe4, 0xfc, 0x68, 0xfc,
  0xd8, 0xfb, 0x6c, 0xfb, 0x3c, 0xfb, 0xf0, 0xfa, 0x48, 0xfa, 0x48, 0xf9,
  0x38, 0xf8, 0x50, 0xf7, 0xa4, 0xf6, 0xf8, 0xf5, 0x30, 0xf5, 0x70, 0xf4,
  0xcc, 0xf3, 0x88, 0xf3, 0x8c, 0xf3, 0x9c, 0xf3, 0x78, 0xf4, 0x90, 0xf5,
  0x00, 0xf6, 0xa4, 0xf6, 0xd0, 0xf7, 0x68, 0xf9, 0x38, 0xfb, 0xe8, 0xfc,
  0x40, 0xfe, 0x50, 0xff, 0xd4, 0x00, 0x0c, 0x03, 0x40, 0x05, 0xd4, 0x06,
  0xe8, 0x07, 0xec, 0x08, 0x50, 0x0a, 0xf0, 0x0b, 0x34, 0x0d, 0xb8, 0x0d,
  0x98, 0x0d, 0x50, 0x0d, 0x40, 0x0d, 0x40, 0x0d, 0xc8, 0x0c, 0xbc, 0x0b,
  0x70, 0x0a, 0x54, 0x09, 0x60, 0x08, 0x6c, 0x07, 0x6c, 0x06, 0x64, 0x05,
  0x5c, 0x04, 0x5c, 0x03, 0x68, 0x02, 0x88, 0x01, 0xe0, 0x00, 0x60, 0x00,
  0xe0, 0xff, 0x44, 0xff, 0x9c, 0xfe, 0x3c, 0xfe, 0x20, 0xfe, 0x24, 0xfe,
  0xe8, 0xfd, 0x60, 0xfd, 0xdc, 0xfc, 0x8c, 0xfc, 0x6c, 0xfc, 0x1c, 0xfc,
  0x50, 0xfb, 0x30, 0xfa, 0x10, 0xf9, 0x30, 0xf8, 0x88, 0xf7, 0xb8, 0xf6,
  0xd0, 0xf5, 0xdc, 0xf4, 0x28, 0xf4, 0xe8, 0xf3, 0xac, 0xf3, 0xf0, 0xf3,
  0xc0, 0xf4, 0x20, 0xf5, 0x70, 0xf5, 0x40, 0xf6, 0x70, 0xf7, 0x00, 0xf9,
  0x98, 0xfa, 0x04, 0xfc, 0x28, 0xfd, 0x58, 0xfe, 0x2c, 0x00, 0x54, 0x02,
  0x4c, 0x04, 0xb8, 0x05, 0xcc, 0x06, 0x08, 0x08, 0x9c, 0x09, 0x30, 0x0b,
  0x50, 0x0c, 0xc4, 0x0c, 0xb4, 0x0c, 0xa0, 0x0c, 0xb8, 0x0c, 0xb8, 0x0c,
  0x38, 0x0c, 0x38, 0x0b, 0x14, 0x0a, 0x14, 0x09, 0x38, 0x08, 0x70, 0x07,
  0x88, 0x06, 0x84, 0x05, 0x98, 0x04, 0x98, 0x03, 0x88, 0x02, 0xb0, 0x01,
  0x10, 0x01, 0x80, 0x00, 0xd8, 0xff, 0x14, 0xff, 0x60, 0xfe, 0xf8, 0xfd,
  0xe4, 0xfd, 0xd8, 0xfd, 0x70, 0xfd, 0xd0, 0xfc, 0x58, 0xfc, 0xfc, 0xfb,
  0xa8, 0xfb, 0x2c, 0xfb, 0x40, 0xfa, 0x10, 0xf9, 0xf0, 0xf7, 0x0c, 0xf7,
  0x40, 0xf6, 0x68, 0xf5, 0x88, 0xf4, 0xb0, 0xf3, 0x1c, 0xf3, 0xd4, 0xf2,
  0xd4, 0xf2, 0x50, 0xf3, 0x10, 0xf4, 0x9c, 0xf4, 0x20, 0xf5, 0x04, 0xf6,
  0x5c, 0xf7, 0x00, 0xf9, 0xa8, 0xfa, 0x14, 0xfc, 0x44, 0xfd, 0xa4, 0xfe,
  0x88, 0x00, 0xb4, 0x02, 0x94, 0x04, 0xfc, 0x05, 0x20, 0x07, 0x70, 0x08,
  0x0c, 0x0a, 0x8c, 0x0b, 0x90, 0x0c, 0xf0, 0x0c, 0xe8, 0x0c, 0xe4, 0x0c,
  0xf8, 0x0c, 0xe0, 0x0c, 0x4c, 0x0c, 0x48, 0x0b, 0x2c, 0x0a, 0x30, 0x09,
  0x58, 0x08, 0x80, 0x07, 0x94, 0x06, 0x94, 0x05, 0x98, 0x04, 0xa8, 0x03,
  0xb4, 0x02, 0xc8, 0x01, 0x04, 0x01, 0x58, 0x00, 0xa0, 0xff, 0xdc, 0xfe,
  0x28, 0xfe, 0xb0, 0xfd, 0x78, 0xfd, 0x50, 0xfd, 0xfc, 0xfc, 0x7c, 0xfc,
  0x0c, 0xfc, 0xc0, 0xfb, 0x78, 0xfb, 0x00, 0xfb, 0x38, 0xfa, 0x3c, 0xf9,
  0x44, 0xf8, 0x74, 0xf7, 0xb4, 0xf6, 0xe0, 0xf5, 0x0c, 0xf5, 0x50, 0xf4,
  0xd0, 0xf3, 0x98, 0xf3, 0x88, 0xf3, 0xd8, 0xf3, 0x60, 0xf4, 0x10, 0xf5,
  0xdc, 0xf5, 0x6c, 0xf6, 0x38, 0xf7, 0x94, 0xf8, 0x20, 0xfa, 0x94, 0xfb,
  0xc0, 0xfc, 0xdc, 0xfd, 0x44, 0xff, 0x18, 0x01, 0x18, 0x03, 0xb8, 0x04,
  0xe0, 0x05, 0xfc, 0x06, 0x58, 0x08, 0xe4, 0x09, 0x34, 0x0b, 0xe0, 0x0b,
  0x0c, 0x0c, 0x10, 0x0c, 0x2c, 0x0c, 0x40, 0x0c, 0xfc, 0x0b, 0x48, 0x0b,
  0x54, 0x0a, 0x68, 0x09, 0xa4, 0x08, 0xe0, 0x07, 0x0c, 0x07, 0x2c, 0x06,
  0x4c, 0x05, 0x74, 0x04, 0x90, 0x03, 0xa4, 0x02, 0xcc, 0x01, 0x20, 0x01,
  0x8c, 0x00, 0xd8, 0xff, 0x24, 0xff, 0x88, 0xfe, 0x30, 0xfe, 0x14, 0xfe,
  0xdc, 0xfd, 0x84, 0xfd, 0x0c, 0xfd, 0x58, 0xfc, 0xcc, 0xfb, 0x6c, 0xfb,
  0xcc, 0xfa, 0x0c, 0xfa, 0x48, 0xf9, 0x9c, 0xf8, 0x0c, 0xf8, 0x8c, 0xf7,
  0x2c, 0xf7, 0xd8, 0xf6, 0xac, 0xf6, 0xb0, 0xf6, 0xc8, 0xf6, 0x04, 0xf7,
  0x60, 0xf7, 0xc8, 0xf7, 0x64, 0xf8, 0x28, 0xf9, 0xfc, 0xf9, 0xbc, 0xfa,
  0x2c, 0xfb, 0x9c, 0xfb, 0x14, 0xfc, 0xf8, 0xfc, 0xc8, 0xfe, 0x68, 0x00,
  0xe4, 0x00, 0x6c, 0x01, 0x08, 0x03, 0xcc, 0x04, 0x04, 0x06, 0xd0, 0x06,
  0x40, 0x07, 0x94, 0x07, 0x28, 0x08, 0xd8, 0x08, 0x24, 0x09, 0xf8, 0x08,
  0xa0, 0x08, 0x48, 0x08, 0x04, 0x08, 0xbc, 0x07, 0x4c, 0x07, 0xf0, 0x06,
  0x9c, 0x06, 0x1c, 0x06, 0x70, 0x05, 0xec, 0x04, 0xa8, 0x04, 0x6c, 0x04,
  0x08, 0x04, 0x58, 0x03, 0x5c, 0x02, 0x84, 0x01, 0x08, 0x01, 0xc8, 0x00,
  0x64, 0x00, 0xcc, 0xff, 0x2c, 0xff, 0xac, 0xfe, 0x70, 0xfe, 0x40, 0xfe,
  0xf8, 0xfd, 0x8c, 0xfd, 0xd0, 0xfc, 0xd8, 0xfb, 0x04, 0xfb, 0x84, 0xfa,
  0x18, 0xfa, 0x90, 0xf9, 0xdc, 0xf8, 0x14, 0xf8, 0x70, 0xf7, 0x14, 0xf7,
  0xfc, 0xf6, 0xf4, 0xf6, 0xdc, 0xf6, 0xcc, 0xf6, 0xdc, 0xf6, 0x30, 0xf7,
  0xb8, 0xf7, 0x4c, 0xf8, 0x0c, 0xf9, 0x7c, 0xf9, 0xb4, 0xf9, 0xf4, 0xfa,
  0x6c, 0xfd, 0x74, 0xff, 0x24, 0x00, 0x2c, 0x00, 0x94, 0x00, 0xd8, 0x01,
  0xc0, 0x03, 0x50, 0x05, 0xc0, 0x05, 0xb4, 0x05, 0x08, 0x06, 0x80, 0x06,
  0x18, 0x07, 0xf8, 0x07, 0x70, 0x08, 0x6c, 0x08, 0x34, 0x08, 0xac, 0x07,
  0x38, 0x07, 0x30, 0x07, 0xb4, 0x07, 0xe4, 0x07, 0x04, 0x07, 0xf8, 0x05,
  0x7c, 0x05, 0x60, 0x05, 0x50, 0x05, 0x04, 0x05, 0x7c, 0x04, 0xb4, 0x03,
  0x8c, 0x02, 0xb4, 0x01, 0x88, 0x01, 0x4c, 0x01, 0xf4, 0x00, 0x80, 0x00,
  0xd0, 0xff, 0x10, 0xff, 0x70, 0xfe, 0x40, 0xfe, 0x3c, 0xfe, 0xdc, 0xfd,
  0xe8, 0xfc, 0xdc, 0xfb, 0x38, 0xfb, 0xe8, 0xfa, 0xdc, 0xfa, 0xb8, 0xfa,
  0x3c, 0xfa, 0xc4, 0xf9, 0x5c, 0xf9, 0x08, 0xf9, 0x00, 0xf9, 0x54, 0xf9,
  0xb0, 0xf9, 0xbc, 0xf9, 0x94, 0xf9, 0x9c, 0xf9, 0x20, 0xfa, 0xcc, 0xfa,
  0x28, 0xfb, 0xa0, 0xfb, 0xf0, 0xfb, 0xbc, 0xfb, 0xf8, 0xfb, 0x20, 0xfd,
  0xc4, 0xfe, 0x18, 0x00, 0x70, 0x00, 0xbc, 0x00, 0xa0, 0x01, 0x98, 0x02,
  0x68, 0x03, 0x18, 0x04, 0x88, 0x04, 0xac, 0x04, 0xc8, 0x04, 0x04, 0x05,
  0x60, 0x05, 0xd4, 0x05, 0x44, 0x06, 0x64, 0x06, 0x24, 0x06, 0xc4, 0x05,
  0x84, 0x05, 0x90, 0x05, 0xac, 0x05, 0x74, 0x05, 0x00, 0x05, 0x7c, 0x04,
  0xf4, 0x03, 0x98, 0x03, 0x70, 0x03, 0x44, 0x03, 0xe4, 0x02, 0x68, 0x02,
  0xc8, 0x01, 0x24, 0x01, 0xb0, 0x00, 0x68, 0x00, 0x34, 0x00, 0xf0, 0xff,
  0x84, 0xff, 0x04, 0xff, 0x94, 0xfe, 0x48, 0xfe, 0x20, 0xfe, 0x04, 0xfe,
  0xd4, 0xfd, 0x7c, 0xfd, 0x14, 0xfd, 0xc0, 0xfc, 0x90, 0xfc, 0x90, 0xfc,
  0xa4, 0xfc, 0x98, 0xfc, 0x6c, 0xfc, 0x40, 0xfc, 0x2c, 0xfc, 0x28, 0xfc,
  0x3c, 0xfc, 0x64, 0xfc, 0xa0, 0xfc, 0xd0, 0xfc, 0xe4, 0xfc, 0x00, 0xfd,
  0x44, 0xfd, 0xa0, 0xfd, 0xfc, 0xfd, 0x3c, 0xfe, 0x4c, 0xfe, 0x60, 0xfe,
  0xbc, 0xfe, 0x60, 0xff, 0xec, 0xff, 0x44, 0x00, 0xa0, 0x00, 0xec, 0x00,
  0x0c, 0x01, 0x1c, 0x01, 0x54, 0x01, 0xc4, 0x01, 0x30, 0x02, 0x58, 0x02,
  0x4c, 0x02, 0x44, 0x02, 0x64, 0x02, 0xa4, 0x02, 0xd0, 0x02, 0xe0, 0x02,
  0xc4, 0x02, 0x88, 0x02, 0x58, 0x02, 0x50, 0x02, 0x54, 0x02, 0x54, 0x02,
  0x4c, 0x02, 0x18, 0x02, 0xe8, 0x01, 0xa0, 0x01, 0x88, 0x01, 0x8c, 0x01,
  0x60, 0x01, 0x4c, 0x01, 0xe4, 0x00, 0x94, 0x00, 0x7c, 0x00, 0x44, 0x00,
  0x50, 0x00, 0x60, 0x00, 0xd4, 0xff, 0x54, 0x00, 0x14, 0x03, 0x78, 0x04,
  0x24, 0x03, 0x9c, 0xff, 0x8c, 0xfb, 0x64, 0xfb, 0x20, 0xfe, 0x7c, 0x00,
  0xa8, 0x00, 0xf0, 0xfe, 0x24, 0xfd, 0x9c, 0xfb, 0xe0, 0xfb, 0x64, 0xfd,
  0xdc, 0xfe, 0x3c, 0xff, 0xf4, 0xfd, 0xe8, 0xfb, 0x6c, 0xfa, 0x34, 0xfb,
  0x24, 0xfd, 0xe8, 0xfe, 0x40, 0xff, 0xf0, 0xfd, 0x54, 0xfc, 0xd0, 0xfb,
  0xfc, 0xfc, 0xc8, 0xfe, 0x48, 0x00, 0x90, 0x00, 0xa8, 0xff, 0x8c, 0xfe,
  0x50, 0xfe, 0x20, 0xff, 0xc4, 0x00, 0x14, 0x02, 0x30, 0x02, 0x4c, 0x01,
  0x44, 0x00, 0x48, 0x00, 0x24, 0x01, 0x94, 0x02, 0x5c, 0x03, 0x1c, 0x03,
  0x3c, 0x02, 0x44, 0x01, 0x3c, 0x01, 0xe0, 0x01, 0xdc, 0x02, 0x64, 0x03,
  0xec, 0x02, 0x1c, 0x02, 0x44, 0x01, 0x40, 0x01, 0xe8, 0x01, 0x88, 0x02,
  0xe0, 0x02, 0x20, 0x02, 0x48, 0x01, 0x98, 0x00, 0x70, 0x00, 0x2c, 0x01,
  0x7c, 0x01, 0xac, 0x01, 0x14, 0x01, 0xf8, 0xff, 0x74, 0xff, 0x3c, 0xff,
  0xd4, 0xff, 0x1c, 0x00, 0x14, 0x00, 0xb4, 0xff, 0x2c, 0xff, 0x18, 0xff,
  0x2c, 0xff, 0x9c, 0xff, 0xd4, 0xff, 0xd0, 0xff, 0x90, 0xff, 0x60, 0xff,
  0x6c, 0xff, 0xb0, 0xff, 0x30, 0x00, 0xf0, 0xff, 0x5c, 0x01, 0xd4, 0x05,
  0x14, 0x07, 0x30, 0x03, 0xfc, 0xfd, 0x6c, 0xfb, 0x58, 0xfd, 0xb4, 0x00,
  0x58, 0x02, 0x88, 0x01, 0xa0, 0xff, 0xb8, 0xfd, 0x68, 0xfc, 0xf8, 0xfc,
  0x00, 0xff, 0x80, 0x00, 0x20, 0x00, 0x6c, 0xfe, 0x10, 0xfd, 0x18, 0xfd,
  0xac, 0xfe, 0x30, 0x00, 0xc0, 0x00, 0x38, 0x00, 0x30, 0xff, 0xb0, 0xfe,
  0xdc, 0xfe, 0x1c, 0x00, 0x0c, 0x01, 0xa8, 0x01, 0xfc, 0x00, 0xe4, 0xff,
  0xb8, 0x01, 0x94, 0x03, 0x0c, 0x03, 0x68, 0x01, 0x9c, 0x00, 0xb8, 0x00,
  0xd0, 0x00, 0xe8, 0x00, 0xe4, 0x00, 0x04, 0x01, 0x9c, 0x00, 0xa0, 0xff,
  0x04, 0xff, 0x20, 0xff, 0xdc, 0xff, 0xcc, 0xff, 0x64, 0xff, 0x0c, 0xff,
  0xa8, 0xfe, 0xe0, 0xfe, 0x20, 0xff, 0x74, 0xff, 0xac, 0xff, 0x84, 0xff,
  0x80, 0xff, 0x4c, 0xff, 0x64, 0xff, 0xc0, 0xff, 0xec, 0xff, 0x28, 0x00,
  0xd8, 0xff, 0x80, 0xff, 0xc4, 0xff, 0xd0, 0xff, 0x10, 0x00, 0x80, 0x00,
  0x20, 0x00, 0x54, 0xff, 0x44, 0xff, 0xac, 0xff, 0xe4, 0xff, 0x38, 0x00,
  0x74, 0x00, 0x0c, 0x00, 0x34, 0xff, 0x24, 0xff, 0xbc, 0xff, 0x18, 0x00,
  0x08, 0x00, 0xcc, 0xff, 0x0c, 0x00, 0x2c, 0x00, 0x0c, 0x00, 0x04, 0x00,
  0x0c, 0x00, 0xd4, 0xff, 0x4c, 0xff, 0xb0, 0xff, 0x30, 0x00, 0x0c, 0x00,
  0x8c, 0xff, 0x3c, 0xff, 0x0c, 0x00, 0x88, 0x00, 0xf4, 0xff, 0x24, 0xff,
  0xf0, 0xfe, 0xb8, 0xff, 0x34, 0x00, 0x80, 0x00, 0x78, 0x00, 0xfc, 0xff,
  0x98, 0xff, 0xec, 0xfe, 0x58, 0xff, 0x40, 0x00, 0x88, 0x00, 0x2c, 0x00,
  0xb0, 0xff, 0x50, 0x00, 0x2c, 0x00, 0x84, 0xff, 0x40, 0x00, 0xe4, 0x02,
  0xe4, 0x04, 0x68, 0x03, 0x44, 0x00, 0x98, 0xfe, 0x40, 0xff, 0x1c, 0x00,
  0x3c, 0x00, 0x44, 0x00, 0x5c, 0x00, 0xb4, 0xff, 0xb8, 0xfe, 0x80, 0xfe,
  0xec, 0xfe, 0xa8, 0xff, 0xe8, 0xff, 0x48, 0xff, 0xec, 0xfe, 0x84, 0xff,
  0x98, 0x00, 0xa4, 0x00, 0xb0, 0xff, 0x44, 0xff, 0x38, 0xff, 0x08, 0x00,
  0x50, 0x00, 0x04, 0xff, 0x28, 0xfe, 0xb8, 0xfe, 0x44, 0x00, 0x74, 0x00,
  0x8c, 0xff, 0x7c, 0xff, 0xd0, 0xff, 0x7c, 0xff, 0xd0, 0xff, 0x68, 0x00,
  0x24, 0x00, 0x74, 0x00, 0x0c, 0x00, 0x78, 0xff, 0x58, 0xff, 0x08, 0x00,
  0x84, 0x00, 0xe8, 0xff, 0xe0, 0xff, 0x18, 0x00, 0xfc, 0xff, 0x78, 0xff,
  0x70, 0x00, 0xbc, 0x01, 0x74, 0x01, 0x8c, 0x00, 0x80, 0xff, 0x18, 0xff,
  0xcc, 0xff, 0x54, 0x00, 0xf0, 0xff, 0x9c, 0xff, 0xf8, 0xff, 0x04, 0x00,
  0x30, 0xff, 0x5c, 0xff, 0xfc, 0xff, 0xf4, 0xff, 0xb4, 0xff, 0x70, 0xff,
  0x0c, 0x00, 0x88, 0x00, 0x50, 0x00, 0x9c, 0xff, 0xb8, 0xff, 0xd0, 0xff,
  0x98, 0xff, 0x04, 0x00, 0x94, 0x00, 0x18, 0x01, 0xf8, 0x00, 0x58, 0x01,
  0xac, 0x00, 0x24, 0xff, 0x68, 0xff, 0xe4, 0xff, 0x4c, 0x00, 0x80, 0x00,
  0xcc, 0xff, 0x70, 0xff, 0x48, 0xff, 0xa0, 0xff, 0xd4, 0xff, 0xa8, 0xff,
  0xc4, 0xff, 0xf8, 0xff, 0x04, 0x00, 0xb0, 0xff, 0xc8, 0xff, 0x50, 0x00,
  0x6c, 0x00, 0x74, 0xff, 0x5c, 0xff, 0x5c, 0x00, 0x38, 0x00, 0x68, 0xfe,
  0xc4, 0xfd, 0x38, 0xff, 0x10, 0x00, 0x80, 0xff, 0x20, 0xff, 0x54, 0x00,
  0xb8, 0x00, 0xb8, 0xff, 0x7c, 0xff, 0xe0, 0xff, 0x08, 0x00, 0x98, 0x00,
  0x94, 0x00, 0x40, 0x00, 0x54, 0x00, 0xcc, 0xff, 0x64, 0xff, 0xf8, 0xfe,
  0x8c, 0xff, 0x38, 0x00, 0x14, 0x00, 0x28, 0x00, 0xbc, 0xff, 0xc4, 0xff,
  0x18, 0x00, 0xa0, 0xff, 0xc4, 0xff, 0x54, 0x00, 0x9c, 0x00, 0x64, 0x00,
  0x08, 0x00, 0xb0, 0xff, 0x64, 0xff, 0x14, 0x00, 0x80, 0x00, 0x98, 0x00,
  0x50, 0x00, 0x64, 0xff, 0x18, 0xff, 0xe0, 0xff, 0x98, 0x00, 0x14, 0x01,
  0x04, 0x01, 0xdc, 0xff, 0x48, 0xff, 0x80, 0xff, 0x10, 0x00, 0x4c, 0x00,
  0x30, 0x00, 0x60, 0x00, 0x28, 0x00, 0x04, 0xff, 0xe4, 0xfd, 0xf4, 0xfd,
  0x30, 0xff, 0xc4, 0x00, 0x20, 0x01, 0xd0, 0xff, 0x4c, 0xfe, 0x04, 0xfe,
  0xd0, 0xfe, 0x60, 0x00, 0x30, 0x01, 0xc0, 0x00, 0xa4, 0x00, 0x48, 0x00,
  0xc4, 0xff, 0xc8, 0xff, 0xc4, 0x00, 0x34, 0x01, 0x60, 0x00, 0xdc, 0xff,
  0xdc, 0xff, 0x30, 0x00, 0x7c, 0x00, 0x5c, 0x00, 0x94, 0xff, 0x30, 0xff,
  0xd8, 0xff, 0x68, 0x00, 0xb4, 0x00, 0x1c, 0x00, 0x74, 0x00, 0xe0, 0x00,
  0x98, 0xff, 0x58, 0xff, 0x90, 0xff, 0x4c, 0x00, 0xec, 0xff, 0x18, 0x00,
  0xc0, 0x00, 0x60, 0x00, 0x48, 0xff, 0xc0, 0xff, 0xa0, 0x01, 0xc4, 0xff,
  0xdc, 0xfe, 0xbc, 0x00, 0x58, 0x03, 0x70, 0x02, 0xa4, 0xfe, 0x64, 0xfd,
  0xf4, 0xfe, 0xb8, 0x01, 0xf8, 0x00, 0xb4, 0xff, 0xbc, 0x00, 0xb8, 0xff,
  0xe4, 0xfe, 0x80, 0x00, 0x9c, 0x00, 0xd8, 0x00, 0x6c, 0x00, 0x58, 0xff,
  0x84, 0xff, 0x30, 0xff, 0x34, 0x01, 0x90, 0x00, 0x3c, 0xff, 0xf8, 0xff,
  0x88, 0xfe, 0x14, 0xfd, 0x14, 0xfe, 0xb8, 0x00, 0xbc, 0x01, 0x68, 0x01,
  0x7c, 0xfe, 0xb4, 0xfd, 0x5c, 0xff, 0x48, 0x01, 0xd0, 0x01, 0xac, 0xff,
  0x98, 0xff, 0xd0, 0xff, 0xac, 0xff, 0x04, 0x00, 0xdc, 0x00, 0x04, 0x01,
  0xc0, 0x00, 0xc4, 0xff, 0xc4, 0xfe, 0x8c, 0xff, 0x9c, 0x00, 0xa4, 0x00,
  0xa0, 0x00, 0xb4, 0x00, 0x70, 0xff, 0x34, 0xff, 0xec, 0xff, 0x2c, 0x01,
  0xd4, 0xff, 0x98, 0xff, 0x90, 0x01, 0x68, 0xff, 0xa4, 0xfe, 0x1c, 0x00,
  0x50, 0x00, 0x08, 0x01, 0xf4, 0x00, 0x18, 0xff, 0x50, 0xff, 0x04, 0xff,
  0xa8, 0x01, 0x1c, 0x03, 0x14, 0xff, 0xb8, 0xff, 0x68, 0xff, 0x54, 0xfe,
  0x78, 0x00, 0xb8, 0x01, 0x9c, 0x01, 0xf0, 0xfe, 0x78, 0x00, 0x4c, 0xff,
  0x84, 0xfd, 0xf8, 0x01, 0x54, 0x01, 0x74, 0x01, 0xa4, 0xfd, 0xbc, 0xff,
  0xa0, 0x01, 0x48, 0xfb, 0x60, 0xfe, 0xf4, 0x00, 0x5c, 0x03, 0xe8, 0x01,
  0x78, 0xfd, 0x18, 0xfe, 0x9c, 0xfe, 0xa8, 0x00, 0xd4, 0x02, 0x24, 0xff,
  0x88, 0xfe, 0x68, 0x00, 0x60, 0xff, 0x10, 0x01, 0x94, 0x00, 0x40, 0x00,
  0x84, 0x00, 0xa4, 0xff, 0x28, 0xfe, 0x98, 0xff, 0x7c, 0x02, 0x0c, 0x00,
  0x70, 0x01, 0xc8, 0xff, 0x34, 0xfe, 0x88, 0xff, 0xf4, 0xff, 0xa4, 0x03,
  0x3c, 0xfd, 0x00, 0x00, 0xa0, 0x03, 0xa8, 0xfc, 0xd4, 0xfe, 0xf4, 0x01,
  0xc0, 0x00, 0xc0, 0x00, 0xd8, 0x00, 0x5c, 0xfd, 0x9c, 0xfe, 0x98, 0x00,
  0x04, 0x02, 0xa0, 0x01, 0x88, 0xff, 0xd8, 0xfe, 0xcc, 0xff, 0x1c, 0x00,
  0x90, 0xfe, 0x28, 0x01, 0xd8, 0x02, 0x00, 0x02, 0x90, 0xfc, 0x78, 0xfe,
  0x04, 0x04, 0x6c, 0xfd, 0x04, 0xfe, 0x74, 0x04, 0x18, 0x05, 0xfc, 0x00,
  0xf0, 0xfa, 0x14, 0xfc, 0xc0, 0xff, 0x7c, 0x02, 0xf4, 0x02, 0xcc, 0x00,
  0x04, 0xff, 0xc0, 0xff, 0xc4, 0xfe, 0xd8, 0xfe, 0x8c, 0x00, 0x48, 0xff,
  0x30, 0x01, 0xd4, 0x01, 0xd4, 0xff, 0x08, 0xfe, 0xec, 0xff, 0x0c, 0xff,
  0xdc, 0x00, 0x48, 0x00, 0xe0, 0xfe, 0x34, 0x03, 0xc4, 0xff, 0x00, 0xfe,
  0x0c, 0xfe, 0x88, 0x00, 0xc8, 0x01, 0x24, 0x01, 0x30, 0xfe, 0x10, 0x01,
  0x18, 0x01, 0xe0, 0xf8, 0xdc, 0xfd, 0x70, 0x02, 0x48, 0x04, 0x64, 0x03,
  0xa4, 0xfd, 0xc0, 0xfb, 0x30, 0x00, 0x18, 0x01, 0x80, 0xff, 0xd0, 0xff,
  0xfc, 0x00, 0xc4, 0x01, 0xd0, 0xff, 0xb8, 0xfa, 0x68, 0xfb, 0xa8, 0x03,
  0x30, 0x06, 0x8c, 0x01, 0xfc, 0xf9, 0x70, 0xfe, 0x48, 0x03, 0x44, 0xff,
  0xd4, 0xff, 0x94, 0x00, 0x7c, 0xff, 0x5c, 0x00, 0x7c, 0x00, 0xe0, 0x00,
  0xe0, 0xfd, 0x70, 0x00, 0x9c, 0x04, 0xb8, 0xfb, 0xac, 0xfc, 0x00, 0x04,
  0x34, 0x02, 0xe0, 0xfe, 0x54, 0x00, 0xd4, 0xff, 0x6c, 0xfd, 0x90, 0x01,
  0x28, 0x00, 0x50, 0x02, 0xa0, 0xfe, 0x4c, 0xfe, 0x3c, 0x04, 0xe4, 0xfa,
  0x1c, 0x01, 0x7c, 0x02, 0x00, 0xff, 0xb8, 0x01, 0x74, 0xfd, 0xcc, 0xff,
  0x4c, 0x00, 0xe4, 0x00, 0x04, 0x01, 0x50, 0xfe, 0x94, 0x00, 0xb4, 0x01,
  0xd8, 0xfc, 0x64, 0xff, 0xa0, 0x04, 0xa8, 0xfd, 0x58, 0xfe, 0x38, 0x03,
  0xa8, 0xfe, 0x4c, 0xfe, 0x18, 0x01, 0xa4, 0x01, 0x8c, 0xff, 0x24, 0xfd,
  0xf0, 0xfe, 0x34, 0x03, 0x78, 0x01, 0xc0, 0xfd, 0x8c, 0xff, 0x80, 0x01,
  0x00, 0x00, 0x34, 0xfd, 0x0c, 0x01, 0x6c, 0x03, 0xa0, 0xfd, 0x78, 0xfe,
  0xfc, 0x01, 0x90, 0xfe, 0x80, 0xff, 0x6c, 0x01, 0xe0, 0xfe, 0xe8, 0x00,
  0x08, 0x01, 0xc4, 0xfe, 0x8c, 0xff, 0x08, 0x00, 0xe8, 0xff, 0xc0, 0x00,
  0x1c, 0x01, 0x84, 0xfe, 0x1c, 0x00, 0xf8, 0x00, 0x30, 0xfe, 0xc4, 0xff,
  0xa0, 0x02, 0x5c, 0x01, 0x3c, 0xfc, 0x48, 0xff, 0x0c, 0x06, 0xf8, 0x01,
  0x34, 0xfd, 0x6c, 0xfd, 0x60, 0x02, 0xf0, 0x03, 0x9c, 0xfe, 0xe4, 0xfc,
  0x28, 0xff, 0x0c, 0x03, 0x80, 0x00, 0x18, 0xfe, 0x0c, 0x02, 0xc0, 0xfe,
  0xfc, 0xfe, 0xcc, 0x01, 0xfc, 0xfe, 0x1c, 0xfe, 0x20, 0x00, 0x7c, 0x04,
  0xb4, 0xfe, 0xc8, 0xfb, 0x00, 0x01, 0x64, 0x02, 0xe0, 0xff, 0x48, 0xfe,
  0xb0, 0x00, 0xb8, 0x00, 0x98, 0x00, 0xbc, 0xfd, 0x70, 0xff, 0x0c, 0x02,
  0xc4, 0xff, 0xbc, 0xff, 0xbc, 0xff, 0xdc, 0xff, 0x04, 0x00, 0xcc, 0xff,
  0x78, 0xff, 0x5c, 0x00, 0x64, 0xff, 0x74, 0xff, 0xe0, 0x01, 0x60, 0xff,
  0x64, 0xfc, 0x28, 0xff, 0x90, 0x01, 0x2c, 0x02, 0x60, 0x00, 0xcc, 0xfc,
  0xa4, 0xff, 0xcc, 0x01, 0xe4, 0xfe, 0xf0, 0xff, 0x78, 0x01, 0x14, 0xfe,
  0xc4, 0x00, 0xa0, 0x01, 0x6c, 0xfd, 0x00, 0x01, 0x0c, 0x03, 0x24, 0x00,
  0x6c, 0xfc, 0x64, 0x00, 0xd4, 0x04, 0xcc, 0xff, 0x64, 0xfc, 0x4c, 0x00,
  0x7c, 0x04, 0x44, 0x01, 0xf0, 0xfc, 0x68, 0xfd, 0x90, 0x02, 0x98, 0x01,
  0x70, 0xfe, 0x60, 0x00, 0x00, 0xff, 0x04, 0x00, 0x04, 0x02, 0xbc, 0xfe,
  0xf8, 0xfe, 0x70, 0x00, 0x50, 0xff, 0x40, 0x00, 0x10, 0x00, 0xe0, 0xff,
  0x48, 0x01, 0xc0, 0xff, 0x10, 0xfe, 0x50, 0xff, 0xd0, 0x00, 0x9c, 0x00,
  0x04, 0x00, 0x60, 0x00, 0x18, 0x00, 0x94, 0xfd, 0x30, 0x00, 0x80, 0x02,
  0xb4, 0xfc, 0x78, 0xff, 0x70, 0x03, 0xe0, 0xff, 0x98, 0xfd, 0x38, 0xfd,
  0xa8, 0xfe, 0x28, 0x03, 0xf4, 0x02, 0x60, 0xfb, 0xbc, 0xfe, 0xc4, 0x01,
  0xdc, 0xfd, 0xac, 0xff, 0x74, 0x00, 0xa4, 0x00, 0x28, 0x00, 0x74, 0xff,
  0x1c, 0xfe, 0xd8, 0x00, 0x28, 0x00, 0x20, 0xff, 0x40, 0x02, 0xa8, 0xfe,
  0xf8, 0xff, 0xf0, 0xff, 0xf8, 0xff, 0xe0, 0x01, 0x90, 0xfe, 0xa8, 0x00,
  0x2c, 0x01, 0xa0, 0xff, 0x58, 0x01, 0x10, 0xff, 0xc8, 0xff, 0xbc, 0x02,
  0x90, 0x02, 0xa0, 0xff, 0xb4, 0xfd, 0xd0, 0x00, 0x04, 0x01, 0x38, 0x01,
  0x24, 0x00, 0xd8, 0xfd, 0xb8, 0x01, 0xac, 0x01, 0x4c, 0xfe, 0xbc, 0xff,
  0xc8, 0x00, 0x1c, 0xff, 0x10, 0x00, 0x04, 0x01, 0xa8, 0xff, 0x34, 0xfe,
  0x28, 0x00, 0x80, 0x02, 0x78, 0xff, 0x38, 0xfc, 0x00, 0xfd, 0xbc, 0x02,
  0xec, 0x02, 0x5c, 0xff, 0x7c, 0xfd, 0xa8, 0xfd, 0x2c, 0x02, 0x64, 0x00,
  0xf8, 0xfd, 0xb4, 0xff, 0xa8, 0x01, 0x5c, 0x00, 0xbc, 0xfb, 0x8c, 0x00,
  0xc8, 0x01, 0x2c, 0xff, 0x7c, 0x01, 0x04, 0xfe, 0xe4, 0xfc, 0x08, 0x00,
  0xa0, 0x02, 0x48, 0x01, 0xf0, 0xfd, 0x3c, 0xfe, 0x40, 0x00, 0xa0, 0x01,
  0xfc, 0xff, 0xec, 0xfd, 0x74, 0x00, 0x98, 0x01, 0x48, 0x00, 0x48, 0xff,
  0xe8, 0xfe, 0xac, 0x01, 0x20, 0x00, 0xc4, 0xff, 0x60, 0x01, 0x08, 0x01,
  0xd4, 0x01, 0x14, 0xff, 0xfc, 0xfd, 0x0c, 0x01, 0x6c, 0x01, 0x20, 0x03,
  0xe8, 0x00, 0x70, 0xfc, 0xd8, 0x00, 0x38, 0x01, 0x98, 0x00, 0x64, 0x00,
  0xfc, 0xfd, 0x94, 0x02, 0xa0, 0x00, 0x94, 0xfe, 0x04, 0x01, 0x08, 0xfe,
  0xec, 0x00, 0x58, 0x01, 0xb8, 0xfd, 0x60, 0xfe, 0xe4, 0x00, 0x18, 0x02,
  0xa8, 0xff, 0x90, 0xfd, 0xa0, 0xfe, 0x18, 0x01, 0x6c, 0x00, 0xa4, 0xff,
  0x04, 0xff, 0x24, 0x00, 0xb8, 0x00, 0x2c, 0xfd, 0xf8, 0x00, 0xa0, 0xff,
  0x0c, 0xff, 0xa0, 0x02, 0xe8, 0xfd, 0x00, 0xfe, 0xe4, 0xff, 0x8c, 0x01,
  0x38, 0xff, 0x5c, 0xff, 0x90, 0x00, 0x24, 0xff, 0x58, 0x00, 0xa8, 0xff,
  0x98, 0xfe, 0xf8, 0x00, 0xec, 0x00, 0x90, 0xfe, 0x98, 0x01, 0xc0, 0xff,
  0x1c, 0xff, 0x50, 0x00, 0x9c, 0x00, 0x1c, 0x00, 0x10, 0x01, 0x98, 0x03,
  0xe0, 0xfe, 0x34, 0xfd, 0x28, 0x00, 0x7c, 0x02, 0x1c, 0x03, 0x74, 0xff,
  0xac, 0xfe, 0xb8, 0x01, 0xc4, 0x00, 0xd4, 0xff, 0x58, 0xfe, 0x40, 0x01,
  0x88, 0x02, 0x48, 0xff, 0xd0, 0xff, 0x98, 0xff, 0x64, 0x00, 0x58, 0x00,
  0x3c, 0xff, 0xe0, 0xff, 0xc8, 0x00, 0x3c, 0x00, 0x08, 0xff, 0x50, 0xff,
  0x08, 0x00, 0x70, 0x00, 0xd8, 0xff, 0x44, 0xff, 0xd8, 0xff, 0x24, 0x00,
  0xe0, 0xff, 0x8c, 0xff, 0x40, 0xff, 0xe0, 0xfe, 0x9c, 0x00, 0x78, 0x00,
  0x64, 0xff, 0x8c, 0xff, 0xf8, 0xfe, 0x9c, 0x00, 0x8c, 0xff, 0xa0, 0xfe,
  0xe0, 0x00, 0xc8, 0xff, 0x9c, 0xff, 0x24, 0x00, 0x7c, 0xff, 0x98, 0xff,
  0xc8, 0xff, 0x78, 0x00, 0x94, 0xff, 0x9c, 0xff, 0x54, 0x00, 0x54, 0x00,
  0x00, 0x00, 0x58, 0xff, 0xec, 0xff, 0x90, 0x00, 0x64, 0x00, 0x58, 0x00,
  0xc0, 0x00, 0xa8, 0xff, 0x18, 0xff, 0xa0, 0x00, 0x4c, 0x01, 0x2c, 0x00,
  0x08, 0x00, 0xc8, 0x00, 0xf4, 0xff, 0x1c, 0x00, 0xec, 0xff, 0x44, 0xff,
  0x44, 0x01, 0x2c, 0x01, 0x78, 0xff, 0xc0, 0xff, 0x70, 0xff, 0xa0, 0x00,
  0x30, 0x00, 0x9c, 0xff, 0xe8, 0xff, 0xf4, 0xff, 0x9c, 0x00, 0x84, 0xfe,
  0xb8, 0xff, 0x50, 0x01, 0x60, 0xff, 0x1c, 0xff, 0xa8, 0xff, 0x98, 0x00,
  0xd8, 0x00, 0xf8, 0xfd, 0x48, 0xfe, 0x7c, 0x00, 0x74, 0x00, 0x68, 0xff,
  0xec, 0xfe, 0xf4, 0xff, 0x34, 0xff, 0xe4, 0xfe, 0x7c, 0xff, 0xb4, 0xff,
  0x14, 0x00, 0x60, 0xff, 0x60, 0xff, 0x5c, 0xff, 0x78, 0xff, 0xe8, 0xff,
  0x54, 0xff, 0xec, 0xff, 0x18, 0x00, 0x8c, 0xff, 0xa8, 0xff, 0xd8, 0xff,
  0xcc, 0xff, 0x10, 0x00, 0x40, 0x00, 0xd4, 0xff, 0xd0, 0xff, 0x3c, 0x00,
  0x58, 0x00, 0x44, 0x00, 0xf8, 0xff, 0x24, 0x00, 0xfc, 0x00, 0xcc, 0x00,
  0x14, 0x00, 0xf4, 0xff, 0xf8, 0x00, 0x98, 0x00, 0x38, 0x00, 0x1c, 0x01,
  0xa0, 0x00, 0xa0, 0x00, 0x7c, 0x00, 0x50, 0x00, 0x80, 0x00, 0x8c, 0x00,
  0x74, 0x00, 0x2c, 0x00, 0x88, 0x00, 0x68, 0x00, 0x10, 0x00, 0x6c, 0x00,
  0x24, 0x00, 0xb4, 0xff, 0x64, 0x00, 0xd4, 0xff, 0x50, 0xff, 0x1c, 0x00,
  0x40, 0x00, 0xd0, 0xff, 0xbc, 0xff, 0xac, 0xff, 0xc4, 0xff, 0xe8, 0xff,
  0x4c, 0xff, 0x60, 0xff, 0xe0, 0xff, 0xb8, 0xff, 0x7c, 0xff, 0x8c, 0xff,
  0xd4, 0xff, 0x90, 0xff, 0xbc, 0xfe, 0x30, 0xff, 0x2c, 0x00, 0xf0, 0xff,
  0x84, 0xff, 0x58, 0xff, 0x6c, 0xff, 0xbc, 0xff, 0xb4, 0xff, 0xa8, 0xff,
  0xa8, 0xff, 0x00, 0x00, 0x14, 0x00, 0xc0, 0xff, 0xd8, 0xff, 0x08, 0x00,
  0x44, 0x00, 0x60, 0x00, 0x34, 0x00, 0x10, 0x00, 0x58, 0x00, 0x98, 0x00,
  0x5c, 0x00, 0x44, 0x00, 0x98, 0x00, 0xa0, 0x00, 0x94, 0x00, 0x70, 0x00,
  0x6c, 0x00, 0x88, 0x00, 0x68, 0x00, 0x7c, 0x00, 0x5c, 0x00, 0x7c, 0x00,
  0x7c, 0x00, 0x3c, 0x00, 0x40, 0x00, 0x3c, 0x00, 0x64, 0x00, 0xf0, 0xff,
  0xd8, 0xff, 0x90, 0x00, 0x5c, 0x00, 0xf0, 0xff, 0xc4, 0xff, 0xf8, 0xff,
  0x50, 0x00, 0xe4, 0xff, 0x84, 0xff, 0xd8, 0xff, 0x2c, 0x00, 0x9c, 0xff,
  0x8c, 0xff, 0xec, 0xff, 0xc8, 0xff, 0x88, 0xff, 0x70, 0xff, 0xbc, 0xff,
  0xa0, 0xff, 0x94, 0xff, 0xb4, 0xff, 0xa0, 0xff, 0xcc, 0xff, 0x84, 0xff,
  0x7c, 0xff, 0xd4, 0xff, 0xd4, 0xff, 0xd8, 0xff, 0xcc, 0xff, 0xdc, 0xff,
  0xfc, 0xff, 0x08, 0x00, 0x0c, 0x00, 0x34, 0x00, 0x40, 0x00, 0x14, 0x00,
  0x2c, 0x00, 0x54, 0x00, 0x6c, 0x00, 0x70, 0x00, 0x6c, 0x00, 0x5c, 0x00,
  0x88, 0x00, 0xd0, 0x00, 0x74, 0x00, 0x48, 0x00, 0x5c, 0x00, 0x84, 0x00,
  0xb4, 0x00, 0x84, 0x00, 0x4c, 0x00, 0x7c, 0x00, 0xb0, 0x00, 0x78, 0x00,
  0x40, 0x00, 0x6c, 0x00, 0x70, 0x00, 0x4c, 0x00, 0x58, 0x00, 0x1c, 0x00,
  0x30, 0x00, 0x68, 0x00, 0x64, 0x00, 0x2c, 0x00, 0xe8, 0xff, 0x10, 0x00,
  0x38, 0x00, 0xec, 0xff, 0xc4, 0xff, 0x18, 0x00, 0x34, 0x00, 0xe4, 0xff,
  0xa4, 0xff, 0xd4, 0xff, 0xf4, 0xff, 0xcc, 0xff, 0x94, 0xff, 0xb8, 0xff,
  0xd4, 0xff, 0x94, 0xff, 0x80, 0xff, 0x84, 0xff, 0xbc, 0xff, 0x94, 0xff,
  0x58, 0xff, 0x78, 0xff, 0xa0, 0xff, 0x94, 0xff, 0x60, 0xff, 0x78, 0xff,
  0x94, 0xff, 0xa4, 0xff, 0x80, 0xff, 0x70, 0xff, 0xc0, 0xff, 0xb8, 0xff,
  0xa4, 0xff, 0xb8, 0xff, 0xd4, 0xff, 0xf4, 0xff, 0xf0, 0xff, 0xe8, 0xff,
  0x08, 0x00, 0x30, 0x00, 0x18, 0x00, 0x0c, 0x00, 0x4c, 0x00, 0x4c, 0x00,
  0x58, 0x00, 0x5c, 0x00, 0x5c, 0x00, 0xa8, 0x00, 0x88, 0x00, 0x48, 0x00,
  0x58, 0x00, 0x94, 0x00, 0x8c, 0x00, 0x5c, 0x00, 0x74, 0x00, 0x84, 0x00,
  0x98, 0x00, 0x78, 0x00, 0x24, 0x00, 0x20, 0x00, 0x48, 0x00, 0x5c, 0x00,
  0x3c, 0x00, 0x0c, 0x00, 0x00, 0x00, 0x3c, 0x00, 0x20, 0x00, 0xa4, 0xff,
  0xa8, 0xff, 0xe8, 0xff, 0xf4, 0xff, 0xb4, 0xff, 0x98, 0xff, 0xa4, 0xff,
  0xb4, 0xff, 0x94, 0xff, 0x5c, 0xff, 0xa0, 0xff, 0xa8, 0xff, 0x78, 0xff,
  0x74, 0xff, 0x60, 0xff, 0x84, 0xff, 0x84, 0xff, 0x74, 0xff, 0x90, 0xff,
  0x84, 0xff, 0x84, 0xff, 0x84, 0xff, 0x94, 0xff, 0xb8, 0xff, 0x98, 0xff,
  0x94, 0xff, 0xc0, 0xff, 0xe4, 0xff, 0xd0, 0xff, 0x7c, 0xff, 0xa8, 0xff,
  0x00, 0x00, 0xf0, 0xff, 0xd4, 0xff, 0xfc, 0xff, 0x08, 0x00, 0x0c, 0x00,
  0x1c, 0x00, 0x0c, 0x00, 0x28, 0x00, 0x3c, 0x00, 0x34, 0x00, 0x50, 0x00,
  0x4c, 0x00, 0x30, 0x00, 0x54, 0x00, 0x68, 0x00, 0x40, 0x00, 0x38, 0x00,
  0x6c, 0x00, 0x70, 0x00, 0x58, 0x00, 0x44, 0x00, 0x30, 0x00, 0x38, 0x00,
  0x40, 0x00, 0x4c, 0x00, 0x34, 0x00, 0x18, 0x00, 0x30, 0x00, 0x20, 0x00,
  0xf4, 0xff, 0xec, 0xff, 0xf4, 0xff, 0x04, 0x00, 0xf8, 0xff, 0xd4, 0xff,
  0xc8, 0xff, 0xd0, 0xff, 0xd4, 0xff, 0xcc, 0xff, 0xc4, 0xff, 0xb0, 0xff,
  0xbc, 0xff, 0xbc, 0xff, 0xb8, 0xff, 0x84, 0xff, 0x88, 0xff, 0x08, 0x00,
  0x98, 0xff, 0x74, 0xff, 0xb0, 0xff, 0xd8, 0xff, 0xf0, 0xff, 0x74, 0xff,
  0xa0, 0xff, 0x34, 0x00, 0x5c, 0x00, 0x0c, 0x00, 0xa0, 0xff, 0xec, 0xff,
  0x64, 0x00, 0x34, 0x00, 0xd4, 0xff, 0x20, 0x00, 0x3c, 0x00, 0xdc, 0xff,
  0x14, 0x00, 0x1c, 0x00, 0x54, 0x00, 0x1c, 0x00, 0xd8, 0xff, 0x74, 0x00,
  0x10, 0x00, 0x34, 0x00, 0x40, 0x00, 0x04, 0x00, 0x74, 0x00, 0xb0, 0x00,
  0x6c, 0x00, 0x28, 0x00, 0x5c, 0x00, 0x70, 0x00, 0x7c, 0x00, 0x0c, 0x00,
  0x40, 0x00, 0x9c, 0x00, 0x40, 0x00, 0x2c, 0x00, 0x50, 0x00, 0x34, 0x00,
  0x10, 0x00, 0x34, 0x00, 0x24, 0x00, 0x34, 0x00, 0xe4, 0xff, 0x18, 0x00,
  0x3c, 0x00, 0xbc, 0xff, 0xc8, 0xff, 0xc8, 0xff, 0x24, 0x00, 0xe0, 0xff,
  0xcc, 0xff, 0xdc, 0xff, 0x98, 0xff, 0xe4, 0xff, 0xbc, 0xff, 0xcc, 0xff,
  0xcc, 0xff, 0xd4, 0xff, 0xd4, 0xff, 0x8c, 0xff, 0xb4, 0xff, 0xb8, 0xff,
  0xc4, 0xff, 0xec, 0xff, 0xc8, 0xff, 0x94, 0xff, 0xd4, 0xff, 0xc8, 0xff,
  0xa0, 0xff, 0x18, 0x00, 0x24, 0x00, 0x20, 0x00, 0x0c, 0x00, 0xc4, 0xff,
  0xfc, 0xff, 0x04, 0x00, 0x10, 0x00, 0x1c, 0x00, 0xd4, 0xff, 0x14, 0x00,
  0x0c, 0x00, 0xd8, 0xff, 0x2c, 0x00, 0x10, 0x00, 0xec, 0xff, 0x24, 0x00,
  0x20, 0x00, 0x08, 0x00, 0xf4, 0xff, 0x18, 0x00, 0x20, 0x00, 0x78, 0x00,
  0x6c, 0x00, 0xb4, 0xff, 0x48, 0x00, 0x40, 0x00, 0xb8, 0xff, 0xd4, 0xff,
  0x24, 0x00, 0x64, 0x00, 0xe4, 0xff, 0xd4, 0xff, 0xb4, 0xff, 0xc8, 0xff,
  0xd8, 0xff, 0xfc, 0xff, 0x08, 0x00, 0x94, 0xff, 0xf0, 0xff, 0xe0, 0xff,
  0xc8, 0xff, 0xd4, 0xff, 0xa8, 0xff, 0xe0, 0xff, 0x00, 0x00, 0xe8, 0xff,
  0xac, 0xff, 0xd8, 0xff, 0xdc, 0xff, 0xf8, 0xff, 0xec, 0xff, 0xc8, 0xff,
  0x00, 0x00, 0xec, 0xff, 0xcc, 0xff, 0xf0, 0xff, 0x04, 0x00, 0xcc, 0xff,
  0xf4, 0xff, 0xf4, 0xff, 0x0c, 0x00, 0xf0, 0xff, 0xb0, 0xff, 0x34, 0x00,
  0xf8, 0xff, 0xf4, 0xff, 0x50, 0x00, 0x18, 0x00, 0x08, 0x00, 0x00, 0x00,
  0x24, 0x00, 0x2c, 0x00, 0x14, 0x00, 0xf0, 0xff, 0x2c, 0x00, 0x30, 0x00,
  0xc8, 0xff, 0x20, 0x00, 0x2c, 0x00, 0x18, 0x00, 0x00, 0x00, 0x0c, 0x00,
  0x44, 0x00, 0xfc, 0xff, 0x10, 0x00, 0x18, 0x00, 0x38, 0x00, 0x40, 0x00,
  0x44, 0x00, 0x4c, 0x00, 0x14, 0x00, 0x3c, 0x00, 0xf0, 0xff, 0xdc, 0xff,
  0x04, 0x00, 0x1c, 0x00, 0x38, 0x00, 0xd0, 0xff, 0xec, 0xff, 0xb8, 0xff,
  0xa0, 0xff, 0x18, 0x00, 0xdc, 0xff, 0xc4, 0xff, 0xfc, 0xff, 0xb8, 0xff,
  0xf4, 0xff, 0xec, 0xff, 0x6c, 0xff, 0x34, 0x00, 0xe4, 0xff, 0xb8, 0xfe,
  0xa4, 0xff, 0x7c, 0x00, 0x94, 0xff, 0x5c, 0xff, 0xa8, 0xff, 0x2c, 0x00,
  0x08, 0x00, 0x28, 0xff, 0xe8, 0xff, 0x20, 0x00, 0xdc, 0xff, 0x90, 0xff,
  0xe0, 0xff, 0x40, 0x00, 0x9c, 0xff, 0xdc, 0xff, 0xf8, 0xff, 0x34, 0x00,
  0xe4, 0xff, 0xa8, 0xff, 0x78, 0x00, 0x2c, 0x00, 0x1c, 0x00, 0xec, 0xff,
  0x28, 0x00, 0x64, 0x00, 0xec, 0xff, 0x30, 0x00, 0x18, 0x00, 0x40, 0x00,
  0x04, 0x00, 0xfc, 0xff, 0x60, 0x00, 0x04, 0x00, 0x24, 0x00, 0x2c, 0x00,
  0x1c, 0x00, 0x50, 0x00, 0xfc, 0xff, 0x24, 0x00, 0x54, 0x00, 0x10, 0x00,
  0x70, 0x00, 0x58, 0x00, 0x38, 0x00, 0x54, 0x00, 0xf4, 0xff, 0x4c, 0x00,
  0x14, 0x01, 0xe8, 0xff, 0xa8, 0xff, 0xcc, 0x00, 0x44, 0x00, 0x3c, 0x00,
  0xbc, 0xff, 0x34, 0x00, 0xe4, 0x00, 0xb8, 0xff, 0xc4, 0xff, 0x7c, 0x00,
  0x7c, 0x00, 0x80, 0xff, 0xd8, 0xff, 0x48, 0x00, 0xe4, 0xff, 0x00, 0x00,
  0x78, 0xff, 0x40, 0x00, 0x28, 0x00, 0xa4, 0xff, 0xe4, 0xff, 0xf0, 0xff,
  0x34, 0x00, 0x8c, 0xff, 0x00, 0x00, 0x1c, 0x00, 0xc8, 0xff, 0xfc, 0xff,
  0xe0, 0xff, 0xd0, 0xff, 0x0c, 0x00, 0x2c, 0x00, 0xc4, 0xff, 0xe0, 0xff,
  0x08, 0x00, 0xc8, 0x00, 0x74, 0x00, 0x78, 0xff, 0x70, 0x00, 0xdc, 0x00,
  0x84, 0x00, 0x08, 0x00, 0xcc, 0xff, 0xd0, 0x00, 0x7c, 0x00, 0xac, 0xff,
  0x4c, 0x00, 0x98, 0x00, 0x2c, 0x00, 0xd4, 0xff, 0x7c, 0x00, 0x70, 0x00,
  0xc0, 0xff, 0xf4, 0xff, 0x94, 0x00, 0x4c, 0x00, 0x8c, 0xff, 0x3c, 0x00,
  0x64, 0x00, 0x48, 0x00, 0xb4, 0xff, 0xf8, 0xff, 0xa8, 0x00, 0xe8, 0xff,
  0xfc, 0xff, 0x00, 0x00, 0x14, 0x00, 0x40, 0x00, 0xc8, 0xff, 0xc0, 0xff,
  0x4c, 0x00, 0x38, 0x00, 0x84, 0xff, 0xe4, 0xff, 0x64, 0x00, 0xd8, 0xff,
  0x80, 0xff, 0xdc, 0xff, 0x00, 0x00, 0xa4, 0xff, 0xac, 0xff, 0xbc, 0xff,
  0x34, 0x00, 0x08, 0x00, 0x30, 0xff, 0x54, 0x00, 0x2c, 0x00, 0x90, 0xff,
  0x98, 0xff, 0xf8, 0xff, 0x64, 0x00, 0xc0, 0xff, 0x00, 0x00, 0xc4, 0xff,
  0xf4, 0xff, 0xf0, 0xff, 0xe4, 0xff, 0xd8, 0xff, 0xc0, 0xff, 0x80, 0x00,
  0xd0, 0xff, 0x7c, 0xff, 0x10, 0x00, 0x30, 0x00, 0xe0, 0xff, 0xe4, 0xff,
  0x18, 0x00, 0xd8, 0xff, 0xc4, 0xff, 0x34, 0x00, 0x2c, 0x00, 0xd4, 0xff,
  0xf0, 0xff, 0x28, 0x00, 0xe8, 0xff, 0x24, 0x00, 0xc4, 0xff, 0xa8, 0xff,
  0x80, 0x00, 0xf4, 0xff, 0xa8, 0xff, 0xdc, 0xff, 0x3c, 0x00, 0xd0, 0xff,
  0xd0, 0xff, 0xfc, 0xff, 0xec, 0xff, 0x40, 0x00, 0x80, 0xff, 0x94, 0xff,
  0x24, 0x00, 0x38, 0x00, 0xbc, 0xff, 0x98, 0xff, 0x34, 0x00, 0xec, 0xff,
  0xc4, 0xff, 0xb8, 0xff, 0x18, 0x00, 0x34, 0x00, 0x0c, 0x00, 0x9c, 0xff,
  0xa8, 0xff, 0x7c, 0x00, 0x8c, 0xff, 0xc4, 0xff, 0x2c, 0x00, 0x3c, 0x00,
  0xc8, 0xff, 0xc8, 0xfe, 0x84, 0xff, 0x48, 0x00, 0x7c, 0x00, 0xb0, 0xff,
  0x60, 0xff, 0x88, 0x00, 0xbc, 0x00, 0xa8, 0xff, 0x44, 0xff, 0x78, 0x00,
  0xac, 0x00, 0xb0, 0x00, 0xe0, 0xff, 0x4c, 0xff, 0xcc, 0x00, 0xa8, 0xff,
  0x48, 0x00, 0x0c, 0x00, 0x90, 0xff, 0xcc, 0x00, 0x7c, 0xff, 0x1c, 0x00,
  0x30, 0x00, 0xc4, 0xff, 0x58, 0x00, 0xe4, 0xff, 0xa8, 0xff, 0x1c, 0x00,
  0xcc, 0xff, 0xf4, 0xff, 0x80, 0x00, 0xdc, 0xfe, 0x54, 0x01, 0x64, 0x05,
  0x40, 0x01, 0xb4, 0xfc, 0xf4, 0xfe, 0x14, 0x02, 0x00, 0x00, 0x10, 0xfa,
  0xac, 0xfb, 0x84, 0x04, 0x28, 0x02, 0x50, 0xfd, 0xc0, 0xfe, 0xc8, 0x00,
  0xc4, 0x01, 0xb0, 0xfe, 0x04, 0xfe, 0xdc, 0x00, 0xd0, 0x00, 0x08, 0xff,
  0x0c, 0x00, 0x30, 0x00, 0x68, 0x00, 0xc8, 0xff, 0xd4, 0xff, 0xc0, 0x00,
  0x20, 0xff, 0x5c, 0xff, 0xb8, 0x00, 0x74, 0x00, 0xb8, 0xff, 0x68, 0xff,
  0xfc, 0xff, 0x48, 0x01, 0x28, 0xff, 0x84, 0xff, 0x84, 0x00, 0x24, 0x00,
  0x58, 0x00, 0x50, 0xff, 0x10, 0x00, 0x8c, 0x00, 0xfc, 0xff, 0xa4, 0xff,
  0x80, 0x00, 0xb0, 0xff, 0x08, 0x00, 0x18, 0x00, 0xac, 0xff, 0x8c, 0x00,
  0x64, 0xff, 0x38, 0x00, 0x28, 0x00, 0xbc, 0xff, 0x28, 0x00, 0x94, 0xff,
  0x6c, 0x00, 0xcc, 0xff, 0xa4, 0xff, 0x0c, 0x00, 0xf0, 0xff, 0xa8, 0x00,
  0xa0, 0xff, 0xb0, 0xff, 0x40, 0x00, 0x64, 0xff, 0x60, 0x00, 0x1c, 0x00,
  0x54, 0xff, 0xb8, 0x00, 0x50, 0x00, 0x88, 0xff, 0x9c, 0xff, 0x2c, 0x00,
  0x98, 0x00, 0x50, 0xff, 0x38, 0xff, 0xf0, 0xff, 0x84, 0x00, 0xa4, 0x00,
  0x94, 0xff, 0xb4, 0xff, 0x5c, 0x00, 0xf8, 0xff, 0xe4, 0xff, 0x0c, 0x00,
  0x8c, 0xff, 0x04, 0x01, 0x94, 0x00, 0x1c, 0xff, 0xa8, 0x00, 0x0c, 0x00,
  0x94, 0xff, 0xd0, 0xff, 0xd8, 0xff, 0xa8, 0x00, 0xc8, 0xff, 0x1c, 0xff,
  0xf8, 0xfe, 0xa8, 0xff, 0xd0, 0x00, 0x40, 0x00, 0xe4, 0xff, 0xa8, 0xff,
  0x38, 0x00, 0x64, 0x00, 0x7c, 0xff, 0x50, 0x00, 0x64, 0xff, 0x98, 0x00,
  0x14, 0x02, 0x98, 0x00, 0xc8, 0xff, 0xa0, 0xff, 0x94, 0x00, 0x5c, 0xff,
  0xdc, 0xfd, 0xf0, 0xfd, 0x30, 0x01, 0xb4, 0x01, 0xf0, 0xfe, 0xc4, 0xff,
  0xbc, 0xff, 0x88, 0x00, 0xbc, 0x00, 0x2c, 0xff, 0x80, 0xff, 0x9c, 0x00,
  0xd4, 0xff, 0x38, 0xff, 0xb0, 0x00, 0x70, 0x00, 0x0c, 0x00, 0xa4, 0xff,
  0x90, 0x00, 0x18, 0x00, 0xa4, 0xfe, 0x50, 0x00, 0xb4, 0x01, 0xb0, 0x01,
  0x1c, 0xff, 0x7c, 0xff, 0xf4, 0x00, 0xf4, 0xff, 0x8c, 0xff, 0x54, 0xff,
  0x30, 0x01, 0x44, 0x00, 0x68, 0xfe, 0x34, 0x00, 0x6c, 0x01, 0xd0, 0xff,
  0xa4, 0xfd, 0x08, 0xff, 0xf0, 0x00, 0x64, 0x00, 0xa8, 0xff, 0x38, 0x00,
  0xc4, 0x00, 0xa4, 0x00, 0xb4, 0xfe, 0x20, 0xff, 0x8c, 0x01, 0xf8, 0xff,
  0x1c, 0xff, 0x6c, 0x00, 0xf0, 0xff, 0xe4, 0xff, 0x14, 0x00, 0x94, 0x00,
  0x68, 0x00, 0xb4, 0xfe, 0xf8, 0xff, 0x04, 0x00, 0xb0, 0x00, 0x34, 0x00,
  0xc4, 0xfe, 0x18, 0x00, 0x38, 0x00, 0x10, 0x01, 0xcc, 0xfe, 0x94, 0xfd,
  0x58, 0x00, 0x64, 0x00, 0x0c, 0x00, 0x14, 0x00, 0x48, 0x00, 0x78, 0x00,
  0xf4, 0xff, 0xf0, 0xff, 0x50, 0xff, 0x9c, 0xff, 0xdc, 0xff, 0x08, 0x00,
  0x88, 0x00, 0xbc, 0xff, 0x10, 0x00, 0x0c, 0x01, 0x98, 0x00, 0xe8, 0xfe,
  0xf4, 0xfe, 0xe0, 0x00, 0x08, 0x01, 0xe4, 0xff, 0x40, 0x00, 0x5c, 0x00,
  0x88, 0xff, 0xec, 0xff, 0x8c, 0x00, 0x48, 0x00, 0xac, 0xff, 0x14, 0x00,
  0x54, 0xfe, 0x40, 0xfe, 0xf0, 0x00, 0xcc, 0x00, 0x6c, 0x00, 0x70, 0xff,
  0xd0, 0xff, 0xd8, 0xff, 0x90, 0xff, 0x5c, 0xff, 0xd0, 0xff, 0xbc, 0x02,
  0x8c, 0xff, 0xb4, 0xfd, 0xc0, 0x00, 0x24, 0x01, 0x20, 0x00, 0xcc, 0xfe,
  0xa4, 0xff, 0x4c, 0x00, 0x68, 0x00, 0x80, 0x00, 0xa0, 0xff, 0x34, 0xff,
  0xf4, 0xff, 0x24, 0xff, 0x74, 0xfc, 0xac, 0xff, 0x14, 0x02, 0xd0, 0xfe,
  0x94, 0xfe, 0x8c, 0x01, 0x90, 0x00, 0x10, 0xfe, 0xdc, 0x00, 0x58, 0x01,
  0x60, 0xff, 0xcc, 0xfe, 0xac, 0xff, 0x00, 0x02, 0x1c, 0x00, 0xa0, 0xfe,
  0x28, 0x00, 0xb0, 0x01, 0xc4, 0x00, 0x68, 0xfe, 0x64, 0x00, 0x44, 0x02,
  0x98, 0xff, 0x9c, 0xff, 0x8c, 0x01, 0x48, 0x01, 0xe0, 0xff, 0x38, 0xfe,
  0xd0, 0xff, 0xbc, 0x01, 0xd4, 0x00, 0x40, 0xfd, 0x84, 0xfd, 0x80, 0x00,
  0xb8, 0xff, 0xf0, 0xff, 0xbc, 0xff, 0xc8, 0xff, 0x78, 0x00, 0xe4, 0xff,
  0x9c, 0xff, 0x98, 0x00, 0x1c, 0x02, 0x6c, 0xff, 0x4c, 0xfe, 0xa0, 0x00,
  0x9c, 0x01, 0x94, 0xfd, 0x04, 0xf8, 0xe4, 0xf9, 0x74, 0xfe, 0xc8, 0xfc,
  0xac, 0xf8, 0xb8, 0xf8, 0x20, 0xfd, 0x30, 0x00, 0x74, 0xfd, 0x38, 0xfe,
  0x24, 0x01, 0xdc, 0x00, 0x44, 0x00, 0xfc, 0x00, 0x08, 0x01, 0x18, 0xfe,
  0xcc, 0xfd, 0x44, 0x00, 0xd4, 0x00, 0x78, 0x01, 0xec, 0x03, 0x48, 0x06,
  0x88, 0x06, 0x84, 0x03, 0xdc, 0x02, 0x2c, 0x05, 0xc8, 0x04, 0x18, 0x04,
  0xb0, 0x04, 0x7c, 0x03, 0x60, 0x02, 0xd8, 0x04, 0x74, 0x07, 0xf4, 0x06,
  0x90, 0x03, 0xb4, 0x00, 0x90, 0x01, 0x18, 0x02, 0x7c, 0x00, 0x84, 0xff,
  0xc0, 0xfe, 0x40, 0xff, 0x18, 0x00, 0x24, 0xfe, 0x50, 0xfd, 0x44, 0xfe,
  0x3c, 0xfe, 0x3c, 0xff, 0x78, 0x00, 0xf4, 0xff, 0xe8, 0xfe, 0x74, 0xfd,
  0x8c, 0xfa, 0xa8, 0xf6, 0x30, 0xf6, 0x54, 0xf7, 0xf4, 0xf3, 0x24, 0xf1,
  0xf8, 0xf1, 0x18, 0xf3, 0x78, 0xf4, 0x2c, 0xf5, 0x64, 0xf6, 0xe4, 0xf9,
  0x34, 0xfc, 0x50, 0xfd, 0x74, 0xff, 0xc4, 0x00, 0xbc, 0x00, 0xe8, 0x01,
  0x90, 0x03, 0x64, 0x04, 0x88, 0x06, 0x10, 0x09, 0x58, 0x09, 0xa0, 0x07,
  0x60, 0x05, 0x10, 0x05, 0x50, 0x06, 0x00, 0x06, 0xbc, 0x04, 0xd4, 0x03,
  0x54, 0x03, 0xc0, 0x03, 0xfc, 0x05, 0x04, 0x07, 0x8c, 0x04, 0x04, 0x02,
  0x70, 0x01, 0x0c, 0x02, 0xd8, 0x01, 0xb4, 0x00, 0x0c, 0xff, 0x50, 0xff,
  0xfc, 0x01, 0x54, 0x03, 0x6c, 0x03, 0x58, 0x03, 0x84, 0x03, 0xc8, 0x03,
  0x10, 0x04, 0x44, 0x05, 0x64, 0x05, 0xb8, 0x03, 0x00, 0x03, 0x20, 0x03,
  0xe0, 0x02, 0xe0, 0x02, 0x74, 0x02, 0xc0, 0x00, 0xa8, 0xff, 0x58, 0xff,
  0x28, 0xfd, 0x24, 0xfa, 0x34, 0xf9, 0x4c, 0xf9, 0xe8, 0xf7, 0x7c, 0xf5,
  0x28, 0xf4, 0x54, 0xf4, 0x90, 0xf4, 0xb8, 0xf4, 0xcc, 0xf5, 0x94, 0xf7,
  0x20, 0xf9, 0xcc, 0xf9, 0xb4, 0xfa, 0x14, 0xfe, 0x08, 0x02, 0xb8, 0x03,
  0x70, 0x04, 0xc4, 0x05, 0x00, 0x08, 0xa8, 0x09, 0xfc, 0x09, 0x94, 0x0a,
  0xc8, 0x0a, 0xbc, 0x09, 0x14, 0x09, 0xf4, 0x08, 0xac, 0x07, 0xc8, 0x05,
  0x04, 0x05, 0x64, 0x05, 0xc8, 0x05, 0x18, 0x05, 0xb4, 0x03, 0x64, 0x02,
  0x30, 0x01, 0x0c, 0x00, 0xa8, 0xff, 0xd4, 0xff, 0xd4, 0xff, 0xb0, 0xff,
  0x54, 0xfe, 0xb8, 0xfd, 0xa8, 0xff, 0x40, 0x00, 0xe4, 0xff, 0x94, 0x00,
  0xb4, 0x00, 0xc0, 0x00, 0x30, 0x01, 0xec, 0x00, 0x74, 0x00, 0x94, 0x00,
  0xc4, 0x00, 0x28, 0x01, 0x50, 0x01, 0x6c, 0x00, 0x5c, 0xff, 0xb4, 0xfe,
  0x48, 0xfd, 0xfc, 0xfa, 0x04, 0xfa, 0x60, 0xfb, 0x9c, 0xfc, 0x18, 0xfb,
  0x4c, 0xf8, 0x84, 0xf6, 0xc4, 0xf5, 0x84, 0xf5, 0x24, 0xf5, 0x0c, 0xf4,
  0x4c, 0xf2, 0xb8, 0xf1, 0xf4, 0xf2, 0x20, 0xf4, 0xc4, 0xf4, 0x48, 0xf5,
  0xe8, 0xf5, 0x7c, 0xf8, 0x5c, 0xfd, 0xe8, 0x00, 0x64, 0x01, 0x1c, 0x02,
  0xc0, 0x04, 0x84, 0x07, 0xd0, 0x09, 0xa4, 0x0b, 0x10, 0x0c, 0xa0, 0x0b,
  0xd4, 0x0b, 0x50, 0x0c, 0xbc, 0x0b, 0xcc, 0x09, 0x58, 0x08, 0x84, 0x08,
  0x8c, 0x08, 0x08, 0x08, 0x44, 0x07, 0x64, 0x05, 0x38, 0x03, 0x0c, 0x02,
  0xe0, 0x01, 0x7c, 0x01, 0x1c, 0x00, 0x5c, 0xff, 0x30, 0xff, 0xa4, 0xfe,
  0x58, 0xfe, 0xf8, 0xfe, 0x28, 0x00, 0x28, 0x00, 0xfc, 0xff, 0x08, 0x01,
  0x2c, 0x01, 0xd4, 0x00, 0xfc, 0x00, 0x64, 0x01, 0xd8, 0x01, 0xa0, 0x01,
  0xc0, 0x01, 0xb8, 0x01, 0x38, 0x01, 0x94, 0x00, 0x3c, 0xff, 0x58, 0xfe,
  0xc4, 0xfc, 0xcc, 0xfb, 0x54, 0xfd, 0xc0, 0xfd, 0xcc, 0xfb, 0x14, 0xf9,
  0xe8, 0xf7, 0x5c, 0xf7, 0x2c, 0xf6, 0x04, 0xf6, 0xf8, 0xf4, 0x24, 0xf3,
  0x9c, 0xf2, 0x40, 0xf3, 0xac, 0xf4, 0xd0, 0xf4, 0xa8, 0xf6, 0xf0, 0xfb,
  0x4c, 0x00, 0xb4, 0x03, 0x98, 0x04, 0xcc, 0x02, 0x78, 0x03, 0x8c, 0x06,
  0x14, 0x0a, 0xa0, 0x0c, 0x28, 0x0d, 0x9c, 0x0c, 0x20, 0x0b, 0xdc, 0x09,
  0xb0, 0x08, 0x40, 0x07, 0xe0, 0x06, 0xe0, 0x06, 0x04, 0x07, 0xf8, 0x06,
  0xbc, 0x05, 0xcc, 0x03, 0xe0, 0x01, 0xe4, 0x00, 0x04, 0x01, 0x78, 0x01,
  0xb0, 0x01, 0x14, 0x01, 0xdc, 0xff, 0xb8, 0xfe, 0xcc, 0xfd, 0xe8, 0xfd,
  0x24, 0xff, 0xa0, 0x00, 0x80, 0x01, 0x90, 0x01, 0x2c, 0x01, 0xa4, 0x00,
  0x3c, 0x00, 0x54, 0x00, 0xdc, 0x00, 0x90, 0x01, 0x0c, 0x02, 0xf0, 0x01,
  0x28, 0x01, 0x0c, 0x00, 0xdc, 0xfe, 0xd0, 0xfd, 0xdc, 0xfc, 0xfc, 0xfb,
  0x1c, 0xfc, 0x38, 0xfd, 0x50, 0xfd, 0x54, 0xfb, 0xe4, 0xf8, 0x50, 0xf7,
  0xa8, 0xf6, 0x88, 0xf6, 0x64, 0xf6, 0x10, 0xf5, 0x24, 0xf3, 0x14, 0xf2,
  0x50, 0xf2, 0x58, 0xf3, 0x74, 0xf3, 0x54, 0xf5, 0x24, 0xfa, 0x5c, 0xfe,
  0xb0, 0x01, 0xb0, 0x02, 0x70, 0x01, 0x24, 0x02, 0x58, 0x05, 0x48, 0x09,
  0x10, 0x0c, 0x30, 0x0d, 0xd8, 0x0c, 0x84, 0x0b, 0x6c, 0x0a, 0x40, 0x09,
  0x44, 0x08, 0x0c, 0x08, 0x40, 0x08, 0x30, 0x08, 0x44, 0x07, 0xfc, 0x05,
  0x1c, 0x04, 0x34, 0x02, 0x0c, 0x03, 0x68, 0x05, 0x20, 0x06, 0x98, 0x05,
  0xa0, 0x04, 0x3c, 0x03, 0xc8, 0x01, 0xec, 0x00, 0xc0, 0x00, 0xf0, 0x00,
  0xbc, 0x01, 0x9c, 0x02, 0x54, 0x02, 0xfc, 0x00, 0x30, 0xff, 0x00, 0xfe,
  0x64, 0xfe, 0x00, 0xff, 0xa8, 0xff, 0x14, 0x02, 0xf0, 0x03, 0xdc, 0x02,
  0xec, 0x00, 0xd4, 0xff, 0x7c, 0xff, 0x8c, 0xff, 0xc8, 0xff, 0x80, 0xff,
  0x7c, 0xfe, 0xe0, 0xfd, 0x38, 0xfd, 0x40, 0xfb, 0xcc, 0xf8, 0xe0, 0xf6,
  0x38, 0xf6, 0x68, 0xf6, 0x00, 0xf6, 0x50, 0xf4, 0xd8, 0xf1, 0xfc, 0xef,
  0xb0, 0xef, 0xd4, 0xf0, 0xb0, 0xf2, 0x78, 0xf5, 0xc0, 0xf9, 0x54, 0xfe,
  0x8c, 0x01, 0xa8, 0x02, 0x3c, 0x02, 0xb4, 0x02, 0x90, 0x05, 0xac, 0x09,
  0xf8, 0x0c, 0x40, 0x0e, 0x88, 0x0d, 0x7c, 0x0b, 0x68, 0x09, 0xd4, 0x07,
  0x00, 0x07, 0xf4, 0x06, 0x18, 0x07, 0xf8, 0x06, 0xb8, 0x05, 0xe4, 0x03,
  0x20, 0x02, 0x44, 0x00, 0xb4, 0x00, 0x4c, 0x03, 0xdc, 0x04, 0xd0, 0x04,
  0xd4, 0x03, 0x70, 0x02, 0xd0, 0x00, 0xc4, 0xff, 0xcc, 0xff, 0x28, 0x00,
  0xe4, 0x00, 0xdc, 0x01, 0xfc, 0x01, 0xe4, 0x00, 0x18, 0xff, 0xb0, 0xfd,
  0xa0, 0xfd, 0xa8, 0xfe, 0xec, 0xff, 0x6c, 0x01, 0x44, 0x03, 0xfc, 0x03,
  0xf4, 0x02, 0x90, 0x01, 0xd8, 0x00, 0xe8, 0x00, 0x54, 0x01, 0x84, 0x01,
  0xa8, 0x00, 0x0c, 0xff, 0x98, 0xfd, 0x20, 0xfc, 0x28, 0xfa, 0x04, 0xf8,
  0x84, 0xf6, 0xc4, 0xf5, 0x40, 0xf5, 0x08, 0xf4, 0xd8, 0xf1, 0x8c, 0xef,
  0x00, 0xee, 0x5c, 0xee, 0xf0, 0xef, 0xe8, 0xf1, 0x34, 0xf6, 0xa4, 0xfb,
  0x00, 0x00, 0x98, 0x02, 0x5c, 0x02, 0xc4, 0x01, 0xa4, 0x03, 0x90, 0x07,
  0xb8, 0x0b, 0x18, 0x0e, 0x70, 0x0e, 0xec, 0x0c, 0x78, 0x0a, 0x64, 0x08,
  0xc4, 0x06, 0x0c, 0x06, 0x58, 0x06, 0xdc, 0x06, 0x6c, 0x06, 0xd0, 0x04,
  0x98, 0x02, 0xa0, 0x00, 0xf0, 0xff, 0x5c, 0x01, 0x0c, 0x04, 0xfc, 0x05,
  0x50, 0x06, 0x20, 0x05, 0x2c, 0x03, 0x68, 0x01, 0x7c, 0x00, 0xb0, 0x00,
  0x78, 0x01, 0x64, 0x02, 0xd8, 0x02, 0x30, 0x02, 0x70, 0x00, 0x40, 0xfe,
  0xd4, 0xfc, 0xe4, 0xfc, 0x1c, 0xfe, 0x9c, 0xff, 0x24, 0x01, 0x3c, 0x02,
  0x2c, 0x02, 0x0c, 0x01, 0xd8, 0xff, 0x88, 0xff, 0x04, 0x00, 0xc4, 0x00,
  0x08, 0x01, 0x24, 0x00, 0x78, 0xfe, 0xb8, 0xfc, 0xf8, 0xfa, 0x5c, 0xf9,
  0xe0, 0xf7, 0xe8, 0xf6, 0x5c, 0xf6, 0x80, 0xf5, 0xe8, 0xf3, 0x90, 0xf1,
  0x60, 0xef, 0x58, 0xee, 0xf8, 0xee, 0xe8, 0xf0, 0xec, 0xf3, 0x38, 0xf8,
  0xe8, 0xfc, 0x88, 0x00, 0x30, 0x02, 0x38, 0x02, 0x7c, 0x02, 0xa0, 0x04,
  0x58, 0x08, 0xd8, 0x0b, 0xa0, 0x0d, 0x58, 0x0d, 0x74, 0x0b, 0x10, 0x09,
  0x28, 0x07, 0xe4, 0x05, 0xb8, 0x05, 0x04, 0x06, 0xbc, 0x05, 0xe8, 0x05,
  0x94, 0x05, 0x58, 0x03, 0x3c, 0x01, 0x0c, 0x01, 0xac, 0x02, 0x54, 0x05,
  0xf0, 0x06, 0xf8, 0x06, 0xa0, 0x06, 0x68, 0x05, 0x54, 0x03, 0xd4, 0x01,
  0x98, 0x01, 0x1c, 0x02, 0xcc, 0x02, 0x5c, 0x03, 0x88, 0x02, 0x24, 0x00,
  0xd0, 0xfd, 0x98, 0xfc, 0x60, 0xfc, 0x0c, 0xfd, 0x7c, 0xfe, 0x40, 0x00,
  0x9c, 0x01, 0xb0, 0x01, 0x8c, 0x00, 0x54, 0xff, 0xec, 0xfe, 0x68, 0xff,
  0x28, 0x00, 0x80, 0x00, 0xc8, 0xff, 0x40, 0xfe, 0xb0, 0xfc, 0xe4, 0xfa,
  0xe4, 0xf8, 0x4c, 0xf7, 0x54, 0xf6, 0x94, 0xf5, 0x80, 0xf4, 0xa0, 0xf2,
  0x44, 0xf0, 0x28, 0xee, 0x10, 0xed, 0x24, 0xee, 0xf4, 0xef, 0x90, 0xf1,
  0x18, 0xf5, 0x48, 0xfa, 0x24, 0xfe, 0xc4, 0xff, 0x1c, 0x00, 0x90, 0x00,
  0x9c, 0x02, 0x48, 0x06, 0xf4, 0x09, 0xb4, 0x0b, 0x84, 0x0b, 0x58, 0x0a,
  0xfc, 0x08, 0xe0, 0x07, 0x14, 0x07, 0xd4, 0x06, 0x14, 0x07, 0x7c, 0x07,
  0xe4, 0x07, 0xa0, 0x07, 0x40, 0x06, 0xf0, 0x04, 0xd8, 0x04, 0x58, 0x06,
  0x4c, 0x08, 0x48, 0x09, 0x68, 0x09, 0xe4, 0x08, 0xd4, 0x07, 0x28, 0x06,
  0xc4, 0x04, 0x2c, 0x04, 0x00, 0x04, 0x44, 0x04, 0x28, 0x04, 0x14, 0x03,
  0x1c, 0x01, 0x30, 0xff, 0x0c, 0xfe, 0xac, 0xfd, 0x04, 0xfe, 0xe4, 0xfe,
  0x14, 0x00, 0x10, 0x01, 0x2c, 0x01, 0x7c, 0x00, 0xa8, 0xff, 0x38, 0xff,
  0x4c, 0xff, 0x6c, 0xff, 0x20, 0xff, 0x38, 0xfe, 0xf0, 0xfc, 0xb8, 0xfb,
  0x38, 0xfa, 0x7c, 0xf8, 0xe0, 0xf6, 0x6c, 0xf5, 0x78, 0xf4, 0x44, 0xf3,
  0x9c, 0xf1, 0xec, 0xef, 0xe0, 0xed, 0xc8, 0xed, 0xd0, 0xee, 0xf4, 0xed,
  0x08, 0xef, 0x20, 0xf4, 0xfc, 0xf9, 0x3c, 0xfe, 0xc4, 0x00, 0x88, 0x01,
  0x90, 0x01, 0x3c, 0x03, 0xac, 0x06, 0x98, 0x09, 0xf0, 0x0a, 0xf0, 0x0b,
  0x48, 0x0b, 0x28, 0x08, 0xc8, 0x05, 0xfc, 0x04, 0xd8, 0x04, 0x38, 0x05,
  0x6c, 0x05, 0x5c, 0x05, 0xf8, 0x04, 0x40, 0x04, 0xe8, 0x03, 0xdc, 0x03,
  0xf8, 0x04, 0x84, 0x07, 0x8c, 0x08, 0x94, 0x07, 0xe0, 0x06, 0xb4, 0x06,
  0x30, 0x06, 0x64, 0x05, 0xd0, 0x04, 0x24, 0x04, 0xcc, 0x03, 0xd8, 0x03,
  0x6c, 0x03, 0x1c, 0x02, 0xa8, 0x00, 0xe4, 0xff, 0xc0, 0xff, 0x1c, 0x00,
  0x50, 0x00, 0xa4, 0x00, 0x54, 0x01, 0xd0, 0x01, 0xf8, 0x01, 0xac, 0x01,
  0x40, 0x01, 0xc4, 0x00, 0x50, 0x00, 0xb8, 0xff, 0xac, 0xfe, 0x74, 0xfd,
  0x6c, 0xfc, 0x68, 0xfb, 0x0c, 0xfa, 0x6c, 0xf8, 0x9c, 0xf6, 0xf4, 0xf4,
  0x88, 0xf3, 0x08, 0xf2, 0x90, 0xf0, 0x1c, 0xef, 0x34, 0xee, 0x0c, 0xee,
  0x8c, 0xed, 0x5c, 0xed, 0xc0, 0xef, 0x8c, 0xf4, 0xa4, 0xf9, 0x88, 0xfd,
  0x4c, 0xff, 0xb8, 0xff, 0x6c, 0x00, 0x94, 0x02, 0xe0, 0x05, 0x78, 0x08,
  0x34, 0x0a, 0x34, 0x0b, 0xbc, 0x09, 0x1c, 0x07, 0xf8, 0x05, 0xf8, 0x05,
  0x44, 0x06, 0xbc, 0x06, 0x04, 0x07, 0xc4, 0x06, 0x34, 0x06, 0xcc, 0x05,
  0x8c, 0x05, 0xd4, 0x05, 0x18, 0x07, 0x38, 0x08, 0x00, 0x08, 0x04, 0x07,
  0x2c, 0x06, 0xac, 0x05, 0x10, 0x05, 0x64, 0x04, 0xd8, 0x03, 0x20, 0x03,
  0x44, 0x03, 0x50, 0x03, 0x24, 0x01, 0xe8, 0xfe, 0x88, 0xfe, 0xf4, 0xfe,
  0x5c, 0xff, 0xb4, 0xff, 0xb8, 0xff, 0xa4, 0xff, 0x54, 0x00, 0x54, 0x01,
  0xa0, 0x01, 0x74, 0x01, 0x44, 0x01, 0x20, 0x01, 0xc8, 0x00, 0xf4, 0xff,
  0xac, 0xfe, 0x8c, 0xfd, 0xcc, 0xfc, 0xe8, 0xfb, 0xb0, 0xfa, 0x10, 0xf9,
  0x18, 0xf7, 0x50, 0xf5, 0xc8, 0xf3, 0x50, 0xf2, 0xf4, 0xf0, 0xd0, 0xef,
  0x4c, 0xef, 0xdc, 0xee, 0x78, 0xee, 0xb8, 0xef, 0x64, 0xf2, 0xf8, 0xf6,
  0x0c, 0xfd, 0x9c, 0x00, 0x30, 0x01, 0x4c, 0x01, 0x80, 0x02, 0xf0, 0x04,
  0xfc, 0x07, 0x78, 0x0a, 0x3c, 0x0b, 0x40, 0x0a, 0x48, 0x08, 0x64, 0x06,
  0x44, 0x05, 0xd8, 0x04, 0xd4, 0x04, 0x30, 0x05, 0x9c, 0x05, 0x7c, 0x05,
  0x00, 0x05, 0x8c, 0x04, 0x88, 0x04, 0x8c, 0x05, 0x38, 0x07, 0x04, 0x08,
  0x44, 0x07, 0x54, 0x06, 0xd0, 0x05, 0x58, 0x05, 0xe4, 0x04, 0x50, 0x04,
  0xbc, 0x03, 0x58, 0x03, 0x30, 0x03, 0xf4, 0x01, 0xbc, 0xff, 0x40, 0xfe,
  0x08, 0xfe, 0x90, 0xfe, 0x14, 0xff, 0x48, 0xff, 0x4c, 0xff, 0x8c, 0xff,
  0x70, 0x00, 0x24, 0x01, 0x78, 0x01, 0x94, 0x01, 0x7c, 0x01, 0x64, 0x01,
  0xd8, 0x00, 0xdc, 0xff, 0xb4, 0xfe, 0xc4, 0xfd, 0xf4, 0xfc, 0xf4, 0xfb,
  0x8c, 0xfa, 0xbc, 0xf8, 0xdc, 0xf6, 0xfc, 0xf4, 0x88, 0xf3, 0xf0, 0xf1,
  0xc4, 0xf0, 0x04, 0xf0, 0x18, 0xef, 0x88, 0xef, 0x6c, 0xef, 0x30, 0xef,
  0xec, 0xf3, 0x6c, 0xfb, 0x4c, 0x00, 0x2c, 0x02, 0x88, 0x02, 0xc0, 0x02,
  0x64, 0x04, 0xf8, 0x07, 0x2c, 0x0b, 0x1c, 0x0c, 0xe4, 0x0b, 0xac, 0x0a,
  0xb4, 0x08, 0xf8, 0x06, 0x8c, 0x05, 0xf4, 0x04, 0x44, 0x05, 0xe0, 0x05,
  0x04, 0x06, 0x84, 0x05, 0xd4, 0x04, 0x44, 0x04, 0xcc, 0x04, 0x44, 0x06,
  0x68, 0x07, 0x88, 0x07, 0x10, 0x07, 0x98, 0x06, 0x14, 0x06, 0x74, 0x05,
  0xd4, 0x04, 0x30, 0x04, 0xe0, 0x03, 0xe0, 0x03, 0x44, 0x03, 0x58, 0x01,
  0x24, 0xff, 0x54, 0xfe, 0x60, 0xfe, 0x80, 0xfe, 0xd4, 0xfe, 0xe0, 0xfe,
  0xf8, 0xfe, 0x6c, 0xff, 0xf0, 0xff, 0x24, 0x00, 0x28, 0x00, 0x8c, 0x00,
  0xa4, 0x00, 0x8c, 0x00, 0x48, 0x00, 0x60, 0xff, 0x7c, 0xfe, 0xc8, 0xfd,
  0xbc, 0xfc, 0xbc, 0xfb, 0xb4, 0xfa, 0x14, 0xf9, 0x58, 0xf7, 0xd8, 0xf5,
  0x34, 0xf4, 0x9c, 0xf2, 0x9c, 0xf1, 0xdc, 0xf0, 0x6c, 0xf0, 0x4c, 0xf0,
  0xb4, 0xef, 0xc4, 0xf0, 0x48, 0xf5, 0xb4, 0xfa, 0x3c, 0xfe, 0x78, 0xff,
  0xe4, 0xff, 0x04, 0x01, 0x58, 0x03, 0xdc, 0x06, 0xa8, 0x09, 0x70, 0x0a,
  0x60, 0x0a, 0xf4, 0x09, 0xf8, 0x08, 0xf8, 0x07, 0x40, 0x07, 0xb4, 0x06,
  0xc0, 0x06, 0xf4, 0x07, 0x1c, 0x09, 0x90, 0x08, 0xf8, 0x06, 0x34, 0x06,
  0x78, 0x06, 0x28, 0x07, 0x00, 0x08, 0x2c, 0x08, 0x6c, 0x07, 0x8c, 0x06,
  0xf8, 0x05, 0x2c, 0x05, 0x18, 0x04, 0x4c, 0x03, 0x10, 0x03, 0x0c, 0x03,
  0x48, 0x02, 0xb0, 0x00, 0x08, 0xff, 0x18, 0xfe, 0xfc, 0xfd, 0x40, 0xfe,
  0x78, 0xfe, 0xd4, 0xfe, 0x64, 0xff, 0xd8, 0xff, 0x2c, 0x00, 0x20, 0x00,
  0x0c, 0x00, 0x2c, 0x00, 0x2c, 0x00, 0x0c, 0x00, 0xd8, 0xff, 0x64, 0xff,
  0x7c, 0xfe, 0x6c, 0xfd, 0x48, 0xfc, 0xe4, 0xfa, 0x98, 0xf9, 0x54, 0xf8,
  0xd0, 0xf6, 0x4c, 0xf5, 0x70, 0xf3, 0xbc, 0xf1, 0x70, 0xf1, 0x48, 0xf1,
  0x4c, 0xf0, 0x7c, 0xef, 0x98, 0xef, 0xc0, 0xf1, 0xfc, 0xf6, 0x4c, 0xfc,
  0x40, 0xfe, 0x64, 0xfe, 0x2c, 0xff, 0x2c, 0x01, 0x54, 0x04, 0xdc, 0x07,
  0x0c, 0x0a, 0x70, 0x0a, 0x70, 0x0a, 0x68, 0x0a, 0xc4, 0x09, 0xe8, 0x08,
  0x40, 0x08, 0x00, 0x08, 0x0c, 0x09, 0x94, 0x0a, 0xe4, 0x0a, 0xf4, 0x09,
  0x98, 0x08, 0xac, 0x07, 0xac, 0x07, 0x84, 0x08, 0x0c, 0x09, 0xb4, 0x08,
  0x04, 0x08, 0x0c, 0x07, 0xd4, 0x05, 0x94, 0x04, 0x9c, 0x03, 0xec, 0x02,
  0x90, 0x02, 0x38, 0x02, 0x2c, 0x01, 0xac, 0xff, 0x50, 0xfe, 0x50, 0xfd,
  0xf0, 0xfc, 0x1c, 0xfd, 0x9c, 0xfd, 0x38, 0xfe, 0xc4, 0xfe, 0x20, 0xff,
  0x14, 0xff, 0xec, 0xfe, 0xe0, 0xfe, 0xfc, 0xfe, 0x30, 0xff, 0x44, 0xff,
  0x00, 0xff, 0x4c, 0xfe, 0x6c, 0xfd, 0x48, 0xfc, 0x0c, 0xfb, 0xd8, 0xf9,
  0x98, 0xf8, 0x44, 0xf7, 0xe8, 0xf5, 0x5c, 0xf4, 0x78, 0xf2, 0x38, 0xf1,
  0xf8, 0xf0, 0xb8, 0xf0, 0x4c, 0xf0, 0x9c, 0xef, 0x0c, 0xf0, 0xb8, 0xf3,
  0xe0, 0xf8, 0x80, 0xfc, 0x40, 0xfe, 0x84, 0xfe, 0xb0, 0xfe, 0x18, 0x01,
  0x34, 0x05, 0x48, 0x08, 0x80, 0x09, 0xec, 0x09, 0xd0, 0x09, 0x6c, 0x09,
  0x44, 0x09, 0xe0, 0x08, 0x44, 0x08, 0x90, 0x08, 0xe4, 0x09, 0x04, 0x0b,
  0x0c, 0x0b, 0x00, 0x0a, 0xa0, 0x08, 0xe4, 0x07, 0x3c, 0x08, 0xe0, 0x08,
  0x28, 0x09, 0xdc, 0x08, 0xdc, 0x07, 0x8c, 0x06, 0x50, 0x05, 0x28, 0x04,
  0x3c, 0x03, 0xac, 0x02, 0x50, 0x02, 0x8c, 0x01, 0x5c, 0x00, 0x1c, 0xff,
  0xc8, 0xfd, 0xec, 0xfc, 0xa0, 0xfc, 0xe4, 0xfc, 0x7c, 0xfd, 0x24, 0xfe,
  0xa8, 0xfe, 0xb8, 0xfe, 0x8c, 0xfe, 0x60, 0xfe, 0x60, 0xfe, 0x9c, 0xfe,
  0xd4, 0xfe, 0xdc, 0xfe, 0x7c, 0xfe, 0xcc, 0xfd, 0xc8, 0xfc, 0x9c, 0xfb,
  0x64, 0xfa, 0x28, 0xf9, 0xf8, 0xf7, 0xb4, 0xf6, 0x60, 0xf5, 0xcc, 0xf3,
  0x60, 0xf2, 0xa4, 0xf1, 0xf0, 0xf0, 0x68, 0xf0, 0xe8, 0xef, 0x98, 0xef,
  0xd8, 0xf1, 0xa8, 0xf6, 0x04, 0xfb, 0x68, 0xfd, 0x44, 0xfe, 0x5c, 0xfe,
  0x84, 0xff, 0x00, 0x03, 0xd8, 0x06, 0xc0, 0x08, 0x20, 0x09, 0x74, 0x09,
  0x98, 0x09, 0x30, 0x09, 0x90, 0x08, 0xf8, 0x07, 0xd8, 0x07, 0x4c, 0x08,
  0x28, 0x09, 0xb0, 0x09, 0xe8, 0x08, 0x18, 0x07, 0xdc, 0x05, 0xc8, 0x05,
  0x08, 0x06, 0x58, 0x06, 0x88, 0x06, 0xf8, 0x05, 0xd0, 0x04, 0xac, 0x03,
  0xc8, 0x02, 0x04, 0x02, 0x70, 0x01, 0x50, 0x01, 0x3c, 0x01, 0x94, 0x00,
  0x98, 0xff, 0xcc, 0xfe, 0xfc, 0xfd, 0x40, 0xfd, 0x50, 0xfd, 0x0c, 0xfe,
  0xb8, 0xfe, 0x04, 0xff, 0x18, 0xff, 0x24, 0xff, 0x04, 0xff, 0xac, 0xfe,
  0xc4, 0xfe, 0x60, 0xff, 0x80, 0xff, 0x44, 0xff, 0x1c, 0xff, 0x64, 0xfe,
  0x58, 0xfd, 0xa8, 0xfc, 0xec, 0xfb, 0xec, 0xfa, 0x3c, 0xfa, 0x78, 0xf9,
  0x68, 0xf8, 0x70, 0xf7, 0x74, 0xf6, 0xc4, 0xf5, 0x5c, 0xf5, 0x54, 0xf4,
  0x18, 0xf3, 0x00, 0xf4, 0xd4, 0xf6, 0xe0, 0xf8, 0x1c, 0xfa, 0x58, 0xfb,
  0xe8, 0xfb, 0x58, 0xfc, 0x5c, 0xfe, 0xf8, 0x00, 0x5c, 0x02, 0xb0, 0x03,
  0x28, 0x05, 0x7c, 0x05, 0x6c, 0x05, 0xa0, 0x05, 0x98, 0x05, 0xd8, 0x05,
  0xf0, 0x06, 0x08, 0x08, 0x78, 0x08, 0x94, 0x08, 0x84, 0x08, 0x20, 0x08,
  0xb4, 0x07, 0x74, 0x07, 0x88, 0x07, 0xdc, 0x07, 0xb8, 0x07, 0x1c, 0x07,
  0x60, 0x06, 0x7c, 0x05, 0xb4, 0x04, 0x40, 0x04, 0xdc, 0x03, 0x34, 0x03,
  0x80, 0x02, 0xc8, 0x01, 0x08, 0x01, 0x64, 0x00, 0xb8, 0xff, 0x30, 0xff,
  0x04, 0xff, 0x14, 0xff, 0x24, 0xff, 0x1c, 0xff, 0x18, 0xff, 0x24, 0xff,
  0x04, 0xff, 0xcc, 0xfe, 0xe0, 0xfe, 0xec, 0xfe, 0xc0, 0xfe, 0x74, 0xfe,
  0x30, 0xfe, 0xe4, 0xfd, 0x38, 0xfd, 0x7c, 0xfc, 0xd4, 0xfb, 0x04, 0xfb,
  0x1c, 0xfa, 0x04, 0xf9, 0x18, 0xf8, 0x54, 0xf7, 0x7c, 0xf6, 0xb8, 0xf5,
  0x6c, 0xf4, 0xe0, 0xf2, 0x9c, 0xf2, 0x78, 0xf3, 0x6c, 0xf4, 0x40, 0xf5,
  0x44, 0xf6, 0x04, 0xf7, 0x88, 0xf7, 0xcc, 0xf8, 0x70, 0xfa, 0x20, 0xfc,
  0xd4, 0xfd, 0x34, 0xff, 0xf4, 0x00, 0xf8, 0x02, 0x3c, 0x04, 0xd8, 0x04,
  0xb0, 0x05, 0x0c, 0x07, 0x64, 0x08, 0xfc, 0x09, 0x5c, 0x0b, 0xac, 0x0b,
  0xf0, 0x0b, 0x3c, 0x0c, 0xd8, 0x0b, 0x98, 0x0b, 0xd4, 0x0b, 0xa4, 0x0b,
  0x14, 0x0b, 0x70, 0x0a, 0x7c, 0x09, 0x54, 0x08, 0x5c, 0x07, 0x84, 0x06,
  0x80, 0x05, 0x78, 0x04, 0xd8, 0x03, 0x5c, 0x03, 0x8c, 0x02, 0x90, 0x01,
  0xc4, 0x00, 0x54, 0x00, 0x38, 0x00, 0x10, 0x00, 0xb4, 0xff, 0x54, 0xff,
  0x08, 0xff, 0xc8, 0xfe, 0x84, 0xfe, 0x44, 0xfe, 0x08, 0xfe, 0x98, 0xfd,
  0x30, 0xfd, 0x00, 0xfd, 0xa0, 0xfc, 0xe8, 0xfb, 0x28, 0xfb, 0xa4, 0xfa,
  0xf0, 0xf9, 0x0c, 0xf9, 0x68, 0xf8, 0xb8, 0xf7, 0x04, 0xf7, 0x34, 0xf6,
  0x18, 0xf5, 0x50, 0xf4, 0x2c, 0xf4, 0x60, 0xf4, 0xe0, 0xf4, 0x5c, 0xf5,
  0x9c, 0xf5, 0x18, 0xf6, 0xdc, 0xf6, 0xb4, 0xf7, 0xf0, 0xf8, 0xa4, 0xfa,
  0x40, 0xfc, 0x8c, 0xfd, 0xf4, 0xfe, 0x90, 0x00, 0x14, 0x02, 0x6c, 0x03,
  0xc4, 0x04, 0x4c, 0x06, 0xb0, 0x07, 0x08, 0x09, 0x78, 0x0a, 0x5c, 0x0b,
  0x08, 0x0c, 0x7c, 0x0c, 0xa4, 0x0c, 0x08, 0x0d, 0x50, 0x0d, 0x34, 0x0d,
  0xdc, 0x0c, 0x68, 0x0c, 0xd4, 0x0b, 0x0c, 0x0b, 0x58, 0x0a, 0x88, 0x09,
  0x88, 0x08, 0xd0, 0x07, 0x24, 0x07, 0x34, 0x06, 0x38, 0x05, 0x30, 0x04,
  0x60, 0x03, 0xe4, 0x02, 0x5c, 0x02, 0xb4, 0x01, 0x0c, 0x01, 0x5c, 0x00,
  0xc8, 0xff, 0x38, 0xff, 0xa8, 0xfe, 0x54, 0xfe, 0xd8, 0xfd, 0x24, 0xfd,
  0x9c, 0xfc, 0x14, 0xfc, 0x84, 0xfb, 0x08, 0xfb, 0x64, 0xfa, 0x84, 0xf9,
  0xd0, 0xf8, 0x34, 0xf8, 0x6c, 0xf7, 0xcc, 0xf6, 0x28, 0xf6, 0x50, 0xf5,
  0x78, 0xf4, 0xc4, 0xf3, 0x8c, 0xf3, 0x90, 0xf3, 0x9c, 0xf3, 0xf0, 0xf3,
  0x54, 0xf4, 0xbc, 0xf4, 0x3c, 0xf5, 0xfc, 0xf5, 0x20, 0xf7, 0x6c, 0xf8,
  0xdc, 0xf9, 0x38, 0xfb, 0x7c, 0xfc, 0xf8, 0xfd, 0x90, 0xff, 0x04, 0x01,
  0x70, 0x02, 0xec, 0x03, 0x58, 0x05, 0xe4, 0x06, 0x58, 0x08, 0x80, 0x09,
  0x8c, 0x0a, 0x50, 0x0b, 0x74, 0x0b, 0x74, 0x0b, 0xdc, 0x0b, 0x58, 0x0c,
  0x64, 0x0c, 0x04, 0x0c, 0x64, 0x0b, 0xc4, 0x0a, 0x58, 0x0a, 0xec, 0x09,
  0x4c, 0x09, 0x80, 0x08, 0xe8, 0x07, 0x40, 0x07, 0x68, 0x06, 0xbc, 0x05,
  0x08, 0x05, 0x74, 0x04, 0xd0, 0x03, 0x30, 0x03, 0xc0, 0x02, 0x00, 0x02,
  0x54, 0x01, 0xe4, 0x00, 0x10, 0x00, 0x5c, 0xff, 0xd0, 0xfe, 0x24, 0xfe,
  0x7c, 0xfd, 0xbc, 0xfc, 0xf4, 0xfb, 0x48, 0xfb, 0x84, 0xfa, 0x98, 0xf9,
  0xd4, 0xf8, 0x00, 0xf8, 0xc0, 0xf6, 0x6c, 0xf5, 0x60, 0xf4, 0xac, 0xf3,
  0xe0, 0xf2, 0xdc, 0xf1, 0x24, 0xf1, 0xc0, 0xf0, 0xbc, 0xf0, 0x54, 0xf1,
  0x74, 0xf2, 0x74, 0xf3, 0x08, 0xf4, 0xb4, 0xf4, 0xf0, 0xf5, 0xc0, 0xf7,
  0xc8, 0xf9, 0x94, 0xfb, 0x0c, 0xfd, 0x6c, 0xfe, 0x34, 0x00, 0x2c, 0x02,
  0xe4, 0x03, 0x6c, 0x05, 0xcc, 0x06, 0x38, 0x08, 0xb4, 0x09, 0x0c, 0x0b,
  0x2c, 0x0c, 0xc4, 0x0c, 0xe4, 0x0c, 0xf8, 0x0c, 0x34, 0x0d, 0x68, 0x0d,
  0x68, 0x0d, 0x04, 0x0d, 0x48, 0x0c, 0x8c, 0x0b, 0xf8, 0x0a, 0x60, 0x0a,
  0x98, 0x09, 0xb0, 0x08, 0xe8, 0x07, 0x10, 0x07, 0x24, 0x06, 0x50, 0x05,
  0x90, 0x04, 0xc8, 0x03, 0xf8, 0x02, 0x40, 0x02, 0xa4, 0x01, 0x08, 0x01,
  0x50, 0x00, 0x94, 0xff, 0xf4, 0xfe, 0x5c, 0xfe, 0xbc, 0xfd, 0x20, 0xfd,
  0x88, 0xfc, 0xf8, 0xfb, 0x64, 0xfb, 0xc4, 0xfa, 0x1c, 0xfa, 0x84, 0xf9,
  0xfc, 0xf8, 0x48, 0xf8, 0x44, 0xf7, 0x30, 0xf6, 0x74, 0xf5, 0xec, 0xf4,
  0x38, 0xf4, 0x6c, 0xf3, 0xd0, 0xf2, 0x7c, 0xf2, 0x80, 0xf2, 0xf0, 0xf2,
  0xe8, 0xf3, 0xf4, 0xf4, 0xa0, 0xf5, 0x1c, 0xf6, 0x14, 0xf7, 0xcc, 0xf8,
  0x90, 0xfa, 0x30, 0xfc, 0xb4, 0xfd, 0xbc, 0xfe, 0xe8, 0xff, 0xa0, 0x01,
  0x74, 0x03, 0xf4, 0x04, 0xfc, 0x05, 0x54, 0x07, 0x1c, 0x09, 0x88, 0x0a,
  0x80, 0x0b, 0x10, 0x0c, 0x34, 0x0c, 0x80, 0x0c, 0xec, 0x0c, 0x30, 0x0d,
  0x1c, 0x0d, 0x9c, 0x0c, 0xf0, 0x0b, 0x54, 0x0b, 0xcc, 0x0a, 0x30, 0x0a,
  0x50, 0x09, 0x50, 0x08, 0x5c, 0x07, 0x7c, 0x06, 0xa4, 0x05, 0xc8, 0x04,
  0xd8, 0x03, 0xec, 0x02, 0x18, 0x02, 0x68, 0x01, 0xc0, 0x00, 0x10, 0x00,
  0x58, 0xff, 0x9c, 0xfe, 0x00, 0xfe, 0x74, 0xfd, 0xf0, 0xfc, 0x64, 0xfc,
  0xcc, 0xfb, 0x48, 0xfb, 0xc4, 0xfa, 0x50, 0xfa, 0xcc, 0xf9, 0x3c, 0xf9,
  0x9c, 0xf8, 0xe0, 0xf7, 0x04, 0xf7, 0x20, 0xf6, 0x70, 0xf5, 0xc0, 0xf4,
  0x08, 0xf4, 0x50, 0xf3, 0xcc, 0xf2, 0x98, 0xf2, 0xc4, 0xf2, 0x88, 0xf3,
  0x84, 0xf4, 0x64, 0xf5, 0x24, 0xf6, 0x10, 0xf7, 0x90, 0xf8, 0x48, 0xfa,
  0x14, 0xfc, 0xd4, 0xfd, 0x04, 0xff, 0x48, 0x00, 0x04, 0x02, 0xdc, 0x03,
  0x84, 0x05, 0xb4, 0x06, 0x18, 0x08, 0xd4, 0x09, 0x38, 0x0b, 0x54, 0x0c,
  0x18, 0x0d, 0x70, 0x0d, 0x90, 0x0d, 0x98, 0x0d, 0xa0, 0x0d, 0x74, 0x0d,
  0xe8, 0x0c, 0x14, 0x0c, 0x20, 0x0b, 0x44, 0x0a, 0x70, 0x09, 0x2c, 0x08,
  0xf4, 0x06, 0x30, 0x06, 0x3c, 0x05, 0x0c, 0x04, 0xf4, 0x02, 0x04, 0x02,
  0x24, 0x01, 0x5c, 0x00, 0xa8, 0xff, 0xfc, 0xfe, 0x6c, 0xfe, 0xe4, 0xfd,
  0x6c, 0xfd, 0x08, 0xfd, 0xbc, 0xfc, 0x70, 0xfc, 0x14, 0xfc, 0xdc, 0xfb,
  0xb0, 0xfb, 0x88, 0xfb, 0x54, 0xfb, 0x14, 0xfb, 0xd8, 0xfa, 0x90, 0xfa,
  0x38, 0xfa, 0xc4, 0xf9, 0x18, 0xf9, 0x60, 0xf8, 0xb4, 0xf7, 0x10, 0xf7,
  0x6c, 0xf6, 0xb8, 0xf5, 0x18, 0xf5, 0xb8, 0xf4, 0xa8, 0xf4, 0x18, 0xf5,
  0xc4, 0xf5, 0x68, 0xf6, 0x28, 0xf7, 0xbc, 0xf7, 0x64, 0xf8, 0xc8, 0xf9,
  0x68, 0xfb, 0xc4, 0xfc, 0xd4, 0xfd, 0xcc, 0xfe, 0x20, 0x00, 0xb8, 0x01,
  0x3c, 0x03, 0x88, 0x04, 0xcc, 0x05, 0x48, 0x07, 0xc0, 0x08, 0x04, 0x0a,
  0x08, 0x0b, 0xa4, 0x0b, 0xf0, 0x0b, 0x1c, 0x0c, 0x58, 0x0c, 0x84, 0x0c,
  0x50, 0x0c, 0xcc, 0x0b, 0x20, 0x0b, 0x70, 0x0a, 0xd8, 0x09, 0xfc, 0x08,
  0xf0, 0x07, 0x3c, 0x07, 0x84, 0x06, 0x6c, 0x05, 0x88, 0x04, 0xbc, 0x03,
  0xd0, 0x02, 0x28, 0x02, 0x64, 0x01, 0x98, 0x00, 0x24, 0x00, 0x94, 0xff,
  0x08, 0xff, 0x9c, 0xfe, 0x24, 0xfe, 0xbc, 0xfd, 0x70, 0xfd, 0x20, 0xfd,
  0xd0, 0xfc, 0x9c, 0xfc, 0x48, 0xfc, 0x8c, 0xfb, 0xe0, 0xfa, 0x80, 0xfa,
  0x68, 0xfa, 0x60, 0xfa, 0xe0, 0xf9, 0xf4, 0xf8, 0x0c, 0xf8, 0x94, 0xf7,
  0x64, 0xf7, 0xe0, 0xf6, 0x20, 0xf6, 0x94, 0xf5, 0x3c, 0xf5, 0x78, 0xf5,
  0x38, 0xf6, 0xc0, 0xf6, 0x3c, 0xf7, 0xc8, 0xf7, 0x64, 0xf8, 0x78, 0xf9,
  0xbc, 0xfa, 0xfc, 0xfb, 0x18, 0xfd, 0xfc, 0xfd, 0x20, 0xff, 0x7c, 0x00,
  0xd4, 0x01, 0x1c, 0x03, 0x34, 0x04, 0x58, 0x05, 0xc8, 0x06, 0x20, 0x08,
  0x2c, 0x09, 0xf8, 0x09, 0x58, 0x0a, 0xb4, 0x0a, 0x08, 0x0b, 0x20, 0x0b,
  0x2c, 0x0b, 0xe0, 0x0a, 0x50, 0x0a, 0xc8, 0x09, 0x34, 0x09, 0x90, 0x08,
  0xbc, 0x07, 0xd8, 0x06, 0x14, 0x06, 0x68, 0x05, 0xa0, 0x04, 0xc0, 0x03,
  0xf8, 0x02, 0x3c, 0x02, 0x8c, 0x01, 0x00, 0x01, 0x70, 0x00, 0xe4, 0xff,
  0x78, 0xff, 0x00, 0xff, 0x98, 0xfe, 0x54, 0xfe, 0x0c, 0xfe, 0xbc, 0xfd,
  0x60, 0xfd, 0x18, 0xfd, 0x08, 0xfd, 0xac, 0xfc, 0xf4, 0xfb, 0x70, 0xfb,
  0x20, 0xfb, 0xcc, 0xfa, 0x8c, 0xfa, 0xf8, 0xf9, 0x54, 0xf9, 0x00, 0xf9,
  0xb0, 0xf8, 0x48, 0xf8, 0xc8, 0xf7, 0x58, 0xf7, 0x34, 0xf7, 0x24, 0xf7,
  0x60, 0xf7, 0xe4, 0xf7, 0x58, 0xf8, 0xe4, 0xf8, 0x98, 0xf9, 0x38, 0xfa,
  0x14, 0xfb, 0x1c, 0xfc, 0x14, 0xfd, 0x1c, 0xfe, 0x00, 0xff, 0xf0, 0xff,
  0x08, 0x01, 0x04, 0x02, 0x0c, 0x03, 0x0c, 0x04, 0xfc, 0x04, 0x0c, 0x06,
  0x04, 0x07, 0xbc, 0x07, 0x58, 0x08, 0xb4, 0x08, 0xe4, 0x08, 0x0c, 0x09,
  0x0c, 0x09, 0xf4, 0x08, 0xb0, 0x08, 0x38, 0x08, 0xb8, 0x07, 0x34, 0x07,
  0x8c, 0x06, 0xd8, 0x05, 0x2c, 0x05, 0x90, 0x04, 0xe8, 0x03, 0x34, 0x03,
  0x88, 0x02, 0xec, 0x01, 0x58, 0x01, 0xcc, 0x00, 0x48, 0x00, 0xe8, 0xff,
  0x8c, 0xff, 0x20, 0xff, 0xd4, 0xfe, 0x98, 0xfe, 0x5c, 0xfe, 0x30, 0xfe,
  0xe8, 0xfd, 0xac, 0xfd, 0x90, 0xfd, 0x68, 0xfd, 0x00, 0xfd, 0x64, 0xfc,
  0xdc, 0xfb, 0x90, 0xfb, 0x38, 0xfb, 0xe8, 0xfa, 0x84, 0xfa, 0xec, 0xf9,
  0x78, 0xf9, 0x00, 0xf9, 0x8c, 0xf8, 0x34, 0xf8, 0xd0, 0xf7, 0x98, 0xf7,
  0x80, 0xf7, 0x7c, 0xf7, 0xbc, 0xf7, 0x24, 0xf8, 0xa4, 0xf8, 0x50, 0xf9,
  0xf8, 0xf9, 0x94, 0xfa, 0x40, 0xfb, 0x04, 0xfc, 0xd8, 0xfc, 0xe8, 0xfd,
  0x24, 0xff, 0x34, 0x00, 0xec, 0x00, 0xac, 0x01, 0xb0, 0x02, 0xb0, 0x03,
  0xa0, 0x04, 0x88, 0x05, 0x48, 0x06, 0xd4, 0x06, 0x7c, 0x07, 0x14, 0x08,
  0x2c, 0x08, 0x50, 0x08, 0x64, 0x08, 0x34, 0x08, 0x44, 0x08, 0x20, 0x08,
  0xb0, 0x07, 0x4c, 0x07, 0xe4, 0x06, 0x88, 0x06, 0x08, 0x06, 0x74, 0x05,
  0xfc, 0x04, 0x7c, 0x04, 0xe4, 0x03, 0x40, 0x03, 0xdc, 0x02, 0xd0, 0x02,
  0x68, 0x02, 0xa0, 0x01, 0x14, 0x01, 0xc8, 0x00, 0x70, 0x00, 0x08, 0x00,
  0x90, 0xff, 0x10, 0xff, 0xa4, 0xfe, 0x50, 0xfe, 0xf8, 0xfd, 0x84, 0xfd,
  0x28, 0xfd, 0x8c, 0xfc, 0xe8, 0xfb, 0x84, 0xfb, 0x24, 0xfb, 0xd8, 0xfa,
  0x78, 0xfa, 0x34, 0xfa, 0x20, 0xfa, 0xc8, 0xf9, 0x70, 0xf9, 0x58, 0xf9,
  0x34, 0xf9, 0x0c, 0xf9, 0xf8, 0xf8, 0x08, 0xf9, 0x5c, 0xf9, 0xb8, 0xf9,
  0x20, 0xfa, 0xcc, 0xfa, 0x90, 0xfb, 0x30, 0xfc, 0xc4, 0xfc, 0x64, 0xfd,
  0x1c, 0xfe, 0xd0, 0xfe, 0x74, 0xff, 0x40, 0x00, 0x24, 0x01, 0xec, 0x01,
  0x80, 0x02, 0x0c, 0x03, 0xc4, 0x03, 0x7c, 0x04, 0xe8, 0x04, 0x38, 0x05,
  0xd8, 0x05, 0xa4, 0x06, 0x28, 0x07, 0x3c, 0x07, 0x38, 0x07, 0x58, 0x07,
  0x44, 0x07, 0x14, 0x07, 0xf8, 0x06, 0xb4, 0x06, 0x64, 0x06, 0x20, 0x06,
  0xb4, 0x05, 0x2c, 0x05, 0xa8, 0x04, 0x38, 0x04, 0xb0, 0x03, 0xf4, 0x02,
  0x64, 0x02, 0xe8, 0x01, 0x68, 0x01, 0xfc, 0x00, 0x74, 0x00, 0xe4, 0xff,
  0x5c, 0xff, 0xe0, 0xfe, 0x7c, 0xfe, 0x18, 0xfe, 0x90, 0xfd, 0x30, 0xfd,
  0xec, 0xfc, 0x98, 0xfc, 0x78, 0xfc, 0x3c, 0xfc, 0xc4, 0xfb, 0xa0, 0xfb,
  0x98, 0xfb, 0x58, 0xfb, 0x44, 0xfb, 0x48, 0xfb, 0x48, 0xfb, 0x50, 0xfb,
  0x5c, 0xfb, 0x88, 0xfb, 0xb0, 0xfb, 0xd0, 0xfb, 0xec, 0xfb, 0x18, 0xfc,
  0x70, 0xfc, 0xb8, 0xfc, 0xe0, 0xfc, 0x44, 0xfd, 0xd0, 0xfd, 0x44, 0xfe,
  0x74, 0xfe, 0x9c, 0xfe, 0xe8, 0xfe, 0x50, 0xff, 0xc4, 0xff, 0x08, 0x00,
  0x6c, 0x00, 0xe0, 0x00, 0x2c, 0x01, 0xa0, 0x01, 0x00, 0x02, 0x2c, 0x02,
  0x68, 0x02, 0xac, 0x02, 0xd0, 0x02, 0x3c, 0x03, 0xec, 0x03, 0x58, 0x04,
  0x7c, 0x04, 0x94, 0x04, 0x8c, 0x04, 0x94, 0x04, 0x90, 0x04, 0x70, 0x04,
  0x44, 0x04, 0x20, 0x04, 0x20, 0x04, 0xe4, 0x03, 0x68, 0x03, 0x38, 0x03,
  0x00, 0x03, 0x8c, 0x02, 0x28, 0x02, 0xc8, 0x01, 0x68, 0x01, 0x08, 0x01,
  0xa4, 0x00, 0x60, 0x00, 0x18, 0x00, 0xb0, 0xff, 0x68, 0xff, 0x10, 0xff,
  0xb0, 0xfe, 0x70, 0xfe, 0x28, 0xfe, 0xec, 0xfd, 0xb4, 0xfd, 0x80, 0xfd,
  0x58, 0xfd, 0x28, 0xfd, 0x04, 0xfd, 0xec, 0xfc, 0xcc, 0xfc, 0xb0, 0xfc,
  0x94, 0xfc, 0x98, 0xfc, 0xa8, 0xfc, 0xa8, 0xfc, 0xc0, 0xfc, 0xe0, 0xfc,
  0xf8, 0xfc, 0x04, 0xfd, 0x20, 0xfd, 0x48, 0xfd, 0x78, 0xfd, 0xa0, 0xfd,
  0xcc, 0xfd, 0x20, 0xfe, 0x70, 0xfe, 0xa8, 0xfe, 0xf0, 0xfe, 0xf4, 0xfe,
  0x0c, 0xff, 0x7c, 0xff, 0xbc, 0xff, 0xe8, 0xff, 0x24, 0x00, 0x60, 0x00,
  0xac, 0x00, 0xec, 0x00, 0x2c, 0x01, 0x50, 0x01, 0x7c, 0x01, 0xb0, 0x01,
  0xc0, 0x01, 0x0c, 0x02, 0x64, 0x02, 0x64, 0x02, 0x78, 0x02, 0xc0, 0x02,
  0xdc, 0x02, 0xc8, 0x02, 0xa8, 0x02, 0x9c, 0x02, 0xa8, 0x02, 0xa0, 0x02,
  0x78, 0x02, 0x50, 0x02, 0x28, 0x02, 0xf0, 0x01, 0xb8, 0x01, 0x78, 0x01,
  0x38, 0x01, 0x0c, 0x01, 0xe0, 0x00, 0x90, 0x00, 0x3c, 0x00, 0xfc, 0xff,
  0xb8, 0xff, 0x88, 0xff, 0x64, 0xff, 0x30, 0xff, 0xec, 0xfe, 0xb8, 0xfe,
  0x9c, 0xfe, 0x88, 0xfe, 0x5c, 0xfe, 0x38, 0xfe, 0x34, 0xfe, 0x24, 0xfe,
  0x04, 0xfe, 0x04, 0xfe, 0x14, 0xfe, 0x10, 0xfe, 0x18, 0xfe, 0x24, 0xfe,
  0x30, 0xfe, 0x38, 0xfe, 0x4c, 0xfe, 0x68, 0xfe, 0x7c, 0xfe, 0xac, 0xfe,
  0xd4, 0xfe, 0xe0, 0xfe, 0x00, 0xff, 0x18, 0xff, 0x3c, 0xff, 0x74, 0xff,
  0x8c, 0xff, 0xa8, 0xff, 0xd4, 0xff, 0xec, 0xff, 0xfc, 0xff, 0x20, 0x00,
  0x50, 0x00, 0x68, 0x00, 0x74, 0x00, 0x78, 0x00, 0x8c, 0x00, 0xa8, 0x00,
  0xb4, 0x00, 0xe8, 0x00, 0x30, 0x01, 0x50, 0x01, 0x58, 0x01, 0x50, 0x01,
  0x58, 0x01, 0x70, 0x01, 0x6c, 0x01, 0x5c, 0x01, 0x64, 0x01, 0x78, 0x01,
  0x7c, 0x01, 0x64, 0x01, 0x50, 0x01, 0x48, 0x01, 0x48, 0x01, 0x0c, 0x01,
  0x98, 0x00, 0x5c, 0x00, 0x54, 0x00, 0x4c, 0x00, 0x1c, 0x00, 0xe4, 0xff,
  0xc8, 0xff, 0xa8, 0xff, 0x7c, 0xff, 0x58, 0xff, 0x48, 0xff, 0x3c, 0xff,
  0x08, 0xff, 0x04, 0xff, 0xf8, 0xfe, 0x98, 0xfe, 0x5c, 0xfe, 0x70, 0xfe,
  0x90, 0xfe, 0x94, 0xfe, 0x80, 0xfe, 0x88, 0xfe, 0x98, 0xfe, 0xa0, 0xfe,
  0xc0, 0xfe, 0xc8, 0xfe, 0xc4, 0xfe, 0xf0, 0xfe, 0x0c, 0xff, 0x20, 0xff,
  0x4c, 0xff, 0x64, 0xff, 0x84, 0xff, 0xa0, 0xff, 0xc0, 0xff, 0xe4, 0xff,
  0xe0, 0xff, 0x04, 0x00, 0x2c, 0x00, 0x34, 0x00, 0x48, 0x00, 0x5c, 0x00,
  0x70, 0x00, 0x84, 0x00, 0x84, 0x00, 0x80, 0x00, 0x88, 0x00, 0x8c, 0x00,
  0x90, 0x00, 0xac, 0x00, 0xc8, 0x00, 0xd8, 0x00, 0xd4, 0x00, 0xc0, 0x00,
  0xc0, 0x00, 0xbc, 0x00, 0xa8, 0x00, 0xa8, 0x00, 0xa8, 0x00, 0x94, 0x00,
  0x90, 0x00, 0x8c, 0x00, 0x80, 0x00, 0x70, 0x00, 0x60, 0x00, 0x38, 0x00,
  0x00, 0x00, 0xf0, 0xff, 0xe0, 0xff, 0xcc, 0xff, 0xbc, 0xff, 0x74, 0xff,
  0x1c, 0xff, 0x10, 0xff, 0x28, 0xff, 0x28, 0xff, 0x14, 0xff, 0x04, 0xff,
  0x08, 0xff, 0x10, 0xff, 0x10, 0xff, 0xdc, 0xfe, 0x9c, 0xfe, 0xb0, 0xfe,
  0xf0, 0xfe, 0xdc, 0xfe, 0xb4, 0xfe, 0xcc, 0xfe, 0xfc, 0xfe, 0x14, 0xff,
  0x30, 0xff, 0x48, 0xff, 0x58, 0xff, 0x74, 0xff, 0x98, 0xff, 0xb8, 0xff,
  0xd0, 0xff, 0xf0, 0xff, 0x08, 0x00, 0x28, 0x00, 0x48, 0x00, 0x58, 0x00,
  0x6c, 0x00, 0x7c, 0x00, 0x90, 0x00, 0x9c, 0x00, 0xa0, 0x00, 0xac, 0x00,
  0xac, 0x00, 0xb0, 0x00, 0xb4, 0x00, 0xb0, 0x00, 0xb0, 0x00, 0xac, 0x00,
  0xa4, 0x00, 0x9c, 0x00, 0x88, 0x00, 0x84, 0x00, 0x78, 0x00, 0x78, 0x00,
  0x8c, 0x00, 0x94, 0x00, 0x90, 0x00, 0x7c, 0x00, 0x78, 0x00, 0x6c, 0x00,
  0x60, 0x00, 0x64, 0x00, 0x44, 0x00, 0x58, 0x00, 0xc0, 0x00, 0xc0, 0x00,
  0x8c, 0x00, 0x88, 0x00, 0x88, 0x00, 0x78, 0x00, 0x50, 0x00, 0x38, 0x00,
  0x30, 0x00, 0x2c, 0x00, 0x30, 0x00, 0x04, 0x00, 0xc0, 0xff, 0xa8, 0xff,
  0xb0, 0xff, 0xa8, 0xff, 0xa0, 0xff, 0xa0, 0xff, 0x98, 0xff, 0x98, 0xff,
  0xa0, 0xff, 0x80, 0xff, 0x50, 0xff, 0x44, 0xff, 0x58, 0xff, 0x48, 0xff,
  0x1c, 0xff, 0x08, 0xff, 0x2c, 0xff, 0x34, 0xff, 0x40, 0xff, 0xb0, 0xff,
  0xe0, 0xff, 0xb8, 0xff, 0xc8, 0xff, 0xf0, 0xff, 0xf0, 0xff, 0xec, 0xff,
  0x28, 0x00, 0x3c, 0x00, 0x30, 0x00, 0x68, 0x00, 0x70, 0x00, 0x74, 0x00,
  0x94, 0x00, 0x84, 0x00, 0x80, 0x00, 0x80, 0x00, 0x90, 0x00, 0x98, 0x00,
  0x7c, 0x00, 0x84, 0x00, 0x90, 0x00, 0x84, 0x00, 0x70, 0x00, 0x70, 0x00,
  0xa0, 0x00, 0xc0, 0x00, 0x90, 0x00, 0x70, 0x00, 0x94, 0x00, 0x98, 0x00,
  0x88, 0x00, 0x8c, 0x00, 0x80, 0x00, 0x6c, 0x00, 0x60, 0x00, 0x70, 0x00,
  0x60, 0x00, 0x64, 0x00, 0x98, 0x00, 0x94, 0x00, 0x80, 0x00, 0x78, 0x00,
  0x68, 0x00, 0x50, 0x00, 0x2c, 0x00, 0x34, 0x00, 0x24, 0x00, 0xfc, 0xff,
  0x04, 0x00, 0xf8, 0xff, 0xc0, 0xff, 0xa0, 0xff, 0x9c, 0xff, 0xa4, 0xff,
  0xa8, 0xff, 0x8c, 0xff, 0x90, 0xff, 0xa4, 0xff, 0x94, 0xff, 0x7c, 0xff,
  0x6c, 0xff, 0x64, 0xff, 0x60, 0xff, 0x64, 0xff, 0x4c, 0xff, 0x3c, 0xff,
  0x54, 0xff, 0x64, 0xff, 0x88, 0xff, 0xc8, 0xff, 0xe4, 0xff, 0xe4, 0xff,
  0xe4, 0xff, 0xf4, 0xff, 0x08, 0x00, 0x38, 0x00, 0x7c, 0x00, 0x80, 0x00,
  0x68, 0x00, 0x74, 0x00, 0x90, 0x00, 0x8c, 0x00, 0x94, 0x00, 0x98, 0x00,
  0x8c, 0x00, 0x9c, 0x00, 0x94, 0x00, 0x80, 0x00, 0x88, 0x00, 0x70, 0x00,
  0x7c, 0x00, 0x98, 0x00, 0x8c, 0x00, 0x7c, 0x00, 0x68, 0x00, 0x6c, 0x00,
  0x6c, 0x00, 0x70, 0x00, 0xb0, 0x00, 0xc4, 0x00, 0x88, 0x00, 0x58, 0x00,
  0x64, 0x00, 0x68, 0x00, 0x1c, 0x00, 0x00, 0x00, 0x24, 0x00, 0x2c, 0x00,
  0x24, 0x00, 0x14, 0x00, 0xf4, 0xff, 0xdc, 0xff, 0xc0, 0xff, 0xb4, 0xff,
  0xb4, 0xff, 0x90, 0xff, 0x80, 0xff, 0x68, 0xff, 0x60, 0xff, 0x84, 0xff,
  0x6c, 0xff, 0x50, 0xff, 0x74, 0xff, 0x84, 0xff, 0x7c, 0xff, 0x64, 0xff,
  0x68, 0xff, 0x80, 0xff, 0x68, 0xff, 0x58, 0xff, 0x7c, 0xff, 0x74, 0xff,
  0x5c, 0xff, 0x74, 0xff, 0x90, 0xff, 0xb8, 0xff, 0xd0, 0xff, 0xe0, 0xff,
  0x00, 0x00, 0x00, 0x00, 0xfc, 0xff, 0x1c, 0x00, 0x4c, 0x00, 0x6c, 0x00,
  0x68, 0x00, 0x60, 0x00, 0x6c, 0x00, 0x74, 0x00, 0x78, 0x00, 0x78, 0x00,
  0x68, 0x00, 0x64, 0x00, 0x6c, 0x00, 0x68, 0x00, 0x54, 0x00, 0x48, 0x00,
  0x50, 0x00, 0x58, 0x00, 0x5c, 0x00, 0x58, 0x00, 0x58, 0x00, 0x48, 0x00,
  0x38, 0x00, 0x30, 0x00, 0x28, 0x00, 0x28, 0x00, 0x38, 0x00, 0x2c, 0x00,
  0x18, 0x00, 0x18, 0x00, 0x10, 0x00, 0xfc, 0xff, 0xe0, 0xff, 0xe0, 0xff,
  0xdc, 0xff, 0xd4, 0xff, 0xc8, 0xff, 0xb8, 0xff, 0xac, 0xff, 0xac, 0xff,
  0xac, 0xff, 0xac, 0xff, 0xb0, 0xff, 0xac, 0xff, 0xb0, 0xff, 0xb8, 0xff,
  0xb8, 0xff, 0xa8, 0xff, 0x9c, 0xff, 0xa4, 0xff, 0xb4, 0xff, 0xb0, 0xff,
  0xa0, 0xff, 0xa0, 0xff, 0xac, 0xff, 0xb8, 0xff, 0xd8, 0xff, 0xf4, 0xff,
  0xfc, 0xff, 0xf4, 0xff, 0xf4, 0xff, 0xf8, 0xff, 0xf8, 0xff, 0x04, 0x00,
  0x04, 0x00, 0x04, 0x00, 0x10, 0x00, 0x1c, 0x00, 0x18, 0x00, 0x0c, 0x00,
  0x1c, 0x00, 0x40, 0x00, 0x50, 0x00, 0x4c, 0x00, 0x38, 0x00, 0x30, 0x00,
  0x2c, 0x00, 0x24, 0x00, 0x1c, 0x00, 0x18, 0x00, 0x18, 0x00, 0x20, 0x00,
  0x34, 0x00, 0x30, 0x00, 0x18, 0x00, 0x14, 0x00, 0x18, 0x00, 0x0c, 0x00,
  0x00, 0x00, 0x08, 0x00, 0x0c, 0x00, 0x04, 0x00, 0xf8, 0xff, 0xf4, 0xff,
  0xf4, 0xff, 0x00, 0x00, 0x10, 0x00, 0x08, 0x00, 0xfc, 0xff, 0xf8, 0xff,
  0xf8, 0xff, 0xec, 0xff, 0xe8, 0xff, 0x08, 0x00, 0x1c, 0x00, 0x1c, 0x00,
  0x14, 0x00, 0x0c, 0x00, 0x08, 0x00, 0xf8, 0xff, 0xec, 0xff, 0xe4, 0xff,
  0xe4, 0xff, 0xe4, 0xff, 0xdc, 0xff, 0xc8, 0xff, 0xb8, 0xff, 0xbc, 0xff,
  0xb4, 0xff, 0xc4, 0xff, 0xc0, 0xff, 0xc8, 0xff, 0xcc, 0xff, 0xc4, 0xff,
  0xc8, 0xff, 0xb0, 0xff, 0xac, 0xff, 0xb0, 0xff, 0xa8, 0xff, 0xa4, 0xff,
  0xa0, 0xff, 0x98, 0xff, 0xb0, 0xff, 0xb8, 0xff, 0xc0, 0xff, 0x40, 0x00,
  0x84, 0x00, 0x30, 0x00, 0x14, 0x00, 0x30, 0x00, 0x38, 0x00, 0x54, 0x00,
  0x5c, 0x00, 0x48, 0x00, 0x40, 0x00, 0x48, 0x00, 0x48, 0x00, 0x30, 0x00,
  0x2c, 0x00, 0x2c, 0x00, 0x1c, 0x00, 0x20, 0x00, 0x18, 0x00, 0x10, 0x00,
  0x04, 0x00, 0xf8, 0xff, 0x04, 0x00, 0x10, 0x00, 0x10, 0x00, 0x04, 0x00,
  0x00, 0x00, 0x04, 0x00, 0x08, 0x00, 0x34, 0x00, 0x50, 0x00, 0x3c, 0x00,
  0x1c, 0x00, 0x20, 0x00, 0x20, 0x00, 0xf4, 0xff, 0xe0, 0xff, 0xd8, 0xff,
  0x08, 0x00, 0x08, 0x00, 0x88, 0xff, 0x78, 0xff, 0xbc, 0xff, 0xb4, 0xff,
  0xa0, 0xff, 0xa0, 0xff, 0xac, 0xff, 0x9c, 0xff, 0x9c, 0xff, 0xac, 0xff,
  0x9c, 0xff, 0xa8, 0xff, 0xc0, 0xff, 0xb8, 0xff, 0xb0, 0xff, 0xac, 0xff,
  0xb4, 0xff, 0xb4, 0xff, 0xa4, 0xff, 0xa8, 0xff, 0xb0, 0xff, 0xc0, 0xff,
  0xd0, 0xff, 0xe0, 0xff, 0xfc, 0xff, 0x10, 0x00, 0x0c, 0x00, 0x0c, 0x00,
  0x14, 0x00, 0x1c, 0x00, 0x38, 0x00, 0x50, 0x00, 0x30, 0x00, 0x30, 0x00,
  0x40, 0x00, 0x28, 0x00, 0x30, 0x00, 0x2c, 0x00, 0x1c, 0x00, 0x28, 0x00,
  0x24, 0x00, 0x18, 0x00, 0x18, 0x00, 0x14, 0x00, 0x08, 0x00, 0x1c, 0x00,
  0x3c, 0x00, 0x28, 0x00, 0x1c, 0x00, 0x1c, 0x00, 0xec, 0xff, 0xc4, 0xff,
  0xdc, 0xff, 0x08, 0x00, 0x14, 0x00, 0x08, 0x00, 0xf8, 0xff, 0xfc, 0xff,
  0xfc, 0xff, 0xf0, 0xff, 0xec, 0xff, 0xdc, 0xff, 0xe4, 0xff, 0xf8, 0xff,
  0xe4, 0xff, 0xd8, 0xff, 0xd8, 0xff, 0xcc, 0xff, 0xd4, 0xff, 0xe8, 0xff,
  0xf0, 0xff, 0xe0, 0xff, 0xe8, 0xff, 0xec, 0xff, 0xa0, 0xff, 0x80, 0xff,
  0xb0, 0xff, 0xcc, 0xff, 0xbc, 0xff, 0xac, 0xff, 0xbc, 0xff, 0xc0, 0xff,
  0xc8, 0xff, 0xd4, 0xff, 0xe8, 0xff, 0xf8, 0xff, 0x00, 0x00, 0x10, 0x00,
  0xf8, 0xff, 0xe8, 0xff, 0x10, 0x00, 0x18, 0x00, 0x04, 0x00, 0x18, 0x00,
  0x2c, 0x00, 0x18, 0x00, 0x0c, 0x00, 0x2c, 0x00, 0x30, 0x00, 0x24, 0x00,
  0x30, 0x00, 0x24, 0x00, 0x2c, 0x00, 0x2c, 0x00, 0x30, 0x00, 0x60, 0x00,
  0x74, 0x00, 0x58, 0x00, 0x4c, 0x00, 0x3c, 0x00, 0x40, 0x00, 0x44, 0x00,
  0x34, 0x00, 0x30, 0x00, 0x28, 0x00, 0x30, 0x00, 0x2c, 0x00, 0x14, 0x00,
  0x04, 0x00, 0x1c, 0x00, 0x24, 0x00, 0xe4, 0xff, 0xac, 0xff, 0xc4, 0xff,
  0xdc, 0xff, 0xd8, 0xff, 0xc8, 0xff, 0xc0, 0xff, 0xd4, 0xff, 0xd4, 0xff,
  0xd0, 0xff, 0xd0, 0xff, 0xbc, 0xff, 0xbc, 0xff, 0xd4, 0xff, 0xd8, 0xff,
  0xd4, 0xff, 0xfc, 0xff, 0x00, 0x00, 0xe0, 0xff, 0xe0, 0xff, 0xec, 0xff,
  0xe4, 0xff, 0xf8, 0xff, 0x04, 0x00, 0xf0, 0xff, 0xe8, 0xff, 0xe8, 0xff,
  0xfc, 0xff, 0x00, 0x00, 0x04, 0x00, 0x40, 0x00, 0x64, 0x00, 0x3c, 0x00,
  0x20, 0x00, 0x44, 0x00, 0x40, 0x00, 0x2c, 0x00, 0x44, 0x00, 0x3c, 0x00,
  0x30, 0x00, 0x28, 0x00, 0x2c, 0x00, 0x24, 0x00, 0x18, 0x00, 0x30, 0x00,
  0x20, 0x00, 0x00, 0x00, 0x14, 0x00, 0x0c, 0x00, 0x04, 0x00, 0x14, 0x00,
  0x08, 0x00, 0xf8, 0xff, 0x04, 0x00, 0x0c, 0x00, 0x04, 0x00, 0x1c, 0x00,
  0x48, 0x00, 0x44, 0x00, 0x28, 0x00, 0x24, 0x00, 0x20, 0x00, 0x1c, 0x00,
  0x20, 0x00, 0xf4, 0xff, 0xd4, 0xff, 0xec, 0xff, 0x04, 0x00, 0x00, 0x00,
  0xf4, 0xff, 0xfc, 0xff, 0x00, 0x00, 0xec, 0xff, 0xc4, 0xff, 0xb0, 0xff,
  0xbc, 0xff, 0xd0, 0xff, 0xc8, 0xff, 0xc0, 0xff, 0xd0, 0xff, 0xd0, 0xff,
  0xcc, 0xff, 0xcc, 0xff, 0xd0, 0xff, 0xd8, 0xff, 0xd0, 0xff, 0xcc, 0xff,
  0xe0, 0xff, 0xe8, 0xff, 0xd8, 0xff, 0xe8, 0xff, 0xf0, 0xff, 0xec, 0xff,
  0xf4, 0xff, 0xf0, 0xff, 0xf0, 0xff, 0xf0, 0xff, 0xec, 0xff, 0xf0, 0xff,
  0xf4, 0xff, 0xf8, 0xff, 0x00, 0x00, 0x1c, 0x00, 0x34, 0x00, 0x34, 0x00,
  0x44, 0x00, 0x68, 0x00, 0x60, 0x00, 0x48, 0x00, 0x40, 0x00, 0x48, 0x00,
  0x40, 0x00, 0x3c, 0x00, 0x40, 0x00, 0x30, 0x00, 0x2c, 0x00, 0x3c, 0x00,
  0x30, 0x00, 0x20, 0x00, 0x24, 0x00, 0x20, 0x00, 0x1c, 0x00, 0x1c, 0x00,
  0x0c, 0x00, 0x08, 0x00, 0x08, 0x00, 0x00, 0x00, 0x04, 0x00, 0x18, 0x00,
  0x1c, 0x00, 0x10, 0x00, 0x0c, 0x00, 0x08, 0x00, 0x08, 0x00, 0xf0, 0xff,
  0xc8, 0xff, 0xbc, 0xff, 0xcc, 0xff, 0xd4, 0xff, 0xd8, 0xff, 0xec, 0xff,
  0xcc, 0xff, 0x8c, 0xff, 0x8c, 0xff, 0x90, 0xff, 0x84, 0xff, 0x94, 0xff,
  0x98, 0xff, 0x9c, 0xff, 0xa4, 0xff, 0xa8, 0xff, 0xac, 0xff, 0xac, 0xff,
  0xb0, 0xff, 0xb0, 0xff, 0xb4, 0xff, 0xb8, 0xff, 0xc0, 0xff, 0xc0, 0xff,
  0xcc, 0xff, 0xdc, 0xff, 0xe0, 0xff, 0xec, 0xff, 0xf0, 0xff, 0xec, 0xff,
  0xf0, 0xff, 0xf0, 0xff, 0xec, 0xff, 0xf0, 0xff, 0xf4, 0xff, 0xf4, 0xff,
  0x14, 0x00, 0x14, 0x00, 0xec, 0xff, 0x04, 0x00, 0x40, 0x00, 0x64, 0x00,
  0x6c, 0x00, 0x60, 0x00, 0x58, 0x00, 0x58, 0x00, 0x54, 0x00, 0x50, 0x00,
  0x44, 0x00, 0x44, 0x00, 0x48, 0x00, 0x48, 0x00, 0x48, 0x00, 0x48, 0x00,
  0x40, 0x00, 0x48, 0x00, 0x44, 0x00, 0x40, 0x00, 0x3c, 0x00, 0x30, 0x00,
  0x2c, 0x00, 0x24, 0x00, 0x20, 0x00, 0x34, 0x00, 0x3c, 0x00, 0x38, 0x00,
  0x2c, 0x00, 0x28, 0x00, 0x24, 0x00, 0x1c, 0x00, 0xf8, 0xff, 0xd4, 0xff,
  0xd8, 0xff, 0xe4, 0xff, 0xe0, 0xff, 0xc4, 0xff, 0xc4, 0xff, 0xd4, 0xff,
  0xd0, 0xff, 0xdc, 0xff, 0xd0, 0xff, 0xcc, 0xff, 0xe0, 0xff, 0xd0, 0xff,
  0xcc, 0xff, 0xc4, 0xff, 0xc0, 0xff, 0xc4, 0xff, 0xc4, 0xff, 0xd8, 0xff,
  0xf4, 0xff, 0xf8, 0xff, 0xe0, 0xff, 0xf0, 0xff, 0x34, 0x00, 0x50, 0x00,
  0x3c, 0x00, 0x20, 0x00, 0x1c, 0x00, 0x24, 0x00, 0xec, 0xff, 0xb8, 0xff,
  0xbc, 0xff, 0xd4, 0xff, 0xf0, 0xff, 0xfc, 0xff, 0x08, 0x00, 0x18, 0x00,
  0x20, 0x00, 0x24, 0x00, 0x1c, 0x00, 0xf8, 0xff, 0xec, 0xff, 0x04, 0x00,
  0x00, 0x00, 0xf8, 0xff, 0xf0, 0xff, 0x04, 0x00, 0x14, 0x00, 0x10, 0x00,
  0x14, 0x00, 0x10, 0x00, 0x10, 0x00, 0x20, 0x00, 0x08, 0x00, 0xfc, 0xff,
  0x10, 0x00, 0x00, 0x00, 0x04, 0x00, 0x0c, 0x00, 0x10, 0x00, 0x18, 0x00,
  0x0c, 0x00, 0x18, 0x00, 0x28, 0x00, 0x0c, 0x00, 0x08, 0x00, 0x10, 0x00,
  0xf8, 0xff, 0xe8, 0xff, 0xdc, 0xff, 0xe8, 0xff, 0xf0, 0xff, 0xd8, 0xff,
  0xe4, 0xff, 0xf8, 0xff, 0xec, 0xff, 0xe8, 0xff, 0xe8, 0xff, 0xf0, 0xff,
  0xec, 0xff, 0xd0, 0xff, 0xe4, 0xff, 0xfc, 0xff, 0xe4, 0xff, 0xec, 0xff,
  0x04, 0x00, 0x00, 0x00, 0xf8, 0xff, 0xf8, 0xff, 0xfc, 0xff, 0xf8, 0xff,
  0xf8, 0xff, 0xfc, 0xff, 0xfc, 0xff, 0x00, 0x00, 0x28, 0x00, 0x44, 0x00,
  0x40, 0x00, 0x30, 0x00, 0x4c, 0x00, 0x98, 0x00, 0x98, 0x00, 0x54, 0x00,
  0x28, 0x00, 0x34, 0x00, 0x48, 0x00, 0x38, 0x00, 0x2c, 0x00, 0x1c, 0x00,
  0x30, 0x00, 0x58, 0x00, 0x60, 0x00, 0x58, 0x00, 0x34, 0x00, 0x24, 0x00,
  0x24, 0x00, 0x08, 0x00, 0x04, 0x00, 0x14, 0x00, 0x14, 0x00, 0x0c, 0x00,
  0x04, 0x00, 0x04, 0x00, 0x04, 0x00, 0xf8, 0xff, 0xfc, 0xff, 0x04, 0x00,
  0xe4, 0xff, 0xa8, 0xff, 0x70, 0xff, 0x60, 0xff, 0x90, 0xff, 0xac, 0xff,
  0x98, 0xff, 0xac, 0xff, 0xc4, 0xff, 0xb4, 0xff, 0xc4, 0xff, 0xc8, 0xff,
  0xa8, 0xff, 0x94, 0xff, 0x94, 0xff, 0xa0, 0xff, 0xa0, 0xff, 0xa0, 0xff,
  0xc0, 0xff, 0xc8, 0xff, 0xcc, 0xff, 0xd4, 0xff, 0xd0, 0xff, 0xf4, 0xff,
  0xec, 0xff, 0xd4, 0xff, 0xdc, 0xff, 0xe0, 0xff, 0xec, 0xff, 0xec, 0xff,
  0xe8, 0xff, 0x00, 0x00, 0x14, 0x00, 0x0c, 0x00, 0xf4, 0xff, 0xdc, 0xff,
  0xd0, 0xff, 0xdc, 0xff, 0xf0, 0xff, 0x10, 0x00, 0x20, 0x00, 0x20, 0x00,
  0x10, 0x00, 0x18, 0x00, 0x24, 0x00, 0x0c, 0x00, 0x14, 0x00, 0x28, 0x00,
  0x18, 0x00, 0x10, 0x00, 0x28, 0x00, 0x28, 0x00, 0x14, 0x00, 0x18, 0x00,
  0x20, 0x00, 0x24, 0x00, 0x20, 0x00, 0x20, 0x00, 0x20, 0x00, 0x10, 0x00,
  0x0c, 0x00, 0x18, 0x00, 0x1c, 0x00, 0x18, 0x00, 0x14, 0x00, 0x0c, 0x00,
  0x00, 0x00, 0xf0, 0xff, 0xd4, 0xff, 0xd4, 0xff, 0xdc, 0xff, 0xd4, 0xff,
  0xc4, 0xff, 0xc0, 0xff, 0xdc, 0xff, 0xf0, 0xff, 0xdc, 0xff, 0xd8, 0xff,
  0xd8, 0xff, 0xd8, 0xff, 0xe8, 0xff, 0xe4, 0xff, 0xe8, 0xff, 0xec, 0xff,
  0xe4, 0xff, 0xe4, 0xff, 0xf4, 0xff, 0xfc, 0xff, 0xec, 0xff, 0xf0, 0xff,
  0x08, 0x00, 0x1c, 0x00, 0x18, 0x00, 0xfc, 0xff, 0x10, 0x00, 0x60, 0x00,
  0x90, 0x00, 0xa4, 0x00, 0x9c, 0x00, 0x7c, 0x00, 0x88, 0x00, 0x88, 0x00,
  0x84, 0x00, 0x88, 0x00, 0x84, 0x00, 0x98, 0x00, 0xa8, 0x00, 0xa8, 0x00,
  0x90, 0x00, 0x74, 0x00, 0x68, 0x00, 0x5c, 0x00, 0x54, 0x00, 0x2c, 0x00,
  0xf4, 0xff, 0xe4, 0xff, 0xf4, 0xff, 0xf8, 0xff, 0xf0, 0xff, 0xdc, 0xff,
  0xd0, 0xff, 0xcc, 0xff, 0xcc, 0xff, 0xc0, 0xff, 0xb8, 0xff, 0xb4, 0xff,
  0xbc, 0xff, 0xc0, 0xff, 0xc4, 0xff, 0xbc, 0xff, 0xbc, 0xff, 0xc0, 0xff,
  0xc4, 0xff, 0xc4, 0xff, 0xcc, 0xff, 0xd8, 0xff, 0xd8, 0xff, 0xd8, 0xff,
  0xd8, 0xff, 0xd4, 0xff, 0xd4, 0xff, 0xd4, 0xff, 0xd8, 0xff, 0xd4, 0xff,
  0xd8, 0xff, 0xe0, 0xff, 0xe4, 0xff, 0xec, 0xff, 0xec, 0xff, 0xec, 0xff,
  0xec, 0xff, 0xf0, 0xff, 0xf0, 0xff, 0xf4, 0xff, 0x00, 0x00, 0x00, 0x00,
  0xfc, 0xff, 0x00, 0x00, 0x04, 0x00, 0x04, 0x00, 0x04, 0x00, 0x08, 0x00,
  0x08, 0x00, 0x08, 0x00, 0x04, 0x00, 0x10, 0x00, 0x2c, 0x00, 0x40, 0x00,
  0x44, 0x00, 0x40, 0x00, 0x44, 0x00, 0x48, 0x00, 0x4c, 0x00, 0x54, 0x00,
  0x54, 0x00, 0x58, 0x00, 0x5c, 0x00, 0x58, 0x00, 0x58, 0x00, 0x4c, 0x00,
  0x40, 0x00, 0x40, 0x00, 0x3c, 0x00, 0x38, 0x00, 0x1c, 0x00, 0xf4, 0xff,
  0xe8, 0xff, 0xf0, 0xff, 0xfc, 0xff, 0xf4, 0xff, 0xe8, 0xff, 0xe8, 0xff,
  0xe4, 0xff, 0xe8, 0xff, 0xe0, 0xff, 0xd4, 0xff, 0xd0, 0xff, 0xcc, 0xff,
  0xd0, 0xff, 0xd8, 0xff, 0xdc, 0xff, 0xdc, 0xff, 0xd0, 0xff, 0xcc, 0xff,
  0xc4, 0xff, 0xc8, 0xff, 0xd0, 0xff, 0xcc, 0xff, 0xcc, 0xff, 0xd0, 0xff,
  0xd4, 0xff, 0xd8, 0xff, 0xd4, 0xff, 0xd8, 0xff, 0xe0, 0xff, 0xe0, 0xff,
  0xdc, 0xff, 0xe8, 0xff, 0xe8, 0xff, 0xec, 0xff, 0xf8, 0xff, 0xf4, 0xff,
  0xf4, 0xff, 0xf8, 0xff, 0xf4, 0xff, 0xfc, 0xff, 0x00, 0x00, 0x00, 0x00,
  0x04, 0x00, 0x0c, 0x00, 0x14, 0x00, 0x10, 0x00, 0x18, 0x00, 0x20, 0x00,
  0x1c, 0x00, 0x20, 0x00, 0x28, 0x00, 0x28, 0x00, 0x24, 0x00, 0x24, 0x00,
  0x24, 0x00, 0x2c, 0x00, 0x28, 0x00, 0x18, 0x00, 0x18, 0x00, 0x1c, 0x00,
  0x18, 0x00, 0x0c, 0x00, 0x08, 0x00, 0xf8, 0xff, 0xf4, 0xff, 0xf8, 0xff,
  0xec, 0xff, 0xec, 0xff, 0xf0, 0xff, 0xe8, 0xff, 0xec, 0xff, 0xe8, 0xff,
  0xe0, 0xff, 0xdc, 0xff, 0xd4, 0xff, 0xd4, 0xff, 0xe0, 0xff, 0xcc, 0xff,
  0xa8, 0xff, 0x90, 0xff, 0x88, 0xff, 0x84, 0xff, 0x78, 0xff, 0x68, 0xff,
  0x6c, 0xff, 0x6c, 0xff, 0x54, 0xff, 0x40, 0xff, 0x30, 0xff, 0x2c, 0xff,
  0x30, 0xff, 0x30, 0xff, 0x38, 0xff, 0x38, 0xff, 0x48, 0xff, 0x58, 0xff,
  0x68, 0xff, 0x78, 0xff, 0x88, 0xff, 0x9c, 0xff, 0xb4, 0xff, 0xcc, 0xff,
  0xe4, 0xff, 0x04, 0x00, 0x20, 0x00, 0x3c, 0x00, 0x58, 0x00, 0x70, 0x00,
  0x84, 0x00, 0x98, 0x00, 0xa8, 0x00, 0xb8, 0x00, 0xc4, 0x00, 0xd0, 0x00,
  0xd4, 0x00, 0xdc, 0x00, 0xdc, 0x00, 0xd8, 0x00, 0xd4, 0x00, 0xc8, 0x00,
  0xc0, 0x00, 0xac, 0x00, 0x9c, 0x00, 0x84, 0x00, 0x74, 0x00, 0x64, 0x00,
  0x54, 0x00, 0x40, 0x00, 0x2c, 0x00, 0x18, 0x00, 0x08, 0x00, 0xf4, 0xff,
  0xe4, 0xff, 0xd4, 0xff, 0xc4, 0xff, 0xbc, 0xff, 0xa4, 0xff, 0x98, 0xff,
  0x44, 0xff, 0x7c, 0xfe, 0x14, 0xfe, 0xf8, 0xfd, 0xd0, 0xfd, 0xa4, 0xfd,
  0x70, 0xfd, 0x44, 0xfd, 0x18, 0xfd, 0xfc, 0xfc, 0x08, 0xfd, 0x0c, 0xfd,
  0x10, 0xfd, 0x24, 0xfd, 0x58, 0xfd, 0x98, 0xfd, 0xd4, 0xfd, 0x28, 0xfe,
  0x70, 0xfe, 0xc8, 0xfe, 0x04, 0xff, 0x6c, 0xff, 0x68, 0x00, 0x40, 0x01,
  0xb0, 0x01, 0x20, 0x02, 0x9c, 0x02, 0x18, 0x03, 0x90, 0x03, 0xe8, 0x03,
  0x28, 0x04, 0x54, 0x04, 0x5c, 0x04, 0x74, 0x04, 0xc4, 0x04, 0x08, 0x05,
  0x20, 0x05, 0x34, 0x05, 0x28, 0x05, 0xfc, 0x04, 0xe0, 0x04, 0xc4, 0x04,
  0x74, 0x04, 0x00, 0x04, 0x70, 0x03, 0x1c, 0x03, 0x34, 0x03, 0x30, 0x03,
  0xc8, 0x02, 0x48, 0x02, 0xe4, 0x01, 0x88, 0x01, 0x3c, 0x01, 0x00, 0x01,
  0xa0, 0x00, 0x04, 0x00, 0x78, 0xff, 0x38, 0xff, 0xf8, 0xfe, 0x6c, 0xfe,
  0x98, 0xfd, 0x98, 0xfc, 0x94, 0xfb, 0xe8, 0xfa, 0x88, 0xfa, 0x20, 0xfa,
  0x9c, 0xf9, 0x00, 0xf9, 0x78, 0xf8, 0x60, 0xf8, 0x74, 0xf8, 0x7c, 0xf8,
  0x9c, 0xf8, 0xd0, 0xf8, 0x48, 0xf9, 0xd4, 0xf9, 0x60, 0xfa, 0x1c, 0xfb,
  0xcc, 0xfb, 0x6c, 0xfc, 0x4c, 0xfd, 0x5c, 0xfe, 0xb4, 0xff, 0x04, 0x01,
  0x20, 0x02, 0x40, 0x03, 0x48, 0x04, 0x28, 0x05, 0x18, 0x06, 0xf4, 0x06,
  0x80, 0x07, 0xf4, 0x07, 0x3c, 0x08, 0x6c, 0x08, 0xc8, 0x08, 0x04, 0x09,
  0x08, 0x09, 0xdc, 0x08, 0x64, 0x08, 0xec, 0x07, 0x94, 0x07, 0x18, 0x07,
  0x68, 0x06, 0x80, 0x05, 0x64, 0x04, 0x98, 0x03, 0x38, 0x03, 0xac, 0x02,
  0xcc, 0x01, 0xd4, 0x00, 0xf8, 0xff, 0x9c, 0xff, 0x8c, 0xff, 0x68, 0xff,
  0xe0, 0xfe, 0x44, 0xfe, 0x08, 0xfe, 0xfc, 0xfd, 0x0c, 0xfe, 0xd8, 0xfd,
  0x64, 0xfd, 0x28, 0xfd, 0x10, 0xfd, 0xe4, 0xfc, 0x78, 0xfc, 0xc8, 0xfb,
  0xe0, 0xfa, 0x10, 0xfa, 0x90, 0xf9, 0x18, 0xf9, 0x74, 0xf8, 0xd4, 0xf7,
  0x58, 0xf7, 0x00, 0xf7, 0xd4, 0xf6, 0xd4, 0xf6, 0xf8, 0xf6, 0x30, 0xf7,
  0x9c, 0xf7, 0x28, 0xf8, 0xd4, 0xf8, 0xb4, 0xf9, 0x9c, 0xfa, 0x94, 0xfb,
  0xa4, 0xfc, 0xbc, 0xfd, 0xf4, 0xfe, 0x60, 0x00, 0xe8, 0x01, 0x4c, 0x03,
  0x90, 0x04, 0xbc, 0x05, 0xcc, 0x06, 0xf0, 0x07, 0xfc, 0x08, 0x8c, 0x09,
  0xe4, 0x09, 0x44, 0x0a, 0x78, 0x0a, 0x94, 0x0a, 0x9c, 0x0a, 0x4c, 0x0a,
  0xa4, 0x09, 0x0c, 0x09, 0x7c, 0x08, 0xb8, 0x07, 0xe0, 0x06, 0xdc, 0x05,
  0x9c, 0x04, 0x8c, 0x03, 0xb0, 0x02, 0xe4, 0x01, 0x2c, 0x01, 0x50, 0x00,
  0x50, 0xff, 0xb4, 0xfe, 0xa8, 0xfe, 0xa8, 0xfe, 0x5c, 0xfe, 0x10, 0xfe,
  0xc8, 0xfd, 0xb4, 0xfd, 0xfc, 0xfd, 0x14, 0xfe, 0xe0, 0xfd, 0xa0, 0xfd,
  0x88, 0xfd, 0xac, 0xfd, 0x90, 0xfd, 0x14, 0xfd, 0x60, 0xfc, 0x90, 0xfb,
  0xf4, 0xfa, 0x78, 0xfa, 0xc8, 0xf9, 0xf8, 0xf8, 0x28, 0xf8, 0x84, 0xf7,
  0x1c, 0xf7, 0xd0, 0xf6, 0x8c, 0xf6, 0x5c, 0xf6, 0x5c, 0xf6, 0xb0, 0xf6,
  0x38, 0xf7, 0xcc, 0xf7, 0x7c, 0xf8, 0x48, 0xf9, 0x48, 0xfa, 0x6c, 0xfb,
  0xa4, 0xfc, 0x00, 0xfe, 0x7c, 0xff, 0x18, 0x01, 0xac, 0x02, 0x34, 0x04,
  0x9c, 0x05, 0xdc, 0x06, 0x30, 0x08, 0x5c, 0x09, 0x38, 0x0a, 0xe8, 0x0a,
  0x54, 0x0b, 0xa0, 0x0b, 0xb8, 0x0b, 0x9c, 0x0b, 0x58, 0x0b, 0xc0, 0x0a,
  0x14, 0x0a, 0x38, 0x09, 0x34, 0x08, 0x30, 0x07, 0xf8, 0x05, 0xe8, 0x04,
  0x14, 0x04, 0x24, 0x03, 0x2c, 0x02, 0x54, 0x01, 0xa4, 0x00, 0x04, 0x00,
  0xb8, 0xff, 0xa4, 0xff, 0x28, 0xff, 0x9c, 0xfe, 0x74, 0xfe, 0x6c, 0xfe,
  0x60, 0xfe, 0x4c, 0xfe, 0xfc, 0xfd, 0x90, 0xfd, 0x64, 0xfd, 0x64, 0xfd,
  0x28, 0xfd, 0x88, 0xfc, 0xc4, 0xfb, 0xe8, 0xfa, 0xfc, 0xf9, 0x50, 0xf9,
  0x78, 0xf8, 0x64, 0xf7, 0x80, 0xf6, 0xc0, 0xf5, 0x30, 0xf5, 0xb4, 0xf4,
  0x4c, 0xf4, 0x20, 0xf4, 0x28, 0xf4, 0x70, 0xf4, 0xf4, 0xf4, 0xa8, 0xf5,
  0x74, 0xf6, 0x60, 0xf7, 0x88, 0xf8, 0xdc, 0xf9, 0x30, 0xfb, 0x54, 0xfc,
  0x90, 0xfd, 0x34, 0xff, 0xec, 0x00, 0x88, 0x02, 0xe8, 0x03, 0x08, 0x05,
  0x38, 0x06, 0x8c, 0x07, 0xc8, 0x08, 0xa4, 0x09, 0x2c, 0x0a, 0x8c, 0x0a,
  0xd8, 0x0a, 0x28, 0x0b, 0x48, 0x0b, 0xfc, 0x0a, 0x74, 0x0a, 0xe4, 0x09,
  0x50, 0x09, 0x9c, 0x08, 0xb0, 0x07, 0xac, 0x06, 0xc4, 0x05, 0x04, 0x05,
  0x48, 0x04, 0x84, 0x03, 0xb4, 0x02, 0xf4, 0x01, 0x68, 0x01, 0x1c, 0x01,
  0xcc, 0x00, 0x38, 0x00, 0xa8, 0xff, 0x4c, 0xff, 0x0c, 0xff, 0xd4, 0xfe,
  0x88, 0xfe, 0x10, 0xfe, 0x8c, 0xfd, 0x38, 0xfd, 0x04, 0xfd, 0xa8, 0xfc,
  0x10, 0xfc, 0x4c, 0xfb, 0x8c, 0xfa, 0xd4, 0xf9, 0x2c, 0xf9, 0x50, 0xf8,
  0x34, 0xf7, 0x40, 0xf6, 0xac, 0xf5, 0x34, 0xf5, 0xbc, 0xf4, 0x54, 0xf4,
  0xf4, 0xf3, 0xf4, 0xf3, 0x68, 0xf4, 0x00, 0xf5, 0x98, 0xf5, 0x64, 0xf6,
  0x5c, 0xf7, 0x84, 0xf8, 0x1c, 0xfa, 0x8c, 0xfb, 0xac, 0xfc, 0x1c, 0xfe,
  0xd8, 0xff, 0xc0, 0x01, 0x84, 0x03, 0x04, 0x05, 0x50, 0x06, 0x8c, 0x07,
  0xf8, 0x08, 0x4c, 0x0a, 0x3c, 0x0b, 0xe0, 0x0b, 0x18, 0x0c, 0x20, 0x0c,
  0x44, 0x0c, 0x5c, 0x0c, 0x20, 0x0c, 0x78, 0x0b, 0xb0, 0x0a, 0xe4, 0x09,
  0x20, 0x09, 0x60, 0x08, 0x60, 0x07, 0x44, 0x06, 0x54, 0x05, 0x88, 0x04,
  0xc8, 0x03, 0x20, 0x03, 0x6c, 0x02, 0xa8, 0x01, 0x18, 0x01, 0xcc, 0x00,
  0x64, 0x00, 0xdc, 0xff, 0x5c, 0xff, 0xec, 0xfe, 0x90, 0xfe, 0x44, 0xfe,
  0xf4, 0xfd, 0x80, 0xfd, 0x10, 0xfd, 0xb8, 0xfc, 0x70, 0xfc, 0x24, 0xfc,
  0x9c, 0xfb, 0xfc, 0xfa, 0x6c, 0xfa, 0xd0, 0xf9, 0x34, 0xf9, 0x6c, 0xf8,
  0x98, 0xf7, 0x00, 0xf7, 0x74, 0xf6, 0x08, 0xf6, 0xbc, 0xf5, 0x6c, 0xf5,
  0x44, 0xf5, 0x60, 0xf5, 0xc0, 0xf5, 0x20, 0xf6, 0xb0, 0xf6, 0x60, 0xf7,
  0x1c, 0xf8, 0x44, 0xf9, 0xac, 0xfa, 0xcc, 0xfb, 0xd8, 0xfc, 0x18, 0xfe,
  0x98, 0xff, 0x38, 0x01, 0xc4, 0x02, 0x1c, 0x04, 0x38, 0x05, 0x70, 0x06,
  0xb4, 0x07, 0xd4, 0x08, 0xc0, 0x09, 0x34, 0x0a, 0x58, 0x0a, 0x98, 0x0a,
  0xe8, 0x0a, 0x08, 0x0b, 0xc4, 0x0a, 0x40, 0x0a, 0xb4, 0x09, 0x28, 0x09,
  0x9c, 0x08, 0xf8, 0x07, 0x24, 0x07, 0x50, 0x06, 0xa0, 0x05, 0x0c, 0x05,
  0x84, 0x04, 0xf0, 0x03, 0x4c, 0x03, 0xa8, 0x02, 0x38, 0x02, 0xdc, 0x01,
  0x50, 0x01, 0xc4, 0x00, 0x40, 0x00, 0xb0, 0xff, 0x48, 0xff, 0xe4, 0xfe,
  0x70, 0xfe, 0xec, 0xfd, 0x68, 0xfd, 0x10, 0xfd, 0xa8, 0xfc, 0x2c, 0xfc,
  0xa0, 0xfb, 0x00, 0xfb, 0x6c, 0xfa, 0xc8, 0xf9, 0x20, 0xf9, 0x80, 0xf8,
  0xe0, 0xf7, 0x60, 0xf7, 0x04, 0xf7, 0xb0, 0xf6, 0x78, 0xf6, 0x60, 0xf6,
  0x68, 0xf6, 0xa0, 0xf6, 0xf4, 0xf6, 0x58, 0xf7, 0xd8, 0xf7, 0x80, 0xf8,
  0x58, 0xf9, 0x78, 0xfa, 0xc4, 0xfb, 0x04, 0xfd, 0x30, 0xfe, 0x80, 0xff,
  0xf8, 0x00, 0x80, 0x02, 0xf4, 0x03, 0x40, 0x05, 0x58, 0x06, 0x64, 0x07,
  0x7c, 0x08, 0x68, 0x09, 0xf0, 0x09, 0x4c, 0x0a, 0x88, 0x0a, 0xb0, 0x0a,
  0xcc, 0x0a, 0xb8, 0x0a, 0x7c, 0x0a, 0x00, 0x0a, 0x84, 0x09, 0x1c, 0x09,
  0x78, 0x08, 0xd8, 0x07, 0x40, 0x07, 0x84, 0x06, 0xe4, 0x05, 0x4c, 0x05,
  0xb4, 0x04, 0x24, 0x04, 0x84, 0x03, 0xec, 0x02, 0x60, 0x02, 0xc8, 0x01,
  0x2c, 0x01, 0xa4, 0x00, 0x5c, 0x00, 0x2c, 0x00, 0xc4, 0xff, 0x44, 0xff,
  0xe8, 0xfe, 0x9c, 0xfe, 0x24, 0xfe, 0x7c, 0xfd, 0xdc, 0xfc, 0x3c, 0xfc,
  0x90, 0xfb, 0xe0, 0xfa, 0x10, 0xfa, 0x3c, 0xf9, 0x84, 0xf8, 0xd4, 0xf7,
  0x3c, 0xf7, 0xb4, 0xf6, 0x58, 0xf6, 0x08, 0xf6, 0xb4, 0xf5, 0xb4, 0xf5,
  0xd4, 0xf5, 0xf8, 0xf5, 0x34, 0xf6, 0x98, 0xf6, 0x20, 0xf7, 0xbc, 0xf7,
  0x94, 0xf8, 0xb8, 0xf9, 0xe8, 0xfa, 0x00, 0xfc, 0x30, 0xfd, 0x88, 0xfe,
  0xf4, 0xff, 0x60, 0x01, 0xac, 0x02, 0xe4, 0x03, 0x04, 0x05, 0x14, 0x06,
  0x20, 0x07, 0xf0, 0x07, 0x90, 0x08, 0x08, 0x09, 0x60, 0x09, 0xb4, 0x09,
  0xe0, 0x09, 0xf4, 0x09, 0xe0, 0x09, 0xa0, 0x09, 0x58, 0x09, 0x0c, 0x09,
  0xb0, 0x08, 0x34, 0x08, 0xa8, 0x07, 0x28, 0x07, 0xa0, 0x06, 0x20, 0x06,
  0x8c, 0x05, 0xf4, 0x04, 0x68, 0x04, 0xc4, 0x03, 0x30, 0x03, 0x8c, 0x02,
  0xe4, 0x01, 0x70, 0x01, 0x1c, 0x01, 0xbc, 0x00, 0x40, 0x00, 0xc8, 0xff,
  0x64, 0xff, 0xd8, 0xfe, 0x40, 0xfe, 0xa4, 0xfd, 0x00, 0xfd, 0x54, 0xfc,
  0x8c, 0xfb, 0xe8, 0xfa, 0x70, 0xfa, 0xe0, 0xf9, 0x38, 0xf9, 0xa0, 0xf8,
  0x34, 0xf8, 0xf4, 0xf7, 0xac, 0xf7, 0x34, 0xf7, 0xc0, 0xf6, 0x88, 0xf6,
  0x8c, 0xf6, 0x94, 0xf6, 0x9c, 0xf6, 0xb8, 0xf6, 0xf0, 0xf6, 0x40, 0xf7,
  0xd8, 0xf7, 0xa0, 0xf8, 0x6c, 0xf9, 0x58, 0xfa, 0x54, 0xfb, 0x6c, 0xfc,
  0xac, 0xfd, 0xe0, 0xfe, 0x18, 0x00, 0x50, 0x01, 0x70, 0x02, 0x88, 0x03,
  0x94, 0x04, 0x8c, 0x05, 0x64, 0x06, 0x00, 0x07, 0x84, 0x07, 0x00, 0x08,
  0x58, 0x08, 0xa4, 0x08, 0xc4, 0x08, 0xc0, 0x08, 0xb8, 0x08, 0x8c, 0x08,
  0x58, 0x08, 0x18, 0x08, 0xb0, 0x07, 0x50, 0x07, 0xe0, 0x06, 0x6c, 0x06,
  0x08, 0x06, 0x88, 0x05, 0x00, 0x05, 0x7c, 0x04, 0xf8, 0x03, 0x74, 0x03,
  0xdc, 0x02, 0x44, 0x02, 0xc4, 0x01, 0x64, 0x01, 0x08, 0x01, 0x94, 0x00,
  0x30, 0x00, 0xc0, 0xff, 0x38, 0xff, 0xac, 0xfe, 0x10, 0xfe, 0x7c, 0xfd,
  0xcc, 0xfc, 0x10, 0xfc, 0x6c, 0xfb, 0xec, 0xfa, 0x78, 0xfa, 0xd8, 0xf9,
  0x58, 0xf9, 0xf8, 0xf8, 0xa0, 0xf8, 0x74, 0xf8, 0x20, 0xf8, 0xa8, 0xf7,
  0x68, 0xf7, 0x50, 0xf7, 0x58, 0xf7, 0x5c, 0xf7, 0x70, 0xf7, 0x8c, 0xf7,
  0xcc, 0xf7, 0x88, 0xf8, 0x84, 0xf9, 0x70, 0xfa, 0x48, 0xfb, 0x0c, 0xfc,
  0xec, 0xfc, 0x00, 0xfe, 0x04, 0xff, 0xd0, 0xff, 0x74, 0x00, 0x34, 0x01,
  0x04, 0x02, 0xd8, 0x02, 0x84, 0x03, 0x14, 0x04, 0x98, 0x04, 0xf8, 0x04,
  0xc8, 0x05, 0xc4, 0x06, 0x18, 0x07, 0x18, 0x07, 0x34, 0x07, 0x88, 0x07,
  0xd4, 0x07, 0xd8, 0x07, 0xa4, 0x07, 0x54, 0x07, 0x4c, 0x07, 0x14, 0x07,
  0x38, 0x06, 0xa0, 0x05, 0x64, 0x05, 0x0c, 0x05, 0x98, 0x04, 0x10, 0x04,
  0x88, 0x03, 0x08, 0x03, 0xa0, 0x02, 0x28, 0x02, 0x90, 0x01, 0xec, 0x00,
  0x68, 0x00, 0x04, 0x00, 0xb0, 0xff, 0x50, 0xff, 0xb8, 0xfe, 0x30, 0xfe,
  0xc8, 0xfd, 0x48, 0xfd, 0xbc, 0xfc, 0x38, 0xfc, 0xc4, 0xfb, 0x58, 0xfb,
  0x00, 0xfb, 0xcc, 0xfa, 0xa4, 0xfa, 0x68, 0xfa, 0x34, 0xfa, 0x10, 0xfa,
  0x0c, 0xfa, 0x1c, 0xfa, 0x04, 0xfa, 0xc8, 0xf9, 0xb4, 0xf9, 0xe4, 0xf9,
  0x28, 0xfa, 0x58, 0xfa, 0x88, 0xfa, 0xc4, 0xfa, 0x24, 0xfb, 0xd0, 0xfb,
  0xa4, 0xfc, 0x48, 0xfd, 0xd4, 0xfd, 0x6c, 0xfe, 0x2c, 0xff, 0x04, 0x00,
  0xc4, 0x00, 0x5c, 0x01, 0xd8, 0x01, 0x68, 0x02, 0x0c, 0x03, 0x98, 0x03,
  0x14, 0x04, 0x74, 0x04, 0xb0, 0x04, 0x28, 0x05, 0xdc, 0x05, 0x3c, 0x06,
  0x20, 0x06, 0x00, 0x06, 0x38, 0x06, 0x80, 0x06, 0x74, 0x06, 0x34, 0x06,
  0xf4, 0x05, 0xe4, 0x05, 0xc0, 0x05, 0x20, 0x05, 0x88, 0x04, 0x60, 0x04,
  0x38, 0x04, 0xe8, 0x03, 0x68, 0x03, 0xd8, 0x02, 0x7c, 0x02, 0x34, 0x02,
  0xb0, 0x01, 0x18, 0x01, 0x98, 0x00, 0x2c, 0x00, 0xe4, 0xff, 0x84, 0xff,
  0x00, 0xff, 0x8c, 0xfe, 0x28, 0xfe, 0xc8, 0xfd, 0x5c, 0xfd, 0xe0, 0xfc,
  0x74, 0xfc, 0x34, 0xfc, 0xf8, 0xfb, 0xa4, 0xfb, 0x68, 0xfb, 0x4c, 0xfb,
  0x00, 0xfb, 0xac, 0xfa, 0x98, 0xfa, 0xb4, 0xfa, 0xc4, 0xfa, 0x98, 0xfa,
  0x5c, 0xfa, 0x64, 0xfa, 0xac, 0xfa, 0xec, 0xfa, 0x08, 0xfb, 0x0c, 0xfb,
  0x4c, 0xfb, 0xc4, 0xfb, 0x30, 0xfc, 0xa8, 0xfc, 0x08, 0xfd, 0x5c, 0xfd,
  0xd8, 0xfd, 0x68, 0xfe, 0xec, 0xfe, 0x40, 0xff, 0xb0, 0xff, 0x30, 0x00,
  0x5c, 0x00, 0x98, 0x00, 0x2c, 0x01, 0xc0, 0x01, 0x08, 0x02, 0x20, 0x02,
  0x70, 0x02, 0x24, 0x03, 0xa8, 0x03, 0xb4, 0x03, 0x88, 0x03, 0xa4, 0x03,
  0x18, 0x04, 0x28, 0x04, 0x30, 0x04, 0xc8, 0x03, 0xac, 0x03, 0x28, 0x04,
  0x0c, 0x04, 0x08, 0x04, 0xb4, 0x03, 0x74, 0x03, 0xb0, 0x03, 0x6c, 0x03,
  0x18, 0x03, 0xd0, 0x02, 0x94, 0x02, 0x58, 0x02, 0x84, 0x02, 0xa4, 0x01,
  0x9c, 0x01, 0x14, 0x05, 0x2c, 0x05, 0x2c, 0x02, 0x80, 0xff, 0x38, 0xfd,
  0x38, 0xff, 0x04, 0x02, 0xe8, 0xff, 0x90, 0xfd, 0x4c, 0xfd, 0x8c, 0xfe,
  0x54, 0xff, 0x64, 0xfd, 0x48, 0xfc, 0x78, 0xfc, 0xec, 0xfc, 0x78, 0xfd,
  0x08, 0xfc, 0xd0, 0xfa, 0x78, 0xfb, 0xa4, 0xfb, 0xe4, 0xfb, 0x80, 0xfb,
  0x5c, 0xfb, 0x9c, 0xfb, 0x0c, 0xfc, 0x3c, 0xfc, 0xb4, 0xfb, 0x3c, 0xfc,
  0xac, 0xfc, 0xf4, 0xfc, 0x00, 0xfd, 0x14, 0xfd, 0xac, 0xfd, 0xc8, 0xfd,
  0x10, 0xfe, 0x18, 0xfe, 0x9c, 0xfe, 0x48, 0xff, 0x60, 0xff, 0xa4, 0xff,
  0xd0, 0xff, 0x90, 0x00, 0xf0, 0x00, 0x08, 0x01, 0x14, 0x01, 0x5c, 0x01,
  0xc8, 0x01, 0x10, 0x02, 0x10, 0x02, 0xd0, 0x01, 0x34, 0x02, 0xa0, 0x02,
  0xd8, 0x02, 0xc0, 0x02, 0xc0, 0x02, 0xd4, 0x02, 0x20, 0x03, 0x14, 0x03,
  0xe4, 0x02, 0xe4, 0x02, 0xdc, 0x02, 0x08, 0x03, 0xdc, 0x02, 0x50, 0x02,
  0x40, 0x02, 0x54, 0x02, 0x3c, 0x02, 0x20, 0x02, 0x9c, 0x01, 0x80, 0x01,
  0x70, 0x01, 0x2c, 0x01, 0x0c, 0x01, 0xd0, 0x00, 0x78, 0x00, 0x44, 0x00,
  0x48, 0x00, 0x14, 0x00, 0x94, 0xff, 0x30, 0xff, 0x3c, 0xff, 0x90, 0xff,
  0x10, 0xff, 0xd8, 0xfd, 0x6c, 0xfd, 0xcc, 0xfd, 0x28, 0xfe, 0x0c, 0xfe,
  0x60, 0xfd, 0x50, 0xfd, 0xa4, 0xfd, 0x94, 0xfd, 0x64, 0xfd, 0x28, 0xfd,
  0x28, 0xfd, 0x4c, 0xfd, 0x68, 0xfd, 0x94, 0xfd, 0x90, 0xfd, 0x90, 0xfd,
  0xc8, 0xfd, 0x38, 0xfe, 0xd0, 0xfe, 0x20, 0xff, 0x1c, 0xff, 0x10, 0xff,
  0x50, 0xff, 0xa4, 0xff, 0xb8, 0xff, 0xd0, 0xff, 0x28, 0x00, 0x5c, 0x00,
  0x94, 0x00, 0x00, 0x01, 0x00, 0x01, 0xe0, 0x00, 0x44, 0x01, 0xb0, 0x01,
  0x8c, 0x01, 0x80, 0x01, 0xd8, 0x01, 0xf8, 0x01, 0xec, 0x01, 0xe0, 0x01,
  0xdc, 0x01, 0xd4, 0x01, 0xcc, 0x01, 0xf8, 0x01, 0xfc, 0x01, 0xc8, 0x01,
  0xa8, 0x01, 0x9c, 0x01, 0xb0, 0x01, 0xb0, 0x01, 0x74, 0x01, 0x40, 0x01,
  0x38, 0x01, 0x18, 0x01, 0xf4, 0x00, 0xd0, 0x00, 0xec, 0x00, 0xd0, 0x00,
  0x30, 0x00, 0x5c, 0x00, 0x10, 0x00, 0x18, 0x00, 0x28, 0x00, 0x68, 0xff,
  0xd0, 0xff, 0xc8, 0xff, 0xe8, 0xfe, 0x1c, 0x01, 0x18, 0x03, 0x10, 0x00,
  0x90, 0xfe, 0x30, 0xff, 0xa8, 0x01, 0xd8, 0x00, 0x60, 0xfb, 0x6c, 0xfc,
  0x6c, 0x00, 0x1c, 0x01, 0x08, 0xff, 0xac, 0xfc, 0x08, 0xfe, 0xe0, 0x00,
  0xb8, 0xff, 0x00, 0xfe, 0xd8, 0xfd, 0xe4, 0xfe, 0x4c, 0x00, 0x14, 0xff,
  0xa4, 0xfe, 0x2c, 0xff, 0xe8, 0xff, 0x58, 0x00, 0x98, 0xff, 0xf8, 0xff,
  0xd4, 0x00, 0xf0, 0x00, 0x30, 0x00, 0x24, 0x00, 0xac, 0x00, 0x24, 0x01,
  0xd4, 0x00, 0x70, 0x00, 0xbc, 0x00, 0xec, 0x00, 0x34, 0x01, 0x7c, 0x00,
  0x98, 0x00, 0xdc, 0x00, 0xa8, 0x00, 0xc4, 0x00, 0x40, 0x00, 0x50, 0x00,
  0x9c, 0x00, 0x48, 0x00, 0x38, 0x00, 0x28, 0x00, 0xe4, 0xff, 0xf0, 0xff,
  0xe0, 0xff, 0x8c, 0xff, 0x08, 0x00, 0xcc, 0xff, 0x54, 0xff, 0x04, 0x00,
  0x34, 0xff, 0xe0, 0xff, 0xa4, 0xff, 0x4c, 0xff, 0xd8, 0xff, 0x64, 0xff,
  0xc8, 0xff, 0x7c, 0xff, 0xc4, 0xff, 0x8c, 0xff, 0xdc, 0xff, 0xe0, 0xff,
  0x84, 0xff, 0x34, 0x00, 0x80, 0xff, 0x0c, 0x00, 0x4c, 0x00, 0x30, 0xff,
  0xc8, 0xff, 0xec, 0xff, 0x80, 0x00, 0xc0, 0xfe, 0xcc, 0xff, 0xf4, 0x00,
  0x28, 0xff, 0xb0, 0x00, 0x5c, 0xff, 0x1c, 0x00, 0x20, 0x01, 0xb0, 0xff,
  0xb8, 0xfe, 0x48, 0x00, 0x48, 0x01, 0x5c, 0xff, 0x94, 0x00, 0xd8, 0xff,
  0xc0, 0x00, 0xbc, 0x00, 0x54, 0xfe, 0xd4, 0x01, 0xbc, 0x02, 0x78, 0x01,
  0x4c, 0xff, 0x9c, 0xfe, 0xc4, 0x02, 0x44, 0x02, 0x44, 0xff, 0x98, 0xfe,
  0x44, 0x02, 0x00, 0x04, 0xc0, 0x00, 0x34, 0xff, 0x34, 0xff, 0x1c, 0x02,
  0x08, 0x02, 0xc4, 0xfe, 0xcc, 0xfe, 0x1c, 0x00, 0xe8, 0x01, 0xd4, 0x00,
  0xa0, 0xfe, 0x64, 0xff, 0x54, 0xff, 0xb4, 0x00, 0x24, 0x00, 0x34, 0xfe,
  0x50, 0xff, 0x30, 0x00, 0x64, 0x00, 0x64, 0xff, 0xa8, 0xfe, 0x1c, 0xff,
  0x50, 0x01, 0x64, 0xff, 0xa8, 0xfe, 0x2c, 0x00, 0xcc, 0xfe, 0xd8, 0x00,
  0x4c, 0x00, 0x00, 0xff, 0xe4, 0xff, 0x50, 0x00, 0x34, 0xff, 0x44, 0x00,
  0x5c, 0x00, 0xac, 0xfe, 0xb4, 0x00, 0xc0, 0xff, 0xa8, 0xff, 0xd8, 0xfe,
  0x0c, 0x00, 0xec, 0x00, 0x14, 0xff, 0x84, 0xff, 0xd0, 0xff, 0xb8, 0x00,
  0xb0, 0xff, 0x4c, 0xff, 0x70, 0x00, 0x94, 0xff, 0x5c, 0x00, 0xcc, 0xff,
  0x60, 0xff, 0x50, 0x01, 0x34, 0xff, 0xc8, 0x02, 0xd4, 0x00, 0x8c, 0xfd,
  0xc8, 0x00, 0x40, 0x00, 0x9c, 0x02, 0xe0, 0x00, 0x2c, 0x01, 0xf8, 0xff,
  0x14, 0xff, 0xd0, 0x02, 0x20, 0x00, 0x04, 0x00, 0xd4, 0xff, 0x50, 0x00,
  0xb4, 0x02, 0x34, 0x02, 0x60, 0xfe, 0x7c, 0xfe, 0x18, 0x02, 0xf8, 0x00,
  0xec, 0xff, 0x6c, 0xfe, 0x5c, 0xff, 0x70, 0x01, 0x3c, 0x01, 0xbc, 0xfd,
  0x48, 0xfe, 0x04, 0x02, 0x4c, 0xff, 0x60, 0xff, 0x64, 0xfe, 0x90, 0xff,
  0x4c, 0x01, 0xb0, 0xfe, 0x60, 0xff, 0x28, 0xff, 0x70, 0x00, 0xcc, 0xfe,
  0xd8, 0xfc, 0xc0, 0xff, 0x08, 0x02, 0x7c, 0xff, 0x4c, 0xfd, 0x90, 0xff,
  0x30, 0x00, 0xf0, 0x00, 0x40, 0xff, 0x4c, 0xfe, 0xe0, 0xff, 0x0c, 0x01,
  0x3c, 0x00, 0xf4, 0xfd, 0xec, 0x00, 0xcc, 0xff, 0x0c, 0xff, 0x3c, 0x00,
  0x2c, 0xff, 0x38, 0x01, 0x88, 0xff, 0x44, 0xfe, 0xd4, 0x00, 0x84, 0x01,
  0x54, 0xfe, 0x58, 0xff, 0xc0, 0x00, 0x0c, 0x00, 0xa0, 0x00, 0xc4, 0xfe,
  0x80, 0xff, 0x08, 0x01, 0x5c, 0x00, 0x18, 0xff, 0xb8, 0xff, 0x74, 0x01,
  0x20, 0x02, 0xa8, 0xff, 0x50, 0xfe, 0x00, 0x01, 0x28, 0x01, 0x48, 0x01,
  0xa8, 0x00, 0x94, 0x00, 0xc4, 0x00, 0xb0, 0x00, 0xd8, 0xff, 0xa4, 0x00,
  0x00, 0x01, 0x58, 0xff, 0x2c, 0x01, 0xc0, 0x00, 0xc8, 0x01, 0xc8, 0xff,
  0xbc, 0xfe, 0x18, 0x01, 0x84, 0x00, 0x18, 0x00, 0x0c, 0xff, 0xc0, 0xff,
  0x68, 0x00, 0x98, 0x00, 0xbc, 0xfe, 0x58, 0xff, 0x58, 0x00, 0x70, 0xff,
  0xd0, 0xff, 0xbc, 0xfe, 0x24, 0x00, 0xa8, 0xff, 0xcc, 0xff, 0x50, 0xff,
  0x80, 0xff, 0xf8, 0xff, 0xfc, 0xfd, 0x3c, 0xfe, 0x20, 0x00, 0x58, 0x01,
  0x10, 0xfd, 0x68, 0x01, 0xe4, 0x01, 0x40, 0xfd, 0x30, 0x00, 0xbc, 0xfe,
  0x60, 0x02, 0x10, 0x00, 0x48, 0xfa, 0x68, 0x01, 0x10, 0x03, 0xbc, 0xff,
  0x60, 0xfd, 0xc0, 0xfd, 0xa8, 0x01, 0x20, 0x02, 0x20, 0xfe, 0xf0, 0xfc,
  0xdc, 0x01, 0xc4, 0x00, 0xe4, 0xff, 0x94, 0xfe, 0x18, 0xff, 0x74, 0x02,
  0xe4, 0xfe, 0xb4, 0xff, 0xb4, 0xff, 0x20, 0x00, 0xe8, 0x00, 0x24, 0xff,
  0x30, 0x00, 0x58, 0x00, 0xc0, 0x00, 0xcc, 0x00, 0xac, 0xff, 0xb0, 0xff,
  0xa0, 0x00, 0x84, 0x00, 0x2c, 0x00, 0x0c, 0x00, 0xd0, 0xff, 0x6c, 0x00,
  0x98, 0x00, 0xac, 0xff, 0xec, 0xff, 0x80, 0xff, 0x58, 0x01, 0x20, 0xff,
  0x60, 0xfd, 0x28, 0x01, 0x04, 0x01, 0xe4, 0xfe, 0x68, 0xfd, 0xec, 0xff,
  0x80, 0x01, 0xd0, 0xff, 0xf4, 0xfc, 0x68, 0xff, 0xac, 0x01, 0xd4, 0xfe,
  0x64, 0x00, 0x20, 0x00, 0x4c, 0xfe, 0x60, 0x00, 0x94, 0x01, 0x08, 0xff,
  0xd0, 0xfe, 0x08, 0x00, 0x14, 0x00, 0x64, 0x01, 0xd0, 0xfe, 0x1c, 0xff,
  0xf0, 0x00, 0x68, 0xff, 0x20, 0x01, 0x40, 0xff, 0x5c, 0xff, 0x54, 0x00,
  0x30, 0x00, 0x8c, 0x01, 0x90, 0xfd, 0x50, 0x00, 0x58, 0x02, 0x68, 0xfe,
  0x1c, 0x00, 0x6c, 0x00, 0x48, 0xff, 0xd4, 0x00, 0x50, 0x01, 0xc8, 0xfe,
  0x9c, 0xfe, 0x48, 0x02, 0x38, 0x01, 0xb4, 0xff, 0x64, 0xff, 0xdc, 0xfe,
  0x80, 0x02, 0x28, 0x01, 0x40, 0xfe, 0x54, 0xff, 0xe4, 0x01, 0x88, 0x01,
  0x4c, 0xfd, 0xf4, 0xff, 0x10, 0x03, 0x34, 0xff, 0xbc, 0xfd, 0x04, 0xff,
  0x70, 0x01, 0xfc, 0x02, 0x64, 0xfc, 0xe4, 0xfc, 0x48, 0x02, 0x98, 0x00,
  0x90, 0xff, 0x54, 0xfe, 0xdc, 0xfe, 0xc0, 0xff, 0xc0, 0x00, 0x20, 0x00,
  0x94, 0xfe, 0x0c, 0xff, 0x40, 0xff, 0x8c, 0x01, 0x2c, 0x00, 0x58, 0xfe,
  0x04, 0x00, 0xd0, 0x00, 0x24, 0x00, 0x2c, 0xff, 0x44, 0x00, 0x20, 0x00,
  0xd4, 0xff, 0x3c, 0x00, 0x84, 0xff, 0xb4, 0x00, 0x50, 0x00, 0xc4, 0xfe,
  0x10, 0x01, 0x6c, 0x00, 0x2c, 0xff, 0x08, 0x01, 0x58, 0x02, 0x8c, 0xff,
  0xec, 0xfc, 0xf0, 0x01, 0xe8, 0x02, 0x78, 0xff, 0x1c, 0xff, 0x30, 0xff,
  0x94, 0x01, 0x9c, 0x01, 0xe8, 0xff, 0xe0, 0xfe, 0xd8, 0xff, 0x5c, 0x02,
  0x48, 0xff, 0x74, 0x00, 0xb8, 0x00, 0x64, 0xff, 0x18, 0x02, 0x54, 0x01,
  0xe0, 0xfe, 0x04, 0xff, 0xac, 0x01, 0xd4, 0x01, 0x0c, 0x00, 0xc8, 0xfe,
  0x94, 0xff, 0x1c, 0x02, 0xfc, 0x00, 0xb0, 0xfe, 0xb8, 0xfe, 0x6c, 0x00,
  0x30, 0x03, 0x84, 0xfd, 0x64, 0xfd, 0x14, 0x03, 0xec, 0xfe, 0x80, 0xff,
  0x70, 0x00, 0x9c, 0xfd, 0xf0, 0x00, 0x4c, 0x00, 0xdc, 0xfe, 0xc0, 0x00,
  0xb8, 0xfd, 0x1c, 0x00, 0x64, 0x01, 0x30, 0xff, 0xd4, 0xff, 0xf4, 0xfe,
  0xd4, 0x00, 0x5c, 0x00, 0x8c, 0xfe, 0xdc, 0x00, 0x0c, 0x00, 0x20, 0xff,
  0x64, 0x00, 0xb0, 0xff, 0x0c, 0x01, 0x08, 0xff, 0x80, 0xff, 0x0c, 0x01,
  0x08, 0x00, 0xec, 0xff, 0xb0, 0x00, 0x34, 0x01, 0xfc, 0xfd, 0x9c, 0x00,
  0x4c, 0x01, 0x4c, 0x00, 0x8c, 0x00, 0x14, 0xfe, 0xcc, 0x00, 0x24, 0x02,
  0x8c, 0xff, 0x58, 0xff, 0x90, 0xff, 0x78, 0x01, 0xa8, 0x00, 0x3c, 0xff,
  0xe4, 0x00, 0xfc, 0xfe, 0xf8, 0x01, 0x50, 0x02, 0x44, 0xfd, 0x98, 0xff,
  0xf4, 0x01, 0x84, 0x01, 0xec, 0xff, 0x2c, 0xfe, 0x14, 0x00, 0x04, 0x03,
  0xa0, 0xff, 0xdc, 0xfc, 0xc8, 0xfe, 0x48, 0x02, 0xc4, 0x03, 0xdc, 0xfb,
  0xb0, 0xfb, 0x70, 0x03, 0xe0, 0x01, 0x68, 0xfe, 0x58, 0xfe, 0xe0, 0xfe,
  0xbc, 0xff, 0x70, 0x02, 0x10, 0xff, 0xe8, 0xfa, 0x70, 0x00, 0xcc, 0x02,
  0xa4, 0x00, 0x08, 0xfc, 0x4c, 0xfe, 0x48, 0x03, 0x8c, 0xff, 0x6c, 0xff,
  0x98, 0xfe, 0x64, 0xff, 0xdc, 0x00, 0xb8, 0x00, 0xb0, 0xff, 0xac, 0xfd,
  0x70, 0x01, 0x80, 0x00, 0x9c, 0xff, 0xc8, 0xff, 0x14, 0xff, 0x84, 0x01,
  0x6c, 0x01, 0xf8, 0xfe, 0x6c, 0xff, 0x74, 0x01, 0x34, 0x01, 0x60, 0x00,
  0xf0, 0xfd, 0x24, 0x01, 0xc0, 0x02, 0x3c, 0xfe, 0x44, 0x00, 0xe8, 0x02,
  0x3c, 0x00, 0xb0, 0xff, 0xf4, 0xff, 0xdc, 0xff, 0x50, 0x02, 0x1c, 0x01,
  0x48, 0xff, 0x70, 0xfe, 0xd4, 0x01, 0xe4, 0x02, 0x0c, 0xff, 0xd8, 0xff,
  0x74, 0xff, 0xcc, 0x02, 0x88, 0x02, 0x74, 0xfd, 0x98, 0xff, 0xfc, 0x00,
  0x44, 0x03, 0x34, 0x01, 0xcc, 0xf9, 0xd0, 0x00, 0xd4, 0x04, 0xa8, 0xff,
  0x74, 0xfe, 0x20, 0xfe, 0xfc, 0x00, 0x24, 0x01, 0x74, 0x00, 0x78, 0xfe,
  0x14, 0xfe, 0xf4, 0x01, 0x7c, 0x01, 0x4c, 0xfd, 0xf4, 0xfd, 0xe8, 0x01,
  0x6c, 0xff, 0x78, 0x00, 0xc4, 0xff, 0xb8, 0xfc, 0x40, 0x01, 0x90, 0x01,
  0x34, 0x00, 0xc8, 0xfc, 0xa4, 0xfe, 0x10, 0x04, 0x48, 0xff, 0x18, 0xfe,
  0xcc, 0xfe, 0x58, 0x00, 0x88, 0x02, 0x5c, 0xfe, 0x88, 0xfe, 0x98, 0x00,
  0x98, 0x00, 0x7c, 0x00, 0x0c, 0xff, 0xa0, 0xff, 0x54, 0x00, 0x30, 0x02,
  0x24, 0xff, 0x84, 0xfd, 0x84, 0x01, 0xb4, 0x01, 0x74, 0x00, 0x98, 0xfd,
  0xcc, 0xff, 0x14, 0x04, 0x00, 0x01, 0x38, 0xfc, 0xa4, 0xff, 0x54, 0x03,
  0xa4, 0x00, 0xb4, 0xfe, 0x2c, 0xff, 0x98, 0x01, 0xf8, 0x01, 0x0c, 0xff,
  0x30, 0xfe, 0x7c, 0x00, 0x7c, 0x02, 0x48, 0xff, 0xd8, 0xfe, 0xf4, 0x01,
  0x78, 0xfe, 0x98, 0x00, 0x7c, 0x01, 0x5c, 0xfe, 0xac, 0x00, 0x48, 0x01,
  0x30, 0xff, 0xd0, 0xfe, 0x34, 0x01, 0x0c, 0x01, 0x14, 0x00, 0x34, 0xfd,
  0xa0, 0x00, 0xc4, 0x04, 0x68, 0xff, 0xe0, 0xfd, 0x2c, 0xfe, 0x3c, 0x02,
  0x9c, 0x03, 0x08, 0xfc, 0xe4, 0xfe, 0xac, 0x02, 0x38, 0x00, 0x44, 0xff,
  0xe8, 0xfe, 0xc0, 0x00, 0xd8, 0x00, 0x94, 0xff, 0x60, 0xfe, 0x98, 0xff,
  0x24, 0x01, 0xac, 0x00, 0x24, 0x00, 0x04, 0xfe, 0x50, 0xff, 0x64, 0x01,
  0x08, 0x00, 0x4c, 0xff, 0x08, 0xff, 0xac, 0x00, 0x90, 0xff, 0x64, 0xff,
  0x04, 0x01, 0x7c, 0xff, 0x0c, 0xff, 0x6c, 0x00, 0x48, 0x00, 0x70, 0x01,
  0xdc, 0x00, 0xd0, 0xfd, 0x90, 0xff, 0x9c, 0x01, 0xcc, 0x01, 0x9c, 0xfd,
  0x14, 0xff, 0xf8, 0x01, 0x88, 0x00, 0xe8, 0xff, 0x70, 0xff, 0x34, 0x00,
  0x00, 0x00, 0xa8, 0x00, 0x14, 0xff, 0xb0, 0xff, 0x9c, 0x01, 0x48, 0x00,
  0x28, 0xff, 0xf4, 0xfd, 0x94, 0xfd, 0x3c, 0x01, 0xec, 0x01, 0x28, 0xfd,
  0xcc, 0x00, 0xc0, 0xff, 0x30, 0xfe, 0x28, 0x01, 0xa4, 0xfd, 0xa8, 0x01,
  0x64, 0xff, 0xec, 0xfc, 0x20, 0x01, 0xd0, 0x00, 0x74, 0x01, 0x84, 0xfd,
  0x34, 0xfe, 0xb4, 0x02, 0x18, 0xff, 0xb8, 0xfc, 0x48, 0x01, 0x14, 0x03,
  0x1c, 0xfe, 0xf0, 0xfd, 0xf8, 0xff, 0x78, 0x01, 0xd4, 0x00, 0x88, 0xfd,
  0x2c, 0xff, 0xa8, 0x00, 0x38, 0x01, 0x14, 0xff, 0x14, 0xff, 0xc0, 0x00,
  0xb0, 0x00, 0x3c, 0xfe, 0xf0, 0xfe, 0x30, 0x02, 0xc0, 0xfe, 0xb0, 0xff,
  0x2c, 0x00, 0xec, 0xff, 0x64, 0x00, 0xa4, 0xff, 0x7c, 0xff, 0xe4, 0xff,
  0x5c, 0x03, 0x50, 0x00, 0x24, 0xfe, 0x90, 0x01, 0x34, 0xff, 0xf4, 0x00,
  0xb8, 0x01, 0x60, 0xfd, 0x3c, 0x00, 0x10, 0x02, 0x88, 0x00, 0x1c, 0x00,
  0x44, 0x00, 0x4c, 0xfe, 0xa8, 0xff, 0x44, 0x03, 0x1c, 0xff, 0x4c, 0xfd,
  0x7c, 0x01, 0x50, 0x02, 0xa8, 0xff, 0xcc, 0xfb, 0x50, 0xfe, 0x6c, 0x02,
  0x40, 0x02, 0x28, 0xfe, 0x98, 0xfc, 0x54, 0x01, 0x20, 0x02, 0xb8, 0xff,
  0x40, 0xfb, 0x70, 0x00, 0x60, 0x04, 0x04, 0xfd, 0xe4, 0xfd, 0xa8, 0x01,
  0x18, 0x01, 0x08, 0xff, 0x1c, 0xff, 0x2c, 0xff, 0xac, 0xff, 0xa4, 0x01,
  0x5c, 0x00, 0xac, 0xfe, 0xcc, 0xfd, 0x98, 0x01, 0xb0, 0x01, 0x0c, 0xff,
  0xb4, 0xfe, 0x50, 0xfe, 0xe0, 0x02, 0x2c, 0x00, 0x50, 0xfd, 0x60, 0x01,
  0x14, 0x00, 0xa4, 0x00, 0xb8, 0xfe, 0xa0, 0xfd, 0x4c, 0x03, 0x34, 0x01,
  0x88, 0xfd, 0xf4, 0xfd, 0x74, 0x01, 0xf0, 0x02, 0x1c, 0xfe, 0xec, 0xfd,
  0x68, 0x01, 0xc0, 0x00, 0x6c, 0xff, 0xa8, 0x02, 0x9c, 0xff, 0x3c, 0xff,
  0xfc, 0x00, 0xb0, 0xfd, 0x14, 0x03, 0x2c, 0x00, 0xb4, 0xfe, 0xc8, 0x00,
  0xa0, 0xff, 0xd0, 0x01, 0x4c, 0xff, 0x64, 0xfe, 0x08, 0xfe, 0x7c, 0x00,
  0x5c, 0x01, 0x28, 0xff, 0x60, 0xff, 0xb4, 0x00, 0x60, 0x00, 0xfc, 0xfe,
  0xf0, 0xfc, 0x54, 0xfe, 0x0c, 0x03, 0x64, 0xff, 0x78, 0xfe, 0x2c, 0x00,
  0x48, 0x00, 0xec, 0xff, 0xa4, 0xff, 0x5c, 0xff, 0xc0, 0xfd, 0x3c, 0x00,
  0xd8, 0x00, 0x04, 0x01, 0x00, 0x00, 0xfc, 0xfb, 0xb0, 0xfe, 0xac, 0x01,
  0x68, 0x00, 0xd0, 0xff, 0x4c, 0xfd, 0xe8, 0xff, 0x58, 0x03, 0xbc, 0xfe,
  0xd4, 0xfc, 0xc4, 0x00, 0x90, 0x01, 0x90, 0xff, 0xf8, 0xfd, 0x48, 0x00,
  0x64, 0x03, 0xc4, 0x00, 0xe4, 0xfd, 0x74, 0xfe, 0xac, 0x01, 0x10, 0x01,
  0x94, 0xff, 0x4c, 0xff, 0x1c, 0x00, 0xcc, 0x01, 0xac, 0x00, 0x8c, 0xfe,
  0x8c, 0x00, 0xc0, 0x00, 0x0c, 0xff, 0x78, 0x01, 0xc4, 0x00, 0xb4, 0x01,
  0x90, 0xff, 0xb4, 0x00, 0x90, 0x01, 0x00, 0xfe, 0x24, 0x00, 0xf0, 0x01,
  0xa4, 0x02, 0x48, 0x00, 0xe4, 0xfe, 0xbc, 0x00, 0x40, 0xff, 0x7c, 0xfe,
  0x28, 0xff, 0x00, 0x01, 0x54, 0x03, 0xec, 0xfd, 0x6c, 0xfd, 0xe8, 0x02,
  0x34, 0x01, 0xa4, 0xfb, 0x80, 0xfe, 0xa0, 0x01, 0x00, 0x00, 0xdc, 0xff,
  0x2c, 0xff, 0xd0, 0x01, 0x30, 0xff, 0x24, 0xfe, 0xb8, 0xff, 0xe8, 0xff,
  0x3c, 0x02, 0x38, 0xfd, 0x90, 0xff, 0x70, 0x02, 0xd0, 0xfc, 0x04, 0xfe,
  0xe4, 0xff, 0x28, 0x02, 0x3c, 0x00, 0x24, 0xfc, 0x1c, 0xff, 0xc4, 0x02,
  0xc4, 0x01, 0x90, 0xfb, 0x4c, 0xfe, 0x10, 0x03, 0x84, 0x00, 0xf4, 0xfd,
  0xe0, 0xfe, 0x08, 0x02, 0xdc, 0x02, 0x70, 0xfe, 0xa4, 0xfc, 0xb8, 0x01,
  0x3c, 0x02, 0xe0, 0x01, 0x64, 0xfe, 0xe0, 0xff, 0x24, 0x03, 0x58, 0xff,
  0x94, 0xff, 0xd0, 0x00, 0x20, 0x01, 0x08, 0x00, 0xf4, 0xff, 0x78, 0x00,
  0x34, 0x01, 0x1c, 0x00, 0xf4, 0xff, 0x24, 0x01, 0xcc, 0xff, 0x20, 0x00,
  0xc4, 0xff, 0xe4, 0x00, 0x54, 0x01, 0x40, 0xff, 0xb4, 0xff, 0x64, 0xff,
  0xf0, 0xfe, 0x2c, 0x01, 0xcc, 0xff, 0x30, 0xff, 0xb0, 0x01, 0x68, 0xff,
  0x24, 0xff, 0x54, 0x01, 0xdc, 0xfe, 0x74, 0xff, 0x2c, 0x01, 0xac, 0xff,
  0x6c, 0x00, 0xe8, 0xff, 0x74, 0x00, 0x38, 0x00, 0xa8, 0xff, 0x70, 0x00,
  0x9c, 0xff, 0x8c, 0x00, 0x80, 0xff, 0xf0, 0x00, 0x28, 0x00, 0x08, 0xfe,
  0x1c, 0xff, 0x9c, 0x00, 0x14, 0x02, 0x24, 0xff, 0x68, 0xfe, 0x7c, 0x00,
  0x78, 0x01, 0xe8, 0xff, 0x54, 0xff, 0x50, 0xff, 0xe8, 0xff, 0xfc, 0x00,
  0xcc, 0xff, 0x74, 0x00, 0x1c, 0x00, 0xcc, 0xff, 0x30, 0x01, 0x20, 0xff,
  0x00, 0xff, 0x0c, 0x01, 0xe0, 0x00, 0x4c, 0x01, 0xe4, 0x00, 0xa4, 0x00,
  0x24, 0x00, 0x90, 0xff, 0x5c, 0x00, 0x38, 0x01, 0x08, 0x02, 0x84, 0x00,
  0x58, 0xff, 0xf0, 0xff, 0xec, 0x00, 0xf8, 0x00, 0x10, 0xff, 0x94, 0xff,
  0x18, 0x01, 0xb0, 0x00, 0x60, 0xff, 0xc8, 0xff, 0x70, 0x00, 0xb4, 0xff,
  0xe8, 0xff, 0xf8, 0xff, 0x54, 0x00, 0x98, 0x00, 0x48, 0xff, 0x2c, 0xff,
  0xc4, 0x00, 0xfc, 0xff, 0x5c, 0xff, 0x34, 0xff, 0x70, 0xff, 0xe0, 0x00,
  0xc4, 0xff, 0x10, 0xff, 0xb0, 0x00, 0x7c, 0x01, 0x9c, 0x00, 0x6c, 0xff,
  0x60, 0xff, 0xe4, 0x00, 0x84, 0x00, 0xf0, 0xfe, 0xcc, 0xff, 0xb8, 0x01,
  0x94, 0x01, 0x34, 0x00, 0xb8, 0xff, 0x18, 0x00, 0x48, 0x00, 0xe4, 0xff,
  0x8c, 0xff, 0xc4, 0xff, 0x6c, 0x00, 0x38, 0x00, 0x8c, 0x00, 0xd0, 0xff,
  0xb0, 0xff, 0x9c, 0xff, 0xbc, 0xff, 0x5c, 0x00, 0x30, 0xff, 0x44, 0x00,
  0x08, 0x00, 0x04, 0x00, 0x00, 0x00, 0x30, 0xff, 0x70, 0x00, 0x00, 0x00,
  0x74, 0xff, 0xc4, 0xff, 0x68, 0x00, 0x98, 0xff, 0xd4, 0xff, 0x44, 0x00,
  0xb4, 0xff, 0x80, 0x00, 0x0c, 0x00, 0x14, 0x00, 0x94, 0x00, 0xd8, 0xff,
  0x84, 0xff, 0x50, 0x00, 0x6c, 0x00, 0xe8, 0xff, 0x54, 0xff, 0x2c, 0x00,
  0x88, 0x00, 0x7c, 0xff, 0x70, 0xff, 0x08, 0xff, 0x68, 0xff, 0xbc, 0xff,
  0xa8, 0xff, 0xe0, 0xff, 0x80, 0xff, 0x04, 0x00, 0x28, 0x00, 0x3c, 0xff,
  0x88, 0xff, 0x20, 0x00, 0xb0, 0xff, 0xe4, 0xff, 0x08, 0x00, 0x0c, 0x00,
  0xbc, 0x00, 0x9c, 0xff, 0x2c, 0xff, 0x1c, 0x00, 0x1c, 0x00, 0xb8, 0xff,
  0x64, 0xff, 0x40, 0x00, 0x88, 0x00, 0xe8, 0xff, 0x40, 0xff, 0x18, 0x00,
  0xe0, 0x01, 0x04, 0x01, 0xcc, 0xff, 0xcc, 0xff, 0x7c, 0x00, 0xdc, 0x00,
  0x58, 0xff, 0x20, 0xff, 0x68, 0x01, 0xe4, 0x01, 0xf4, 0x00, 0x48, 0x00,
  0xf8, 0xff, 0x54, 0x00, 0xa0, 0xff, 0x78, 0xff, 0x90, 0xff, 0x10, 0x00,
  0x4c, 0x00, 0x34, 0x00, 0x60, 0x00, 0xb0, 0xff, 0x64, 0xff, 0x88, 0xff,
  0xf4, 0xff, 0xc4, 0xff, 0x0c, 0x00, 0x28, 0x00, 0x1c, 0x00, 0xf8, 0xff,
  0x58, 0xff, 0xf8, 0xff, 0x60, 0x00, 0xa4, 0xff, 0xb0, 0xff, 0x38, 0x00,
  0xc4, 0xff, 0x98, 0xff, 0xa4, 0xff, 0xb4, 0xff, 0xf8, 0xff, 0xd4, 0xff,
  0x70, 0xff, 0x00, 0x00, 0x24, 0x00, 0x48, 0xff, 0xa4, 0xff, 0x30, 0x00,
  0xf0, 0xff, 0x70, 0xff, 0xa0, 0xff, 0x58, 0x00, 0xe8, 0xff, 0x5c, 0xff,
  0x24, 0x00, 0x74, 0x00, 0x44, 0xff, 0xa8, 0xfe, 0x44, 0xff, 0x2c, 0x00,
  0xb8, 0xff, 0x4c, 0xff, 0x18, 0x00, 0x4c, 0x00, 0xd0, 0xff, 0x68, 0xff,
  0x20, 0x00, 0x38, 0x00, 0x74, 0xff, 0x80, 0xff, 0x58, 0x00, 0xb4, 0x00,
  0x8c, 0x00, 0x48, 0x00, 0xc8, 0xff, 0xf0, 0xff, 0xe4, 0xff, 0x48, 0x00,
  0xc4, 0x00, 0x28, 0x00, 0xf4, 0xff, 0xf4, 0xff, 0x30, 0x00, 0x40, 0x00,
  0xc4, 0xff, 0xf4, 0xff, 0xb4, 0xff, 0xc0, 0xff, 0x84, 0x00, 0x44, 0x00,
  0xb8, 0xff, 0xb0, 0xff, 0x8c, 0x00, 0x18, 0x01, 0x90, 0x00, 0x08, 0x00,
  0xdc, 0xff, 0xf8, 0xff, 0xbc, 0xff, 0xa0, 0xff, 0x98, 0xff, 0xe4, 0xfe,
  0xd4, 0xfe, 0x94, 0xff, 0x54, 0x00, 0x10, 0x00, 0x38, 0xff, 0xb0, 0xff,
  0x24, 0x00, 0xa8, 0xff, 0xb8, 0xff, 0x30, 0x00, 0x00, 0x00, 0x98, 0xff,
  0xec, 0xff, 0x4c, 0x00, 0x38, 0x00, 0xd8, 0xff, 0x08, 0x00, 0x10, 0x00,
  0xa4, 0xff, 0x1c, 0x00, 0xd4, 0xff, 0x88, 0xff, 0xb8, 0xff, 0x08, 0x00,
  0xfc, 0xff, 0xb8, 0xff, 0x28, 0x00, 0xd4, 0xff, 0xfc, 0xff, 0x30, 0x00,
  0xe8, 0xff, 0xc8, 0xff, 0xbc, 0xff, 0xd4, 0xff, 0x04, 0x00, 0x30, 0x00,
  0x8c, 0xff, 0x38, 0xff, 0xa0, 0xff, 0xdc, 0xff, 0x10, 0x00, 0x14, 0x00,
  0xd4, 0xff, 0x0c, 0x00, 0x3c, 0x00, 0x1c, 0x00, 0x34, 0x00, 0x34, 0x00,
  0xf8, 0xff, 0xe0, 0xff, 0x2c, 0x00, 0x44, 0x00, 0x44, 0x00, 0x40, 0x00,
  0x14, 0x00, 0x0c, 0x00, 0x30, 0x00, 0xfc, 0xff, 0x24, 0x00, 0xdc, 0x00,
  0xc0, 0x00, 0x70, 0x00, 0x5c, 0x00, 0x64, 0x00, 0x44, 0x00, 0xd4, 0xff,
  0xec, 0xff, 0xdc, 0xff, 0x60, 0xff, 0x40, 0xff, 0xa4, 0xff, 0x00, 0x00,
  0xd4, 0xff, 0x9c, 0xff, 0xd4, 0xff, 0xc8, 0xff, 0x84, 0xff, 0xb8, 0xff,
  0xf0, 0xff, 0xc8, 0xff, 0xc4, 0xff, 0xf8, 0xff, 0x30, 0x00, 0x14, 0x00,
  0xd8, 0xff, 0xd4, 0xff, 0xec, 0xff, 0xf8, 0xff, 0x10, 0x00, 0x38, 0x00,
  0x84, 0xff, 0xd4, 0xfe, 0x40, 0xff, 0xc4, 0xff, 0xfc, 0xff, 0xdc, 0xff,
  0x94, 0xff, 0xfc, 0xff, 0x24, 0x00, 0x08, 0x00, 0x14, 0x00, 0xb8, 0xff,
  0x8c, 0xff, 0xd8, 0xff, 0x48, 0x00, 0xf4, 0xff, 0xac, 0xff, 0xfc, 0xff,
  0x1c, 0x00, 0x14, 0x00, 0x0c, 0x00, 0x34, 0x00, 0x50, 0x00, 0x24, 0x00,
  0xdc, 0xff, 0x10, 0x00, 0x58, 0x00, 0x3c, 0x00, 0x10, 0x00, 0x1c, 0x00,
  0x4c, 0x00, 0x54, 0x00, 0x44, 0x00, 0x3c, 0x00, 0x48, 0x00, 0x50, 0x00,
  0x38, 0x00, 0x34, 0x00, 0x48, 0x00, 0x30, 0x00, 0x34, 0x00, 0x2c, 0x00,
  0x2c, 0x00, 0x48, 0x00, 0x4c, 0x00, 0x60, 0x00, 0x60, 0x00, 0x58, 0x00,
  0x50, 0x00, 0x38, 0x00, 0x38, 0x00, 0x44, 0x00, 0x4c, 0x00, 0x10, 0x00,
  0xdc, 0xff, 0x20, 0x00, 0x74, 0x00, 0x74, 0x00, 0x4c, 0x00, 0x28, 0x00,
  0x3c, 0x00, 0x0c, 0x00, 0x94, 0xff, 0x7c, 0xff, 0x88, 0xff, 0xb4, 0xff,
  0xd0, 0xff, 0xec, 0xff, 0xfc, 0xff, 0xe4, 0xff, 0xc8, 0xff, 0xb4, 0xff,
  0xa0, 0xff, 0x90, 0xff, 0xc0, 0xff, 0xd8, 0xff, 0xac, 0xff, 0x74, 0xff,
  0x74, 0xff, 0xa8, 0xff, 0x94, 0xff, 0x90, 0xff, 0xa0, 0xff, 0xb0, 0xff,
  0xec, 0xff, 0xd8, 0xff, 0xcc, 0xff, 0xe8, 0xff, 0xd0, 0xff, 0xd4, 0xff,
  0xe0, 0xff, 0xdc, 0xff, 0xd4, 0xff, 0xc8, 0xff, 0xf0, 0xff, 0x28, 0x00,
  0x18, 0x00, 0x08, 0x00, 0x18, 0x00, 0xf0, 0xff, 0xc0, 0xff, 0xe0, 0xff,
  0x04, 0x00, 0xc0, 0xff, 0x34, 0xff, 0x04, 0xff, 0x70, 0xff, 0x9c, 0xff,
  0x74, 0xff, 0x90, 0xff, 0x98, 0xff, 0x84, 0xff, 0x9c, 0xff, 0xcc, 0xff,
  0xb8, 0xff, 0x78, 0xff, 0x80, 0xff, 0x98, 0xff, 0xb0, 0xff, 0xf8, 0xff,
  0x1c, 0x00, 0x04, 0x00, 0xd4, 0xff, 0xcc, 0xff, 0x18, 0x00, 0x3c, 0x00,
  0x4c, 0x00, 0x58, 0x00, 0x08, 0x00, 0x10, 0x00, 0x68, 0x00, 0x48, 0x00,
  0x58, 0x00, 0xa8, 0x00, 0x74, 0x00, 0x44, 0x00, 0x7c, 0x00, 0x9c, 0x00,
  0x70, 0x00, 0x48, 0x00, 0x44, 0x00, 0x44, 0x00, 0x58, 0x00, 0x68, 0x00,
  0x6c, 0x00, 0x70, 0x00, 0x48, 0x00, 0x20, 0x00, 0x5c, 0x00, 0x80, 0x00,
  0x30, 0x00, 0x20, 0x00, 0x44, 0x00, 0x28, 0x00, 0x1c, 0x00, 0x40, 0x00,
  0x18, 0x00, 0xf0, 0xff, 0xfc, 0xff, 0xf8, 0xff, 0x4c, 0x00, 0x6c, 0x00,
  0x00, 0x00, 0xdc, 0xff, 0xf4, 0xff, 0xf4, 0xff, 0x20, 0x00, 0x44, 0x00,
  0x04, 0x00, 0xec, 0xff, 0x08, 0x00, 0x08, 0x00, 0x1c, 0x00, 0x0c, 0x00,
  0xfc, 0xff, 0xe4, 0xff, 0x7c, 0xff, 0x18, 0xff, 0x84, 0xfe, 0xd8, 0xfd,
  0xa4, 0xfd, 0xc0, 0xfd, 0xe4, 0xfd, 0x48, 0xfe, 0x88, 0xfe, 0x50, 0xfe,
  0x3c, 0xfe, 0x44, 0xfe, 0x5c, 0xfe, 0x68, 0xfe, 0x20, 0xfe, 0x1c, 0xfe,
  0x6c, 0xfe, 0xb4, 0xfe, 0x10, 0xff, 0x3c, 0xff, 0x2c, 0xff, 0x44, 0xff,
  0x6c, 0xff, 0x60, 0xff, 0x94, 0xff, 0xec, 0xff, 0xac, 0xff, 0xb4, 0xff,
  0x44, 0x00, 0xb4, 0x00, 0xf0, 0x00, 0xc0, 0x00, 0xb4, 0x00, 0x70, 0x01,
  0x60, 0x02, 0x00, 0x03, 0xfc, 0x02, 0x8c, 0x02, 0x70, 0x02, 0x64, 0x02,
  0x70, 0x02, 0x7c, 0x02, 0x4c, 0x02, 0x6c, 0x02, 0xb4, 0x02, 0xd8, 0x02,
  0xe0, 0x02, 0xcc, 0x02, 0x5c, 0x02, 0xc4, 0x01, 0x70, 0x01, 0xa4, 0x01,
  0x30, 0x02, 0x24, 0x02, 0x94, 0x01, 0x28, 0x01, 0x20, 0x01, 0x28, 0x01,
  0x3c, 0x01, 0x18, 0x01, 0x84, 0x00, 0x3c, 0x00, 0x54, 0x00, 0x54, 0x00,
  0x6c, 0x00, 0x94, 0x00, 0x00, 0x00, 0x94, 0xff, 0xd4, 0xff, 0xc8, 0xff,
  0x9c, 0xff, 0x4c, 0xff, 0xac, 0xfe, 0xe4, 0xfd, 0x80, 0xfc, 0x0c, 0xfb,
  0x70, 0xfa, 0x90, 0xfa, 0x1c, 0xfb, 0x58, 0xfb, 0xb8, 0xfb, 0x24, 0xfc,
  0xcc, 0xfb, 0xb0, 0xfb, 0xa4, 0xfb, 0x24, 0xfb, 0x38, 0xfb, 0x9c, 0xfc,
  0x74, 0xfe, 0x6c, 0xff, 0xa4, 0xff, 0xa8, 0xff, 0xa0, 0xff, 0x7c, 0xff,
  0xa8, 0xff, 0x04, 0x00, 0x1c, 0x00, 0xf0, 0x00, 0x24, 0x02, 0xac, 0x02,
  0xec, 0x02, 0xb4, 0x02, 0xb0, 0x01, 0xfc, 0x00, 0x34, 0x01, 0x10, 0x02,
  0x04, 0x03, 0x14, 0x03, 0xf0, 0x02, 0x84, 0x03, 0x94, 0x04, 0x24, 0x05,
  0x98, 0x04, 0xc4, 0x03, 0x40, 0x03, 0xe4, 0x02, 0xf8, 0x02, 0xa4, 0x03,
  0x84, 0x03, 0x6c, 0x02, 0xcc, 0x01, 0xa0, 0x01, 0x7c, 0x01, 0x28, 0x01,
  0x78, 0x00, 0x50, 0x00, 0x64, 0x00, 0x40, 0x00, 0xa0, 0x00, 0x84, 0x00,
  0xac, 0xff, 0xe4, 0xfe, 0x6c, 0xfe, 0xd8, 0xfe, 0x38, 0xff, 0x54, 0xff,
  0x7c, 0xff, 0x58, 0xff, 0x3c, 0xff, 0x20, 0xff, 0xfc, 0xfe, 0x94, 0xfe,
  0x80, 0xfe, 0x90, 0xfe, 0x88, 0xfd, 0x6c, 0xfc, 0x34, 0xfb, 0x38, 0xfa,
  0x18, 0xfa, 0x54, 0xf9, 0x30, 0xf8, 0x70, 0xf7, 0xd8, 0xf6, 0x50, 0xf7,
  0x4c, 0xf8, 0xb8, 0xf8, 0xcc, 0xf8, 0x48, 0xf9, 0x64, 0xfa, 0x40, 0xfb,
  0x10, 0xfc, 0x5c, 0xfd, 0x6c, 0xfe, 0xa0, 0xfe, 0xa4, 0xfe, 0x14, 0x00,
  0xe4, 0x02, 0x74, 0x05, 0x00, 0x07, 0xa8, 0x07, 0xac, 0x07, 0x14, 0x07,
  0x9c, 0x06, 0x7c, 0x06, 0xf8, 0x05, 0x78, 0x05, 0x18, 0x05, 0xd4, 0x04,
  0x54, 0x05, 0x84, 0x05, 0x54, 0x05, 0x38, 0x05, 0xc8, 0x04, 0x54, 0x04,
  0xd4, 0x03, 0x98, 0x03, 0x8c, 0x03, 0x04, 0x03, 0x18, 0x02, 0xa4, 0x01,
  0x08, 0x01, 0x30, 0x00, 0xc0, 0xff, 0x94, 0xff, 0xac, 0xff, 0x34, 0xff,
  0xc4, 0xfe, 0xf4, 0xfe, 0xf0, 0xfe, 0xc4, 0xfe, 0xc0, 0xfe, 0x00, 0xff,
  0x38, 0xff, 0x1c, 0xff, 0x4c, 0xff, 0xe0, 0xff, 0x18, 0x00, 0xc0, 0xff,
  0x48, 0xff, 0x78, 0xff, 0xc8, 0xff, 0xf4, 0xff, 0x50, 0x00, 0x10, 0x00,
  0xc8, 0xfe, 0x74, 0xfc, 0x58, 0xfa, 0x58, 0xf9, 0xec, 0xf8, 0xc8, 0xf8,
  0x6c, 0xf8, 0xd4, 0xf7, 0x7c, 0xf7, 0x60, 0xf7, 0x70, 0xf7, 0xbc, 0xf7,
  0xd4, 0xf8, 0xf8, 0xf9, 0x18, 0xfa, 0xec, 0xf9, 0xd0, 0xf9, 0x74, 0xfa,
  0x80, 0xfb, 0x6c, 0xfc, 0xcc, 0xfe, 0x34, 0x03, 0xb8, 0x08, 0xa4, 0x0d,
  0x00, 0x10, 0xd0, 0x0f, 0xf4, 0x0d, 0xc0, 0x0b, 0x6c, 0x0a, 0x34, 0x09,
  0x38, 0x08, 0xe8, 0x07, 0xf8, 0x07, 0x78, 0x08, 0x18, 0x08, 0x48, 0x06,
  0xa8, 0x03, 0x30, 0x01, 0x08, 0x00, 0x80, 0x00, 0x34, 0x02, 0xdc, 0x03,
  0x2c, 0x05, 0xe0, 0x06, 0x70, 0x08, 0x68, 0x08, 0x70, 0x06, 0xb4, 0x03,
  0x7c, 0x01, 0x78, 0x00, 0x94, 0x00, 0xc8, 0x00, 0x80, 0x00, 0x04, 0x00,
  0x34, 0xff, 0x30, 0xfe, 0x74, 0xfd, 0x44, 0xfc, 0x14, 0xfb, 0x54, 0xfb,
  0x60, 0xfc, 0xfc, 0xfd, 0x64, 0xff, 0xc8, 0xff, 0xe4, 0xff, 0x8c, 0xff,
  0xdc, 0xfe, 0x84, 0xfe, 0x64, 0xfe, 0x60, 0xfe, 0xa0, 0xfe, 0x5c, 0xff,
  0xf4, 0xff, 0x40, 0xff, 0xe8, 0xfd, 0xa8, 0xfc, 0x4c, 0xfb, 0xec, 0xf9,
  0xd4, 0xf8, 0xf8, 0xf7, 0xfc, 0xf6, 0x0c, 0xf6, 0x34, 0xf5, 0xcc, 0xf4,
  0xf8, 0xf4, 0xc0, 0xf5, 0xe8, 0xf6, 0xac, 0xf7, 0x0c, 0xf7, 0x9c, 0xf5,
  0x50, 0xf5, 0x40, 0xf6, 0x00, 0xf8, 0xdc, 0xfa, 0x84, 0xff, 0x50, 0x06,
  0x80, 0x0d, 0xcc, 0x12, 0x6c, 0x15, 0x14, 0x15, 0xc8, 0x12, 0x50, 0x10,
  0x44, 0x0e, 0x78, 0x0c, 0x70, 0x0a, 0xac, 0x08, 0x70, 0x07, 0x38, 0x06,
  0x54, 0x04, 0x54, 0x01, 0x5c, 0xfe, 0x70, 0xfc, 0xf0, 0xfb, 0x0c, 0xfd,
  0x0c, 0xff, 0x3c, 0x01, 0x50, 0x03, 0xc8, 0x04, 0xe4, 0x05, 0xc4, 0x06,
  0x10, 0x07, 0xc0, 0x06, 0x14, 0x06, 0x74, 0x05, 0xd4, 0x04, 0x1c, 0x04,
  0x24, 0x03, 0xa8, 0x01, 0xec, 0xff, 0x20, 0xfe, 0xb8, 0xfc, 0xd0, 0xfb,
  0x68, 0xfb, 0x74, 0xfb, 0xc8, 0xfb, 0x88, 0xfc, 0x28, 0xfd, 0xa4, 0xfd,
  0xe4, 0xfd, 0xe0, 0xfd, 0xec, 0xfd, 0xfc, 0xfd, 0x40, 0xfe, 0x94, 0xfe,
  0xd8, 0xfe, 0x04, 0xff, 0x0c, 0xff, 0xd8, 0xfe, 0x60, 0xfe, 0x84, 0xfd,
  0xe8, 0xfc, 0xa8, 0xfc, 0x54, 0xfc, 0x00, 0xfc, 0x60, 0xfb, 0x68, 0xfa,
  0xfc, 0xf8, 0x58, 0xf7, 0xb0, 0xf5, 0xa8, 0xf4, 0x64, 0xf4, 0x20, 0xf5,
  0x80, 0xf6, 0x88, 0xf7, 0x7c, 0xf7, 0x44, 0xf6, 0x84, 0xf5, 0x48, 0xf5,
  0x64, 0xf6, 0x20, 0xf9, 0x88, 0xfc, 0x80, 0x04, 0x14, 0x0e, 0x60, 0x13,
  0x78, 0x15, 0x38, 0x14, 0x44, 0x11, 0xcc, 0x0e, 0x5c, 0x0c, 0x7c, 0x0a,
  0x60, 0x08, 0x8c, 0x06, 0xe4, 0x05, 0x60, 0x05, 0x18, 0x04, 0xc8, 0x00,
  0x88, 0xfc, 0x0c, 0xfa, 0xb4, 0xf9, 0x30, 0xfb, 0xb4, 0xfd, 0x78, 0x00,
  0xd0, 0x02, 0x64, 0x04, 0x5c, 0x05, 0x14, 0x05, 0xa0, 0x04, 0x88, 0x03,
  0xa4, 0x01, 0x90, 0x01, 0xc4, 0x02, 0x0c, 0x04, 0x64, 0x04, 0x54, 0x03,
  0x70, 0x01, 0xf8, 0xfe, 0x28, 0xfd, 0x08, 0xfc, 0x8c, 0xfb, 0xc0, 0xfb,
  0x48, 0xfc, 0x50, 0xfd, 0x48, 0xfe, 0x94, 0xfe, 0x10, 0xfe, 0x3c, 0xfd,
  0xc4, 0xfc, 0xb8, 0xfc, 0x4c, 0xfd, 0x40, 0xfe, 0x24, 0xff, 0xbc, 0xff,
  0xf0, 0xff, 0xc0, 0xff, 0x28, 0xff, 0x78, 0xfe, 0xd8, 0xfd, 0x9c, 0xfd,
  0xb4, 0xfd, 0xdc, 0xfd, 0x1c, 0xfe, 0x2c, 0xfe, 0xb8, 0xfd, 0xb8, 0xfc,
  0x48, 0xfb, 0x9c, 0xf9, 0xe0, 0xf7, 0x58, 0xf6, 0x5c, 0xf5, 0x2c, 0xf5,
  0xe0, 0xf5, 0x14, 0xf7, 0x88, 0xf8, 0x34, 0xf9, 0xac, 0xf8, 0x2c, 0xf8,
  0x10, 0xf7, 0xc0, 0xf5, 0x6c, 0xf6, 0x44, 0xf9, 0xd4, 0xfe, 0x98, 0x07,
  0x8c, 0x10, 0xb8, 0x15, 0x60, 0x16, 0x38, 0x14, 0xd4, 0x10, 0x48, 0x0d,
  0x40, 0x0a, 0x48, 0x07, 0xbc, 0x04, 0x08, 0x03, 0xb8, 0x01, 0x44, 0x00,
  0xf4, 0xfd, 0xa0, 0xfa, 0x70, 0xf7, 0x28, 0xf6, 0x44, 0xf7, 0x20, 0xfa,
  0xc0, 0xfd, 0x68, 0x01, 0x68, 0x04, 0x50, 0x06, 0x4c, 0x07, 0x30, 0x07,
  0x80, 0x06, 0xc4, 0x05, 0x68, 0x05, 0xe0, 0x04, 0xac, 0x03, 0x9c, 0x02,
  0xa0, 0x01, 0xac, 0x00, 0x68, 0xff, 0xe4, 0xfd, 0x94, 0xfc, 0xdc, 0xfb,
  0x08, 0xfc, 0xbc, 0xfc, 0xb8, 0xfd, 0x50, 0xfe, 0x90, 0xfe, 0xa0, 0xfe,
  0xa0, 0xfe, 0xb4, 0xfe, 0x8c, 0xfe, 0x94, 0xfe, 0xc0, 0xfe, 0x08, 0xff,
  0x5c, 0xff, 0x8c, 0xff, 0x70, 0xff, 0x24, 0xff, 0xcc, 0xfe, 0x88, 0xfe,
  0xa4, 0xfe, 0xb0, 0xfe, 0xf8, 0xfe, 0x30, 0xff, 0x7c, 0xfe, 0xd8, 0xfe,
  0x7c, 0x00, 0x0c, 0x01, 0x74, 0x00, 0xe0, 0xfe, 0xc4, 0xfc, 0xa4, 0xfa,
  0x7c, 0xf8, 0xbc, 0xf6, 0x28, 0xf5, 0x5c, 0xf4, 0xe4, 0xf4, 0x34, 0xf6,
  0x24, 0xf8, 0x0c, 0xf9, 0xbc, 0xf8, 0xbc, 0xf7, 0x78, 0xf6, 0x48, 0xf6,
  0x24, 0xf6, 0x10, 0xf8, 0x74, 0xfe, 0xcc, 0x07, 0x70, 0x11, 0x08, 0x17,
  0xe4, 0x17, 0x68, 0x15, 0x14, 0x11, 0x14, 0x0d, 0x4c, 0x09, 0xec, 0x05,
  0xec, 0x02, 0x64, 0x00, 0xcc, 0xfe, 0x40, 0xfd, 0xf8, 0xfa, 0x18, 0xf8,
  0xbc, 0xf5, 0x70, 0xf5, 0x4c, 0xf7, 0x5c, 0xfb, 0xbc, 0xff, 0x68, 0x03,
  0xc0, 0x07, 0xa4, 0x0a, 0x5c, 0x0b, 0xb4, 0x0a, 0x10, 0x09, 0xa4, 0x07,
  0x5c, 0x06, 0x04, 0x06, 0x8c, 0x05, 0x68, 0x04, 0xf8, 0x02, 0xfc, 0xfe,
  0xb0, 0xfa, 0xdc, 0xf8, 0x8c, 0xf8, 0xac, 0xf9, 0x74, 0xfb, 0x60, 0xfd,
  0x00, 0xff, 0xf8, 0xff, 0xec, 0x00, 0xf8, 0x00, 0x5c, 0x00, 0xe4, 0xff,
  0x5c, 0xff, 0xc4, 0xff, 0x7c, 0x00, 0xb8, 0x00, 0x6c, 0x00, 0x7c, 0xff,
  0x9c, 0xfe, 0x98, 0xfd, 0x28, 0xfd, 0x5c, 0xfd, 0xbc, 0xfd, 0x88, 0xfe,
  0x60, 0xff, 0x20, 0x00, 0x74, 0x00, 0x60, 0x00, 0xd8, 0xff, 0x44, 0xff,
  0xcc, 0xff, 0x60, 0x01, 0x90, 0x02, 0x70, 0x02, 0xf8, 0x00, 0x5c, 0xfe,
  0x54, 0xfb, 0x50, 0xf8, 0xac, 0xf5, 0xe4, 0xf3, 0x3c, 0xf3, 0x14, 0xf4,
  0xf4, 0xf5, 0x00, 0xf8, 0x4c, 0xf9, 0x14, 0xf9, 0x10, 0xf8, 0xd8, 0xf6,
  0x0c, 0xf6, 0x5c, 0xf6, 0xf0, 0xf8, 0x60, 0xff, 0x84, 0x08, 0x7c, 0x11,
  0xfc, 0x16, 0xdc, 0x17, 0x50, 0x15, 0xf0, 0x10, 0x84, 0x0c, 0x88, 0x08,
  0x1c, 0x05, 0x24, 0x02, 0xac, 0xff, 0xbc, 0xfd, 0xdc, 0xfb, 0x9c, 0xf9,
  0x20, 0xf7, 0x74, 0xf5, 0x9c, 0xf5, 0x00, 0xf8, 0x34, 0xfc, 0x00, 0x01,
  0x68, 0x05, 0x3c, 0x09, 0x7c, 0x0c, 0x4c, 0x0e, 0x04, 0x0e, 0x98, 0x0c,
  0xb0, 0x0a, 0x9c, 0x08, 0xdc, 0x07, 0x8c, 0x06, 0xd8, 0x02, 0x14, 0xff,
  0x20, 0xfb, 0x08, 0xf7, 0x64, 0xf4, 0x30, 0xf4, 0xfc, 0xf5, 0x8c, 0xf8,
  0xc0, 0xfb, 0xc0, 0xfe, 0xcc, 0x00, 0x40, 0x02, 0xc0, 0x02, 0x9c, 0x02,
  0x98, 0x02, 0x6c, 0x02, 0x54, 0x02, 0x2c, 0x02, 0xdc, 0x01, 0xec, 0x00,
  0x3c, 0xff, 0xe0, 0xfd, 0x90, 0xfc, 0xd8, 0xfb, 0xf4, 0xfb, 0xa0, 0xfc,
  0xcc, 0xfd, 0xe0, 0xfe, 0xe8, 0xff, 0x78, 0x00, 0x98, 0x00, 0x80, 0x00,
  0x10, 0x00, 0x44, 0x00, 0x74, 0x01, 0xe4, 0x02, 0x70, 0x03, 0x54, 0x02,
  0xd8, 0xff, 0x60, 0xfc, 0xb0, 0xf8, 0x64, 0xf5, 0xe4, 0xf2, 0x94, 0xf1,
  0xc4, 0xf1, 0x44, 0xf3, 0x70, 0xf5, 0x6c, 0xf7, 0x10, 0xf8, 0xb0, 0xf7,
  0x88, 0xf6, 0x5c, 0xf5, 0xe0, 0xf5, 0xd4, 0xf6, 0x78, 0xf9, 0xcc, 0x00,
  0xb0, 0x0a, 0xb8, 0x13, 0xe0, 0x18, 0x4c, 0x19, 0x80, 0x16, 0xcc, 0x11,
  0x60, 0x0d, 0x80, 0x09, 0xac, 0x05, 0x68, 0x02, 0x1c, 0xff, 0x54, 0xfc,
  0xe0, 0xf9, 0xdc, 0xf6, 0x30, 0xf4, 0xf4, 0xf2, 0x60, 0xf4, 0x38, 0xf8,
  0x5c, 0xfd, 0xd8, 0x02, 0xfc, 0x06, 0x74, 0x09, 0x20, 0x0b, 0x58, 0x0c,
  0x88, 0x0d, 0xa8, 0x0d, 0xf8, 0x0c, 0xd4, 0x0b, 0x2c, 0x0a, 0x80, 0x08,
  0xb4, 0x05, 0x58, 0x01, 0x08, 0xfc, 0x70, 0xf7, 0x78, 0xf4, 0x5c, 0xf3,
  0xa8, 0xf4, 0x50, 0xf7, 0x70, 0xfa, 0x58, 0xfd, 0x9c, 0xff, 0x2c, 0x01,
  0x10, 0x02, 0xc0, 0x02, 0x48, 0x03, 0xf8, 0x03, 0x80, 0x04, 0x64, 0x04,
  0x84, 0x03, 0xd0, 0x01, 0xac, 0xff, 0x60, 0xfd, 0xc8, 0xfb, 0x1c, 0xfb,
  0x4c, 0xfb, 0x48, 0xfc, 0x90, 0xfd, 0xd0, 0xfe, 0xb0, 0xff, 0x30, 0x00,
  0x64, 0x00, 0x88, 0x00, 0xb4, 0x00, 0x08, 0x01, 0x94, 0x01, 0x80, 0x02,
  0xa8, 0x03, 0xac, 0x03, 0xa0, 0x02, 0xc8, 0xff, 0x8c, 0xfb, 0xa4, 0xf9,
  0x68, 0xf9, 0x48, 0xf8, 0xec, 0xf6, 0x8c, 0xf5, 0xd8, 0xf4, 0x28, 0xf5,
  0xe4, 0xf5, 0x8c, 0xf6, 0xd4, 0xf5, 0xb4, 0xf4, 0x14, 0xf4, 0xdc, 0xf3,
  0x24, 0xf5, 0xbc, 0xf6, 0xcc, 0xf9, 0xb0, 0x02, 0x88, 0x0e, 0xb8, 0x16,
  0x18, 0x1a, 0x2c, 0x19, 0x3c, 0x15, 0x10, 0x11, 0xdc, 0x0d, 0x54, 0x0b,
  0xd4, 0x07, 0xb0, 0x03, 0xe0, 0xff, 0x18, 0xfc, 0xe8, 0xf8, 0x48, 0xf5,
  0xfc, 0xf1, 0xac, 0xf1, 0xac, 0xf4, 0x08, 0xfa, 0x14, 0x00, 0x34, 0x05,
  0x50, 0x08, 0xdc, 0x09, 0x64, 0x0b, 0xcc, 0x0c, 0x6c, 0x0d, 0x1c, 0x0d,
  0x20, 0x0c, 0xac, 0x0a, 0xd8, 0x08, 0xcc, 0x05, 0xd8, 0x00, 0x3c, 0xfb,
  0x60, 0xf6, 0x78, 0xf3, 0x20, 0xf3, 0x14, 0xf5, 0x24, 0xf8, 0x14, 0xfb,
  0xac, 0xfd, 0xac, 0xff, 0x14, 0x01, 0x14, 0x02, 0xf8, 0x02, 0xe4, 0x03,
  0xe4, 0x04, 0x90, 0x05, 0x3c, 0x05, 0xc8, 0x03, 0x34, 0x01, 0x6c, 0xfe,
  0xdc, 0xfb, 0x8c, 0xfa, 0x94, 0xfa, 0xa4, 0xfa, 0xec, 0xfc, 0xf4, 0x00,
  0x70, 0x03, 0x60, 0x04, 0xb4, 0x03, 0x7c, 0x02, 0xb0, 0x01, 0x98, 0x01,
  0x5c, 0x02, 0xac, 0x02, 0xd0, 0x02, 0x84, 0x02, 0x4c, 0x01, 0x60, 0xff,
  0x34, 0xfc, 0xe8, 0xf8, 0xd8, 0xf7, 0xc4, 0xf8, 0xb4, 0xf9, 0xdc, 0xf9,
  0x30, 0xf9, 0x30, 0xf8, 0x58, 0xf7, 0x20, 0xf7, 0x28, 0xf7, 0x84, 0xf6,
  0xe0, 0xf5, 0xc0, 0xf5, 0xb8, 0xf5, 0xb8, 0xf5, 0x88, 0xf5, 0xac, 0xf5,
  0xb0, 0xf8, 0x18, 0x00, 0x30, 0x0a, 0x24, 0x13, 0x84, 0x17, 0x54, 0x17,
  0x80, 0x14, 0xc4, 0x10, 0xa8, 0x0d, 0xe8, 0x0a, 0x88, 0x07, 0xd0, 0x03,
  0x80, 0x00, 0x6c, 0xfd, 0x10, 0xfa, 0x60, 0xf6, 0x18, 0xf3, 0xfc, 0xf1,
  0x50, 0xf4, 0x08, 0xf9, 0xd0, 0xfe, 0x00, 0x05, 0xf4, 0x09, 0x70, 0x0c,
  0x5c, 0x0d, 0x8c, 0x0d, 0xd4, 0x0c, 0xec, 0x0b, 0x04, 0x0b, 0xd0, 0x09,
  0xec, 0x07, 0x98, 0x04, 0xf4, 0xff, 0x90, 0xfa, 0xe8, 0xf5, 0xfc, 0xf2,
  0x48, 0xf2, 0x40, 0xf4, 0xb0, 0xf7, 0x68, 0xfb, 0x68, 0xfe, 0x2c, 0x00,
  0x24, 0x02, 0x90, 0x04, 0x28, 0x06, 0x20, 0x07, 0x4c, 0x07, 0xd0, 0x06,
  0xac, 0x05, 0xa0, 0x03, 0x50, 0x01, 0xe4, 0xfd, 0x80, 0xfa, 0xe0, 0xf8,
  0xa4, 0xf8, 0x90, 0xf9, 0x04, 0xfc, 0x24, 0xff, 0xc0, 0x01, 0x74, 0x03,
  0xd0, 0x03, 0x7c, 0x03, 0xf8, 0x02, 0xf4, 0x02, 0x4c, 0x03, 0x3c, 0x03,
  0x10, 0x03, 0x40, 0x02, 0x9c, 0x00, 0x28, 0xfe, 0x10, 0xfb, 0xa8, 0xf8,
  0xb4, 0xf7, 0x20, 0xf8, 0xf8, 0xf8, 0xf8, 0xf8, 0x48, 0xf8, 0x2c, 0xf7,
  0x84, 0xf6, 0xb8, 0xf6, 0x2c, 0xf7, 0x80, 0xf7, 0x68, 0xf7, 0xe8, 0xf6,
  0x70, 0xf6, 0x9c, 0xf5, 0xb0, 0xf4, 0xa0, 0xf4, 0x5c, 0xf5, 0x90, 0xfa,
  0x40, 0x05, 0x40, 0x10, 0x34, 0x18, 0x88, 0x19, 0xd4, 0x14, 0xc4, 0x0f,
  0x00, 0x0c, 0x30, 0x0a, 0xd8, 0x08, 0x44, 0x06, 0x20, 0x03, 0x20, 0xff,
  0xa4, 0xfb, 0xfc, 0xf7, 0xc4, 0xf3, 0x34, 0xf1, 0xe8, 0xf1, 0x78, 0xf6,
  0x6c, 0xfd, 0x78, 0x04, 0xdc, 0x09, 0x9c, 0x0c, 0x50, 0x0d, 0x44, 0x0d,
  0x10, 0x0d, 0xe4, 0x0c, 0x60, 0x0c, 0x60, 0x0b, 0xc8, 0x09, 0xe4, 0x06,
  0x60, 0x02, 0x94, 0xfc, 0xe8, 0xf6, 0xec, 0xf2, 0x88, 0xf1, 0x00, 0xf3,
  0x3c, 0xf6, 0xe8, 0xf9, 0xf4, 0xfc, 0xfc, 0xfe, 0xb8, 0x00, 0x0c, 0x03,
  0xb8, 0x05, 0xd0, 0x07, 0x10, 0x09, 0x38, 0x09, 0x20, 0x08, 0xe4, 0x05,
  0xac, 0x02, 0xec, 0xfe, 0x44, 0xfb, 0xcc, 0xf8, 0xf0, 0xf7, 0x8c, 0xf8,
  0x40, 0xfa, 0x88, 0xfc, 0x10, 0xff, 0x0c, 0x01, 0x48, 0x02, 0xe0, 0x02,
  0x2c, 0x03, 0x9c, 0x03, 0x0c, 0x04, 0x4c, 0x04, 0x10, 0x04, 0xf8, 0x02,
  0x5c, 0x01, 0x74, 0xff, 0x70, 0xfd, 0x84, 0xfb, 0xb4, 0xf9, 0xc4, 0xf8,
  0xcc, 0xf8, 0x64, 0xf9, 0xbc, 0xf9, 0xf8, 0xf8, 0xdc, 0xf7, 0xd8, 0xf6,
  0xcc, 0xf6, 0xe0, 0xf7, 0xe8, 0xf8, 0x84, 0xf9, 0x34, 0xf9, 0xdc, 0xf7,
  0xd4, 0xf6, 0x5c, 0xf5, 0x6c, 0xf4, 0x00, 0xf6, 0xa8, 0xf6, 0x54, 0xfa,
  0x88, 0x05, 0xdc, 0x10, 0xa0, 0x17, 0xec, 0x17, 0x84, 0x12, 0xe8, 0x0c,
  0x64, 0x09, 0x20, 0x09, 0x80, 0x09, 0x84, 0x07, 0xf4, 0x03, 0xf0, 0xfe,
  0x9c, 0xfa, 0xcc, 0xf6, 0x5c, 0xf2, 0xe4, 0xef, 0x34, 0xf1, 0x38, 0xf6,
  0x08, 0xfd, 0xb0, 0x03, 0x68, 0x08, 0x34, 0x0a, 0xc4, 0x0a, 0x88, 0x0b,
  0xe0, 0x0c, 0x4c, 0x0e, 0xe4, 0x0e, 0x6c, 0x0e, 0x88, 0x0c, 0xd4, 0x08,
  0x40, 0x03, 0xb4, 0xfc, 0xe4, 0xf6, 0xfc, 0xf2, 0xc0, 0xf1, 0x04, 0xf3,
  0x80, 0xf5, 0xd4, 0xf7, 0xa4, 0xf9, 0x30, 0xfb, 0x48, 0xfd, 0x74, 0x00,
  0x54, 0x04, 0x08, 0x08, 0x8c, 0x0a, 0x9c, 0x0b, 0xbc, 0x0a, 0x6c, 0x08,
  0xf8, 0x04, 0x20, 0x01, 0xc0, 0xfd, 0x58, 0xfb, 0x54, 0xfa, 0xec, 0xf9,
  0x38, 0xfa, 0x60, 0xfa, 0x44, 0xfa, 0x38, 0xfa, 0x88, 0xfa, 0xec, 0xfb,
  0x20, 0xfe, 0xe8, 0x00, 0x8c, 0x03, 0x60, 0x05, 0x24, 0x06, 0xd8, 0x05,
  0xcc, 0x04, 0x30, 0x03, 0x58, 0x01, 0x64, 0xff, 0xe0, 0xfd, 0xd0, 0xfc,
  0xb0, 0xfa, 0x10, 0xf9, 0x04, 0xf8, 0xec, 0xf5, 0x38, 0xf4, 0x54, 0xf3,
  0xa4, 0xf3, 0x90, 0xf4, 0x98, 0xf5, 0x40, 0xf6, 0xc8, 0xf5, 0xb4, 0xf5,
  0x30, 0xf5, 0x20, 0xf4, 0xf4, 0xf4, 0x5c, 0xf7, 0x40, 0xfe, 0x70, 0x0a,
  0x80, 0x15, 0xb0, 0x1a, 0xa8, 0x18, 0x88, 0x12, 0xe8, 0x0c, 0x30, 0x0a,
  0x20, 0x0a, 0xf8, 0x09, 0xc4, 0x07, 0x9c, 0x03, 0x78, 0xfe, 0x14, 0xf9,
  0xe0, 0xf3, 0x78, 0xef, 0xd8, 0xed, 0xc8, 0xf0, 0xfc, 0xf6, 0x64, 0xfe,
  0xcc, 0x04, 0xa4, 0x08, 0x7c, 0x0a, 0x60, 0x0b, 0xe8, 0x0c, 0x24, 0x0f,
  0x24, 0x11, 0x74, 0x12, 0xf8, 0x11, 0x48, 0x0f, 0x14, 0x0a, 0xe0, 0x02,
  0x6c, 0xfb, 0x54, 0xf5, 0xd0, 0xf1, 0xf8, 0xf0, 0x24, 0xf2, 0xf0, 0xf3,
  0x7c, 0xf5, 0xd0, 0xf6, 0x70, 0xf8, 0x50, 0xfb, 0xa0, 0xff, 0xbc, 0x04,
  0xb4, 0x09, 0xfc, 0x0c, 0x54, 0x0e, 0x60, 0x0d, 0xa4, 0x0a, 0x48, 0x07,
  0x40, 0x03, 0x70, 0x00, 0xf0, 0xfd, 0x8c, 0xfb, 0xd0, 0xfb, 0x64, 0xfc,
  0x4c, 0xfb, 0x94, 0xf9, 0xcc, 0xf7, 0x78, 0xf7, 0x24, 0xf9, 0x50, 0xfc,
  0x44, 0x00, 0xfc, 0x02, 0x84, 0x04, 0x24, 0x05, 0x04, 0x05, 0x9c, 0x04,
  0x30, 0x03, 0xa4, 0x01, 0xb0, 0x00, 0xe4, 0xff, 0xbc, 0xfe, 0xf8, 0xfc,
  0xf8, 0xfa, 0xa0, 0xf8, 0x1c, 0xf6, 0x5c, 0xf4, 0xb8, 0xf3, 0xdc, 0xf3,
  0x64, 0xf4, 0xfc, 0xf4, 0x08, 0xf5, 0x78, 0xf4, 0xcc, 0xf3, 0x88, 0xf2,
  0xb4, 0xf2, 0x98, 0xf4, 0x1c, 0xf7, 0x84, 0xfe, 0xf8, 0x09, 0x74, 0x13,
  0xd4, 0x17, 0x04, 0x16, 0x28, 0x11, 0xc0, 0x0c, 0xd0, 0x0a, 0x50, 0x0b,
  0x14, 0x0b, 0xb8, 0x08, 0x0c, 0x04, 0x6c, 0xfe, 0x28, 0xf9, 0xf0, 0xf3,
  0xf4, 0xef, 0x10, 0xef, 0x0c, 0xf2, 0xa8, 0xf7, 0x28, 0xfe, 0xd8, 0x03,
  0x48, 0x07, 0x04, 0x09, 0x70, 0x0a, 0xa4, 0x0c, 0x74, 0x0f, 0xc0, 0x11,
  0x04, 0x13, 0x50, 0x12, 0x30, 0x0f, 0xac, 0x09, 0x88, 0x02, 0xa0, 0xfb,
  0x10, 0xf6, 0xc8, 0xf2, 0xfc, 0xf1, 0x9c, 0xf2, 0xb4, 0xf3, 0xb0, 0xf4,
  0xfc, 0xf5, 0x50, 0xf8, 0xa4, 0xfb, 0xe4, 0xff, 0x6c, 0x04, 0x88, 0x08,
  0x8c, 0x0b, 0xcc, 0x0c, 0x60, 0x0c, 0x2c, 0x0a, 0x00, 0x07, 0xbc, 0x03,
  0xf0, 0x00, 0x04, 0x00, 0x5c, 0x00, 0x44, 0x00, 0xfc, 0xfe, 0x74, 0xfb,
  0xc4, 0xf8, 0x9c, 0xf9, 0x20, 0xfb, 0x08, 0xfd, 0x00, 0xff, 0x48, 0x00,
  0xcc, 0x01, 0xe0, 0x02, 0xb8, 0x03, 0x38, 0x03, 0x68, 0x01, 0x00, 0x00,
  0x4c, 0xff, 0x74, 0xff, 0xe4, 0xfe, 0x3c, 0xfd, 0x60, 0xfb, 0x24, 0xf9,
  0xf4, 0xf6, 0x44, 0xf5, 0x5c, 0xf4, 0xf4, 0xf3, 0xd4, 0xf3, 0x04, 0xf4,
  0x04, 0xf4, 0x84, 0xf3, 0x60, 0xf2, 0x8c, 0xf1, 0x0c, 0xf2, 0x2c, 0xf4,
  0x48, 0xf9, 0x50, 0x02, 0xbc, 0x0c, 0x0c, 0x14, 0x30, 0x16, 0xd8, 0x13,
  0xc4, 0x0f, 0xbc, 0x0c, 0x9c, 0x0b, 0x90, 0x0b, 0x7c, 0x0a, 0x3c, 0x07,
  0x68, 0x02, 0xe4, 0xfc, 0x48, 0xf7, 0x84, 0xf2, 0xa4, 0xef, 0x34, 0xf0,
  0x40, 0xf4, 0xa8, 0xf9, 0x24, 0x00, 0x38, 0x05, 0xdc, 0x05, 0xec, 0x05,
  0xb8, 0x07, 0xe4, 0x0a, 0x00, 0x0f, 0xec, 0x11, 0xd4, 0x12, 0xfc, 0x10,
  0x88, 0x0c, 0xfc, 0x06, 0x0c, 0x01, 0xf4, 0xfb, 0x64, 0xf8, 0xe0, 0xf6,
  0x3c, 0xf7, 0x70, 0xf7, 0xbc, 0xf6, 0x2c, 0xf6, 0x6c, 0xf6, 0x18, 0xf8,
  0x58, 0xfb, 0xa4, 0xff, 0xc4, 0x03, 0xb0, 0x06, 0x4c, 0x08, 0x70, 0x08,
  0x88, 0x07, 0xcc, 0x05, 0x58, 0x04, 0xc0, 0x03, 0x4c, 0x04, 0x64, 0x05,
  0xb4, 0x04, 0x0c, 0x03, 0xf8, 0xff, 0x58, 0xfb, 0xc8, 0xf9, 0x18, 0xfb,
  0xcc, 0xfc, 0x98, 0xfe, 0x70, 0xff, 0x84, 0xff, 0xfc, 0xfe, 0x80, 0xfe,
  0x80, 0xfe, 0x78, 0xfe, 0xe4, 0xfe, 0x94, 0xff, 0x40, 0x00, 0x7c, 0x00,
  0x28, 0xff, 0xe4, 0xfc, 0xb0, 0xfa, 0xe4, 0xf8, 0xa4, 0xf7, 0x30, 0xf7,
  0xf8, 0xf6, 0x04, 0xf6, 0x90, 0xf4, 0x9c, 0xf2, 0xd0, 0xf0, 0x70, 0xef,
  0xc4, 0xee, 0x40, 0xf0, 0x3c, 0xf3, 0x60, 0xf8, 0x3c, 0x02, 0xa4, 0x0c,
  0x48, 0x12, 0x68, 0x13, 0x58, 0x11, 0x18, 0x0f, 0xa8, 0x0e, 0xbc, 0x0f,
  0xb4, 0x10, 0xd0, 0x0e, 0x30, 0x0a, 0x30, 0x04, 0xe8, 0xfd, 0x94, 0xf8,
  0x2c, 0xf4, 0x10, 0xf2, 0x6c, 0xf3, 0x60, 0xf6, 0xf0, 0xf9, 0x50, 0xfd,
  0xb4, 0xfe, 0x9c, 0xfe, 0x44, 0xff, 0x58, 0x02, 0x30, 0x07, 0xe0, 0x0b,
  0xf8, 0x0e, 0x24, 0x0f, 0x88, 0x0c, 0x50, 0x08, 0x00, 0x04, 0x00, 0x01,
  0x54, 0xff, 0x88, 0xfe, 0x4c, 0xfe, 0xb4, 0xfd, 0x3c, 0xfc, 0x38, 0xfa,
  0xf0, 0xf8, 0x04, 0xf9, 0x74, 0xfa, 0x38, 0xfd, 0x3c, 0x00, 0x70, 0x02,
  0x60, 0x03, 0x00, 0x03, 0x58, 0x02, 0xf4, 0x01, 0x68, 0x02, 0x58, 0x04,
  0x8c, 0x06, 0xb8, 0x07, 0x04, 0x07, 0x20, 0x04, 0x5c, 0x00, 0xc8, 0xfd,
  0x70, 0xfd, 0x7c, 0xfe, 0x84, 0xff, 0xf0, 0xff, 0x3c, 0xff, 0xd8, 0xfd,
  0xa4, 0xfc, 0xc0, 0xfb, 0xac, 0xfb, 0x5c, 0xfc, 0x8c, 0xfd, 0xc8, 0xfe,
  0x4c, 0xff, 0xac, 0xfe, 0x18, 0xfd, 0x58, 0xfb, 0x18, 0xfa, 0x78, 0xf9,
  0x60, 0xf9, 0x40, 0xf9, 0x0c, 0xf8, 0x54, 0xf6, 0xc0, 0xf3, 0x3c, 0xf1,
  0xcc, 0xef, 0x78, 0xee, 0x60, 0xf0, 0x68, 0xf3, 0x34, 0xf5, 0xe0, 0xfd,
  0x98, 0x09, 0x8c, 0x0f, 0x9c, 0x11, 0x98, 0x10, 0xd0, 0x0e, 0x8c, 0x0e,
  0xa0, 0x10, 0x20, 0x13, 0xdc, 0x11, 0x9c, 0x0d, 0x6c, 0x07, 0x6c, 0x01,
  0xdc, 0xfc, 0x48, 0xf8, 0xb0, 0xf5, 0x54, 0xf6, 0x28, 0xf8, 0xa4, 0xf9,
  0xac, 0xfa, 0x98, 0xfa, 0x84, 0xf9, 0xd4, 0xfa, 0xfc, 0xfe, 0x2c, 0x04,
  0xe0, 0x08, 0x38, 0x0a, 0x50, 0x0a, 0xf8, 0x0a, 0x60, 0x09, 0xec, 0x06,
  0x00, 0x05, 0x54, 0x04, 0x10, 0x04, 0x88, 0x01, 0xb8, 0xff, 0xf8, 0xfd,
  0x34, 0xfb, 0x1c, 0xfa, 0x20, 0xfa, 0x18, 0xfb, 0xc8, 0xfb, 0x80, 0xfc,
  0x20, 0xfe, 0xf8, 0xfe, 0x54, 0xff, 0xd8, 0xff, 0x40, 0x01, 0xb8, 0x03,
  0xb0, 0x05, 0x34, 0x07, 0xa4, 0x07, 0xc4, 0x05, 0x60, 0x03, 0x00, 0x02,
  0xf4, 0x01, 0xf4, 0x01, 0x7c, 0x01, 0x14, 0x01, 0xb8, 0xff, 0x3c, 0xfe,
  0xd0, 0xfc, 0xec, 0xfb, 0x98, 0xfb, 0x60, 0xfb, 0x00, 0xfc, 0xa8, 0xfc,
  0x04, 0xfd, 0x84, 0xfc, 0xa0, 0xfb, 0x18, 0xfb, 0x58, 0xfa, 0x0c, 0xfa,
  0xfc, 0xf9, 0x80, 0xf9, 0x7c, 0xf8, 0xb0, 0xf6, 0xc8, 0xf4, 0x00, 0xf3,
  0x60, 0xf1, 0xec, 0xf0, 0xf8, 0xf1, 0xac, 0xf3, 0x6c, 0xf7, 0x68, 0xff,
  0x64, 0x08, 0x98, 0x0d, 0x0c, 0x0f, 0x6c, 0x0e, 0x5c, 0x0d, 0xf8, 0x0d,
  0x14, 0x10, 0xa8, 0x11, 0x8c, 0x10, 0xa4, 0x0c, 0x88, 0x07, 0x68, 0x02,
  0xf8, 0xfd, 0xa8, 0xfa, 0x58, 0xf9, 0x08, 0xfa, 0xdc, 0xfa, 0x18, 0xfb,
  0x48, 0xfb, 0xe8, 0xfa, 0xfc, 0xfa, 0xcc, 0xfc, 0xd8, 0xff, 0xd0, 0x03,
  0xc4, 0x07, 0x40, 0x0a, 0x34, 0x0a, 0x40, 0x08, 0x00, 0x06, 0x14, 0x04,
  0xb0, 0x02, 0xe8, 0x01, 0xc8, 0x01, 0x88, 0x01, 0x50, 0x00, 0x30, 0xfe,
  0xac, 0xfb, 0xcc, 0xf9, 0x44, 0xf9, 0x68, 0xfa, 0xc4, 0xfc, 0xbc, 0xfe,
  0xd4, 0xff, 0x5c, 0x00, 0xe0, 0x00, 0xc8, 0x01, 0x04, 0x03, 0x60, 0x04,
  0x58, 0x05, 0x94, 0x05, 0x38, 0x05, 0xbc, 0x04, 0x88, 0x03, 0x28, 0x02,
  0xd0, 0x00, 0xf0, 0xff, 0xb8, 0xff, 0x34, 0xff, 0xc4, 0xfe, 0x9c, 0xfd,
  0x38, 0xfc, 0x38, 0xfb, 0x9c, 0xfa, 0x04, 0xfb, 0x78, 0xfb, 0xcc, 0xfb,
  0xf8, 0xfb, 0x54, 0xfb, 0x80, 0xfa, 0x7c, 0xf9, 0x90, 0xf8, 0x0c, 0xf8,
  0x50, 0xf7, 0xbc, 0xf6, 0xbc, 0xf5, 0x60, 0xf4, 0x80, 0xf3, 0xe4, 0xf2,
  0x10, 0xf4, 0x68, 0xf7, 0x94, 0xfc, 0xbc, 0x06, 0x48, 0x0f, 0xd4, 0x0e,
  0x9c, 0x0c, 0x28, 0x0b, 0x84, 0x0a, 0xa0, 0x0c, 0x74, 0x0f, 0x3c, 0x10,
  0xac, 0x0c, 0xc8, 0x07, 0xec, 0x02, 0x44, 0xfe, 0xa8, 0xfb, 0xb4, 0xf9,
  0x9c, 0xf9, 0xa4, 0xfb, 0x84, 0xfc, 0x08, 0xfc, 0x08, 0xfb, 0xc8, 0xfa,
  0xd4, 0xfb, 0x94, 0xff, 0x7c, 0x05, 0x8c, 0x08, 0x5c, 0x09, 0x0c, 0x08,
  0xe4, 0x05, 0x08, 0x07, 0xec, 0x07, 0x40, 0x07, 0xb4, 0x06, 0xe4, 0x05,
  0x7c, 0x04, 0x24, 0x02, 0xf4, 0xff, 0x50, 0xfd, 0xa0, 0xfa, 0x9c, 0xfa,
  0xcc, 0xfb, 0xac, 0xfc, 0x28, 0xfd, 0xf0, 0xfc, 0x74, 0xfd, 0xf8, 0xfe,
  0xc0, 0x00, 0x14, 0x02, 0xec, 0x02, 0xb0, 0x03, 0x38, 0x04, 0xe8, 0x04,
  0x34, 0x05, 0x5c, 0x04, 0x1c, 0x03, 0x58, 0x02, 0xec, 0x01, 0x24, 0x01,
  0xd8, 0xff, 0x20, 0xfe, 0x30, 0xfc, 0xd8, 0xfa, 0x2c, 0xfa, 0x9c, 0xf9,
  0x34, 0xf9, 0x98, 0xf8, 0xf8, 0xf7, 0x94, 0xf7, 0x0c, 0xf7, 0x84, 0xf6,
  0xbc, 0xf5, 0x78, 0xf5, 0xf8, 0xf4, 0x74, 0xf4, 0x04, 0xf4, 0xf8, 0xf2,
  0xcc, 0xf3, 0x94, 0xf4, 0x88, 0xf4, 0xa0, 0xf8, 0x10, 0x02, 0x08, 0x0c,
  0xcc, 0x0f, 0xd0, 0x0d, 0xc0, 0x0a, 0xf0, 0x08, 0xb0, 0x0a, 0x74, 0x0e,
  0x70, 0x10, 0x68, 0x0e, 0x70, 0x09, 0x94, 0x04, 0xe8, 0x00, 0xbc, 0xfd,
  0x04, 0xfb, 0x14, 0xfa, 0x58, 0xfb, 0xd0, 0xfc, 0x90, 0xfc, 0x44, 0xfb,
  0x80, 0xfa, 0x5c, 0xfb, 0x70, 0xfe, 0x78, 0x02, 0x28, 0x05, 0x80, 0x06,
  0x1c, 0x08, 0x9c, 0x09, 0xcc, 0x09, 0x44, 0x09, 0x78, 0x08, 0xc8, 0x07,
  0xac, 0x07, 0x14, 0x07, 0x04, 0x05, 0xb8, 0x01, 0x28, 0xfe, 0x38, 0xfc,
  0x8c, 0xfb, 0xbc, 0xfb, 0x00, 0xfd, 0xd0, 0xfb, 0xfc, 0xf8, 0xf0, 0xf8,
  0xc8, 0xfa, 0x90, 0xfc, 0x30, 0xfe, 0xf0, 0xff, 0x48, 0x01, 0x40, 0x02,
  0xa0, 0x03, 0x74, 0x04, 0x48, 0x04, 0x40, 0x04, 0x54, 0x04, 0x7c, 0x04,
  0xd0, 0x03, 0xf4, 0x01, 0x1c, 0xff, 0x4c, 0xfc, 0x2c, 0xfd, 0xf8, 0xfe,
  0x4c, 0xfd, 0x24, 0xfa, 0x10, 0xf7, 0xc8, 0xf4, 0x24, 0xf4, 0x88, 0xf4,
  0x70, 0xf4, 0xe8, 0xf2, 0x98, 0xf1, 0x64, 0xf1, 0x8c, 0xf1, 0x50, 0xf2,
  0x80, 0xf2, 0x94, 0xf3, 0x8c, 0xf9, 0xb0, 0x03, 0x64, 0x0c, 0xf8, 0x0e,
  0xa4, 0x0c, 0xbc, 0x09, 0x9c, 0x09, 0xec, 0x0c, 0x78, 0x10, 0xbc, 0x10,
  0x90, 0x0d, 0xc4, 0x08, 0x58, 0x04, 0xbc, 0x00, 0x54, 0xfd, 0xa8, 0xfa,
  0x14, 0xfa, 0xcc, 0xfb, 0xb8, 0xfc, 0x44, 0xfb, 0x9c, 0xf9, 0xec, 0xf8,
  0x38, 0xfa, 0x48, 0xfe, 0xc0, 0x02, 0x5c, 0x05, 0x60, 0x06, 0x34, 0x07,
  0xf8, 0x08, 0xdc, 0x09, 0x00, 0x09, 0xa8, 0x08, 0xe4, 0x08, 0x70, 0x08,
  0x4c, 0x07, 0xdc, 0x04, 0x3c, 0x01, 0x04, 0xfe, 0x54, 0xfc, 0xa4, 0xfc,
  0xf8, 0xfc, 0x50, 0xfb, 0x5c, 0xf8, 0xe0, 0xf6, 0x44, 0xf8, 0x18, 0xfa,
  0xe0, 0xfb, 0x90, 0xfd, 0x04, 0xfd, 0x10, 0xfc, 0xd8, 0xfd, 0x98, 0x01,
  0xd8, 0x03, 0x18, 0x04, 0x78, 0x04, 0x24, 0x04, 0x68, 0x03, 0x88, 0x03,
  0x6c, 0x02, 0x88, 0x00, 0xe8, 0x00, 0x80, 0x02, 0x10, 0x02, 0x0c, 0xff,
  0xd0, 0xfa, 0x34, 0xf7, 0x20, 0xf6, 0xe0, 0xf6, 0xec, 0xf6, 0x4c, 0xf5,
  0xe0, 0xf2, 0x94, 0xf1, 0x70, 0xf1, 0xcc, 0xf1, 0xfc, 0xf2, 0xdc, 0xf4,
  0x08, 0xf9, 0x70, 0x00, 0x30, 0x08, 0x14, 0x0c, 0x30, 0x0b, 0x5c, 0x09,
  0xcc, 0x09, 0x70, 0x0c, 0x90, 0x0f, 0xfc, 0x0f, 0xc8, 0x0d, 0xf4, 0x0b,
  0xf8, 0x09, 0x04, 0x06, 0x0c, 0x01, 0x48, 0xfd, 0xb8, 0xfb, 0x4c, 0xfc,
  0xc4, 0xfd, 0x74, 0xfd, 0x40, 0xfa, 0x94, 0xf7, 0x30, 0xf8, 0x9c, 0xfa,
  0x94, 0xfe, 0x38, 0x02, 0x60, 0x03, 0x9c, 0x04, 0x6c, 0x06, 0x48, 0x07,
  0x38, 0x07, 0x4c, 0x07, 0x04, 0x08, 0x84, 0x08, 0x70, 0x08, 0xc8, 0x06,
  0xa4, 0x03, 0x84, 0x00, 0x90, 0xfe, 0x48, 0xff, 0x50, 0x01, 0xe4, 0x00,
  0x60, 0xfd, 0x18, 0xfa, 0xbc, 0xf9, 0x14, 0xfb, 0xfc, 0xfb, 0xd4, 0xfb,
  0xd8, 0xfa, 0xdc, 0xfa, 0x78, 0xfd, 0x04, 0x00, 0x54, 0x00, 0x10, 0x00,
  0xe0, 0xff, 0xa0, 0x00, 0x9c, 0x02, 0xac, 0x03, 0xe8, 0x02, 0xa8, 0x01,
  0x2c, 0x02, 0x3c, 0x03, 0x0c, 0x02, 0xfc, 0xfe, 0xa0, 0xfb, 0xc0, 0xf9,
  0x70, 0xf9, 0xdc, 0xf8, 0x68, 0xf7, 0xd8, 0xf4, 0x10, 0xf2, 0x94, 0xf1,
  0xe8, 0xf2, 0xcc, 0xf3, 0xc0, 0xf4, 0xdc, 0xf7, 0x98, 0xfd, 0x20, 0x04,
  0x30, 0x08, 0x98, 0x08, 0xf8, 0x07, 0x78, 0x08, 0xd4, 0x0a, 0x28, 0x0f,
  0xd8, 0x12, 0xc4, 0x12, 0xa0, 0x0f, 0xe4, 0x0b, 0x34, 0x08, 0x9c, 0x04,
  0x1c, 0x02, 0x9c, 0x00, 0x1c, 0xff, 0xec, 0xfd, 0xac, 0xfc, 0x08, 0xfa,
  0x1c, 0xf7, 0x40, 0xf6, 0xb8, 0xf7, 0x00, 0xfb, 0x5c, 0xfe, 0x00, 0x00,
  0x90, 0x00, 0xf0, 0x00, 0xdc, 0x01, 0x60, 0x03, 0xe0, 0x04, 0x7c, 0x06,
  0xa4, 0x07, 0x34, 0x08, 0x78, 0x08, 0x34, 0x08, 0xa4, 0x07, 0x98, 0x06,
  0x48, 0x05, 0x10, 0x04, 0xdc, 0x02, 0x8c, 0x02, 0x8c, 0x02, 0x78, 0x00,
  0xec, 0xfc, 0x84, 0xfa, 0xf8, 0xf9, 0x4c, 0xfa, 0x00, 0xfb, 0x7c, 0xfb,
  0xd8, 0xfa, 0x50, 0xfa, 0xdc, 0xfa, 0x48, 0xfb, 0xd0, 0xfb, 0xec, 0xfc,
  0x7c, 0xfe, 0x90, 0x00, 0xe0, 0x01, 0x94, 0x01, 0x00, 0x00, 0x5c, 0xfe,
  0xe8, 0xfd, 0x08, 0xfe, 0xbc, 0xfd, 0xc8, 0xfc, 0x00, 0xfb, 0xe4, 0xf8,
  0x60, 0xf7, 0x7c, 0xf6, 0xc0, 0xf5, 0x18, 0xf6, 0x60, 0xf8, 0xd8, 0xfb,
  0xf0, 0xfe, 0x40, 0x00, 0x00, 0x00, 0xd0, 0xff, 0x08, 0x01, 0x18, 0x04,
  0x88, 0x08, 0xfc, 0x0b, 0x14, 0x0d, 0xd8, 0x0c, 0xb8, 0x0b, 0xe8, 0x09,
  0x28, 0x08, 0x34, 0x07, 0xbc, 0x06, 0xa4, 0x06, 0x78, 0x07, 0x34, 0x07,
  0xf0, 0x03, 0x4c, 0xff, 0x28, 0xfc, 0x5c, 0xfb, 0x48, 0xfc, 0xd8, 0xfd,
  0x44, 0xfe, 0x58, 0xfd, 0x94, 0xfc, 0x24, 0xfc, 0xb4, 0xfb, 0x10, 0xfc,
  0x28, 0xfd, 0x88, 0xfe, 0xc0, 0x00, 0xe0, 0x02, 0x4c, 0x03, 0x58, 0x02,
  0x84, 0x01, 0x94, 0x01, 0x8c, 0x02, 0xd8, 0x03, 0xa0, 0x04, 0xa8, 0x04,
  0x24, 0x04, 0x48, 0x03, 0xf0, 0x01, 0x58, 0x00, 0x30, 0xff, 0xb4, 0xfe,
  0xdc, 0xfe, 0x70, 0xff, 0x14, 0xff, 0x24, 0xfd, 0x14, 0xfb, 0x04, 0xfa,
  0x08, 0xfa, 0xa8, 0xfa, 0x70, 0xfb, 0x24, 0xfc, 0x64, 0xfc, 0x6c, 0xfc,
  0x50, 0xfc, 0xe4, 0xfb, 0x78, 0xfb, 0x8c, 0xfb, 0x78, 0xfc, 0xc4, 0xfd,
  0x60, 0xfe, 0x20, 0xfe, 0x6c, 0xfd, 0xa0, 0xfc, 0x50, 0xfc, 0xc8, 0xfc,
  0xcc, 0xfd, 0xf4, 0xfe, 0x28, 0x00, 0xec, 0x00, 0xbc, 0x00, 0x24, 0x00,
  0xac, 0xff, 0xac, 0xff, 0xc4, 0x00, 0x8c, 0x02, 0xb0, 0x03, 0xd8, 0x03,
  0x7c, 0x03, 0xa8, 0x02, 0xbc, 0x01, 0x70, 0x01, 0x7c, 0x01, 0x9c, 0x01,
  0x68, 0x02, 0x54, 0x03, 0x18, 0x03, 0xbc, 0x01, 0x8c, 0x00, 0xf8, 0xff,
  0x08, 0x00, 0xb0, 0x00, 0x04, 0x01, 0xe4, 0x00, 0x94, 0x00, 0xf8, 0xff,
  0x5c, 0xff, 0xe8, 0xfe, 0x7c, 0xfe, 0x48, 0xfe, 0xcc, 0xfe, 0x98, 0xff,
  0xc0, 0xff, 0x78, 0xff, 0x1c, 0xff, 0x74, 0xfe, 0xc8, 0xfd, 0x9c, 0xfd,
  0xcc, 0xfd, 0x0c, 0xfe, 0x90, 0xfe, 0x0c, 0xff, 0x24, 0xff, 0xdc, 0xfe,
  0x5c, 0xfe, 0x34, 0xfe, 0x5c, 0xfe, 0x5c, 0xfe, 0x3c, 0xfe, 0x40, 0xfe,
  0x60, 0xfe, 0x74, 0xfe, 0x94, 0xfe, 0xac, 0xfe, 0x80, 0xfe, 0x40, 0xfe,
  0x50, 0xfe, 0x84, 0xfe, 0xac, 0xfe, 0xc0, 0xfe, 0xd4, 0xfe, 0xec, 0xfe,
  0xf8, 0xfe, 0x44, 0xff, 0x88, 0xff, 0x60, 0xff, 0x34, 0xff, 0x30, 0xff,
  0x1c, 0xff, 0x48, 0xff, 0x90, 0xff, 0x68, 0xff, 0x24, 0xff, 0x0c, 0xff,
  0xf0, 0xfe, 0xd0, 0xfe, 0xb8, 0xfe, 0xe8, 0xfe, 0x14, 0xff, 0x20, 0xff,
  0x7c, 0xff, 0xd0, 0xff, 0xc4, 0xff, 0x9c, 0xff, 0xb4, 0xff, 0x00, 0x00,
  0x30, 0x00, 0x80, 0x00, 0x04, 0x01, 0x2c, 0x01, 0x10, 0x01, 0x04, 0x01,
  0x08, 0x01, 0xf8, 0x00, 0xf8, 0x00, 0xf8, 0x00, 0x04, 0x01, 0x34, 0x01,
  0x44, 0x01, 0x28, 0x01, 0x14, 0x01, 0xd0, 0x00, 0x6c, 0x00, 0x60, 0x00,
  0x74, 0x00, 0x80, 0x00, 0x80, 0x00, 0x48, 0x00, 0x00, 0x00, 0xec, 0xff,
  0xf4, 0xff, 0xd8, 0xff, 0x94, 0xff, 0x5c, 0xff, 0x8c, 0xff, 0x0c, 0x00,
  0x60, 0x00, 0x50, 0x00, 0x24, 0x00, 0xfc, 0xff, 0xb8, 0xff, 0x9c, 0xff,
  0xc0, 0xff, 0xbc, 0xff, 0x68, 0xff, 0x1c, 0xff, 0xd4, 0xfe, 0x60, 0xfe,
  0x14, 0xfe, 0x1c, 0xfe, 0x2c, 0xfe, 0x48, 0xfe, 0x84, 0xfe, 0x84, 0xfe,
  0x44, 0xfe, 0x34, 0xfe, 0x4c, 0xfe, 0x70, 0xfe, 0xd8, 0xfe, 0x60, 0xff,
  0xb0, 0xff, 0xdc, 0xff, 0xfc, 0xff, 0x04, 0x00, 0xf0, 0xff, 0xfc, 0xff,
  0x28, 0x00, 0x4c, 0x00, 0x70, 0x00, 0x8c, 0x00, 0x6c, 0x00, 0x28, 0x00,
  0xe4, 0xff, 0xc4, 0xff, 0xd0, 0xff, 0xec, 0xff, 0x20, 0x00, 0x50, 0x00,
  0x58, 0x00, 0x44, 0x00, 0x34, 0x00, 0x1c, 0x00, 0x24, 0x00, 0x60, 0x00,
  0xb4, 0x00, 0x04, 0x01, 0x30, 0x01, 0x30, 0x01, 0x14, 0x01, 0xf8, 0x00,
  0xe8, 0x00, 0xfc, 0x00, 0x30, 0x01, 0x60, 0x01, 0x80, 0x01, 0x84, 0x01,
  0x60, 0x01, 0x34, 0x01, 0x14, 0x01, 0xfc, 0x00, 0xf8, 0x00, 0x08, 0x01,
  0x00, 0x01, 0xf4, 0x00, 0xd4, 0x00, 0x90, 0x00, 0x60, 0x00, 0x3c, 0x00,
  0x18, 0x00, 0x14, 0x00, 0x30, 0x00, 0x48, 0x00, 0x68, 0x00, 0x7c, 0x00,
  0x54, 0x00, 0x10, 0x00, 0xc4, 0xff, 0x78, 0xff, 0x74, 0xff, 0x84, 0xff,
  0x78, 0xff, 0xa4, 0xff, 0xcc, 0xff, 0xa0, 0xff, 0x9c, 0xff, 0xac, 0xff,
  0x74, 0xff, 0xb4, 0xff, 0xbc, 0xff, 0x10, 0xff, 0x0c, 0xff, 0xac, 0xff,
  0x70, 0xff, 0xa4, 0xfe, 0xd0, 0xfe, 0x64, 0xff, 0x78, 0xff, 0xa4, 0xff,
  0xe0, 0xff, 0x98, 0xff, 0x90, 0xff, 0x18, 0x00, 0x38, 0x00, 0xf4, 0xff,
  0x38, 0x00, 0x70, 0x00, 0x70, 0x00, 0xc8, 0x00, 0xe0, 0x00, 0x78, 0x00,
  0x70, 0x00, 0xe0, 0x00, 0xf8, 0x00, 0xa8, 0x00, 0x88, 0x00, 0xcc, 0x00,
  0xd0, 0x00, 0x98, 0x00, 0x94, 0x00, 0x90, 0x00, 0x70, 0x00, 0x54, 0x00,
  0x70, 0x00, 0x8c, 0x00, 0x4c, 0x00, 0x34, 0x00, 0x70, 0x00, 0x74, 0x00,
  0x54, 0x00, 0x60, 0x00, 0x64, 0x00, 0x68, 0x00, 0x74, 0x00, 0x68, 0x00,
  0x58, 0x00, 0x44, 0x00, 0x50, 0x00, 0x58, 0x00, 0x4c, 0x00, 0x30, 0x00,
  0x24, 0x00, 0x54, 0x00, 0x38, 0x00, 0x2c, 0x00, 0x70, 0x00, 0x6c, 0x00,
  0x40, 0x00, 0xf8, 0xff, 0xb4, 0xff, 0xa4, 0xff, 0x5c, 0xff, 0x2c, 0xff,
  0x90, 0xff, 0xb0, 0xff, 0xc8, 0xff, 0x90, 0x00, 0xc8, 0x00, 0x60, 0x00,
  0x6c, 0x00, 0x9c, 0x00, 0x6c, 0x00, 0x68, 0x00, 0xbc, 0x00, 0x7c, 0x00,
  0xfc, 0xff, 0x70, 0x00, 0x18, 0x01, 0x0c, 0x01, 0xd4, 0x00, 0x90, 0x00,
  0x44, 0x00, 0x4c, 0x00, 0x28, 0x00, 0x08, 0x00, 0x2c, 0x00, 0x2c, 0x00,
  0x04, 0x00, 0xe4, 0xff, 0xe8, 0xff, 0xe8, 0xff, 0xe8, 0xff, 0xe4, 0xff,
  0xd4, 0xff, 0xf4, 0xff, 0x10, 0x00, 0x00, 0x00, 0x38, 0x00, 0x4c, 0x00,
  0xd4, 0xff, 0xc4, 0xff, 0x60, 0x00, 0x48, 0x00, 0xe4, 0xff, 0x28, 0x00,
  0x40, 0x00, 0x2c, 0x00, 0x18, 0x00, 0x10, 0x00, 0x30, 0x00, 0x04, 0x00,
  0xc0, 0xff, 0x24, 0x00, 0x6c, 0x00, 0xe4, 0xff, 0xec, 0xff, 0x54, 0x00,
  0x00, 0x00, 0xe0, 0xff, 0x1c, 0x00, 0x14, 0x00, 0xd0, 0xff, 0xe0, 0xff,
  0x20, 0x00, 0x1c, 0x00, 0x20, 0x00, 0x34, 0x00, 0x84, 0x00, 0xb8, 0x00,
  0x70, 0x00, 0x44, 0x00, 0x70, 0x00, 0x68, 0x00, 0x14, 0x00, 0x1c, 0x00,
  0x24, 0x00, 0xd8, 0xff, 0x0c, 0x00, 0x84, 0x00, 0x80, 0x00, 0x40, 0x00,
  0x44, 0x00, 0x68, 0x00, 0x28, 0x00, 0xe0, 0xff, 0x10, 0x00, 0x24, 0x00,
  0x30, 0x00, 0x10, 0x00, 0xe0, 0xff, 0x24, 0x00, 0xe0, 0xff, 0x74, 0xff,
  0xe4, 0xff, 0x1c, 0x00, 0xbc, 0xff, 0xe4, 0xff, 0x2c, 0x00, 0xb4, 0xff,
  0xb0, 0xff, 0x10, 0x00, 0xb0, 0xff, 0xcc, 0xff, 0x54, 0x00, 0xf0, 0xff,
  0xc8, 0xff, 0x20, 0x00, 0xf8, 0xff, 0xb8, 0xff, 0x04, 0x00, 0x20, 0x00,
  0xf0, 0xff, 0x20, 0x00, 0xc8, 0xff, 0xb8, 0xff, 0x48, 0x00, 0x08, 0x00,
  0xc0, 0xff, 0x10, 0x00, 0x18, 0x00, 0xbc, 0xff, 0xd4, 0xff, 0xec, 0xff,
  0xec, 0xff, 0x3c, 0x00, 0x14, 0x00, 0xb8, 0xff, 0xf4, 0xff, 0x04, 0x00,
  0x88, 0xff, 0xdc, 0xff, 0x50, 0x00, 0xe4, 0xff, 0x50, 0xff, 0xf4, 0xfe,
  0x10, 0xff, 0x88, 0xff, 0xe4, 0xff, 0xac, 0xff, 0xc8, 0xff, 0x6c, 0x00,
  0x4c, 0x00, 0xd0, 0xff, 0xf8, 0xff, 0x94, 0x00, 0xf4, 0x00, 0x10, 0x01,
  0xf8, 0x00, 0x8c, 0x00, 0x6c, 0x00, 0x88, 0x00, 0x0c, 0x00, 0xa4, 0xff,
  0x0c, 0x00, 0x08, 0x00, 0xf8, 0xff, 0x4c, 0x00, 0xf0, 0xff, 0x7c, 0xff,
  0xb8, 0xff, 0xf4, 0xff, 0xa4, 0xff, 0x9c, 0xff, 0x08, 0x00, 0x28, 0x00,
  0x78, 0xff, 0xa4, 0xff, 0x0c, 0x00, 0xa4, 0xff, 0xf4, 0xff, 0xf0, 0xff,
  0x0c, 0x00, 0x04, 0x00, 0xd8, 0xff, 0x20, 0x00, 0xc8, 0xff, 0xfc, 0xff,
  0x30, 0x00, 0xbc, 0xff, 0x34, 0x00, 0xf4, 0xff, 0xc8, 0xff, 0x2c, 0x00,
  0xbc, 0xff, 0x04, 0x00, 0x08, 0x00, 0xc8, 0xff, 0x24, 0x00, 0xc0, 0xff,
  0x00, 0x00, 0xf4, 0xff, 0xb4, 0xff, 0x40, 0x00, 0x98, 0xff, 0x28, 0x00,
  0xf4, 0xff, 0xa8, 0xff, 0x58, 0x00, 0x88, 0xff, 0x18, 0x00, 0xf0, 0xff,
  0xc8, 0xfe, 0xf0, 0xfe, 0xfc, 0xfe, 0xb8, 0xff, 0xd0, 0xff, 0x7c, 0xff,
  0x34, 0x00, 0x04, 0x00, 0xc0, 0xff, 0x60, 0x00, 0x04, 0x00, 0xf4, 0xff,
  0x9c, 0x06, 0x58, 0x09, 0xc0, 0x02, 0x18, 0x01, 0xc0, 0xfd, 0xfc, 0xf9,
  0xc4, 0xfe, 0xc0, 0xff, 0x84, 0xfc, 0xe8, 0xfe, 0xd0, 0x00, 0x14, 0xfe,
  0x04, 0xfe, 0x2c, 0xff, 0xb8, 0xfe, 0xec, 0xff, 0x68, 0x01, 0xc8, 0x00
};
