unsigned char output_array[] = {
  0x52, 0x49, 0x46, 0x46, 0xa4, 0x7f, 0x00, 0x00, 0x57, 0x41, 0x56, 0x45,
  0x66, 0x6d, 0x74, 0x20, 0x10, 0x00, 0x00, 0x00, 0x01, 0x00, 0x01, 0x00,
  0x80, 0x3e, 0x00, 0x00, 0x00, 0x7d, 0x00, 0x00, 0x02, 0x00, 0x10, 0x00,
  0x64, 0x61, 0x74, 0x61, 0x80, 0x7f, 0x00, 0x00, 0x00, 0x00, 0x00, 0x00,
  0x00, 0x00, 0x00, 0x00, 0x00, 0x00, 0x00, 0x00, 0x00, 0x00, 0x00, 0x00,
  0x00, 0x00, 0x00, 0x00, 0x00, 0x00, 0x00, 0x00, 0x00, 0x00, 0x00, 0x00,
  0x00, 0x00, 0x00, 0x00, 0x00, 0x00, 0x00, 0x00, 0x00, 0x00, 0x00, 0x00,
  0x00, 0x00, 0x00, 0x00, 0x00, 0x00, 0x00, 0x00, 0x00, 0x00, 0xfc, 0xff,
  0x00, 0x00, 0x00, 0x00, 0xfc, 0xff, 0x00, 0x00, 0xfc, 0xff, 0x00, 0x00,
  0x00, 0x00, 0xfc, 0xff, 0x00, 0x00, 0xfc, 0xff, 0x00, 0x00, 0x00, 0x00,
  0xfc, 0xff, 0x00, 0x00, 0xfc, 0xff, 0xfc, 0xff, 0x00, 0x00, 0xfc, 0xff,
  0x00, 0x00, 0x00, 0x00, 0xfc, 0xff, 0x00, 0x00, 0x00, 0x00, 0xfc, 0xff,
  0x00, 0x00, 0x00, 0x00, 0xfc, 0xff, 0x00, 0x00, 0xfc, 0xff, 0x00, 0x00,
  0x00, 0x00, 0x00, 0x00, 0x00, 0x00, 0x00, 0x00, 0x04, 0x00, 0x08, 0x00,
  0x0c, 0x00, 0x0c, 0x00, 0x10, 0x00, 0x10, 0x00, 0x10, 0x00, 0x10, 0x00,
  0x14, 0x00, 0x10, 0x00, 0x0c, 0x00, 0x14, 0x00, 0x08, 0x00, 0x04, 0x00,
  0x00, 0x00, 0xf0, 0xff, 0xf8, 0xff, 0xec, 0xff, 0xec, 0xff, 0xec, 0xff,
  0xe4, 0xff, 0xec, 0xff, 0xe8, 0xff, 0xe8, 0xff, 0xec, 0xff, 0xf0, 0xff,
  0x00, 0x00, 0xfc, 0xff, 0x18, 0x00, 0x0c, 0x00, 0x08, 0x00, 0x1c, 0x00,
  0x00, 0x00, 0x50, 0x00, 0xe0, 0xff, 0x8c, 0xfd, 0x5c, 0xfb, 0xf4, 0xf9,
  0x14, 0xf8, 0x00, 0xf6, 0xf0, 0xf4, 0xd0, 0xf4, 0xd8, 0xf4, 0x0c, 0xf5,
  0xb8, 0xf5, 0x90, 0xf6, 0x48, 0xf7, 0x50, 0xf8, 0x64, 0xf9, 0xf8, 0xf9,
  0x94, 0xfa, 0x58, 0xfb, 0xd0, 0xfb, 0x34, 0xfc, 0x84, 0xfc, 0x2c, 0xfc,
  0xd0, 0xfb, 0xcc, 0xfb, 0x5c, 0xfb, 0x7c, 0xfa, 0xc0, 0xf9, 0x6c, 0xf9,
  0x00, 0xf9, 0xb8, 0xf8, 0xe8, 0xf8, 0x10, 0xf9, 0x44, 0xf9, 0xb0, 0xf9,
  0x7c, 0xfa, 0xd0, 0xfb, 0x2c, 0xfd, 0xd8, 0xfe, 0x28, 0x01, 0xac, 0x03,
  0x50, 0x06, 0x04, 0x09, 0xd4, 0x0b, 0x50, 0x0e, 0xe0, 0x0f, 0xd8, 0x10,
  0x64, 0x11, 0x54, 0x11, 0xc4, 0x10, 0x04, 0x10, 0xe4, 0x0e, 0x80, 0x0d,
  0x50, 0x0c, 0x30, 0x0b, 0xec, 0x09, 0x68, 0x08, 0xf4, 0x06, 0x90, 0x05,
  0xcc, 0x03, 0xf0, 0x01, 0x64, 0x00, 0x54, 0xff, 0x14, 0xff, 0xb8, 0xff,
  0x38, 0x01, 0x04, 0x03, 0xac, 0x04, 0x0c, 0x06, 0x34, 0x07, 0x4c, 0x08,
  0x14, 0x09, 0xc8, 0x09, 0x70, 0x0a, 0xbc, 0x0a, 0xc4, 0x0a, 0x84, 0x0a,
  0xfc, 0x09, 0x50, 0x09, 0xe8, 0x08, 0x98, 0x08, 0x50, 0x08, 0xb0, 0x08,
  0x04, 0x09, 0xd0, 0x08, 0x74, 0x08, 0x10, 0x08, 0x8c, 0x07, 0x68, 0x06,
  0x34, 0x05, 0x5c, 0x04, 0x40, 0x03, 0xd4, 0x01, 0x7c, 0x00, 0x7c, 0xff,
  0xac, 0xfe, 0xe0, 0xfd, 0x70, 0xfd, 0x34, 0xfd, 0xf0, 0xfc, 0xbc, 0xfc,
  0xbc, 0xfc, 0xf4, 0xfc, 0x40, 0xfd, 0x98, 0xfd, 0x00, 0xfe, 0x94, 0xfe,
  0x00, 0xff, 0xd8, 0xfe, 0x9c, 0xfe, 0x50, 0xfe, 0x78, 0xfd, 0x20, 0xfc,
  0xf4, 0xfa, 0xd8, 0xfa, 0x9c, 0xfb, 0xd4, 0xfc, 0x80, 0xfe, 0x00, 0x00,
  0xa8, 0x00, 0x48, 0x00, 0xb0, 0xff, 0x2c, 0xff, 0x2c, 0xfe, 0x20, 0xfd,
  0xc4, 0xfc, 0x6c, 0xfc, 0xbc, 0xfb, 0x18, 0xfb, 0x94, 0xfa, 0xa4, 0xfa,
  0x18, 0xfb, 0xac, 0xfb, 0xa8, 0xfc, 0x5c, 0xfd, 0x5c, 0xfd, 0x7c, 0xfd,
  0x5c, 0xfe, 0x50, 0xff, 0xe8, 0xff, 0x94, 0x00, 0x1c, 0x01, 0x28, 0x01,
  0x5c, 0x01, 0xcc, 0x01, 0xfc, 0x01, 0x10, 0x02, 0xe4, 0x01, 0x08, 0x01,
  0xcc, 0xff, 0x70, 0xfe, 0xd8, 0xfc, 0x70, 0xfb, 0x8c, 0xfa, 0xe8, 0xf9,
  0xf8, 0xf8, 0xd4, 0xf7, 0x18, 0xf7, 0xa4, 0xf6, 0xe8, 0xf6, 0x08, 0xf8,
  0x5c, 0xf9, 0xa8, 0xfa, 0xd8, 0xfb, 0xd4, 0xfd, 0xac, 0x00, 0x28, 0x03,
  0x6c, 0x05, 0x10, 0x08, 0x7c, 0x0a, 0x08, 0x0c, 0x00, 0x0d, 0xa0, 0x0d,
  0xb8, 0x0d, 0x44, 0x0d, 0x90, 0x0c, 0x78, 0x0b, 0x5c, 0x09, 0xc4, 0x06,
  0x84, 0x04, 0x60, 0x02, 0x94, 0x00, 0x6c, 0xff, 0x88, 0xfe, 0xbc, 0xfd,
  0xb0, 0xfc, 0x34, 0xfb, 0xf4, 0xf9, 0x5c, 0xf9, 0x34, 0xf9, 0x80, 0xf9,
  0x58, 0xfa, 0x5c, 0xfb, 0x44, 0xfc, 0xa0, 0xfd, 0x7c, 0xff, 0x30, 0x01,
  0x80, 0x02, 0x30, 0x03, 0xe8, 0x02, 0xf4, 0x01, 0x24, 0x01, 0x74, 0x00,
  0x4c, 0xff, 0x04, 0xfe, 0xd0, 0xfc, 0xd0, 0xfa, 0xb0, 0xf7, 0x7c, 0xf4,
  0xf8, 0xf1, 0x48, 0xf0, 0xe0, 0xef, 0xfc, 0xef, 0xb8, 0xef, 0x6c, 0xef,
  0x54, 0xef, 0xe4, 0xef, 0x8c, 0xf1, 0x40, 0xf4, 0x90, 0xf7, 0xe0, 0xfa,
  0xe0, 0xfd, 0x48, 0x00, 0x34, 0x02, 0x04, 0x04, 0x68, 0x05, 0xd8, 0x05,
  0x4c, 0x05, 0x54, 0x04, 0x34, 0x03, 0x80, 0x01, 0x74, 0xff, 0xa4, 0xfd,
  0x08, 0xfc, 0xec, 0xf9, 0x64, 0xf7, 0x60, 0xf5, 0xb4, 0xf3, 0x3c, 0xf2,
  0x68, 0xf1, 0x20, 0xf1, 0xd0, 0xf0, 0xd8, 0xf0, 0xa4, 0xf1, 0xe4, 0xf2,
  0x7c, 0xf4, 0x48, 0xf6, 0x08, 0xf8, 0x90, 0xf9, 0x0c, 0xfb, 0x90, 0xfc,
  0xa4, 0xfd, 0x9c, 0xfe, 0x90, 0xff, 0x34, 0x00, 0x90, 0x00, 0xcc, 0x00,
  0x34, 0x01, 0x78, 0x01, 0xc0, 0x01, 0x5c, 0x02, 0xc8, 0x02, 0xbc, 0x02,
  0x40, 0x02, 0xa0, 0x01, 0x3c, 0x01, 0x1c, 0x01, 0x70, 0x01, 0xf8, 0x01,
  0x80, 0x02, 0x20, 0x03, 0xcc, 0x03, 0x74, 0x04, 0x44, 0x05, 0x44, 0x06,
  0x18, 0x07, 0xa0, 0x07, 0x08, 0x08, 0x58, 0x08, 0x58, 0x08, 0xf4, 0x07,
  0x6c, 0x07, 0xd0, 0x06, 0x18, 0x06, 0x4c, 0x05, 0x3c, 0x04, 0xdc, 0x02,
  0xd4, 0x01, 0x90, 0x01, 0xd0, 0x01, 0x7c, 0x02, 0x44, 0x03, 0xac, 0x03,
  0xa4, 0x03, 0xbc, 0x03, 0x6c, 0x04, 0xe0, 0x05, 0xe8, 0x07, 0xdc, 0x09,
  0x50, 0x0b, 0x44, 0x0c, 0x08, 0x0d, 0x78, 0x0d, 0x58, 0x0d, 0x8c, 0x0c,
  0x08, 0x0b, 0x48, 0x09, 0xc0, 0x07, 0x68, 0x06, 0x6c, 0x05, 0xc4, 0x04,
  0x38, 0x04, 0x7c, 0x03, 0x44, 0x02, 0xcc, 0x00, 0x9c, 0xff, 0x28, 0xff,
  0x60, 0xff, 0x00, 0x00, 0xb8, 0x00, 0x64, 0x01, 0xe4, 0x01, 0x24, 0x02,
  0x00, 0x02, 0x78, 0x01, 0x14, 0x01, 0xf0, 0x00, 0xc8, 0x00, 0x54, 0x00,
  0x78, 0xff, 0x48, 0xfe, 0x08, 0xfd, 0x28, 0xfc, 0xb0, 0xfb, 0x7c, 0xfb,
  0x8c, 0xfb, 0xb0, 0xfb, 0x90, 0xfb, 0x28, 0xfb, 0x08, 0xfb, 0x1c, 0xfb,
  0x1c, 0xfb, 0x48, 0xfb, 0x8c, 0xfb, 0xec, 0xfb, 0x9c, 0xfc, 0xb4, 0xfd,
  0x10, 0xff, 0x54, 0x00, 0x98, 0x01, 0xb0, 0x02, 0x28, 0x03, 0x04, 0x03,
  0x70, 0x02, 0x98, 0x01, 0xa0, 0x00, 0x88, 0xff, 0x20, 0xfe, 0x4c, 0xfc,
  0x8c, 0xfa, 0x1c, 0xf9, 0xb0, 0xf7, 0x7c, 0xf6, 0xe0, 0xf5, 0xb4, 0xf5,
  0xd0, 0xf5, 0x50, 0xf6, 0x20, 0xf7, 0x08, 0xf8, 0xf4, 0xf8, 0x08, 0xfa,
  0x14, 0xfb, 0x10, 0xfc, 0x6c, 0xfd, 0x3c, 0xff, 0x28, 0x01, 0xf0, 0x02,
  0x5c, 0x04, 0x1c, 0x05, 0x04, 0x05, 0x38, 0x04, 0xfc, 0x02, 0x98, 0x01,
  0x84, 0x00, 0xe8, 0xff, 0x60, 0xff, 0xc4, 0xfe, 0x14, 0xfe, 0x58, 0xfd,
  0xbc, 0xfc, 0x70, 0xfc, 0xa8, 0xfc, 0x34, 0xfd, 0xfc, 0xfd, 0x30, 0xff,
  0x84, 0x00, 0xcc, 0x01, 0x0c, 0x03, 0x38, 0x04, 0x60, 0x05, 0x4c, 0x06,
  0x20, 0x07, 0xdc, 0x07, 0x60, 0x08, 0xdc, 0x08, 0x44, 0x09, 0x94, 0x09,
  0xbc, 0x09, 0xa0, 0x09, 0x5c, 0x09, 0xf4, 0x08, 0x84, 0x08, 0xf0, 0x07,
  0xe4, 0x06, 0x94, 0x05, 0x48, 0x04, 0x08, 0x03, 0xe8, 0x01, 0xfc, 0x00,
  0x6c, 0x00, 0x30, 0x00, 0x50, 0x00, 0xd0, 0x00, 0x50, 0x01, 0xdc, 0x01,
  0xc0, 0x02, 0xf4, 0x03, 0x28, 0x05, 0x28, 0x06, 0xc8, 0x06, 0xe4, 0x06,
  0x9c, 0x06, 0x14, 0x06, 0x54, 0x05, 0x5c, 0x04, 0x40, 0x03, 0xfc, 0x01,
  0x80, 0x00, 0x10, 0xff, 0xe8, 0xfd, 0xf4, 0xfc, 0x2c, 0xfc, 0x90, 0xfb,
  0x14, 0xfb, 0x90, 0xfa, 0x0c, 0xfa, 0xd0, 0xf9, 0xf0, 0xf9, 0x98, 0xfa,
  0xc0, 0xfb, 0x28, 0xfd, 0x8c, 0xfe, 0xc4, 0xff, 0xc8, 0x00, 0x88, 0x01,
  0xe4, 0x01, 0xc4, 0x01, 0xf8, 0x00, 0x94, 0xff, 0xe4, 0xfd, 0x30, 0xfc,
  0xa0, 0xfa, 0x54, 0xf9, 0x44, 0xf8, 0x54, 0xf7, 0x5c, 0xf6, 0x48, 0xf5,
  0x5c, 0xf4, 0xc8, 0xf3, 0xbc, 0xf3, 0x34, 0xf4, 0x10, 0xf5, 0x20, 0xf6,
  0x3c, 0xf7, 0x50, 0xf8, 0x48, 0xf9, 0x04, 0xfa, 0x94, 0xfa, 0x1c, 0xfb,
  0x8c, 0xfb, 0xf8, 0xfb, 0x5c, 0xfc, 0xa4, 0xfc, 0xc8, 0xfc, 0xbc, 0xfc,
  0x8c, 0xfc, 0x38, 0xfc, 0xb0, 0xfb, 0x1c, 0xfb, 0x98, 0xfa, 0x44, 0xfa,
  0x2c, 0xfa, 0x58, 0xfa, 0xc8, 0xfa, 0x54, 0xfb, 0xf8, 0xfb, 0xb4, 0xfc,
  0x94, 0xfd, 0xb8, 0xfe, 0x10, 0x00, 0x84, 0x01, 0xe8, 0x02, 0x2c, 0x04,
  0x44, 0x05, 0x2c, 0x06, 0xf8, 0x06, 0xbc, 0x07, 0x6c, 0x08, 0xf4, 0x08,
  0x50, 0x09, 0x74, 0x09, 0x6c, 0x09, 0x40, 0x09, 0xf8, 0x08, 0x5c, 0x08,
  0x48, 0x07, 0xd0, 0x05, 0x1c, 0x04, 0x7c, 0x02, 0x14, 0x01, 0x14, 0x00,
  0x90, 0xff, 0x58, 0xff, 0x78, 0xff, 0xd4, 0xff, 0x70, 0x00, 0x74, 0x01,
  0xc0, 0x02, 0x54, 0x04, 0xe0, 0x05, 0x28, 0x07, 0x34, 0x08, 0x00, 0x09,
  0xa4, 0x09, 0x48, 0x0a, 0xd4, 0x0a, 0x20, 0x0b, 0x1c, 0x0b, 0xc4, 0x0a,
  0x20, 0x0a, 0x2c, 0x09, 0xc8, 0x07, 0x18, 0x06, 0x54, 0x04, 0xbc, 0x02,
  0x64, 0x01, 0x64, 0x00, 0x04, 0x00, 0x34, 0x00, 0xc4, 0x00, 0x48, 0x01,
  0x54, 0x01, 0xf0, 0x00, 0x88, 0x00, 0x6c, 0x00, 0xcc, 0x00, 0xa4, 0x01,
  0x90, 0x02, 0x38, 0x03, 0x8c, 0x03, 0x74, 0x03, 0x08, 0x03, 0xa4, 0x02,
  0x80, 0x02, 0xa8, 0x02, 0xf0, 0x02, 0x3c, 0x03, 0x94, 0x03, 0xe0, 0x03,
  0xec, 0x03, 0xc8, 0x03, 0x5c, 0x03, 0xac, 0x02, 0xb4, 0x01, 0x60, 0x00,
  0x18, 0xff, 0x40, 0xfe, 0xe0, 0xfd, 0xf4, 0xfd, 0x5c, 0xfe, 0xb4, 0xfe,
  0xa4, 0xfe, 0x1c, 0xfe, 0x48, 0xfd, 0x50, 0xfc, 0x5c, 0xfb, 0x90, 0xfa,
  0xf0, 0xf9, 0x74, 0xf9, 0x1c, 0xf9, 0xf0, 0xf8, 0xd4, 0xf8, 0xc8, 0xf8,
  0x2c, 0xf9, 0xf8, 0xf9, 0xcc, 0xfa, 0xb4, 0xfb, 0xc8, 0xfc, 0xec, 0xfd,
  0x08, 0xff, 0x30, 0x00, 0x20, 0x01, 0xa8, 0x01, 0xe0, 0x01, 0xc4, 0x01,
  0x48, 0x01, 0x68, 0x00, 0x74, 0xff, 0x90, 0xfe, 0x88, 0xfd, 0x54, 0xfc,
  0xdc, 0xfa, 0x48, 0xf9, 0xd4, 0xf7, 0x70, 0xf6, 0xec, 0xf4, 0x70, 0xf3,
  0x70, 0xf2, 0x00, 0xf2, 0x1c, 0xf2, 0xd0, 0xf2, 0xdc, 0xf3, 0xfc, 0xf4,
  0x18, 0xf6, 0x54, 0xf7, 0xcc, 0xf8, 0xb0, 0xfa, 0xd8, 0xfc, 0xf8, 0xfe,
  0xd0, 0x00, 0x4c, 0x02, 0x74, 0x03, 0x44, 0x04, 0xd8, 0x04, 0x44, 0x05,
  0x7c, 0x05, 0x84, 0x05, 0x5c, 0x05, 0xd0, 0x04, 0x04, 0x04, 0x24, 0x03,
  0x40, 0x02, 0x9c, 0x01, 0x4c, 0x01, 0x0c, 0x01, 0x98, 0x00, 0x2c, 0x00,
  0xec, 0xff, 0xbc, 0xff, 0xb4, 0xff, 0xf4, 0xff, 0x5c, 0x00, 0xf8, 0x00,
  0x10, 0x02, 0x90, 0x03, 0x10, 0x05, 0x54, 0x06, 0x48, 0x07, 0xe4, 0x07,
  0x18, 0x08, 0xec, 0x07, 0x8c, 0x07, 0xf8, 0x06, 0x50, 0x06, 0xb4, 0x05,
  0x38, 0x05, 0xe8, 0x04, 0x7c, 0x04, 0x98, 0x03, 0x30, 0x02, 0x8c, 0x00,
  0xe4, 0xfe, 0x38, 0xfd, 0xac, 0xfb, 0x80, 0xfa, 0xf0, 0xf9, 0x0c, 0xfa,
  0x84, 0xfa, 0x2c, 0xfb, 0x40, 0xfc, 0xd4, 0xfd, 0xc0, 0xff, 0x04, 0x02,
  0xa8, 0x04, 0x50, 0x07, 0xa0, 0x09, 0x4c, 0x0b, 0x30, 0x0c, 0x58, 0x0c,
  0xc8, 0x0b, 0x9c, 0x0a, 0x18, 0x09, 0x84, 0x07, 0x20, 0x06, 0xf0, 0x04,
  0x08, 0x04, 0x4c, 0x03, 0x78, 0x02, 0x48, 0x01, 0xd8, 0xff, 0x40, 0xfe,
  0xa8, 0xfc, 0x3c, 0xfb, 0xf0, 0xf9, 0x28, 0xf9, 0xac, 0xf8, 0xfc, 0xf7,
  0x44, 0xf7, 0xd0, 0xf6, 0x9c, 0xf6, 0xe0, 0xf6, 0xc0, 0xf7, 0xf0, 0xf8,
  0x4c, 0xfa, 0x98, 0xfb, 0xa4, 0xfc, 0x34, 0xfd, 0x2c, 0xfd, 0xd4, 0xfc,
  0x68, 0xfc, 0xf8, 0xfb, 0x74, 0xfb, 0xcc, 0xfa, 0x24, 0xfa, 0xb4, 0xf9,
  0x84, 0xf9, 0x58, 0xf9, 0x34, 0xf9, 0x38, 0xf9, 0x80, 0xf9, 0x00, 0xfa,
  0x98, 0xfa, 0x70, 0xfb, 0xc8, 0xfc, 0x5c, 0xfe, 0xa8, 0xff, 0xac, 0x00,
  0x9c, 0x01, 0x38, 0x02, 0x94, 0x02, 0xc8, 0x02, 0xd0, 0x02, 0xd4, 0x02,
  0xc0, 0x02, 0x4c, 0x02, 0x7c, 0x01, 0xa4, 0x00, 0xf0, 0xff, 0x4c, 0xff,
  0xe0, 0xfe, 0xa8, 0xfe, 0x9c, 0xfe, 0xcc, 0xfe, 0x64, 0xff, 0x60, 0x00,
  0x60, 0x01, 0x50, 0x02, 0x24, 0x03, 0xb8, 0x03, 0x40, 0x04, 0xd4, 0x04,
  0x84, 0x05, 0x10, 0x06, 0x54, 0x06, 0x68, 0x06, 0x4c, 0x06, 0xe8, 0x05,
  0x20, 0x05, 0x24, 0x04, 0x38, 0x03, 0x58, 0x02, 0xa0, 0x01, 0x08, 0x01,
  0x38, 0x00, 0x58, 0xff, 0xc0, 0xfe, 0x50, 0xfe, 0x18, 0xfe, 0x50, 0xfe,
  0xb8, 0xfe, 0x5c, 0xff, 0x70, 0x00, 0xd0, 0x01, 0x2c, 0x03, 0x18, 0x04,
  0x68, 0x04, 0x3c, 0x04, 0xa8, 0x03, 0xb4, 0x02, 0xa4, 0x01, 0xc0, 0x00,
  0x18, 0x00, 0x74, 0xff, 0xcc, 0xfe, 0x58, 0xfe, 0x14, 0xfe, 0x04, 0xfe,
  0x3c, 0xfe, 0x9c, 0xfe, 0xec, 0xfe, 0x30, 0xff, 0x4c, 0xff, 0x04, 0xff,
  0x98, 0xfe, 0x18, 0xfe, 0x68, 0xfd, 0x7c, 0xfc, 0x70, 0xfb, 0x74, 0xfa,
  0xbc, 0xf9, 0xf0, 0xf9, 0x30, 0xfb, 0xb4, 0xfc, 0x1c, 0xfe, 0x5c, 0xff,
  0x80, 0x00, 0x6c, 0x01, 0x0c, 0x02, 0x78, 0x02, 0xbc, 0x02, 0xc8, 0x02,
  0x78, 0x02, 0xe0, 0x01, 0x90, 0x01, 0x98, 0x01, 0xc0, 0x01, 0x00, 0x02,
  0x44, 0x02, 0x6c, 0x02, 0x78, 0x02, 0x70, 0x02, 0x58, 0x02, 0x88, 0x02,
  0x04, 0x03, 0x50, 0x03, 0x7c, 0x03, 0xc8, 0x03, 0x34, 0x04, 0x8c, 0x04,
  0xcc, 0x04, 0x28, 0x05, 0x60, 0x05, 0x5c, 0x05, 0x28, 0x05, 0x78, 0x04,
  0x5c, 0x03, 0x2c, 0x02, 0xf8, 0x00, 0xe0, 0xff, 0xe4, 0xfe, 0x18, 0xfe,
  0x84, 0xfd, 0x1c, 0xfd, 0x30, 0xfd, 0xd4, 0xfd, 0xd0, 0xfe, 0xd4, 0xff,
  0xc4, 0x00, 0xc4, 0x01, 0xc0, 0x02, 0x9c, 0x03, 0x44, 0x04, 0xac, 0x04,
  0xcc, 0x04, 0x9c, 0x04, 0x34, 0x04, 0x88, 0x03, 0xe8, 0x02, 0x90, 0x02,
  0x34, 0x02, 0x9c, 0x01, 0xfc, 0x00, 0x5c, 0x00, 0xa0, 0xff, 0xec, 0xfe,
  0x60, 0xfe, 0x00, 0xfe, 0xc4, 0xfd, 0x78, 0xfd, 0x0c, 0xfd, 0xd0, 0xfc,
  0xc8, 0xfc, 0xc0, 0xfc, 0xc8, 0xfc, 0xf4, 0xfc, 0x38, 0xfd, 0x5c, 0xfd,
  0x48, 0xfd, 0x50, 0xfd, 0x54, 0xfd, 0xe8, 0xfc, 0x2c, 0xfc, 0x38, 0xfb,
  0xf8, 0xf9, 0xb8, 0xf8, 0xc8, 0xf7, 0x24, 0xf7, 0xe0, 0xf6, 0xe4, 0xf6,
  0x04, 0xf7, 0x08, 0xf7, 0xf4, 0xf6, 0x00, 0xf7, 0xfc, 0xf6, 0xf0, 0xf6,
  0x50, 0xf7, 0x10, 0xf8, 0xdc, 0xf8, 0xb8, 0xf9, 0xb0, 0xfa, 0xb8, 0xfb,
  0xdc, 0xfc, 0x10, 0xfe, 0x38, 0xff, 0x20, 0x00, 0xc8, 0x00, 0x24, 0x01,
  0x34, 0x01, 0xf8, 0x00, 0x30, 0x00, 0xcc, 0xfe, 0x24, 0xfd, 0x88, 0xfb,
  0x2c, 0xfa, 0x34, 0xf9, 0xb8, 0xf8, 0xbc, 0xf8, 0x50, 0xf9, 0x48, 0xfa,
  0x74, 0xfb, 0x7c, 0xfc, 0x14, 0xfd, 0x58, 0xfd, 0x18, 0xfd, 0x68, 0xfc,
  0xb8, 0xfb, 0x2c, 0xfb, 0xcc, 0xfa, 0xa4, 0xfa, 0xc4, 0xfa, 0x3c, 0xfb,
  0x00, 0xfc, 0xf8, 0xfc, 0xf8, 0xfd, 0xf4, 0xfe, 0xe8, 0xff, 0xb8, 0x00,
  0x70, 0x01, 0x14, 0x02, 0xa4, 0x02, 0x1c, 0x03, 0x7c, 0x03, 0xfc, 0x03,
  0x9c, 0x04, 0x2c, 0x05, 0xa8, 0x05, 0x04, 0x06, 0x24, 0x06, 0x14, 0x06,
  0x08, 0x06, 0x14, 0x06, 0x3c, 0x06, 0xa4, 0x06, 0x44, 0x07, 0xe0, 0x07,
  0x74, 0x08, 0x20, 0x09, 0xcc, 0x09, 0x64, 0x0a, 0xd8, 0x0a, 0x30, 0x0b,
  0x80, 0x0b, 0xb4, 0x0b, 0xa8, 0x0b, 0x4c, 0x0b, 0x9c, 0x0a, 0x7c, 0x09,
  0xdc, 0x07, 0xb8, 0x05, 0x84, 0x03, 0xac, 0x01, 0x18, 0x00, 0xf0, 0xfe,
  0xa0, 0xfe, 0x20, 0xff, 0x2c, 0x00, 0x74, 0x01, 0xc8, 0x02, 0x3c, 0x04,
  0x8c, 0x05, 0xa0, 0x06, 0xbc, 0x07, 0xf0, 0x08, 0xdc, 0x09, 0x54, 0x0a,
  0xb8, 0x0a, 0x00, 0x0b, 0xc0, 0x0a, 0x14, 0x0a, 0x58, 0x09, 0x7c, 0x08,
  0x70, 0x07, 0x68, 0x06, 0x5c, 0x05, 0x64, 0x04, 0xb8, 0x03, 0x24, 0x03,
  0x94, 0x02, 0x1c, 0x02, 0x94, 0x01, 0xec, 0x00, 0x50, 0x00, 0xd8, 0xff,
  0x6c, 0xff, 0x10, 0xff, 0xd8, 0xfe, 0xb0, 0xfe, 0x74, 0xfe, 0x34, 0xfe,
  0xe8, 0xfd, 0x94, 0xfd, 0x50, 0xfd, 0xdc, 0xfc, 0x24, 0xfc, 0x64, 0xfb,
  0xd0, 0xfa, 0x68, 0xfa, 0x6c, 0xfa, 0x0c, 0xfb, 0xec, 0xfb, 0xb4, 0xfc,
  0x34, 0xfd, 0x50, 0xfd, 0x18, 0xfd, 0xb4, 0xfc, 0x24, 0xfc, 0x74, 0xfb,
  0xe0, 0xfa, 0x60, 0xfa, 0xe0, 0xf9, 0x9c, 0xf9, 0x90, 0xf9, 0xbc, 0xf9,
  0x00, 0xfa, 0x0c, 0xfa, 0xc0, 0xf9, 0x08, 0xf9, 0xfc, 0xf7, 0xe0, 0xf6,
  0xe4, 0xf5, 0x5c, 0xf5, 0x48, 0xf5, 0x5c, 0xf5, 0x8c, 0xf5, 0xd8, 0xf5,
  0x44, 0xf6, 0xfc, 0xf6, 0x38, 0xf8, 0xd0, 0xf9, 0x70, 0xfb, 0xe8, 0xfc,
  0xcc, 0xfd, 0x08, 0xfe, 0xec, 0xfd, 0x88, 0xfd, 0xd4, 0xfc, 0xe8, 0xfb,
  0xcc, 0xfa, 0xd4, 0xf9, 0x38, 0xf9, 0xd4, 0xf8, 0xa4, 0xf8, 0xc0, 0xf8,
  0x00, 0xf9, 0x38, 0xf9, 0x64, 0xf9, 0x74, 0xf9, 0x68, 0xf9, 0x74, 0xf9,
  0xd8, 0xf9, 0x78, 0xfa, 0x44, 0xfb, 0x28, 0xfc, 0xf4, 0xfc, 0xe8, 0xfd,
  0x14, 0xff, 0x54, 0x00, 0x90, 0x01, 0xd8, 0x02, 0x48, 0x04, 0x90, 0x05,
  0xa8, 0x06, 0x84, 0x07, 0xcc, 0x07, 0xac, 0x07, 0x10, 0x07, 0xf8, 0x05,
  0xb0, 0x04, 0x84, 0x03, 0xec, 0x02, 0xf8, 0x02, 0x68, 0x03, 0xa8, 0x03,
  0x68, 0x03, 0xe4, 0x02, 0x34, 0x02, 0x6c, 0x01, 0xe8, 0x00, 0xdc, 0x00,
  0x34, 0x01, 0xb8, 0x01, 0x70, 0x02, 0x50, 0x03, 0x50, 0x04, 0x68, 0x05,
  0x68, 0x06, 0x48, 0x07, 0x28, 0x08, 0xe0, 0x08, 0x2c, 0x09, 0x70, 0x09,
  0xf0, 0x09, 0x34, 0x0a, 0xf0, 0x09, 0x34, 0x09, 0x08, 0x08, 0x9c, 0x06,
  0x14, 0x05, 0x6c, 0x03, 0xc4, 0x01, 0x24, 0x00, 0x68, 0xfe, 0x60, 0xfc,
  0x44, 0xfa, 0x74, 0xf8, 0x0c, 0xf7, 0x44, 0xf6, 0x1c, 0xf6, 0x78, 0xf6,
  0x64, 0xf7, 0xd0, 0xf8, 0xa0, 0xfa, 0xd4, 0xfc, 0x80, 0xff, 0x3c, 0x02,
  0xb0, 0x04, 0xa8, 0x06, 0xe0, 0x07, 0x4c, 0x08, 0x48, 0x08, 0x08, 0x08,
  0x80, 0x07, 0xc8, 0x06, 0xdc, 0x05, 0xa4, 0x04, 0x48, 0x03, 0xe0, 0x01,
  0x94, 0x00, 0xa8, 0xff, 0x38, 0xff, 0xe0, 0xfe, 0x58, 0xfe, 0xe4, 0xfd,
  0x88, 0xfd, 0x60, 0xfd, 0x9c, 0xfd, 0x14, 0xfe, 0x7c, 0xfe, 0xb8, 0xfe,
  0xc8, 0xfe, 0xf0, 0xfe, 0xa4, 0xff, 0xc0, 0x00, 0xe8, 0x01, 0x1c, 0x03,
  0x34, 0x04, 0xe4, 0x04, 0x20, 0x05, 0x1c, 0x05, 0x30, 0x05, 0x50, 0x05,
  0x7c, 0x05, 0xa8, 0x05, 0xc0, 0x05, 0xf4, 0x05, 0x98, 0x06, 0x6c, 0x07,
  0x3c, 0x08, 0x00, 0x09, 0x78, 0x09, 0x60, 0x09, 0xe4, 0x08, 0x2c, 0x08,
  0x44, 0x07, 0x6c, 0x06, 0x94, 0x05, 0xa0, 0x04, 0x98, 0x03, 0x7c, 0x02,
  0x78, 0x01, 0xd0, 0x00, 0xa0, 0x00, 0xe0, 0x00, 0x64, 0x01, 0x08, 0x02,
  0xb0, 0x02, 0x78, 0x03, 0x74, 0x04, 0x78, 0x05, 0x78, 0x06, 0x64, 0x07,
  0xec, 0x07, 0xe8, 0x07, 0xb8, 0x07, 0xac, 0x07, 0xb0, 0x07, 0xe8, 0x07,
  0x14, 0x08, 0xf0, 0x07, 0x68, 0x07, 0xa4, 0x06, 0xdc, 0x05, 0x00, 0x05,
  0x30, 0x04, 0x74, 0x03, 0xac, 0x02, 0xa8, 0x01, 0x4c, 0x00, 0xb8, 0xfe,
  0x00, 0xfd, 0x5c, 0xfb, 0x00, 0xfa, 0xac, 0xf8, 0x14, 0xf7, 0x50, 0xf5,
  0xc8, 0xf3, 0x98, 0xf2, 0xd8, 0xf1, 0xa0, 0xf1, 0x7c, 0xf1, 0x54, 0xf1,
  0x58, 0xf1, 0xc8, 0xf1, 0xa4, 0xf2, 0xe0, 0xf3, 0x78, 0xf5, 0xd8, 0xf6,
  0x78, 0xf7, 0x68, 0xf7, 0xcc, 0xf6, 0xb4, 0xf5, 0x6c, 0xf4, 0x48, 0xf3,
  0x54, 0xf2, 0x9c, 0xf1, 0x18, 0xf1, 0xac, 0xf0, 0x88, 0xf0, 0xc0, 0xf0,
  0x30, 0xf1, 0xc8, 0xf1, 0x64, 0xf2, 0xe8, 0xf2, 0x38, 0xf3, 0x78, 0xf3,
  0xc8, 0xf3, 0x14, 0xf4, 0x60, 0xf4, 0xb0, 0xf4, 0x04, 0xf5, 0x7c, 0xf5,
  0x30, 0xf6, 0x28, 0xf7, 0x4c, 0xf8, 0x90, 0xf9, 0xa0, 0xfa, 0x20, 0xfb,
  0x0c, 0xfb, 0x74, 0xfa, 0x84, 0xf9, 0x60, 0xf8, 0x1c, 0xf7, 0xf4, 0xf5,
  0x30, 0xf5, 0xe0, 0xf4, 0x1c, 0xf5, 0xf4, 0xf5, 0x38, 0xf7, 0xc0, 0xf8,
  0x5c, 0xfa, 0xf4, 0xfb, 0x64, 0xfd, 0xa4, 0xfe, 0x00, 0x00, 0x9c, 0x01,
  0x54, 0x03, 0xec, 0x04, 0x30, 0x06, 0x08, 0x07, 0x80, 0x07, 0x98, 0x07,
  0x78, 0x07, 0x60, 0x07, 0x54, 0x07, 0xe0, 0x06, 0xe8, 0x05, 0xb0, 0x04,
  0x54, 0x03, 0x18, 0x02, 0x14, 0x01, 0x48, 0x00, 0xbc, 0xff, 0x88, 0xff,
  0xd0, 0xff, 0x94, 0x00, 0xd4, 0x01, 0x60, 0x03, 0xf8, 0x04, 0x80, 0x06,
  0xb0, 0x07, 0x8c, 0x08, 0x30, 0x09, 0xb4, 0x09, 0x24, 0x0a, 0x6c, 0x0a,
  0x84, 0x0a, 0x7c, 0x0a, 0x3c, 0x0a, 0xcc, 0x09, 0x60, 0x09, 0x40, 0x09,
  0xb8, 0x09, 0xb4, 0x0a, 0xb0, 0x0b, 0x44, 0x0c, 0x74, 0x0c, 0x6c, 0x0c,
  0x5c, 0x0c, 0x64, 0x0c, 0x68, 0x0c, 0x54, 0x0c, 0x38, 0x0c, 0x24, 0x0c,
  0x2c, 0x0c, 0x60, 0x0c, 0xbc, 0x0c, 0x2c, 0x0d, 0x80, 0x0d, 0x98, 0x0d,
  0x54, 0x0d, 0xc0, 0x0c, 0xf4, 0x0b, 0x0c, 0x0b, 0x44, 0x0a, 0x78, 0x09,
  0x50, 0x08, 0xd8, 0x06, 0x4c, 0x05, 0xe4, 0x03, 0xbc, 0x02, 0xf0, 0x01,
  0x64, 0x01, 0xb0, 0x00, 0xa4, 0xff, 0x48, 0xfe, 0xf0, 0xfc, 0xe4, 0xfb,
  0x50, 0xfb, 0x68, 0xfb, 0xf0, 0xfb, 0xb8, 0xfc, 0xd4, 0xfd, 0x18, 0xff,
  0x70, 0x00, 0x20, 0x02, 0x04, 0x04, 0xd0, 0x05, 0x28, 0x07, 0xa0, 0x07,
  0x50, 0x07, 0x68, 0x06, 0x08, 0x05, 0x50, 0x03, 0x7c, 0x01, 0x8c, 0xff,
  0x74, 0xfd, 0x6c, 0xfb, 0xa4, 0xf9, 0x50, 0xf8, 0x6c, 0xf7, 0xdc, 0xf6,
  0x84, 0xf6, 0x08, 0xf6, 0x74, 0xf5, 0xf8, 0xf4, 0xbc, 0xf4, 0xd0, 0xf4,
  0x08, 0xf5, 0x4c, 0xf5, 0xa8, 0xf5, 0x10, 0xf6, 0xb0, 0xf6, 0x90, 0xf7,
  0x84, 0xf8, 0x70, 0xf9, 0x28, 0xfa, 0x78, 0xfa, 0x70, 0xfa, 0x3c, 0xfa,
  0x10, 0xfa, 0x00, 0xfa, 0x20, 0xfa, 0x84, 0xfa, 0xe8, 0xfa, 0x0c, 0xfb,
  0x68, 0xfb, 0x50, 0xfc, 0xa4, 0xfd, 0x24, 0xff, 0x50, 0x00, 0xf4, 0x00,
  0x04, 0x01, 0xb4, 0x00, 0x40, 0x00, 0xd4, 0xff, 0x84, 0xff, 0x54, 0xff,
  0x48, 0xff, 0x80, 0xff, 0x10, 0x00, 0x18, 0x01, 0x74, 0x02, 0xe0, 0x03,
  0x2c, 0x05, 0xe0, 0x05, 0xc0, 0x05, 0xe0, 0x04, 0x98, 0x03, 0x44, 0x02,
  0x14, 0x01, 0x0c, 0x00, 0x34, 0xff, 0x8c, 0xfe, 0xf8, 0xfd, 0x88, 0xfd,
  0x84, 0xfd, 0x18, 0xfe, 0x4c, 0xff, 0xec, 0x00, 0x6c, 0x02, 0x5c, 0x03,
  0xd8, 0x03, 0x04, 0x04, 0xe4, 0x03, 0x98, 0x03, 0x34, 0x03, 0xa4, 0x02,
  0xe0, 0x01, 0xe0, 0x00, 0xc8, 0xff, 0xf8, 0xfe, 0xb0, 0xfe, 0xc0, 0xfe,
  0xe8, 0xfe, 0x0c, 0xff, 0x50, 0xff, 0xc0, 0xff, 0x40, 0x00, 0xf0, 0x00,
  0xe8, 0x01, 0x18, 0x03, 0x34, 0x04, 0xd0, 0x04, 0xec, 0x04, 0xe4, 0x04,
  0xdc, 0x04, 0x88, 0x04, 0xac, 0x03, 0x5c, 0x02, 0x8c, 0x00, 0x58, 0xfe,
  0x20, 0xfc, 0x30, 0xfa, 0xf4, 0xf8, 0x7c, 0xf8, 0x7c, 0xf8, 0xa4, 0xf8,
  0x9c, 0xf8, 0x88, 0xf8, 0xa8, 0xf8, 0xfc, 0xf8, 0x90, 0xf9, 0x24, 0xfa,
  0x74, 0xfa, 0x30, 0xfa, 0x64, 0xf9, 0x84, 0xf8, 0xe4, 0xf7, 0xc8, 0xf7,
  0x20, 0xf8, 0xb8, 0xf8, 0x54, 0xf9, 0xcc, 0xf9, 0x48, 0xfa, 0xc4, 0xfa,
  0x64, 0xfb, 0xfc, 0xfb, 0x2c, 0xfc, 0xd8, 0xfb, 0x10, 0xfb, 0xf0, 0xf9,
  0xb0, 0xf8, 0xb0, 0xf7, 0x34, 0xf7, 0x20, 0xf7, 0x78, 0xf7, 0x3c, 0xf8,
  0x78, 0xf9, 0x08, 0xfb, 0xcc, 0xfc, 0x9c, 0xfe, 0x48, 0x00, 0xa4, 0x01,
  0xb0, 0x02, 0x84, 0x03, 0x58, 0x04, 0x44, 0x05, 0x58, 0x06, 0x58, 0x07,
  0x08, 0x08, 0x58, 0x08, 0x50, 0x08, 0xf4, 0x07, 0x4c, 0x07, 0x98, 0x06,
  0xa4, 0x05, 0x38, 0x04, 0x58, 0x02, 0x40, 0x00, 0x74, 0xfe, 0x38, 0xfd,
  0x84, 0xfc, 0x54, 0xfc, 0x88, 0xfc, 0x20, 0xfd, 0x38, 0xfe, 0xd4, 0xff,
  0xc8, 0x01, 0xec, 0x03, 0x10, 0x06, 0xd8, 0x07, 0x20, 0x09, 0xe8, 0x09,
  0x5c, 0x0a, 0xac, 0x0a, 0xc4, 0x0a, 0xbc, 0x0a, 0x94, 0x0a, 0x38, 0x0a,
  0xc8, 0x09, 0x74, 0x09, 0x6c, 0x09, 0xb4, 0x09, 0x08, 0x0a, 0x0c, 0x0a,
  0x80, 0x09, 0xa4, 0x08, 0xb4, 0x07, 0xfc, 0x06, 0x98, 0x06, 0x54, 0x06,
  0x30, 0x06, 0x10, 0x06, 0xec, 0x05, 0x00, 0x06, 0x98, 0x06, 0xac, 0x07,
  0xe4, 0x08, 0xe0, 0x09, 0x74, 0x0a, 0x8c, 0x0a, 0x54, 0x0a, 0xf8, 0x09,
  0x88, 0x09, 0x34, 0x09, 0xd8, 0x08, 0x24, 0x08, 0xfc, 0x06, 0x88, 0x05,
  0x30, 0x04, 0x14, 0x03, 0x4c, 0x02, 0xd0, 0x01, 0x3c, 0x01, 0x4c, 0x00,
  0x20, 0xff, 0x18, 0xfe, 0x64, 0xfd, 0x38, 0xfd, 0xa0, 0xfd, 0x98, 0xfe,
  0xf4, 0xff, 0x70, 0x01, 0x08, 0x03, 0xd8, 0x04, 0xc8, 0x06, 0x8c, 0x08,
  0xd8, 0x09, 0x64, 0x0a, 0x34, 0x0a, 0x5c, 0x09, 0x28, 0x08, 0xc4, 0x06,
  0x38, 0x05, 0x98, 0x03, 0xd8, 0x01, 0x08, 0x00, 0x54, 0xfe, 0xdc, 0xfc,
  0xd4, 0xfb, 0x1c, 0xfb, 0x98, 0xfa, 0xe4, 0xf9, 0xa8, 0xf8, 0x20, 0xf7,
  0xbc, 0xf5, 0x90, 0xf4, 0x88, 0xf3, 0xbc, 0xf2, 0x28, 0xf2, 0xac, 0xf1,
  0x4c, 0xf1, 0x68, 0xf1, 0x54, 0xf2, 0xd0, 0xf3, 0x7c, 0xf5, 0x10, 0xf7,
  0x40, 0xf8, 0x1c, 0xf9, 0xe0, 0xf9, 0xa4, 0xfa, 0x78, 0xfb, 0x28, 0xfc,
  0x50, 0xfc, 0x94, 0xfb, 0x60, 0xfa, 0x30, 0xf9, 0x40, 0xf8, 0xc4, 0xf7,
  0x74, 0xf7, 0xf0, 0xf6, 0xfc, 0xf5, 0xbc, 0xf4, 0xb8, 0xf3, 0x18, 0xf3,
  0xf0, 0xf2, 0x34, 0xf3, 0xa8, 0xf3, 0x2c, 0xf4, 0xa4, 0xf4, 0x14, 0xf5,
  0xa8, 0xf5, 0x94, 0xf6, 0xc0, 0xf7, 0xdc, 0xf8, 0x44, 0xf9, 0xd0, 0xf8,
  0x04, 0xf8, 0x64, 0xf7, 0x3c, 0xf7, 0x78, 0xf7, 0xf4, 0xf7, 0xa8, 0xf8,
  0x60, 0xf9, 0x18, 0xfa, 0xe8, 0xfa, 0xf8, 0xfb, 0x54, 0xfd, 0xc4, 0xfe,
  0x08, 0x00, 0xe0, 0x00, 0x4c, 0x01, 0x70, 0x01, 0x50, 0x01, 0xe8, 0x00,
  0x84, 0x00, 0x6c, 0x00, 0x80, 0x00, 0x60, 0x00, 0x0c, 0x00, 0xdc, 0xff,
  0xe4, 0xff, 0xf0, 0xff, 0xe4, 0xff, 0xa8, 0xff, 0x3c, 0xff, 0xf4, 0xfe,
  0xfc, 0xfe, 0x70, 0xff, 0x64, 0x00, 0xa0, 0x01, 0x04, 0x03, 0x5c, 0x04,
  0x7c, 0x05, 0x74, 0x06, 0x2c, 0x07, 0xb8, 0x07, 0x2c, 0x08, 0x30, 0x08,
  0x84, 0x07, 0x24, 0x06, 0x58, 0x04, 0x7c, 0x02, 0xd0, 0x00, 0x64, 0xff,
  0x0c, 0xfe, 0xd4, 0xfc, 0xdc, 0xfb, 0x44, 0xfb, 0x78, 0xfb, 0x7c, 0xfc,
  0xf0, 0xfd, 0x8c, 0xff, 0x04, 0x01, 0x54, 0x02, 0x78, 0x03, 0x7c, 0x04,
  0xbc, 0x05, 0x34, 0x07, 0xa0, 0x08, 0xac, 0x09, 0x38, 0x0a, 0x64, 0x0a,
  0x68, 0x0a, 0x94, 0x0a, 0x10, 0x0b, 0x98, 0x0b, 0xe0, 0x0b, 0x8c, 0x0b,
  0x90, 0x0a, 0x24, 0x09, 0x7c, 0x07, 0x08, 0x06, 0xd8, 0x04, 0xac, 0x03,
  0x58, 0x02, 0xe8, 0x00, 0xac, 0xff, 0xf8, 0xfe, 0xf4, 0xfe, 0x80, 0xff,
  0x24, 0x00, 0x98, 0x00, 0xd8, 0x00, 0x04, 0x01, 0x34, 0x01, 0xb0, 0x01,
  0xb4, 0x02, 0x04, 0x04, 0x24, 0x05, 0xdc, 0x05, 0x28, 0x06, 0x34, 0x06,
  0x38, 0x06, 0x4c, 0x06, 0x3c, 0x06, 0xe4, 0x05, 0x28, 0x05, 0x20, 0x04,
  0xe0, 0x02, 0x90, 0x01, 0x78, 0x00, 0xb0, 0xff, 0x1c, 0xff, 0xb0, 0xfe,
  0x58, 0xfe, 0x38, 0xfe, 0x90, 0xfe, 0x6c, 0xff, 0x9c, 0x00, 0x84, 0x01,
  0xb8, 0x01, 0x88, 0x01, 0x44, 0x01, 0x34, 0x01, 0x88, 0x01, 0x40, 0x02,
  0x28, 0x03, 0xe8, 0x03, 0x4c, 0x04, 0x68, 0x04, 0x78, 0x04, 0xd0, 0x04,
  0x94, 0x05, 0x5c, 0x06, 0xc0, 0x06, 0x80, 0x06, 0xb8, 0x05, 0xb8, 0x04,
  0xdc, 0x03, 0x24, 0x03, 0x78, 0x02, 0xd4, 0x01, 0x1c, 0x01, 0x7c, 0x00,
  0x0c, 0x00, 0x00, 0x00, 0x60, 0x00, 0xe0, 0x00, 0x4c, 0x01, 0x50, 0x01,
  0xc4, 0x00, 0x00, 0x00, 0x4c, 0xff, 0xd4, 0xfe, 0x7c, 0xfe, 0x1c, 0xfe,
  0x88, 0xfd, 0xbc, 0xfc, 0xc8, 0xfb, 0xd4, 0xfa, 0x28, 0xfa, 0xbc, 0xf9,
  0x84, 0xf9, 0x20, 0xf9, 0x54, 0xf8, 0x78, 0xf7, 0xcc, 0xf6, 0x5c, 0xf6,
  0x24, 0xf6, 0x08, 0xf6, 0x18, 0xf6, 0x70, 0xf6, 0x38, 0xf7, 0x84, 0xf8,
  0x50, 0xfa, 0x88, 0xfc, 0xb8, 0xfe, 0x08, 0x00, 0x10, 0x00, 0x4c, 0xff,
  0x08, 0xfe, 0x5c, 0xfc, 0xa4, 0xfa, 0xf8, 0xf8, 0x70, 0xf7, 0xf8, 0xf5,
  0xa4, 0xf4, 0x90, 0xf3, 0xe8, 0xf2, 0xe8, 0xf2, 0x6c, 0xf3, 0x24, 0xf4,
  0xe0, 0xf4, 0x9c, 0xf5, 0x8c, 0xf6, 0x90, 0xf7, 0x98, 0xf8, 0xa4, 0xf9,
  0x9c, 0xfa, 0x38, 0xfb, 0x64, 0xfb, 0x74, 0xfb, 0xac, 0xfb, 0x28, 0xfc,
  0xf0, 0xfc, 0xb8, 0xfd, 0x28, 0xfe, 0x3c, 0xfe, 0x40, 0xfe, 0x78, 0xfe,
  0xe8, 0xfe, 0x80, 0xff, 0x14, 0x00, 0x54, 0x00, 0x3c, 0x00, 0xe0, 0xff,
  0x74, 0xff, 0x4c, 0xff, 0x7c, 0xff, 0xac, 0xff, 0x84, 0xff, 0x1c, 0xff,
  0x98, 0xfe, 0x4c, 0xfe, 0x74, 0xfe, 0xec, 0xfe, 0x7c, 0xff, 0xf8, 0xff,
  0x88, 0x00, 0x64, 0x01, 0xcc, 0x02, 0xc4, 0x04, 0xe8, 0x06, 0xe4, 0x08,
  0x0c, 0x0a, 0x1c, 0x0a, 0x60, 0x09, 0x40, 0x08, 0x24, 0x07, 0x50, 0x06,
  0xa0, 0x05, 0xb0, 0x04, 0x50, 0x03, 0xf4, 0x01, 0x00, 0x01, 0x80, 0x00,
  0xa0, 0x00, 0x6c, 0x01, 0x88, 0x02, 0x84, 0x03, 0x58, 0x04, 0x38, 0x05,
  0x20, 0x06, 0xf4, 0x06, 0x7c, 0x07, 0xa8, 0x07, 0x60, 0x07, 0x94, 0x06,
  0xb0, 0x05, 0x00, 0x05, 0xb4, 0x04, 0xb0, 0x04, 0x98, 0x04, 0x38, 0x04,
  0x74, 0x03, 0x64, 0x02, 0x38, 0x01, 0x5c, 0x00, 0x30, 0x00, 0x88, 0x00,
  0x10, 0x01, 0x88, 0x01, 0xb8, 0x01, 0x84, 0x01, 0x44, 0x01, 0x60, 0x01,
  0xbc, 0x01, 0x14, 0x02, 0x48, 0x02, 0x58, 0x02, 0x10, 0x02, 0xa0, 0x01,
  0x54, 0x01, 0x34, 0x01, 0x1c, 0x01, 0xe0, 0x00, 0x80, 0x00, 0x00, 0x00,
  0xc0, 0xff, 0xf8, 0xff, 0x9c, 0x00, 0x80, 0x01, 0x54, 0x02, 0xe4, 0x02,
  0x00, 0x03, 0xbc, 0x02, 0x70, 0x02, 0x6c, 0x02, 0xb0, 0x02, 0xf8, 0x02,
  0x10, 0x03, 0xe4, 0x02, 0x7c, 0x02, 0x08, 0x02, 0xd4, 0x01, 0x00, 0x02,
  0x44, 0x02, 0xf0, 0x01, 0xcc, 0x00, 0x28, 0xff, 0x74, 0xfd, 0xf0, 0xfb,
  0xc4, 0xfa, 0x08, 0xfa, 0x9c, 0xf9, 0x58, 0xf9, 0x5c, 0xf9, 0xd8, 0xf9,
  0xcc, 0xfa, 0x18, 0xfc, 0x64, 0xfd, 0x9c, 0xfe, 0xc8, 0xff, 0xcc, 0x00,
  0xe8, 0x01, 0x54, 0x03, 0xe8, 0x04, 0x48, 0x06, 0x2c, 0x07, 0xa8, 0x07,
  0xbc, 0x07, 0x54, 0x07, 0xc8, 0x06, 0x48, 0x06, 0xa4, 0x05, 0x8c, 0x04,
  0x20, 0x03, 0xb0, 0x01, 0x1c, 0x00, 0x98, 0xfe, 0x78, 0xfd, 0xac, 0xfc,
  0x18, 0xfc, 0xb4, 0xfb, 0xa8, 0xfb, 0xe4, 0xfb, 0x58, 0xfc, 0x38, 0xfd,
  0x34, 0xfe, 0x10, 0xff, 0x8c, 0xff, 0x6c, 0xff, 0x04, 0xff, 0xac, 0xfe,
  0xa8, 0xfe, 0xe0, 0xfe, 0x34, 0xff, 0xa8, 0xff, 0x20, 0x00, 0x7c, 0x00,
  0xc0, 0x00, 0xfc, 0x00, 0x38, 0x01, 0x9c, 0x01, 0x40, 0x02, 0xfc, 0x02,
  0x7c, 0x03, 0xa0, 0x03, 0xa8, 0x03, 0xa4, 0x03, 0x90, 0x03, 0x5c, 0x03,
  0xc0, 0x02, 0xbc, 0x01, 0x98, 0x00, 0xec, 0xff, 0xd0, 0xff, 0x14, 0x00,
  0xa4, 0x00, 0x44, 0x01, 0x94, 0x01, 0x74, 0x01, 0x18, 0x01, 0xcc, 0x00,
  0x88, 0x00, 0x60, 0x00, 0x38, 0x00, 0xec, 0xff, 0x64, 0xff, 0xc8, 0xfe,
  0x4c, 0xfe, 0xf0, 0xfd, 0x98, 0xfd, 0x04, 0xfd, 0x28, 0xfc, 0xcc, 0xfa,
  0x04, 0xf9, 0xc4, 0xf7, 0x6c, 0xf7, 0x9c, 0xf7, 0x24, 0xf8, 0xe8, 0xf8,
  0xb8, 0xf9, 0xa4, 0xfa, 0x30, 0xfc, 0x64, 0xfe, 0xc0, 0x00, 0xdc, 0x02,
  0x10, 0x04, 0x20, 0x04, 0xa4, 0x03, 0x1c, 0x03, 0x94, 0x02, 0x08, 0x02,
  0x58, 0x01, 0x4c, 0x00, 0xe8, 0xfe, 0x78, 0xfd, 0x30, 0xfc, 0x54, 0xfb,
  0x38, 0xfb, 0xcc, 0xfb, 0x80, 0xfc, 0xe4, 0xfc, 0xdc, 0xfc, 0x8c, 0xfc,
  0x64, 0xfc, 0x94, 0xfc, 0xe8, 0xfc, 0x44, 0xfd, 0x68, 0xfd, 0x48, 0xfd,
  0x60, 0xfd, 0xf0, 0xfd, 0xd0, 0xfe, 0xc0, 0xff, 0x64, 0x00, 0x58, 0x00,
  0x94, 0xff, 0xa8, 0xfe, 0x08, 0xfe, 0xc8, 0xfd, 0xf4, 0xfd, 0x40, 0xfe,
  0x70, 0xfe, 0x94, 0xfe, 0xac, 0xfe, 0xcc, 0xfe, 0x18, 0xff, 0x70, 0xff,
  0xc4, 0xff, 0x40, 0x00, 0xbc, 0x00, 0xf4, 0x00, 0x34, 0x01, 0xc4, 0x01,
  0x58, 0x02, 0xb8, 0x02, 0xf8, 0x02, 0xec, 0x02, 0xc0, 0x02, 0xec, 0x02,
  0x8c, 0x03, 0x84, 0x04, 0x94, 0x05, 0x70, 0x06, 0xb4, 0x06, 0x48, 0x06,
  0x70, 0x05, 0x6c, 0x04, 0xb8, 0x03, 0x40, 0x03, 0xb8, 0x02, 0x58, 0x02,
  0x30, 0x02, 0x04, 0x02, 0xe4, 0x01, 0xfc, 0x01, 0x28, 0x02, 0x48, 0x02,
  0x78, 0x02, 0xac, 0x02, 0xc0, 0x02, 0xec, 0x02, 0x74, 0x03, 0x18, 0x04,
  0x54, 0x04, 0xec, 0x03, 0xe0, 0x02, 0x64, 0x01, 0xf0, 0xff, 0xe8, 0xfe,
  0xfc, 0xfd, 0x14, 0xfd, 0x50, 0xfc, 0x98, 0xfb, 0xfc, 0xfa, 0x9c, 0xfa,
  0x88, 0xfa, 0xb8, 0xfa, 0xe0, 0xfa, 0xd0, 0xfa, 0x90, 0xfa, 0x58, 0xfa,
  0x40, 0xfa, 0x70, 0xfa, 0xcc, 0xfa, 0xec, 0xfa, 0xbc, 0xfa, 0x58, 0xfa,
  0x90, 0xf9, 0x74, 0xf8, 0x90, 0xf7, 0x3c, 0xf7, 0x24, 0xf7, 0x08, 0xf7,
  0xe8, 0xf6, 0xb0, 0xf6, 0x80, 0xf6, 0xdc, 0xf6, 0xe0, 0xf7, 0x38, 0xf9,
  0x8c, 0xfa, 0x90, 0xfb, 0x10, 0xfc, 0x2c, 0xfc, 0x2c, 0xfc, 0x60, 0xfc,
  0xe0, 0xfc, 0x54, 0xfd, 0x90, 0xfd, 0x9c, 0xfd, 0x78, 0xfd, 0x48, 0xfd,
  0x48, 0xfd, 0xb0, 0xfd, 0x60, 0xfe, 0x1c, 0xff, 0xb4, 0xff, 0xf8, 0xff,
  0xf0, 0xff, 0xd0, 0xff, 0xd4, 0xff, 0xe8, 0xff, 0xf0, 0xff, 0xd8, 0xff,
  0x6c, 0xff, 0xe8, 0xfe, 0xf8, 0xfe, 0xe4, 0xff, 0x50, 0x01, 0xbc, 0x02,
  0xec, 0x03, 0x9c, 0x04, 0xd0, 0x04, 0x1c, 0x05, 0xcc, 0x05, 0x98, 0x06,
  0x48, 0x07, 0x18, 0x08, 0x08, 0x09, 0xa8, 0x09, 0xf8, 0x09, 0x20, 0x0a,
  0x04, 0x0a, 0x94, 0x09, 0x08, 0x09, 0x78, 0x08, 0xb0, 0x07, 0xd4, 0x06,
  0x38, 0x06, 0xc4, 0x05, 0x84, 0x05, 0x60, 0x05, 0x4c, 0x05, 0x40, 0x05,
  0x4c, 0x05, 0xcc, 0x05, 0xb8, 0x06, 0xd0, 0x07, 0xd4, 0x08, 0x8c, 0x09,
  0x00, 0x0a, 0x4c, 0x0a, 0x80, 0x0a, 0xa8, 0x0a, 0x94, 0x0a, 0x74, 0x0a,
  0x54, 0x0a, 0x08, 0x0a, 0xa4, 0x09, 0x54, 0x09, 0x14, 0x09, 0xc8, 0x08,
  0x64, 0x08, 0x04, 0x08, 0x80, 0x07, 0xe8, 0x06, 0xb0, 0x06, 0xc4, 0x06,
  0xf0, 0x06, 0x18, 0x07, 0x10, 0x07, 0xa4, 0x06, 0xbc, 0x05, 0x7c, 0x04,
  0x24, 0x03, 0xf0, 0x01, 0xec, 0x00, 0xd4, 0xff, 0x60, 0xfe, 0xc0, 0xfc,
  0x3c, 0xfb, 0xf8, 0xf9, 0x10, 0xf9, 0x78, 0xf8, 0xf4, 0xf7, 0x78, 0xf7,
  0x2c, 0xf7, 0x00, 0xf7, 0x14, 0xf7, 0x54, 0xf7, 0x6c, 0xf7, 0x7c, 0xf7,
  0x7c, 0xf7, 0x54, 0xf7, 0x30, 0xf7, 0x40, 0xf7, 0x84, 0xf7, 0xd0, 0xf7,
  0x44, 0xf8, 0x9c, 0xf8, 0x9c, 0xf8, 0xe0, 0xf8, 0xa8, 0xf9, 0xb8, 0xfa,
  0xfc, 0xfb, 0x48, 0xfd, 0x40, 0xfe, 0x8c, 0xfe, 0x4c, 0xfe, 0x9c, 0xfd,
  0x88, 0xfc, 0x3c, 0xfb, 0xdc, 0xf9, 0x98, 0xf8, 0x7c, 0xf7, 0x60, 0xf6,
  0x70, 0xf5, 0xfc, 0xf4, 0xe0, 0xf4, 0xf8, 0xf4, 0x5c, 0xf5, 0xf8, 0xf5,
  0x7c, 0xf6, 0xcc, 0xf6, 0x3c, 0xf7, 0xc4, 0xf7, 0x40, 0xf8, 0xe0, 0xf8,
  0x80, 0xf9, 0xbc, 0xf9, 0xe0, 0xf9, 0x64, 0xfa, 0x2c, 0xfb, 0xe0, 0xfb,
  0x5c, 0xfc, 0xb0, 0xfc, 0xbc, 0xfc, 0x94, 0xfc, 0x70, 0xfc, 0x60, 0xfc,
  0x38, 0xfc, 0xe0, 0xfb, 0x74, 0xfb, 0x04, 0xfb, 0xac, 0xfa, 0xac, 0xfa,
  0x10, 0xfb, 0xa0, 0xfb, 0x30, 0xfc, 0xb4, 0xfc, 0x08, 0xfd, 0x1c, 0xfd,
  0x3c, 0xfd, 0xcc, 0xfd, 0xcc, 0xfe, 0xfc, 0xff, 0x24, 0x01, 0xfc, 0x01,
  0x80, 0x02, 0xf0, 0x02, 0x68, 0x03, 0xf0, 0x03, 0x74, 0x04, 0xd4, 0x04,
  0xe8, 0x04, 0x80, 0x04, 0xf4, 0x03, 0xb0, 0x03, 0x80, 0x03, 0x38, 0x03,
  0xd8, 0x02, 0x64, 0x02, 0xd8, 0x01, 0x70, 0x01, 0x88, 0x01, 0xf0, 0x01,
  0x60, 0x02, 0x30, 0x03, 0x6c, 0x04, 0x84, 0x05, 0x40, 0x06, 0x00, 0x07,
  0xe8, 0x07, 0xb0, 0x08, 0x70, 0x09, 0x14, 0x0a, 0x4c, 0x0a, 0x34, 0x0a,
  0x30, 0x0a, 0x44, 0x0a, 0xf4, 0x09, 0x68, 0x09, 0xd0, 0x08, 0x20, 0x08,
  0x64, 0x07, 0xdc, 0x06, 0xe4, 0x06, 0x48, 0x07, 0xdc, 0x07, 0xa8, 0x08,
  0x74, 0x09, 0xec, 0x09, 0x14, 0x0a, 0x40, 0x0a, 0x44, 0x0a, 0xe0, 0x09,
  0x34, 0x09, 0x48, 0x08, 0x30, 0x07, 0x08, 0x06, 0xb4, 0x04, 0x18, 0x03,
  0x54, 0x01, 0xb4, 0xff, 0x70, 0xfe, 0x78, 0xfd, 0xd4, 0xfc, 0xa0, 0xfc,
  0xf0, 0xfc, 0xa4, 0xfd, 0x88, 0xfe, 0x88, 0xff, 0x8c, 0x00, 0x70, 0x01,
  0x28, 0x02, 0xa4, 0x02, 0xbc, 0x02, 0x7c, 0x02, 0x1c, 0x02, 0xb0, 0x01,
  0x18, 0x01, 0x44, 0x00, 0x48, 0xff, 0xf0, 0xfd, 0x58, 0xfc, 0xe0, 0xfa,
  0x54, 0xf9, 0x94, 0xf7, 0xe4, 0xf5, 0x90, 0xf4, 0xac, 0xf3, 0x28, 0xf3,
  0x1c, 0xf3, 0x28, 0xf3, 0x08, 0xf3, 0x38, 0xf3, 0xf4, 0xf3, 0x04, 0xf5,
  0x58, 0xf6, 0x04, 0xf8, 0xc8, 0xf9, 0x50, 0xfb, 0x90, 0xfc, 0xa4, 0xfd,
  0xb0, 0xfe, 0xbc, 0xff, 0xbc, 0x00, 0xa0, 0x01, 0x20, 0x02, 0x44, 0x02,
  0x5c, 0x02, 0x78, 0x02, 0x4c, 0x02, 0xe8, 0x01, 0x58, 0x01, 0x78, 0x00,
  0x24, 0xff, 0xbc, 0xfd, 0x88, 0xfc, 0x7c, 0xfb, 0xf4, 0xfa, 0x00, 0xfb,
  0x34, 0xfb, 0x80, 0xfb, 0x24, 0xfc, 0x14, 0xfd, 0xec, 0xfd, 0xc8, 0xfe,
  0xd8, 0xff, 0xc4, 0x00, 0x68, 0x01, 0x14, 0x02, 0xb8, 0x02, 0x34, 0x03,
  0xc4, 0x03, 0x7c, 0x04, 0xf8, 0x04, 0x1c, 0x05, 0x48, 0x05, 0x94, 0x05,
  0xd0, 0x05, 0x08, 0x06, 0x64, 0x06, 0xe0, 0x06, 0x28, 0x07, 0x48, 0x07,
  0x3c, 0x07, 0xe4, 0x06, 0x64, 0x06, 0xe0, 0x05, 0x80, 0x05, 0x20, 0x05,
  0xc8, 0x04, 0xb0, 0x04, 0xb4, 0x04, 0xb4, 0x04, 0xe4, 0x04, 0x58, 0x05,
  0xf0, 0x05, 0x88, 0x06, 0x18, 0x07, 0x84, 0x07, 0xb4, 0x07, 0xc8, 0x07,
  0xe4, 0x07, 0xf8, 0x07, 0xe4, 0x07, 0xb8, 0x07, 0x50, 0x07, 0x78, 0x06,
  0x1c, 0x05, 0x74, 0x03, 0xcc, 0x01, 0x1c, 0x00, 0x94, 0xfe, 0x50, 0xfd,
  0x3c, 0xfc, 0x5c, 0xfb, 0xc4, 0xfa, 0x7c, 0xfa, 0x64, 0xfa, 0x70, 0xfa,
  0xa8, 0xfa, 0x00, 0xfb, 0x64, 0xfb, 0xd0, 0xfb, 0x40, 0xfc, 0x90, 0xfc,
  0xb0, 0xfc, 0xbc, 0xfc, 0x9c, 0xfc, 0x10, 0xfc, 0x38, 0xfb, 0x5c, 0xfa,
  0x94, 0xf9, 0x00, 0xf9, 0xa4, 0xf8, 0x80, 0xf8, 0x80, 0xf8, 0xac, 0xf8,
  0x2c, 0xf9, 0xe4, 0xf9, 0x7c, 0xfa, 0xcc, 0xfa, 0x08, 0xfb, 0x40, 0xfb,
  0x50, 0xfb, 0x30, 0xfb, 0xec, 0xfa, 0xa4, 0xfa, 0x60, 0xfa, 0x1c, 0xfa,
  0xb0, 0xf9, 0x00, 0xf9, 0x44, 0xf8, 0x9c, 0xf7, 0xf8, 0xf6, 0x5c, 0xf6,
  0xec, 0xf5, 0xb8, 0xf5, 0xdc, 0xf5, 0x58, 0xf6, 0xdc, 0xf6, 0x44, 0xf7,
  0xe0, 0xf7, 0xdc, 0xf8, 0x10, 0xfa, 0x30, 0xfb, 0x30, 0xfc, 0x10, 0xfd,
  0xb4, 0xfd, 0x3c, 0xfe, 0xa0, 0xfe, 0xc0, 0xfe, 0xb4, 0xfe, 0xac, 0xfe,
  0xc8, 0xfe, 0xd8, 0xfe, 0xe4, 0xfe, 0x40, 0xff, 0xe8, 0xff, 0xa4, 0x00,
  0x58, 0x01, 0xe0, 0x01, 0xfc, 0x01, 0xbc, 0x01, 0x54, 0x01, 0xdc, 0x00,
  0x5c, 0x00, 0x00, 0x00, 0xd8, 0xff, 0xc4, 0xff, 0xd8, 0xff, 0x28, 0x00,
  0x88, 0x00, 0xc8, 0x00, 0xec, 0x00, 0x44, 0x01, 0xe0, 0x01, 0xa8, 0x02,
  0x84, 0x03, 0x50, 0x04, 0x30, 0x05, 0x0c, 0x06, 0xd8, 0x06, 0x68, 0x07,
  0xa4, 0x07, 0xc0, 0x07, 0xc4, 0x07, 0x9c, 0x07, 0x34, 0x07, 0xcc, 0x06,
  0x84, 0x06, 0x14, 0x06, 0x8c, 0x05, 0x00, 0x05, 0x48, 0x04, 0x60, 0x03,
  0xa0, 0x02, 0x44, 0x02, 0x50, 0x02, 0xdc, 0x02, 0xd0, 0x03, 0xcc, 0x04,
  0x78, 0x05, 0xd4, 0x05, 0xe8, 0x05, 0xd4, 0x05, 0xa0, 0x05, 0x40, 0x05,
  0xe8, 0x04, 0xac, 0x04, 0x84, 0x04, 0x70, 0x04, 0x3c, 0x04, 0xec, 0x03,
  0x9c, 0x03, 0x74, 0x03, 0x64, 0x03, 0x50, 0x03, 0x60, 0x03, 0x90, 0x03,
  0xc8, 0x03, 0x3c, 0x04, 0xec, 0x04, 0xbc, 0x05, 0x98, 0x06, 0x70, 0x07,
  0x3c, 0x08, 0xd0, 0x08, 0x20, 0x09, 0x44, 0x09, 0x34, 0x09, 0xe8, 0x08,
  0x64, 0x08, 0xb0, 0x07, 0xb0, 0x06, 0x88, 0x05, 0x4c, 0x04, 0xdc, 0x02,
  0x14, 0x01, 0x24, 0xff, 0x48, 0xfd, 0xcc, 0xfb, 0xec, 0xfa, 0xb4, 0xfa,
  0xec, 0xfa, 0x48, 0xfb, 0xc8, 0xfb, 0x74, 0xfc, 0x10, 0xfd, 0x84, 0xfd,
  0x10, 0xfe, 0xc0, 0xfe, 0x88, 0xff, 0x70, 0x00, 0x58, 0x01, 0x24, 0x02,
  0xbc, 0x02, 0x28, 0x03, 0x48, 0x03, 0xfc, 0x02, 0x64, 0x02, 0x70, 0x01,
  0x44, 0x00, 0xf4, 0xfe, 0x8c, 0xfd, 0x1c, 0xfc, 0x98, 0xfa, 0x24, 0xf9,
  0xec, 0xf7, 0xe8, 0xf6, 0x0c, 0xf6, 0x70, 0xf5, 0x18, 0xf5, 0x24, 0xf5,
  0xb8, 0xf5, 0xbc, 0xf6, 0x1c, 0xf8, 0x84, 0xf9, 0x94, 0xfa, 0x3c, 0xfb,
  0x44, 0xfb, 0xcc, 0xfa, 0x4c, 0xfa, 0x08, 0xfa, 0x04, 0xfa, 0x3c, 0xfa,
  0xa4, 0xfa, 0x24, 0xfb, 0x98, 0xfb, 0xf8, 0xfb, 0x2c, 0xfc, 0x2c, 0xfc,
  0x04, 0xfc, 0xc8, 0xfb, 0xb4, 0xfb, 0xf0, 0xfb, 0x58, 0xfc, 0xd4, 0xfc,
  0x54, 0xfd, 0xcc, 0xfd, 0x2c, 0xfe, 0x78, 0xfe, 0x88, 0xfe, 0x64, 0xfe,
  0x38, 0xfe, 0x20, 0xfe, 0x28, 0xfe, 0x4c, 0xfe, 0x90, 0xfe, 0xd8, 0xfe,
  0x30, 0xff, 0xbc, 0xff, 0x38, 0x00, 0x94, 0x00, 0xdc, 0x00, 0x20, 0x01,
  0x6c, 0x01, 0xa8, 0x01, 0xb8, 0x01, 0x5c, 0x01, 0xa0, 0x00, 0xcc, 0xff,
  0xc8, 0xfe, 0x98, 0xfd, 0x74, 0xfc, 0x78, 0xfb, 0xa8, 0xfa, 0x24, 0xfa,
  0x08, 0xfa, 0x48, 0xfa, 0xdc, 0xfa, 0xb0, 0xfb, 0xd8, 0xfc, 0x34, 0xfe,
  0xb4, 0xff, 0x50, 0x01, 0xec, 0x02, 0x6c, 0x04, 0xac, 0x05, 0x7c, 0x06,
  0xb4, 0x06, 0x64, 0x06, 0xa8, 0x05, 0xb4, 0x04, 0xcc, 0x03, 0xec, 0x02,
  0xf4, 0x01, 0xe8, 0x00, 0xf0, 0xff, 0x10, 0xff, 0x4c, 0xfe, 0xb4, 0xfd,
  0x5c, 0xfd, 0x48, 0xfd, 0x50, 0xfd, 0x7c, 0xfd, 0xb0, 0xfd, 0xc8, 0xfd,
  0xdc, 0xfd, 0xd0, 0xfd, 0xa8, 0xfd, 0x80, 0xfd, 0x64, 0xfd, 0x68, 0xfd,
  0x68, 0xfd, 0x5c, 0xfd, 0x14, 0xfd, 0x8c, 0xfc, 0xf8, 0xfb, 0x5c, 0xfb,
  0xb8, 0xfa, 0x40, 0xfa, 0x48, 0xfa, 0x10, 0xfb, 0x7c, 0xfc, 0x08, 0xfe,
  0x4c, 0xff, 0x20, 0x00, 0x80, 0x00, 0xa8, 0x00, 0xd8, 0x00, 0x2c, 0x01,
  0xb4, 0x01, 0x78, 0x02, 0x6c, 0x03, 0x68, 0x04, 0x48, 0x05, 0xf4, 0x05,
  0x68, 0x06, 0xb8, 0x06, 0xe8, 0x06, 0xdc, 0x06, 0xa8, 0x06, 0x74, 0x06,
  0x40, 0x06, 0xfc, 0x05, 0x9c, 0x05, 0x24, 0x05, 0x78, 0x04, 0xb0, 0x03,
  0x14, 0x03, 0x08, 0x03, 0xb4, 0x03, 0xfc, 0x04, 0x78, 0x06, 0xe8, 0x07,
  0x54, 0x09, 0x70, 0x0a, 0x1c, 0x0b, 0x98, 0x0b, 0xd4, 0x0b, 0xc4, 0x0b,
  0x78, 0x0b, 0x00, 0x0b, 0x98, 0x0a, 0x74, 0x0a, 0x8c, 0x0a, 0x80, 0x0a,
  0x20, 0x0a, 0x7c, 0x09, 0xa4, 0x08, 0xb8, 0x07, 0xe4, 0x06, 0x38, 0x06,
  0xc8, 0x05, 0xa4, 0x05, 0xe8, 0x05, 0x70, 0x06, 0xf4, 0x06, 0x68, 0x07,
  0xc8, 0x07, 0x08, 0x08, 0x00, 0x08, 0x9c, 0x07, 0xfc, 0x06, 0x24, 0x06,
  0x3c, 0x05, 0x50, 0x04, 0x50, 0x03, 0x58, 0x02, 0x48, 0x01, 0x24, 0x00,
  0xf4, 0xfe, 0xe8, 0xfd, 0x5c, 0xfd, 0x24, 0xfd, 0x18, 0xfd, 0x4c, 0xfd,
  0xa8, 0xfd, 0xf8, 0xfd, 0x30, 0xfe, 0x64, 0xfe, 0x74, 0xfe, 0x50, 0xfe,
  0xd8, 0xfd, 0x10, 0xfd, 0x3c, 0xfc, 0x88, 0xfb, 0x0c, 0xfb, 0xec, 0xfa,
  0xec, 0xfa, 0xe0, 0xfa, 0xc0, 0xfa, 0x8c, 0xfa, 0x58, 0xfa, 0x1c, 0xfa,
  0xec, 0xf9, 0xbc, 0xf9, 0x70, 0xf9, 0x20, 0xf9, 0x90, 0xf8, 0xa4, 0xf7,
  0x90, 0xf6, 0x9c, 0xf5, 0xa4, 0xf4, 0xac, 0xf3, 0x04, 0xf3, 0xd4, 0xf2,
  0x20, 0xf3, 0xf4, 0xf3, 0x2c, 0xf5, 0x6c, 0xf6, 0xa4, 0xf7, 0xd0, 0xf8,
  0xec, 0xf9, 0x0c, 0xfb, 0x30, 0xfc, 0x44, 0xfd, 0x4c, 0xfe, 0x50, 0xff,
  0x08, 0x00, 0x48, 0x00, 0x10, 0x00, 0x54, 0xff, 0x24, 0xfe, 0x90, 0xfc,
  0xb8, 0xfa, 0xc0, 0xf8, 0xdc, 0xf6, 0x38, 0xf5, 0xd4, 0xf3, 0x00, 0xf3,
  0xe8, 0xf2, 0x48, 0xf3, 0xf4, 0xf3, 0xd8, 0xf4, 0xdc, 0xf5, 0xec, 0xf6,
  0x20, 0xf8, 0x4c, 0xf9, 0x48, 0xfa, 0x2c, 0xfb, 0xfc, 0xfb, 0xb0, 0xfc,
  0x60, 0xfd, 0xfc, 0xfd, 0x7c, 0xfe, 0x14, 0xff, 0xa8, 0xff, 0x24, 0x00,
  0x90, 0x00, 0xec, 0x00, 0x1c, 0x01, 0x28, 0x01, 0x2c, 0x01, 0x04, 0x01,
  0xa0, 0x00, 0x2c, 0x00, 0xa0, 0xff, 0x04, 0xff, 0x88, 0xfe, 0x2c, 0xfe,
  0x04, 0xfe, 0x14, 0xfe, 0x54, 0xfe, 0xcc, 0xfe, 0x64, 0xff, 0x18, 0x00,
  0xa4, 0x00, 0x00, 0x01, 0x60, 0x01, 0xb0, 0x01, 0x18, 0x02, 0xb4, 0x02,
  0x78, 0x03, 0x44, 0x04, 0xec, 0x04, 0x4c, 0x05, 0x5c, 0x05, 0x40, 0x05,
  0x1c, 0x05, 0xdc, 0x04, 0x9c, 0x04, 0x58, 0x04, 0xf4, 0x03, 0x4c, 0x03,
  0x6c, 0x02, 0x80, 0x01, 0xc4, 0x00, 0x90, 0x00, 0xd8, 0x00, 0x68, 0x01,
  0x28, 0x02, 0x04, 0x03, 0xe0, 0x03, 0xc4, 0x04, 0xac, 0x05, 0x74, 0x06,
  0x1c, 0x07, 0x78, 0x07, 0x60, 0x07, 0xfc, 0x06, 0xa0, 0x06, 0x8c, 0x06,
  0xf8, 0x06, 0xc4, 0x07, 0x98, 0x08, 0x24, 0x09, 0x78, 0x09, 0xa8, 0x09,
  0xa8, 0x09, 0x9c, 0x09, 0x7c, 0x09, 0x38, 0x09, 0xe0, 0x08, 0x50, 0x08,
  0x68, 0x07, 0x58, 0x06, 0x60, 0x05, 0x94, 0x04, 0xe0, 0x03, 0x50, 0x03,
  0xdc, 0x02, 0x78, 0x02, 0x4c, 0x02, 0x64, 0x02, 0xa8, 0x02, 0xf8, 0x02,
  0x48, 0x03, 0x68, 0x03, 0x6c, 0x03, 0xa8, 0x03, 0x24, 0x04, 0xc8, 0x04,
  0x9c, 0x05, 0x64, 0x06, 0xf4, 0x06, 0x6c, 0x07, 0xb8, 0x07, 0xc8, 0x07,
  0x9c, 0x07, 0x38, 0x07, 0xb4, 0x06, 0x14, 0x06, 0x60, 0x05, 0x94, 0x04,
  0xc8, 0x03, 0x38, 0x03, 0xc4, 0x02, 0x48, 0x02, 0xd4, 0x01, 0x50, 0x01,
  0xc0, 0x00, 0x40, 0x00, 0xa4, 0xff, 0xe0, 0xfe, 0x04, 0xfe, 0x0c, 0xfd,
  0x18, 0xfc, 0x58, 0xfb, 0xf0, 0xfa, 0xa8, 0xfa, 0x78, 0xfa, 0x70, 0xfa,
  0x94, 0xfa, 0xe4, 0xfa, 0x74, 0xfb, 0x54, 0xfc, 0x48, 0xfd, 0x2c, 0xfe,
  0xf4, 0xfe, 0x88, 0xff, 0x08, 0x00, 0x78, 0x00, 0xdc, 0x00, 0x3c, 0x01,
  0x7c, 0x01, 0x84, 0x01, 0x38, 0x01, 0x7c, 0x00, 0x4c, 0xff, 0xd4, 0xfd,
  0x68, 0xfc, 0x14, 0xfb, 0xc0, 0xf9, 0xa0, 0xf8, 0x90, 0xf7, 0x88, 0xf6,
  0xc8, 0xf5, 0x64, 0xf5, 0x70, 0xf5, 0xf4, 0xf5, 0xc4, 0xf6, 0xac, 0xf7,
  0x74, 0xf8, 0x04, 0xf9, 0x78, 0xf9, 0xd4, 0xf9, 0xec, 0xf9, 0xa0, 0xf9,
  0xfc, 0xf8, 0x08, 0xf8, 0xdc, 0xf6, 0xec, 0xf5, 0x8c, 0xf5, 0x8c, 0xf5,
  0xc8, 0xf5, 0x04, 0xf6, 0x08, 0xf6, 0x04, 0xf6, 0x5c, 0xf6, 0x28, 0xf7,
  0x3c, 0xf8, 0x58, 0xf9, 0x5c, 0xfa, 0xfc, 0xfa, 0x34, 0xfb, 0x48, 0xfb,
  0x34, 0xfb, 0x10, 0xfb, 0x08, 0xfb, 0xfc, 0xfa, 0xe4, 0xfa, 0xd0, 0xfa,
  0xd8, 0xfa, 0xe4, 0xfa, 0xe8, 0xfa, 0xf0, 0xfa, 0xd8, 0xfa, 0x88, 0xfa,
  0x18, 0xfa, 0x98, 0xf9, 0x38, 0xf9, 0x10, 0xf9, 0x1c, 0xf9, 0x74, 0xf9,
  0xd0, 0xf9, 0x28, 0xfa, 0xa0, 0xfa, 0x44, 0xfb, 0x1c, 0xfc, 0x04, 0xfd,
  0xe8, 0xfd, 0xbc, 0xfe, 0x54, 0xff, 0xec, 0xff, 0xb4, 0x00, 0x9c, 0x01,
  0x90, 0x02, 0xa4, 0x03, 0xb8, 0x04, 0xa0, 0x05, 0x5c, 0x06, 0x2c, 0x07,
  0x18, 0x08, 0xdc, 0x08, 0x80, 0x09, 0xdc, 0x09, 0xcc, 0x09, 0x54, 0x09,
  0x9c, 0x08, 0xf0, 0x07, 0x94, 0x07, 0x8c, 0x07, 0xbc, 0x07, 0xfc, 0x07,
  0x40, 0x08, 0x78, 0x08, 0xbc, 0x08, 0x00, 0x09, 0x3c, 0x09, 0x58, 0x09,
  0x30, 0x09, 0x00, 0x09, 0xc8, 0x08, 0xac, 0x08, 0xf0, 0x08, 0x78, 0x09,
  0x18, 0x0a, 0x9c, 0x0a, 0xec, 0x0a, 0x04, 0x0b, 0xf4, 0x0a, 0xcc, 0x0a,
  0xb0, 0x0a, 0x9c, 0x0a, 0x80, 0x0a, 0x50, 0x0a, 0xfc, 0x09, 0x8c, 0x09,
  0x1c, 0x09, 0xa4, 0x08, 0x2c, 0x08, 0x90, 0x07, 0xb8, 0x06, 0xcc, 0x05,
  0x1c, 0x05, 0x98, 0x04, 0x34, 0x04, 0x08, 0x04, 0xec, 0x03, 0x88, 0x03,
  0xc4, 0x02, 0xc4, 0x01, 0xc0, 0x00, 0xd4, 0xff, 0x38, 0xff, 0xd8, 0xfe,
  0x64, 0xfe, 0xc8, 0xfd, 0x04, 0xfd, 0x10, 0xfc, 0x04, 0xfb, 0xf4, 0xf9,
  0xec, 0xf8, 0xf8, 0xf7, 0x10, 0xf7, 0x54, 0xf6, 0xe0, 0xf5, 0xc0, 0xf5,
  0xf8, 0xf5, 0x84, 0xf6, 0x24, 0xf7, 0xb8, 0xf7, 0x44, 0xf8, 0xf4, 0xf8,
  0xec, 0xf9, 0x2c, 0xfb, 0x98, 0xfc, 0xa4, 0xfd, 0x0c, 0xfe, 0xe4, 0xfd,
  0x50, 0xfd, 0x84, 0xfc, 0xb8, 0xfb, 0x08, 0xfb, 0x8c, 0xfa, 0x24, 0xfa,
  0xd4, 0xf9, 0xcc, 0xf9, 0x1c, 0xfa, 0xa4, 0xfa, 0x78, 0xfb, 0x90, 0xfc,
  0xa0, 0xfd, 0x88, 0xfe, 0x0c, 0xff, 0x28, 0xff, 0x04, 0xff, 0xbc, 0xfe,
  0x78, 0xfe, 0x2c, 0xfe, 0xd0, 0xfd, 0xac, 0xfd, 0xb8, 0xfd, 0xe0, 0xfd,
  0x20, 0xfe, 0x64, 0xfe, 0x8c, 0xfe, 0x70, 0xfe, 0x38, 0xfe, 0x04, 0xfe,
  0xf0, 0xfd, 0x60, 0xfe, 0x54, 0xff, 0x90, 0x00, 0xbc, 0x01, 0xac, 0x02,
  0x5c, 0x03, 0xbc, 0x03, 0xb8, 0x03, 0x5c, 0x03, 0xc8, 0x02, 0x10, 0x02,
  0x40, 0x01, 0x8c, 0x00, 0x2c, 0x00, 0x4c, 0x00, 0xd0, 0x00, 0x90, 0x01,
  0x50, 0x02, 0xfc, 0x02, 0xb4, 0x03, 0x74, 0x04, 0x34, 0x05, 0xd8, 0x05,
  0x50, 0x06, 0x78, 0x06, 0x50, 0x06, 0x0c, 0x06, 0xa4, 0x05, 0x38, 0x05,
  0xdc, 0x04, 0x68, 0x04, 0xf4, 0x03, 0x64, 0x03, 0xe4, 0x02, 0x7c, 0x02,
  0x2c, 0x02, 0xf8, 0x01, 0xf0, 0x01, 0x28, 0x02, 0x7c, 0x02, 0xcc, 0x02,
  0x18, 0x03, 0x3c, 0x03, 0x40, 0x03, 0x20, 0x03, 0xc8, 0x02, 0x24, 0x02,
  0x28, 0x01, 0x04, 0x00, 0xec, 0xfe, 0xf4, 0xfd, 0x34, 0xfd, 0x98, 0xfc,
  0x2c, 0xfc, 0xe0, 0xfb, 0xb4, 0xfb, 0xe0, 0xfb, 0x60, 0xfc, 0x38, 0xfd,
  0x34, 0xfe, 0x1c, 0xff, 0xb0, 0xff, 0xdc, 0xff, 0xb0, 0xff, 0x30, 0xff,
  0x74, 0xfe, 0xac, 0xfd, 0xcc, 0xfc, 0xa4, 0xfb, 0x48, 0xfa, 0xd8, 0xf8,
  0x5c, 0xf7, 0x0c, 0xf6, 0x10, 0xf5, 0x68, 0xf4, 0x28, 0xf4, 0x5c, 0xf4,
  0xfc, 0xf4, 0xf0, 0xf5, 0x44, 0xf7, 0xb4, 0xf8, 0xec, 0xf9, 0xfc, 0xfa,
  0xf8, 0xfb, 0xc8, 0xfc, 0x68, 0xfd, 0xc0, 0xfd, 0xf0, 0xfd, 0xc4, 0xfd,
  0x3c, 0xfd, 0xb0, 0xfc, 0x20, 0xfc, 0x8c, 0xfb, 0xfc, 0xfa, 0x80, 0xfa,
  0x24, 0xfa, 0xc0, 0xf9, 0x60, 0xf9, 0xf0, 0xf8, 0x44, 0xf8, 0x94, 0xf7,
  0x34, 0xf7, 0x38, 0xf7, 0x7c, 0xf7, 0xe0, 0xf7, 0x78, 0xf8, 0x58, 0xf9,
  0x98, 0xfa, 0x3c, 0xfc, 0xfc, 0xfd, 0x84, 0xff, 0xa4, 0x00, 0x74, 0x01,
  0xf0, 0x01, 0x28, 0x02, 0x80, 0x02, 0x18, 0x03, 0xc0, 0x03, 0x44, 0x04,
  0x94, 0x04, 0xb4, 0x04, 0x88, 0x04, 0xe8, 0x03, 0x04, 0x03, 0x10, 0x02,
  0x20, 0x01, 0x4c, 0x00, 0xb0, 0xff, 0x3c, 0xff, 0xfc, 0xfe, 0xe8, 0xfe,
  0x00, 0xff, 0x20, 0xff, 0x4c, 0xff, 0xa8, 0xff, 0x24, 0x00, 0xd4, 0x00,
  0xb0, 0x01, 0x98, 0x02, 0x70, 0x03, 0x00, 0x04, 0x78, 0x04, 0xc0, 0x04,
  0x10, 0x05, 0xc0, 0x05, 0xac, 0x06, 0xb0, 0x07, 0x98, 0x08, 0x6c, 0x09,
  0x20, 0x0a, 0x9c, 0x0a, 0x08, 0x0b, 0x7c, 0x0b, 0xf0, 0x0b, 0x68, 0x0c,
  0xcc, 0x0c, 0x08, 0x0d, 0x30, 0x0d, 0x54, 0x0d, 0x70, 0x0d, 0x5c, 0x0d,
  0x00, 0x0d, 0x84, 0x0c, 0xf0, 0x0b, 0x50, 0x0b, 0xac, 0x0a, 0x10, 0x0a,
  0x68, 0x09, 0xd4, 0x08, 0x58, 0x08, 0xfc, 0x07, 0xe8, 0x07, 0xec, 0x07,
  0xf8, 0x07, 0xfc, 0x07, 0xbc, 0x07, 0x68, 0x07, 0x38, 0x07, 0x0c, 0x07,
  0xd8, 0x06, 0x98, 0x06, 0x34, 0x06, 0xa0, 0x05, 0xdc, 0x04, 0xe0, 0x03,
  0xbc, 0x02, 0x74, 0x01, 0x44, 0x00, 0x60, 0xff, 0xc8, 0xfe, 0x78, 0xfe,
  0x60, 0xfe, 0x7c, 0xfe, 0xa4, 0xfe, 0xe4, 0xfe, 0x38, 0xff, 0x54, 0xff,
  0x34, 0xff, 0xf4, 0xfe, 0x9c, 0xfe, 0x1c, 0xfe, 0x80, 0xfd, 0xec, 0xfc,
  0x64, 0xfc, 0xec, 0xfb, 0x88, 0xfb, 0x2c, 0xfb, 0xdc, 0xfa, 0xa4, 0xfa,
  0x94, 0xfa, 0x9c, 0xfa, 0x94, 0xfa, 0x60, 0xfa, 0xe8, 0xf9, 0x34, 0xf9,
  0x74, 0xf8, 0xd4, 0xf7, 0x34, 0xf7, 0x60, 0xf6, 0x5c, 0xf5, 0x7c, 0xf4,
  0xe0, 0xf3, 0x7c, 0xf3, 0x64, 0xf3, 0x6c, 0xf3, 0x74, 0xf3, 0x8c, 0xf3,
  0xd8, 0xf3, 0x4c, 0xf4, 0xd8, 0xf4, 0xa0, 0xf5, 0x80, 0xf6, 0x68, 0xf7,
  0x48, 0xf8, 0x24, 0xf9, 0x18, 0xfa, 0xf0, 0xfa, 0x98, 0xfb, 0x20, 0xfc,
  0x84, 0xfc, 0xe8, 0xfc, 0x58, 0xfd, 0xc0, 0xfd, 0xf4, 0xfd, 0x00, 0xfe,
  0x00, 0xfe, 0x08, 0xfe, 0x1c, 0xfe, 0x48, 0xfe, 0x74, 0xfe, 0x5c, 0xfe,
  0xf8, 0xfd, 0x88, 0xfd, 0x24, 0xfd, 0xd4, 0xfc, 0xbc, 0xfc, 0xc8, 0xfc,
  0x00, 0xfd, 0x7c, 0xfd, 0x50, 0xfe, 0x64, 0xff, 0x80, 0x00, 0x9c, 0x01,
  0xa0, 0x02, 0x80, 0x03, 0x4c, 0x04, 0x00, 0x05, 0xbc, 0x05, 0x84, 0x06,
  0x40, 0x07, 0xdc, 0x07, 0x40, 0x08, 0x70, 0x08, 0x94, 0x08, 0xac, 0x08,
  0x78, 0x08, 0xc4, 0x07, 0xb4, 0x06, 0x74, 0x05, 0x3c, 0x04, 0x30, 0x03,
  0x50, 0x02, 0x90, 0x01, 0xf0, 0x00, 0x70, 0x00, 0x28, 0x00, 0x38, 0x00,
  0xbc, 0x00, 0x88, 0x01, 0x88, 0x02, 0x90, 0x03, 0x74, 0x04, 0x00, 0x05,
  0x48, 0x05, 0x54, 0x05, 0x14, 0x05, 0xac, 0x04, 0x10, 0x04, 0x48, 0x03,
  0x68, 0x02, 0x74, 0x01, 0x84, 0x00, 0x9c, 0xff, 0xcc, 0xfe, 0x08, 0xfe,
  0x4c, 0xfd, 0xb4, 0xfc, 0x44, 0xfc, 0x20, 0xfc, 0x5c, 0xfc, 0xe0, 0xfc,
  0x90, 0xfd, 0x4c, 0xfe, 0xe0, 0xfe, 0x30, 0xff, 0x48, 0xff, 0x44, 0xff,
  0x18, 0xff, 0xd8, 0xfe, 0x9c, 0xfe, 0x54, 0xfe, 0x10, 0xfe, 0xdc, 0xfd,
  0xa4, 0xfd, 0x60, 0xfd, 0x10, 0xfd, 0xd4, 0xfc, 0xac, 0xfc, 0x90, 0xfc,
  0x7c, 0xfc, 0x4c, 0xfc, 0x08, 0xfc, 0x00, 0xfc, 0x54, 0xfc, 0xd8, 0xfc,
  0x4c, 0xfd, 0x8c, 0xfd, 0xc8, 0xfd, 0x20, 0xfe, 0x8c, 0xfe, 0x20, 0xff,
  0xd0, 0xff, 0x70, 0x00, 0xdc, 0x00, 0x30, 0x01, 0x70, 0x01, 0x90, 0x01,
  0xc8, 0x01, 0x04, 0x02, 0x30, 0x02, 0x6c, 0x02, 0xb8, 0x02, 0xf0, 0x02,
  0xcc, 0x02, 0x48, 0x02, 0x8c, 0x01, 0xc0, 0x00, 0x00, 0x00, 0x70, 0xff,
  0x18, 0xff, 0x08, 0xff, 0x6c, 0xff, 0x54, 0x00, 0x88, 0x01, 0xc4, 0x02,
  0xe4, 0x03, 0xe4, 0x04, 0xa0, 0x05, 0x18, 0x06, 0x4c, 0x06, 0x3c, 0x06,
  0xd0, 0x05, 0x00, 0x05, 0x24, 0x04, 0x5c, 0x03, 0xa4, 0x02, 0xf8, 0x01,
  0x40, 0x01, 0x90, 0x00, 0x04, 0x00, 0xb8, 0xff, 0x90, 0xff, 0x6c, 0xff,
  0x68, 0xff, 0xb8, 0xff, 0x8c, 0x00, 0xb8, 0x01, 0xec, 0x02, 0x08, 0x04,
  0xe0, 0x04, 0x88, 0x05, 0xf0, 0x05, 0x08, 0x06, 0xe4, 0x05, 0x94, 0x05,
  0x34, 0x05, 0xc4, 0x04, 0x34, 0x04, 0x90, 0x03, 0xcc, 0x02, 0xf4, 0x01,
  0x38, 0x01, 0xc0, 0x00, 0x78, 0x00, 0x40, 0x00, 0x2c, 0x00, 0x20, 0x00,
  0x00, 0x00, 0xdc, 0xff, 0x94, 0xff, 0x24, 0xff, 0xa4, 0xfe, 0x34, 0xfe,
  0xf0, 0xfd, 0xc4, 0xfd, 0x94, 0xfd, 0x58, 0xfd, 0x14, 0xfd, 0xe0, 0xfc,
  0xc4, 0xfc, 0xd4, 0xfc, 0xfc, 0xfc, 0x20, 0xfd, 0x40, 0xfd, 0xa0, 0xfd,
  0x5c, 0xfe, 0x4c, 0xff, 0x58, 0x00, 0x58, 0x01, 0xfc, 0x01, 0x64, 0x02,
  0xa4, 0x02, 0x98, 0x02, 0x34, 0x02, 0x98, 0x01, 0xd0, 0x00, 0xd8, 0xff,
  0xec, 0xfe, 0x04, 0xfe, 0xe8, 0xfc, 0xd4, 0xfb, 0xd8, 0xfa, 0xe8, 0xf9,
  0x04, 0xf9, 0x64, 0xf8, 0x2c, 0xf8, 0x38, 0xf8, 0x88, 0xf8, 0x00, 0xf9,
  0x48, 0xf9, 0x60, 0xf9, 0x68, 0xf9, 0x6c, 0xf9, 0x54, 0xf9, 0x0c, 0xf9,
  0xac, 0xf8, 0x4c, 0xf8, 0x00, 0xf8, 0xc0, 0xf7, 0x80, 0xf7, 0x40, 0xf7,
  0x10, 0xf7, 0x2c, 0xf7, 0xb8, 0xf7, 0x84, 0xf8, 0x60, 0xf9, 0x28, 0xfa,
  0xb4, 0xfa, 0xf4, 0xfa, 0x1c, 0xfb, 0x6c, 0xfb, 0xc4, 0xfb, 0x24, 0xfc,
  0x8c, 0xfc, 0xe0, 0xfc, 0x3c, 0xfd, 0xb8, 0xfd, 0x4c, 0xfe, 0xdc, 0xfe,
  0x48, 0xff, 0x80, 0xff, 0x78, 0xff, 0x58, 0xff, 0x44, 0xff, 0x60, 0xff,
  0xcc, 0xff, 0x48, 0x00, 0x90, 0x00, 0xbc, 0x00, 0xd4, 0x00, 0xe0, 0x00,
  0x1c, 0x01, 0x88, 0x01, 0x14, 0x02, 0xc8, 0x02, 0xb4, 0x03, 0xc4, 0x04,
  0xc4, 0x05, 0xa8, 0x06, 0x68, 0x07, 0xe4, 0x07, 0x5c, 0x08, 0xe8, 0x08,
  0x5c, 0x09, 0x94, 0x09, 0x78, 0x09, 0x3c, 0x09, 0xb0, 0x08, 0xe0, 0x07,
  0xf8, 0x06, 0xfc, 0x05, 0x28, 0x05, 0xa8, 0x04, 0x64, 0x04, 0x90, 0x04,
  0x30, 0x05, 0x2c, 0x06, 0x64, 0x07, 0x70, 0x08, 0x5c, 0x09, 0x48, 0x0a,
  0x24, 0x0b, 0xd4, 0x0b, 0x28, 0x0c, 0x04, 0x0c, 0x50, 0x0b, 0x20, 0x0a,
  0xa8, 0x08, 0xf8, 0x06, 0x10, 0x05, 0x30, 0x03, 0x7c, 0x01, 0xf0, 0xff,
  0x98, 0xfe, 0x8c, 0xfd, 0xd0, 0xfc, 0x6c, 0xfc, 0x68, 0xfc, 0xb4, 0xfc,
  0x20, 0xfd, 0xa0, 0xfd, 0x50, 0xfe, 0x34, 0xff, 0x24, 0x00, 0x0c, 0x01,
  0xd4, 0x01, 0x60, 0x02, 0xc0, 0x02, 0xe8, 0x02, 0xc4, 0x02, 0x4c, 0x02,
  0x90, 0x01, 0xac, 0x00, 0xa0, 0xff, 0x68, 0xfe, 0x18, 0xfd, 0xbc, 0xfb,
  0x74, 0xfa, 0x44, 0xf9, 0x18, 0xf8, 0xfc, 0xf6, 0x00, 0xf6, 0x48, 0xf5,
  0x00, 0xf5, 0x24, 0xf5, 0x8c, 0xf5, 0x10, 0xf6, 0x98, 0xf6, 0x18, 0xf7,
  0x94, 0xf7, 0x2c, 0xf8, 0xe8, 0xf8, 0xb8, 0xf9, 0x80, 0xfa, 0x20, 0xfb,
  0x88, 0xfb, 0xc0, 0xfb, 0x14, 0xfc, 0xc8, 0xfc, 0xa8, 0xfd, 0x80, 0xfe,
  0x3c, 0xff, 0x88, 0xff, 0x2c, 0xff, 0x50, 0xfe, 0x44, 0xfd, 0x1c, 0xfc,
  0xf8, 0xfa, 0x14, 0xfa, 0x6c, 0xf9, 0xe8, 0xf8, 0xb0, 0xf8, 0xd8, 0xf8,
  0x38, 0xf9, 0xb8, 0xf9, 0x58, 0xfa, 0x08, 0xfb, 0xbc, 0xfb, 0xa0, 0xfc,
  0xcc, 0xfd, 0x44, 0xff, 0xd4, 0x00, 0x3c, 0x02, 0x38, 0x03, 0x9c, 0x03,
  0x8c, 0x03, 0x6c, 0x03, 0x88, 0x03, 0xec, 0x03, 0x88, 0x04, 0x14, 0x05,
  0x50, 0x05, 0x2c, 0x05, 0xdc, 0x04, 0xa8, 0x04, 0x9c, 0x04, 0xcc, 0x04,
  0x3c, 0x05, 0xa8, 0x05, 0x04, 0x06, 0x60, 0x06, 0xd0, 0x06, 0x3c, 0x07,
  0xa0, 0x07, 0xf4, 0x07, 0xec, 0x07, 0x8c, 0x07, 0x1c, 0x07, 0xcc, 0x06,
  0xb8, 0x06, 0xd8, 0x06, 0x0c, 0x07, 0x1c, 0x07, 0x08, 0x07, 0xec, 0x06,
  0xd0, 0x06, 0xb8, 0x06, 0x80, 0x06, 0xfc, 0x05, 0x30, 0x05, 0xfc, 0x03,
  0x84, 0x02, 0x18, 0x01, 0xd0, 0xff, 0xa8, 0xfe, 0xa0, 0xfd, 0xd0, 0xfc,
  0x40, 0xfc, 0xec, 0xfb, 0x00, 0xfc, 0x44, 0xfc, 0x84, 0xfc, 0xf4, 0xfc,
  0x7c, 0xfd, 0x00, 0xfe, 0xa4, 0xfe, 0x88, 0xff, 0xa4, 0x00, 0xb4, 0x01,
  0x8c, 0x02, 0x0c, 0x03, 0x18, 0x03, 0xe4, 0x02, 0xc8, 0x02, 0xec, 0x02,
  0x38, 0x03, 0x7c, 0x03, 0xb4, 0x03, 0xbc, 0x03, 0x8c, 0x03, 0x5c, 0x03,
  0x40, 0x03, 0x1c, 0x03, 0xfc, 0x02, 0xc8, 0x02, 0x58, 0x02, 0xa0, 0x01,
  0xd4, 0x00, 0x30, 0x00, 0xb4, 0xff, 0x60, 0xff, 0x18, 0xff, 0xc0, 0xfe,
  0x60, 0xfe, 0x20, 0xfe, 0xf0, 0xfd, 0xd0, 0xfd, 0xd8, 0xfd, 0x04, 0xfe,
  0x48, 0xfe, 0x88, 0xfe, 0xe4, 0xfe, 0x90, 0xff, 0xa4, 0x00, 0xf8, 0x01,
  0x44, 0x03, 0x08, 0x04, 0xcc, 0x03, 0xc4, 0x02, 0x7c, 0x01, 0x70, 0x00,
  0xa0, 0xff, 0xf8, 0xfe, 0x58, 0xfe, 0x88, 0xfd, 0xcc, 0xfc, 0x70, 0xfc,
  0x68, 0xfc, 0x88, 0xfc, 0x90, 0xfc, 0x78, 0xfc, 0x14, 0xfc, 0x8c, 0xfb,
  0x38, 0xfb, 0x10, 0xfb, 0x04, 0xfb, 0xf8, 0xfa, 0xdc, 0xfa, 0x94, 0xfa,
  0x38, 0xfa, 0x10, 0xfa, 0x50, 0xfa, 0xf8, 0xfa, 0xdc, 0xfb, 0xb8, 0xfc,
  0x38, 0xfd, 0x48, 0xfd, 0x24, 0xfd, 0x08, 0xfd, 0x08, 0xfd, 0x18, 0xfd,
  0x1c, 0xfd, 0xfc, 0xfc, 0xe4, 0xfc, 0x20, 0xfd, 0xb0, 0xfd, 0x74, 0xfe,
  0x08, 0xff, 0x24, 0xff, 0x90, 0xfe, 0x78, 0xfd, 0x50, 0xfc, 0x4c, 0xfb,
  0x8c, 0xfa, 0x14, 0xfa, 0xc4, 0xf9, 0x88, 0xf9, 0x4c, 0xf9, 0x44, 0xf9,
  0x88, 0xf9, 0x2c, 0xfa, 0x2c, 0xfb, 0x78, 0xfc, 0xd4, 0xfd, 0xf4, 0xfe,
  0xc0, 0xff, 0x40, 0x00, 0x64, 0x00, 0x44, 0x00, 0xe8, 0xff, 0x58, 0xff,
  0x6c, 0xfe, 0x40, 0xfd, 0x20, 0xfc, 0x1c, 0xfb, 0x68, 0xfa, 0x10, 0xfa,
  0xfc, 0xf9, 0x0c, 0xfa, 0x34, 0xfa, 0xb8, 0xfa, 0xac, 0xfb, 0x00, 0xfd,
  0xc4, 0xfe, 0xdc, 0x00, 0xc0, 0x02, 0x18, 0x04, 0x18, 0x05, 0xf8, 0x05,
  0x90, 0x06, 0x24, 0x07, 0x98, 0x07, 0x8c, 0x07, 0xf8, 0x06, 0x18, 0x06,
  0x10, 0x05, 0xd8, 0x03, 0x90, 0x02, 0x44, 0x01, 0xf8, 0xff, 0x98, 0xfe,
  0x78, 0xfd, 0xf4, 0xfc, 0xf8, 0xfc, 0x68, 0xfd, 0x20, 0xfe, 0xf0, 0xfe,
  0x90, 0xff, 0x1c, 0x00, 0xfc, 0x00, 0x38, 0x02, 0xc4, 0x03, 0x7c, 0x05,
  0x0c, 0x07, 0x20, 0x08, 0xa4, 0x08, 0xf8, 0x08, 0x64, 0x09, 0xf0, 0x09,
  0xb0, 0x0a, 0x74, 0x0b, 0xe4, 0x0b, 0xc0, 0x0b, 0x24, 0x0b, 0x48, 0x0a,
  0x3c, 0x09, 0x28, 0x08, 0x20, 0x07, 0x14, 0x06, 0x04, 0x05, 0x30, 0x04,
  0xec, 0x03, 0x38, 0x04, 0xe4, 0x04, 0xbc, 0x05, 0x80, 0x06, 0xf0, 0x06,
  0x10, 0x07, 0xf4, 0x06, 0xcc, 0x06, 0xa4, 0x06, 0x5c, 0x06, 0xf0, 0x05,
  0x2c, 0x05, 0x2c, 0x04, 0x80, 0x03, 0x6c, 0x03, 0xc4, 0x03, 0x5c, 0x04,
  0x14, 0x05, 0x98, 0x05, 0xc0, 0x05, 0x84, 0x05, 0x0c, 0x05, 0x94, 0x04,
  0x30, 0x04, 0xb8, 0x03, 0xf0, 0x02, 0x10, 0x02, 0x5c, 0x01, 0x08, 0x01,
  0x18, 0x01, 0x58, 0x01, 0x88, 0x01, 0x6c, 0x01, 0x20, 0x01, 0xc0, 0x00,
  0x58, 0x00, 0x08, 0x00, 0x00, 0x00, 0x24, 0x00, 0x40, 0x00, 0x40, 0x00,
  0x28, 0x00, 0x24, 0x00, 0x40, 0x00, 0x6c, 0x00, 0x9c, 0x00, 0x78, 0x00,
  0xdc, 0xff, 0xe0, 0xfe, 0xb4, 0xfd, 0x68, 0xfc, 0x30, 0xfb, 0x14, 0xfa,
  0xe4, 0xf8, 0xa4, 0xf7, 0x7c, 0xf6, 0xb8, 0xf5, 0x60, 0xf5, 0x64, 0xf5,
  0xd0, 0xf5, 0x68, 0xf6, 0x04, 0xf7, 0xa8, 0xf7, 0x7c, 0xf8, 0xa4, 0xf9,
  0xf0, 0xfa, 0x40, 0xfc, 0x54, 0xfd, 0xd4, 0xfd, 0xd4, 0xfd, 0x80, 0xfd,
  0x04, 0xfd, 0x88, 0xfc, 0x28, 0xfc, 0xd0, 0xfb, 0x4c, 0xfb, 0x64, 0xfa,
  0x28, 0xf9, 0xe8, 0xf7, 0xcc, 0xf6, 0xf0, 0xf5, 0x64, 0xf5, 0x14, 0xf5,
  0xd8, 0xf4, 0xbc, 0xf4, 0xdc, 0xf4, 0x2c, 0xf5, 0x78, 0xf5, 0xc4, 0xf5,
  0xec, 0xf5, 0xec, 0xf5, 0xd8, 0xf5, 0xd0, 0xf5, 0xe8, 0xf5, 0x18, 0xf6,
  0x78, 0xf6, 0xe4, 0xf6, 0x40, 0xf7, 0x8c, 0xf7, 0xd4, 0xf7, 0x6c, 0xf8,
  0xa0, 0xf9, 0x3c, 0xfb, 0x20, 0xfd, 0x04, 0xff, 0x8c, 0x00, 0xb0, 0x01,
  0x84, 0x02, 0x18, 0x03, 0x84, 0x03, 0xac, 0x03, 0x8c, 0x03, 0x08, 0x03,
  0x6c, 0x02, 0x00, 0x02, 0xbc, 0x01, 0xb4, 0x01, 0xc4, 0x01, 0xc8, 0x01,
  0xc8, 0x01, 0xe8, 0x01, 0x44, 0x02, 0xd0, 0x02, 0x94, 0x03, 0x74, 0x04,
  0x30, 0x05, 0xb4, 0x05, 0xf0, 0x05, 0x18, 0x06, 0x54, 0x06, 0xb4, 0x06,
  0x44, 0x07, 0xcc, 0x07, 0xf8, 0x07, 0xc8, 0x07, 0x4c, 0x07, 0xc4, 0x06,
  0x40, 0x06, 0xe0, 0x05, 0xa8, 0x05, 0x58, 0x05, 0xfc, 0x04, 0xb8, 0x04,
  0xa8, 0x04, 0xd4, 0x04, 0x30, 0x05, 0x94, 0x05, 0xa8, 0x05, 0x64, 0x05,
  0x08, 0x05, 0xa4, 0x04, 0x60, 0x04, 0x44, 0x04, 0x30, 0x04, 0x20, 0x04,
  0x00, 0x04, 0xe4, 0x03, 0xe8, 0x03, 0x24, 0x04, 0xa0, 0x04, 0x3c, 0x05,
  0xcc, 0x05, 0x10, 0x06, 0xcc, 0x05, 0x1c, 0x05, 0x2c, 0x04, 0x18, 0x03,
  0xf4, 0x01, 0xa0, 0x00, 0xf8, 0xfe, 0x04, 0xfd, 0x04, 0xfb, 0x48, 0xf9,
  0x00, 0xf8, 0x30, 0xf7, 0xd0, 0xf6, 0x98, 0xf6, 0x5c, 0xf6, 0x38, 0xf6,
  0x6c, 0xf6, 0x10, 0xf7, 0x0c, 0xf8, 0x6c, 0xf9, 0x00, 0xfb, 0x5c, 0xfc,
  0x68, 0xfd, 0x44, 0xfe, 0x28, 0xff, 0x18, 0x00, 0x04, 0x01, 0xcc, 0x01,
  0x2c, 0x02, 0x14, 0x02, 0xc0, 0x01, 0x5c, 0x01, 0x0c, 0x01, 0xd0, 0x00,
  0x58, 0x00, 0x7c, 0xff, 0x60, 0xfe, 0x30, 0xfd, 0x38, 0xfc, 0xb0, 0xfb,
  0xa0, 0xfb, 0xec, 0xfb, 0x60, 0xfc, 0xd0, 0xfc, 0x2c, 0xfd, 0x7c, 0xfd,
  0x00, 0xfe, 0xb8, 0xfe, 0xa4, 0xff, 0x88, 0x00, 0x20, 0x01, 0xb4, 0x01,
  0x70, 0x02, 0x80, 0x03, 0xdc, 0x04, 0x44, 0x06, 0x80, 0x07, 0x58, 0x08,
  0xcc, 0x08, 0xec, 0x08, 0xc4, 0x08, 0x94, 0x08, 0x4c, 0x08, 0xb8, 0x07,
  0xc8, 0x06, 0x9c, 0x05, 0x88, 0x04, 0xc4, 0x03, 0x58, 0x03, 0x3c, 0x03,
  0x30, 0x03, 0x08, 0x03, 0xcc, 0x02, 0x94, 0x02, 0x6c, 0x02, 0x68, 0x02,
  0x74, 0x02, 0x88, 0x02, 0x90, 0x02, 0x78, 0x02, 0x40, 0x02, 0x0c, 0x02,
  0x10, 0x02, 0x38, 0x02, 0x74, 0x02, 0xbc, 0x02, 0xd8, 0x02, 0xc8, 0x02,
  0xa0, 0x02, 0x90, 0x02, 0xa8, 0x02, 0xc4, 0x02, 0xc8, 0x02, 0xac, 0x02,
  0xa8, 0x02, 0xe0, 0x02, 0x40, 0x03, 0xbc, 0x03, 0x1c, 0x04, 0x20, 0x04,
  0xb4, 0x03, 0xec, 0x02, 0xf0, 0x01, 0xf4, 0x00, 0x10, 0x00, 0x44, 0xff,
  0x7c, 0xfe, 0xac, 0xfd, 0xc0, 0xfc, 0xd8, 0xfb, 0x30, 0xfb, 0xd8, 0xfa,
  0xc8, 0xfa, 0x00, 0xfb, 0x3c, 0xfb, 0x4c, 0xfb, 0x08, 0xfb, 0x78, 0xfa,
  0xe0, 0xf9, 0x60, 0xf9, 0xdc, 0xf8, 0x1c, 0xf8, 0x20, 0xf7, 0x1c, 0xf6,
  0x24, 0xf5, 0x7c, 0xf4, 0x40, 0xf4, 0x58, 0xf4, 0xa8, 0xf4, 0x18, 0xf5,
  0xa0, 0xf5, 0x5c, 0xf6, 0x60, 0xf7, 0xa0, 0xf8, 0xf4, 0xf9, 0x30, 0xfb,
  0x18, 0xfc, 0xa0, 0xfc, 0xf4, 0xfc, 0x24, 0xfd, 0x5c, 0xfd, 0x9c, 0xfd,
  0xd0, 0xfd, 0x08, 0xfe, 0x04, 0xfe, 0xb8, 0xfd, 0x54, 0xfd, 0x10, 0xfd,
  0xe8, 0xfc, 0xd8, 0xfc, 0xc0, 0xfc, 0x7c, 0xfc, 0x24, 0xfc, 0xdc, 0xfb,
  0xb4, 0xfb, 0xa4, 0xfb, 0x84, 0xfb, 0x64, 0xfb, 0x58, 0xfb, 0x60, 0xfb,
  0x78, 0xfb, 0xa0, 0xfb, 0xe0, 0xfb, 0x30, 0xfc, 0x70, 0xfc, 0xa4, 0xfc,
  0xcc, 0xfc, 0x00, 0xfd, 0x78, 0xfd, 0x30, 0xfe, 0x0c, 0xff, 0xbc, 0xff,
  0x20, 0x00, 0x40, 0x00, 0x18, 0x00, 0xec, 0xff, 0xf4, 0xff, 0x28, 0x00,
  0x4c, 0x00, 0x54, 0x00, 0x5c, 0x00, 0x74, 0x00, 0xb4, 0x00, 0x14, 0x01,
  0x68, 0x01, 0xa0, 0x01, 0xbc, 0x01, 0xbc, 0x01, 0xd4, 0x01, 0x10, 0x02,
  0x68, 0x02, 0xf4, 0x02, 0x58, 0x03, 0x58, 0x03, 0x08, 0x03, 0xac, 0x02,
  0x94, 0x02, 0xe4, 0x02, 0xb8, 0x03, 0xc0, 0x04, 0x94, 0x05, 0x24, 0x06,
  0x48, 0x06, 0x1c, 0x06, 0xd8, 0x05, 0xc8, 0x05, 0x08, 0x06, 0x58, 0x06,
  0x94, 0x06, 0xa8, 0x06, 0x8c, 0x06, 0x6c, 0x06, 0x6c, 0x06, 0x88, 0x06,
  0x7c, 0x06, 0x3c, 0x06, 0xd4, 0x05, 0x54, 0x05, 0xec, 0x04, 0xcc, 0x04,
  0xec, 0x04, 0x2c, 0x05, 0x68, 0x05, 0x88, 0x05, 0xdc, 0x05, 0x80, 0x06,
  0x50, 0x07, 0x4c, 0x08, 0x1c, 0x09, 0x8c, 0x09, 0x90, 0x09, 0x08, 0x09,
  0x24, 0x08, 0x04, 0x07, 0xc8, 0x05, 0x6c, 0x04, 0xc8, 0x02, 0xec, 0x00,
  0xf8, 0xfe, 0x3c, 0xfd, 0xec, 0xfb, 0x08, 0xfb, 0xa0, 0xfa, 0x88, 0xfa,
  0x9c, 0xfa, 0x20, 0xfb, 0x14, 0xfc, 0x70, 0xfd, 0x10, 0xff, 0xb4, 0x00,
  0x28, 0x02, 0x20, 0x03, 0xac, 0x03, 0xdc, 0x03, 0xd8, 0x03, 0xd0, 0x03,
  0xc8, 0x03, 0xc0, 0x03, 0xa0, 0x03, 0x50, 0x03, 0xb4, 0x02, 0x00, 0x02,
  0x64, 0x01, 0xe8, 0x00, 0x78, 0x00, 0xf8, 0xff, 0x48, 0xff, 0x84, 0xfe,
  0xe4, 0xfd, 0xb8, 0xfd, 0xf0, 0xfd, 0x44, 0xfe, 0x8c, 0xfe, 0x90, 0xfe,
  0x48, 0xfe, 0xdc, 0xfd, 0x74, 0xfd, 0x50, 0xfd, 0x48, 0xfd, 0x24, 0xfd,
  0x0c, 0xfd, 0x08, 0xfd, 0x24, 0xfd, 0x70, 0xfd, 0x04, 0xfe, 0xc8, 0xfe,
  0x7c, 0xff, 0x08, 0x00, 0x64, 0x00, 0x90, 0x00, 0xb0, 0x00, 0xe4, 0x00,
  0x0c, 0x01, 0x10, 0x01, 0xe4, 0x00, 0x90, 0x00, 0x28, 0x00, 0xac, 0xff,
  0x48, 0xff, 0x24, 0xff, 0x30, 0xff, 0x38, 0xff, 0x24, 0xff, 0x28, 0xff,
  0x3c, 0xff, 0x68, 0xff, 0xc0, 0xff, 0x18, 0x00, 0x44, 0x00, 0x38, 0x00,
  0x18, 0x00, 0xf4, 0xff, 0xe0, 0xff, 0xd8, 0xff, 0xb0, 0xff, 0x7c, 0xff,
  0x34, 0xff, 0xcc, 0xfe, 0x4c, 0xfe, 0xe0, 0xfd, 0x9c, 0xfd, 0x8c, 0xfd,
  0x90, 0xfd, 0x88, 0xfd, 0x7c, 0xfd, 0x9c, 0xfd, 0x20, 0xfe, 0xe8, 0xfe,
  0xb0, 0xff, 0x40, 0x00, 0x90, 0x00, 0xa4, 0x00, 0x98, 0x00, 0x6c, 0x00,
  0xf8, 0xff, 0x58, 0xff, 0xa8, 0xfe, 0xf0, 0xfd, 0x28, 0xfd, 0x58, 0xfc,
  0xa4, 0xfb, 0x38, 0xfb, 0x3c, 0xfb, 0x84, 0xfb, 0xc0, 0xfb, 0xe0, 0xfb,
  0xc8, 0xfb, 0x9c, 0xfb, 0x98, 0xfb, 0xc0, 0xfb, 0xec, 0xfb, 0xf0, 0xfb,
  0xac, 0xfb, 0x24, 0xfb, 0x70, 0xfa, 0xbc, 0xf9, 0x30, 0xf9, 0xd4, 0xf8,
  0xac, 0xf8, 0x98, 0xf8, 0xa4, 0xf8, 0x04, 0xf9, 0xb0, 0xf9, 0x78, 0xfa,
  0x48, 0xfb, 0x08, 0xfc, 0x98, 0xfc, 0xfc, 0xfc, 0x44, 0xfd, 0x78, 0xfd,
  0xa8, 0xfd, 0xd8, 0xfd, 0x04, 0xfe, 0x1c, 0xfe, 0x1c, 0xfe, 0xe0, 0xfd,
  0xa4, 0xfd, 0xa4, 0xfd, 0xb4, 0xfd, 0xdc, 0xfd, 0x20, 0xfe, 0x44, 0xfe,
  0x38, 0xfe, 0x18, 0xfe, 0xd8, 0xfd, 0x6c, 0xfd, 0xf0, 0xfc, 0x74, 0xfc,
  0xf8, 0xfb, 0x88, 0xfb, 0x54, 0xfb, 0x4c, 0xfb, 0x70, 0xfb, 0xb4, 0xfb,
  0xf8, 0xfb, 0x38, 0xfc, 0x7c, 0xfc, 0xe0, 0xfc, 0x98, 0xfd, 0x94, 0xfe,
  0xc0, 0xff, 0x0c, 0x01, 0x44, 0x02, 0x44, 0x03, 0x00, 0x04, 0x98, 0x04,
  0x0c, 0x05, 0x54, 0x05, 0x88, 0x05, 0xa8, 0x05, 0x9c, 0x05, 0x64, 0x05,
  0xfc, 0x04, 0xa4, 0x04, 0x68, 0x04, 0x38, 0x04, 0x04, 0x04, 0xc0, 0x03,
  0x8c, 0x03, 0x9c, 0x03, 0xfc, 0x03, 0x8c, 0x04, 0x38, 0x05, 0xd4, 0x05,
  0x30, 0x06, 0x64, 0x06, 0x78, 0x06, 0x90, 0x06, 0xc4, 0x06, 0x0c, 0x07,
  0x4c, 0x07, 0x60, 0x07, 0x58, 0x07, 0x4c, 0x07, 0x3c, 0x07, 0x40, 0x07,
  0x68, 0x07, 0xd8, 0x07, 0x6c, 0x08, 0xdc, 0x08, 0x20, 0x09, 0x6c, 0x09,
  0xcc, 0x09, 0x28, 0x0a, 0x70, 0x0a, 0x7c, 0x0a, 0x40, 0x0a, 0xcc, 0x09,
  0x40, 0x09, 0xbc, 0x08, 0x44, 0x08, 0x00, 0x08, 0x10, 0x08, 0x60, 0x08,
  0xf4, 0x08, 0x80, 0x09, 0xec, 0x09, 0x6c, 0x0a, 0xf0, 0x0a, 0x7c, 0x0b,
  0xe4, 0x0b, 0xf8, 0x0b, 0xc4, 0x0b, 0x44, 0x0b, 0x80, 0x0a, 0x8c, 0x09,
  0x8c, 0x08, 0x3c, 0x07, 0x90, 0x05, 0xac, 0x03, 0xb8, 0x01, 0xfc, 0xff,
  0x88, 0xfe, 0x88, 0xfd, 0xec, 0xfc, 0x98, 0xfc, 0xa0, 0xfc, 0xd8, 0xfc,
  0x18, 0xfd, 0x54, 0xfd, 0xa4, 0xfd, 0x2c, 0xfe, 0xc0, 0xfe, 0x38, 0xff,
  0x68, 0xff, 0x2c, 0xff, 0xb4, 0xfe, 0x1c, 0xfe, 0x70, 0xfd, 0x98, 0xfc,
  0x80, 0xfb, 0x38, 0xfa, 0xf8, 0xf8, 0xd0, 0xf7, 0xc4, 0xf6, 0xf0, 0xf5,
  0x34, 0xf5, 0x68, 0xf4, 0xa0, 0xf3, 0xd4, 0xf2, 0x0c, 0xf2, 0x84, 0xf1,
  0x40, 0xf1, 0x18, 0xf1, 0xfc, 0xf0, 0xf8, 0xf0, 0x2c, 0xf1, 0x64, 0xf1,
  0x9c, 0xf1, 0xe4, 0xf1, 0x3c, 0xf2, 0xac, 0xf2, 0x18, 0xf3, 0x84, 0xf3,
  0x00, 0xf4, 0x80, 0xf4, 0xe8, 0xf4, 0x14, 0xf5, 0xf0, 0xf4, 0x80, 0xf4,
  0x00, 0xf4, 0xa4, 0xf3, 0x84, 0xf3, 0xa4, 0xf3, 0xf0, 0xf3, 0x44, 0xf4,
  0x84, 0xf4, 0xc4, 0xf4, 0x00, 0xf5, 0x5c, 0xf5, 0x18, 0xf6, 0x1c, 0xf7,
  0x18, 0xf8, 0xf4, 0xf8, 0xe4, 0xf9, 0xc4, 0xfa, 0x78, 0xfb, 0x14, 0xfc,
  0x6c, 0xfc, 0x80, 0xfc, 0x74, 0xfc, 0x60, 0xfc, 0x60, 0xfc, 0x7c, 0xfc,
  0xb0, 0xfc, 0xf0, 0xfc, 0x34, 0xfd, 0x60, 0xfd, 0x74, 0xfd, 0xe0, 0xfd,
  0xd4, 0xfe, 0x14, 0x00, 0xa0, 0x01, 0x54, 0x03, 0xec, 0x04, 0x60, 0x06,
  0xb8, 0x07, 0xe8, 0x08, 0xe0, 0x09, 0xc8, 0x0a, 0x8c, 0x0b, 0xe4, 0x0b,
  0xfc, 0x0b, 0x08, 0x0c, 0x04, 0x0c, 0xe8, 0x0b, 0xb4, 0x0b, 0x60, 0x0b,
  0xec, 0x0a, 0x90, 0x0a, 0x8c, 0x0a, 0xc0, 0x0a, 0xfc, 0x0a, 0x48, 0x0b,
  0x94, 0x0b, 0xac, 0x0b, 0x54, 0x0b, 0x94, 0x0a, 0xac, 0x09, 0xb8, 0x08,
  0xcc, 0x07, 0x10, 0x07, 0x84, 0x06, 0x0c, 0x06, 0xa4, 0x05, 0x54, 0x05,
  0x0c, 0x05, 0xdc, 0x04, 0xcc, 0x04, 0xdc, 0x04, 0x10, 0x05, 0x5c, 0x05,
  0xd0, 0x05, 0x38, 0x06, 0x94, 0x06, 0xec, 0x06, 0xfc, 0x06, 0xe0, 0x06,
  0xbc, 0x06, 0x74, 0x06, 0x34, 0x06, 0x14, 0x06, 0x10, 0x06, 0xf4, 0x05,
  0x9c, 0x05, 0x34, 0x05, 0xd8, 0x04, 0xa0, 0x04, 0xa0, 0x04, 0xb4, 0x04,
  0xc8, 0x04, 0xd8, 0x04, 0xe0, 0x04, 0xf4, 0x04, 0x00, 0x05, 0xd4, 0x04,
  0x74, 0x04, 0xec, 0x03, 0x10, 0x03, 0xe0, 0x01, 0xa4, 0x00, 0x6c, 0xff,
  0x24, 0xfe, 0xf4, 0xfc, 0x00, 0xfc, 0x3c, 0xfb, 0xb8, 0xfa, 0x4c, 0xfa,
  0xd8, 0xf9, 0x70, 0xf9, 0x20, 0xf9, 0xfc, 0xf8, 0xf8, 0xf8, 0x20, 0xf9,
  0x64, 0xf9, 0xc8, 0xf9, 0x60, 0xfa, 0x04, 0xfb, 0xd0, 0xfb, 0xb4, 0xfc,
  0x5c, 0xfd, 0xbc, 0xfd, 0x08, 0xfe, 0x3c, 0xfe, 0x5c, 0xfe, 0x7c, 0xfe,
  0x6c, 0xfe, 0x0c, 0xfe, 0x90, 0xfd, 0x3c, 0xfd, 0x04, 0xfd, 0xdc, 0xfc,
  0xec, 0xfc, 0x20, 0xfd, 0x80, 0xfd, 0x24, 0xfe, 0xc0, 0xfe, 0x34, 0xff,
  0xac, 0xff, 0xfc, 0xff, 0x0c, 0x00, 0xf0, 0xff, 0xac, 0xff, 0x58, 0xff,
  0x00, 0xff, 0xb0, 0xfe, 0x64, 0xfe, 0x3c, 0xfe, 0x5c, 0xfe, 0x8c, 0xfe,
  0x9c, 0xfe, 0x88, 0xfe, 0x50, 0xfe, 0xf8, 0xfd, 0xac, 0xfd, 0x7c, 0xfd,
  0x5c, 0xfd, 0x5c, 0xfd, 0x84, 0xfd, 0xa8, 0xfd, 0xb4, 0xfd, 0xc4, 0xfd,
  0x00, 0xfe, 0x7c, 0xfe, 0x14, 0xff, 0x90, 0xff, 0x04, 0x00, 0x80, 0x00,
  0xf8, 0x00, 0x40, 0x01, 0x50, 0x01, 0x28, 0x01, 0xb0, 0x00, 0xf8, 0xff,
  0xf0, 0xfe, 0x90, 0xfd, 0x10, 0xfc, 0xa4, 0xfa, 0x50, 0xf9, 0x18, 0xf8,
  0xe4, 0xf6, 0xb8, 0xf5, 0xd8, 0xf4, 0x54, 0xf4, 0x28, 0xf4, 0x44, 0xf4,
  0xc0, 0xf4, 0x8c, 0xf5, 0x94, 0xf6, 0xe0, 0xf7, 0x74, 0xf9, 0x44, 0xfb,
  0x48, 0xfd, 0x58, 0xff, 0x28, 0x01, 0x94, 0x02, 0xb8, 0x03, 0xa4, 0x04,
  0x54, 0x05, 0xb4, 0x05, 0xb4, 0x05, 0x4c, 0x05, 0x7c, 0x04, 0x28, 0x03,
  0x6c, 0x01, 0x88, 0xff, 0xbc, 0xfd, 0x38, 0xfc, 0xf4, 0xfa, 0xe0, 0xf9,
  0xfc, 0xf8, 0x70, 0xf8, 0x58, 0xf8, 0x9c, 0xf8, 0x3c, 0xf9, 0x34, 0xfa,
  0x68, 0xfb, 0xc4, 0xfc, 0x24, 0xfe, 0x90, 0xff, 0x2c, 0x01, 0xfc, 0x02,
  0xd4, 0x04, 0x74, 0x06, 0xac, 0x07, 0x60, 0x08, 0xc0, 0x08, 0x04, 0x09,
  0x28, 0x09, 0x04, 0x09, 0x70, 0x08, 0x78, 0x07, 0x44, 0x06, 0xe4, 0x04,
  0x7c, 0x03, 0x3c, 0x02, 0x2c, 0x01, 0x6c, 0x00, 0xe4, 0xff, 0x74, 0xff,
  0x30, 0xff, 0x1c, 0xff, 0x30, 0xff, 0x78, 0xff, 0xf4, 0xff, 0x84, 0x00,
  0x20, 0x01, 0xc8, 0x01, 0x88, 0x02, 0xa0, 0x03, 0xec, 0x04, 0x1c, 0x06,
  0xf0, 0x06, 0x64, 0x07, 0x94, 0x07, 0x90, 0x07, 0x6c, 0x07, 0x28, 0x07,
  0xa0, 0x06, 0x00, 0x06, 0x3c, 0x05, 0x38, 0x04, 0x4c, 0x03, 0xb8, 0x02,
  0x64, 0x02, 0x54, 0x02, 0x88, 0x02, 0xd0, 0x02, 0x24, 0x03, 0x9c, 0x03,
  0x04, 0x04, 0x28, 0x04, 0x04, 0x04, 0xa4, 0x03, 0x1c, 0x03, 0x88, 0x02,
  0x28, 0x02, 0xe0, 0x01, 0xb4, 0x01, 0xb0, 0x01, 0x90, 0x01, 0x58, 0x01,
  0x1c, 0x01, 0xf4, 0x00, 0xe4, 0x00, 0xdc, 0x00, 0xec, 0x00, 0xe8, 0x00,
  0xe8, 0x00, 0xec, 0x00, 0xf4, 0x00, 0x14, 0x01, 0x30, 0x01, 0x44, 0x01,
  0x4c, 0x01, 0x3c, 0x01, 0x00, 0x01, 0x98, 0x00, 0x28, 0x00, 0xc4, 0xff,
  0x70, 0xff, 0x1c, 0xff, 0xa4, 0xfe, 0x00, 0xfe, 0x74, 0xfd, 0x38, 0xfd,
  0x54, 0xfd, 0xb8, 0xfd, 0x70, 0xfe, 0x48, 0xff, 0xc4, 0xff, 0xfc, 0xff,
  0xfc, 0xff, 0xc8, 0xff, 0x84, 0xff, 0x44, 0xff, 0xec, 0xfe, 0x68, 0xfe,
  0xcc, 0xfd, 0x4c, 0xfd, 0xf4, 0xfc, 0xb8, 0xfc, 0x98, 0xfc, 0x88, 0xfc,
  0x84, 0xfc, 0x88, 0xfc, 0xb4, 0xfc, 0xcc, 0xfc, 0x90, 0xfc, 0x14, 0xfc,
  0x78, 0xfb, 0xbc, 0xfa, 0xec, 0xf9, 0x38, 0xf9, 0xe4, 0xf8, 0xc8, 0xf8,
  0xe8, 0xf8, 0x3c, 0xf9, 0xac, 0xf9, 0x38, 0xfa, 0x08, 0xfb, 0x0c, 0xfc,
  0x1c, 0xfd, 0x34, 0xfe, 0x58, 0xff, 0x58, 0x00, 0x04, 0x01, 0x70, 0x01,
  0xb0, 0x01, 0xc0, 0x01, 0xbc, 0x01, 0xac, 0x01, 0xb8, 0x01, 0xd8, 0x01,
  0x14, 0x02, 0x58, 0x02, 0x58, 0x02, 0xe8, 0x01, 0x50, 0x01, 0xd0, 0x00,
  0x6c, 0x00, 0x30, 0x00, 0x28, 0x00, 0x3c, 0x00, 0x60, 0x00, 0x90, 0x00,
  0xc0, 0x00, 0xec, 0x00, 0x10, 0x01, 0x2c, 0x01, 0x28, 0x01, 0x00, 0x01,
  0xec, 0x00, 0xcc, 0x00, 0x94, 0x00, 0x50, 0x00, 0x0c, 0x00, 0xf4, 0xff,
  0xe8, 0xff, 0xec, 0xff, 0x34, 0x00, 0x90, 0x00, 0xf4, 0x00, 0x3c, 0x01,
  0x70, 0x01, 0x90, 0x01, 0x8c, 0x01, 0x74, 0x01, 0x48, 0x01, 0xf8, 0x00,
  0x94, 0x00, 0x34, 0x00, 0xfc, 0xff, 0x18, 0x00, 0xb8, 0x00, 0xa8, 0x01,
  0x8c, 0x02, 0x4c, 0x03, 0xe8, 0x03, 0x60, 0x04, 0xc4, 0x04, 0x44, 0x05,
  0xb4, 0x05, 0xd8, 0x05, 0xb4, 0x05, 0x54, 0x05, 0xa8, 0x04, 0x9c, 0x03,
  0x4c, 0x02, 0xe0, 0x00, 0x28, 0xff, 0x20, 0xfd, 0x04, 0xfb, 0x04, 0xf9,
  0x48, 0xf7, 0x04, 0xf6, 0x48, 0xf5, 0xfc, 0xf4, 0x04, 0xf5, 0x48, 0xf5,
  0xec, 0xf5, 0xf4, 0xf6, 0x58, 0xf8, 0x14, 0xfa, 0xe4, 0xfb, 0x98, 0xfd,
  0x24, 0xff, 0x60, 0x00, 0x18, 0x01, 0x44, 0x01, 0x18, 0x01, 0xa4, 0x00,
  0xcc, 0xff, 0x78, 0xfe, 0xdc, 0xfc, 0x3c, 0xfb, 0xe8, 0xf9, 0xf4, 0xf8,
  0x54, 0xf8, 0xdc, 0xf7, 0x80, 0xf7, 0x6c, 0xf7, 0x94, 0xf7, 0xe0, 0xf7,
  0x50, 0xf8, 0xe4, 0xf8, 0x88, 0xf9, 0x10, 0xfa, 0x80, 0xfa, 0xe8, 0xfa,
  0x64, 0xfb, 0x50, 0xfc, 0xac, 0xfd, 0x24, 0xff, 0x84, 0x00, 0xdc, 0x01,
  0x28, 0x03, 0x5c, 0x04, 0x70, 0x05, 0x58, 0x06, 0xf4, 0x06, 0x30, 0x07,
  0x38, 0x07, 0x24, 0x07, 0xc8, 0x06, 0x4c, 0x06, 0xe0, 0x05, 0x5c, 0x05,
  0xdc, 0x04, 0x78, 0x04, 0x30, 0x04, 0x1c, 0x04, 0x30, 0x04, 0x74, 0x04,
  0xe8, 0x04, 0x68, 0x05, 0xe4, 0x05, 0x5c, 0x06, 0xd8, 0x06, 0x4c, 0x07,
  0xf8, 0x07, 0xb8, 0x08, 0x30, 0x09, 0x6c, 0x09, 0x64, 0x09, 0x14, 0x09,
  0xb0, 0x08, 0x5c, 0x08, 0x08, 0x08, 0x94, 0x07, 0xf4, 0x06, 0x28, 0x06,
  0x40, 0x05, 0x50, 0x04, 0x90, 0x03, 0x38, 0x03, 0x30, 0x03, 0x74, 0x03,
  0xf0, 0x03, 0x6c, 0x04, 0xd4, 0x04, 0x30, 0x05, 0x84, 0x05, 0x94, 0x05,
  0x50, 0x05, 0xc8, 0x04, 0xf8, 0x03, 0x14, 0x03, 0x48, 0x02, 0x98, 0x01,
  0x08, 0x01, 0x84, 0x00, 0xf8, 0xff, 0x50, 0xff, 0x90, 0xfe, 0xe0, 0xfd,
  0x50, 0xfd, 0xf8, 0xfc, 0xb4, 0xfc, 0x6c, 0xfc, 0x10, 0xfc, 0xa4, 0xfb,
  0x34, 0xfb, 0xdc, 0xfa, 0xa4, 0xfa, 0x50, 0xfa, 0xc0, 0xf9, 0x10, 0xf9,
  0x54, 0xf8, 0xc0, 0xf7, 0x6c, 0xf7, 0x68, 0xf7, 0x88, 0xf7, 0x98, 0xf7,
  0x9c, 0xf7, 0x9c, 0xf7, 0xc4, 0xf7, 0x38, 0xf8, 0xe8, 0xf8, 0xb4, 0xf9,
  0x8c, 0xfa, 0x54, 0xfb, 0x04, 0xfc, 0xac, 0xfc, 0x70, 0xfd, 0x60, 0xfe,
  0x34, 0xff, 0xb4, 0xff, 0xf0, 0xff, 0xf0, 0xff, 0xf4, 0xff, 0x30, 0x00,
  0xc8, 0x00, 0x7c, 0x01, 0xe0, 0x01, 0xf0, 0x01, 0xc8, 0x01, 0x70, 0x01,
  0x04, 0x01, 0xb8, 0x00, 0x94, 0x00, 0x60, 0x00, 0x1c, 0x00, 0xd0, 0xff,
  0x80, 0xff, 0x6c, 0xff, 0xbc, 0xff, 0x40, 0x00, 0x9c, 0x00, 0xb8, 0x00,
  0xa4, 0x00, 0x7c, 0x00, 0x68, 0x00, 0x90, 0x00, 0xc8, 0x00, 0xe8, 0x00,
  0xdc, 0x00, 0xac, 0x00, 0x84, 0x00, 0x74, 0x00, 0xa0, 0x00, 0x10, 0x01,
  0x9c, 0x01, 0x10, 0x02, 0x58, 0x02, 0x78, 0x02, 0x84, 0x02, 0x9c, 0x02,
  0xd4, 0x02, 0x20, 0x03, 0x3c, 0x03, 0x20, 0x03, 0xdc, 0x02, 0x88, 0x02,
  0x78, 0x02, 0xac, 0x02, 0x0c, 0x03, 0x78, 0x03, 0xb0, 0x03, 0xbc, 0x03,
  0x8c, 0x03, 0x30, 0x03, 0xe4, 0x02, 0x9c, 0x02, 0x44, 0x02, 0xc0, 0x01,
  0x28, 0x01, 0x8c, 0x00, 0x08, 0x00, 0xb8, 0xff, 0xa4, 0xff, 0xb8, 0xff,
  0xc4, 0xff, 0xcc, 0xff, 0xdc, 0xff, 0xec, 0xff, 0xf8, 0xff, 0x04, 0x00,
  0xf0, 0xff, 0xa0, 0xff, 0x10, 0xff, 0x54, 0xfe, 0x98, 0xfd, 0x14, 0xfd,
  0x0c, 0xfd, 0x58, 0xfd, 0xb0, 0xfd, 0xfc, 0xfd, 0x3c, 0xfe, 0x88, 0xfe,
  0xec, 0xfe, 0x74, 0xff, 0x00, 0x00, 0x3c, 0x00, 0x2c, 0x00, 0xdc, 0xff,
  0x58, 0xff, 0xa4, 0xfe, 0xdc, 0xfd, 0x00, 0xfd, 0xe8, 0xfb, 0xa0, 0xfa,
  0x44, 0xf9, 0x08, 0xf8, 0x10, 0xf7, 0x70, 0xf6, 0x3c, 0xf6, 0x60, 0xf6,
  0xb4, 0xf6, 0x28, 0xf7, 0xd0, 0xf7, 0xbc, 0xf8, 0x08, 0xfa, 0xa4, 0xfb,
  0x50, 0xfd, 0xd8, 0xfe, 0x1c, 0x00, 0x2c, 0x01, 0x1c, 0x02, 0xec, 0x02,
  0xac, 0x03, 0x4c, 0x04, 0x80, 0x04, 0x40, 0x04, 0x98, 0x03, 0xcc, 0x02,
  0x20, 0x02, 0x8c, 0x01, 0xf8, 0x00, 0x40, 0x00, 0x54, 0xff, 0x5c, 0xfe,
  0x80, 0xfd, 0xd8, 0xfc, 0x64, 0xfc, 0x38, 0xfc, 0x3c, 0xfc, 0x40, 0xfc,
  0x40, 0xfc, 0x58, 0xfc, 0xb0, 0xfc, 0x70, 0xfd, 0x88, 0xfe, 0xa8, 0xff,
  0xc4, 0x00, 0xbc, 0x01, 0x74, 0x02, 0x08, 0x03, 0x7c, 0x03, 0xd4, 0x03,
  0x08, 0x04, 0x00, 0x04, 0xcc, 0x03, 0x78, 0x03, 0x00, 0x03, 0x98, 0x02,
  0x3c, 0x02, 0xe4, 0x01, 0x98, 0x01, 0x74, 0x01, 0x70, 0x01, 0x88, 0x01,
  0xbc, 0x01, 0x10, 0x02, 0x7c, 0x02, 0xd4, 0x02, 0xec, 0x02, 0xb4, 0x02,
  0x54, 0x02, 0x14, 0x02, 0x2c, 0x02, 0x80, 0x02, 0xe4, 0x02, 0x58, 0x03,
  0xc4, 0x03, 0x18, 0x04, 0x5c, 0x04, 0xa0, 0x04, 0xec, 0x04, 0x28, 0x05,
  0x40, 0x05, 0x20, 0x05, 0xd4, 0x04, 0x74, 0x04, 0x28, 0x04, 0x00, 0x04,
  0xe4, 0x03, 0xc8, 0x03, 0xb8, 0x03, 0x98, 0x03, 0x70, 0x03, 0x58, 0x03,
  0x44, 0x03, 0x24, 0x03, 0xec, 0x02, 0x98, 0x02, 0x38, 0x02, 0xdc, 0x01,
  0x94, 0x01, 0x48, 0x01, 0xfc, 0x00, 0xa0, 0x00, 0x40, 0x00, 0x08, 0x00,
  0xf0, 0xff, 0x14, 0x00, 0x68, 0x00, 0xd4, 0x00, 0x40, 0x01, 0x84, 0x01,
  0x98, 0x01, 0x8c, 0x01, 0x64, 0x01, 0x20, 0x01, 0xb8, 0x00, 0x24, 0x00,
  0x68, 0xff, 0x88, 0xfe, 0x74, 0xfd, 0x3c, 0xfc, 0x00, 0xfb, 0xcc, 0xf9,
  0xb0, 0xf8, 0xdc, 0xf7, 0x58, 0xf7, 0x24, 0xf7, 0x44, 0xf7, 0xb8, 0xf7,
  0x78, 0xf8, 0x34, 0xf9, 0xfc, 0xf9, 0xdc, 0xfa, 0xac, 0xfb, 0x5c, 0xfc,
  0xf0, 0xfc, 0x74, 0xfd, 0xe0, 0xfd, 0x34, 0xfe, 0x7c, 0xfe, 0xb0, 0xfe,
  0xd0, 0xfe, 0x00, 0xff, 0x48, 0xff, 0x88, 0xff, 0xa4, 0xff, 0x74, 0xff,
  0xf8, 0xfe, 0x58, 0xfe, 0xa4, 0xfd, 0xec, 0xfc, 0x20, 0xfc, 0x4c, 0xfb,
  0x80, 0xfa, 0x98, 0xf9, 0xa0, 0xf8, 0xd4, 0xf7, 0x64, 0xf7, 0x4c, 0xf7,
  0x64, 0xf7, 0xa0, 0xf7, 0xe8, 0xf7, 0x58, 0xf8, 0x28, 0xf9, 0x54, 0xfa,
  0xc4, 0xfb, 0x3c, 0xfd, 0xac, 0xfe, 0x04, 0x00, 0x1c, 0x01, 0x08, 0x02,
  0xf0, 0x02, 0xe4, 0x03, 0xcc, 0x04, 0x78, 0x05, 0xd8, 0x05, 0xec, 0x05,
  0xd4, 0x05, 0xb4, 0x05, 0x94, 0x05, 0x64, 0x05, 0x30, 0x05, 0xf0, 0x04,
  0xa0, 0x04, 0x58, 0x04, 0x40, 0x04, 0x58, 0x04, 0x8c, 0x04, 0xc8, 0x04,
  0xf0, 0x04, 0xe8, 0x04, 0xc0, 0x04, 0xac, 0x04, 0xb8, 0x04, 0xe4, 0x04,
  0x1c, 0x05, 0x28, 0x05, 0x00, 0x05, 0xa4, 0x04, 0x54, 0x04, 0x3c, 0x04,
  0x48, 0x04, 0x7c, 0x04, 0xc8, 0x04, 0x04, 0x05, 0x3c, 0x05, 0x4c, 0x05,
  0x54, 0x05, 0x58, 0x05, 0x40, 0x05, 0x30, 0x05, 0x04, 0x05, 0xa8, 0x04,
  0x58, 0x04, 0x48, 0x04, 0x5c, 0x04, 0x68, 0x04, 0x54, 0x04, 0x28, 0x04,
  0xfc, 0x03, 0xe0, 0x03, 0xf4, 0x03, 0x44, 0x04, 0xc0, 0x04, 0x44, 0x05,
  0xac, 0x05, 0xcc, 0x05, 0xb8, 0x05, 0x88, 0x05, 0x3c, 0x05, 0xd0, 0x04,
  0x28, 0x04, 0x4c, 0x03, 0x40, 0x02, 0x08, 0x01, 0xb0, 0xff, 0x48, 0xfe,
  0xfc, 0xfc, 0xe0, 0xfb, 0xfc, 0xfa, 0x1c, 0xfa, 0x3c, 0xf9, 0x9c, 0xf8,
  0x74, 0xf8, 0xbc, 0xf8, 0x38, 0xf9, 0xc4, 0xf9, 0x3c, 0xfa, 0x84, 0xfa,
  0xa0, 0xfa, 0xa0, 0xfa, 0x8c, 0xfa, 0x74, 0xfa, 0x5c, 0xfa, 0x34, 0xfa,
  0xd8, 0xf9, 0x64, 0xf9, 0x0c, 0xf9, 0xd0, 0xf8, 0xa8, 0xf8, 0x78, 0xf8,
  0x34, 0xf8, 0xbc, 0xf7, 0x28, 0xf7, 0xbc, 0xf6, 0x8c, 0xf6, 0xb0, 0xf6,
  0x18, 0xf7, 0x80, 0xf7, 0xa8, 0xf7, 0x8c, 0xf7, 0x70, 0xf7, 0x80, 0xf7,
  0xd4, 0xf7, 0x50, 0xf8, 0xc4, 0xf8, 0x04, 0xf9, 0x14, 0xf9, 0x40, 0xf9,
  0xb0, 0xf9, 0x64, 0xfa, 0x28, 0xfb, 0xd8, 0xfb, 0x50, 0xfc, 0x70, 0xfc,
  0x50, 0xfc, 0x20, 0xfc, 0x04, 0xfc, 0x0c, 0xfc, 0x2c, 0xfc, 0x48, 0xfc,
  0x54, 0xfc, 0x5c, 0xfc, 0x88, 0xfc, 0xe4, 0xfc, 0x70, 0xfd, 0x24, 0xfe,
  0xdc, 0xfe, 0x5c, 0xff, 0xc0, 0xff, 0x28, 0x00, 0xa4, 0x00, 0x20, 0x01,
  0x7c, 0x01, 0x9c, 0x01, 0x74, 0x01, 0x00, 0x01, 0x94, 0x00, 0x44, 0x00,
  0x04, 0x00, 0xe4, 0xff, 0xe8, 0xff, 0x08, 0x00, 0x34, 0x00, 0x98, 0x00,
  0x80, 0x01, 0xc8, 0x02, 0x44, 0x04, 0xd8, 0x05, 0x48, 0x07, 0x8c, 0x08,
  0xa8, 0x09, 0x90, 0x0a, 0x4c, 0x0b, 0xc4, 0x0b, 0x08, 0x0c, 0x04, 0x0c,
  0xa0, 0x0b, 0x08, 0x0b, 0x70, 0x0a, 0xe0, 0x09, 0x64, 0x09, 0x10, 0x09,
  0xd8, 0x08, 0xb0, 0x08, 0x9c, 0x08, 0xac, 0x08, 0xe8, 0x08, 0x34, 0x09,
  0x94, 0x09, 0x04, 0x0a, 0x60, 0x0a, 0x88, 0x0a, 0x88, 0x0a, 0x74, 0x0a,
  0x58, 0x0a, 0x08, 0x0a, 0x84, 0x09, 0xc0, 0x08, 0xc8, 0x07, 0xd0, 0x06,
  0xe4, 0x05, 0x2c, 0x05, 0x8c, 0x04, 0x00, 0x04, 0x98, 0x03, 0x38, 0x03,
  0x04, 0x03, 0xf8, 0x02, 0x0c, 0x03, 0x44, 0x03, 0x74, 0x03, 0x9c, 0x03,
  0xb4, 0x03, 0xc8, 0x03, 0xf0, 0x03, 0x28, 0x04, 0x68, 0x04, 0xc8, 0x04,
  0x44, 0x05, 0x90, 0x05, 0x98, 0x05, 0x94, 0x05, 0x8c, 0x05, 0x80, 0x05,
  0x48, 0x05, 0xc0, 0x04, 0xd0, 0x03, 0x90, 0x02, 0x20, 0x01, 0x94, 0xff,
  0x04, 0xfe, 0x94, 0xfc, 0x4c, 0xfb, 0x08, 0xfa, 0xc4, 0xf8, 0x98, 0xf7,
  0xac, 0xf6, 0x34, 0xf6, 0x00, 0xf6, 0xf0, 0xf5, 0xe0, 0xf5, 0xc8, 0xf5,
  0xb8, 0xf5, 0xcc, 0xf5, 0xfc, 0xf5, 0x40, 0xf6, 0x84, 0xf6, 0xc0, 0xf6,
  0xe0, 0xf6, 0xe0, 0xf6, 0xe0, 0xf6, 0xe4, 0xf6, 0xec, 0xf6, 0xe4, 0xf6,
  0xb0, 0xf6, 0x58, 0xf6, 0xe8, 0xf5, 0x88, 0xf5, 0x2c, 0xf5, 0xe4, 0xf4,
  0xc4, 0xf4, 0xb8, 0xf4, 0xb8, 0xf4, 0xa4, 0xf4, 0x90, 0xf4, 0xbc, 0xf4,
  0x2c, 0xf5, 0xd4, 0xf5, 0x88, 0xf6, 0x2c, 0xf7, 0xd0, 0xf7, 0x54, 0xf8,
  0xc4, 0xf8, 0x28, 0xf9, 0x88, 0xf9, 0xfc, 0xf9, 0x64, 0xfa, 0xa4, 0xfa,
  0xbc, 0xfa, 0xd4, 0xfa, 0x20, 0xfb, 0xa0, 0xfb, 0x40, 0xfc, 0xe8, 0xfc,
  0xa0, 0xfd, 0x68, 0xfe, 0x44, 0xff, 0x24, 0x00, 0x00, 0x01, 0xdc, 0x01,
  0x98, 0x02, 0x18, 0x03, 0x34, 0x03, 0x18, 0x03, 0x0c, 0x03, 0x24, 0x03,
  0x64, 0x03, 0xa8, 0x03, 0xd4, 0x03, 0x08, 0x04, 0x64, 0x04, 0xd4, 0x04,
  0x2c, 0x05, 0x78, 0x05, 0xb8, 0x05, 0xc4, 0x05, 0x90, 0x05, 0x28, 0x05,
  0xa8, 0x04, 0x08, 0x04, 0x3c, 0x03, 0x40, 0x02, 0x28, 0x01, 0x1c, 0x00,
  0x40, 0xff, 0x94, 0xfe, 0x08, 0xfe, 0xc4, 0xfd, 0xf8, 0xfd, 0xa8, 0xfe,
  0xa0, 0xff, 0xb4, 0x00, 0xdc, 0x01, 0x18, 0x03, 0x4c, 0x04, 0x50, 0x05,
  0x08, 0x06, 0x88, 0x06, 0xf0, 0x06, 0x4c, 0x07, 0x74, 0x07, 0x54, 0x07,
  0xf0, 0x06, 0x50, 0x06, 0x68, 0x05, 0x58, 0x04, 0x40, 0x03, 0x3c, 0x02,
  0x6c, 0x01, 0xb4, 0x00, 0x1c, 0x00, 0x90, 0xff, 0x08, 0xff, 0x9c, 0xfe,
  0x50, 0xfe, 0x2c, 0xfe, 0x40, 0xfe, 0x98, 0xfe, 0x04, 0xff, 0x78, 0xff,
  0x28, 0x00, 0x0c, 0x01, 0x0c, 0x02, 0xfc, 0x02, 0xc4, 0x03, 0x58, 0x04,
  0xc4, 0x04, 0x10, 0x05, 0x4c, 0x05, 0x6c, 0x05, 0x60, 0x05, 0x30, 0x05,
  0xd8, 0x04, 0x54, 0x04, 0xa8, 0x03, 0xf0, 0x02, 0x58, 0x02, 0xfc, 0x01,
  0xb8, 0x01, 0x8c, 0x01, 0x78, 0x01, 0x94, 0x01, 0xd8, 0x01, 0x40, 0x02,
  0xd4, 0x02, 0x80, 0x03, 0x54, 0x04, 0x10, 0x05, 0xa8, 0x05, 0x28, 0x06,
  0x9c, 0x06, 0x38, 0x07, 0xd4, 0x07, 0x48, 0x08, 0x90, 0x08, 0xac, 0x08,
  0xb8, 0x08, 0xb0, 0x08, 0x7c, 0x08, 0x10, 0x08, 0x70, 0x07, 0xc0, 0x06,
  0xfc, 0x05, 0x44, 0x05, 0xb0, 0x04, 0x3c, 0x04, 0x00, 0x04, 0xfc, 0x03,
  0x3c, 0x04, 0xb0, 0x04, 0x28, 0x05, 0x88, 0x05, 0xbc, 0x05, 0xd0, 0x05,
  0xcc, 0x05, 0x98, 0x05, 0x10, 0x05, 0x3c, 0x04, 0x34, 0x03, 0x14, 0x02,
  0xf4, 0x00, 0xd0, 0xff, 0xb4, 0xfe, 0xcc, 0xfd, 0x30, 0xfd, 0xcc, 0xfc,
  0x94, 0xfc, 0x7c, 0xfc, 0x98, 0xfc, 0xf4, 0xfc, 0x78, 0xfd, 0x00, 0xfe,
  0x60, 0xfe, 0xa0, 0xfe, 0xe0, 0xfe, 0x08, 0xff, 0xfc, 0xfe, 0xa0, 0xfe,
  0xe0, 0xfd, 0xe4, 0xfc, 0xb8, 0xfb, 0x60, 0xfa, 0xf4, 0xf8, 0x98, 0xf7,
  0x64, 0xf6, 0x48, 0xf5, 0x44, 0xf4, 0x94, 0xf3, 0x44, 0xf3, 0x40, 0xf3,
  0x60, 0xf3, 0x90, 0xf3, 0xf0, 0xf3, 0x78, 0xf4, 0x2c, 0xf5, 0xe4, 0xf5,
  0x8c, 0xf6, 0x24, 0xf7, 0xb4, 0xf7, 0x50, 0xf8, 0x08, 0xf9, 0xd8, 0xf9,
  0xdc, 0xfa, 0x00, 0xfc, 0xec, 0xfc, 0x78, 0xfd, 0xc0, 0xfd, 0xc8, 0xfd,
  0x78, 0xfd, 0xd4, 0xfc, 0xe8, 0xfb, 0xe4, 0xfa, 0xdc, 0xf9, 0xe8, 0xf8,
  0x14, 0xf8, 0x4c, 0xf7, 0xb8, 0xf6, 0x6c, 0xf6, 0x60, 0xf6, 0x78, 0xf6,
  0xc4, 0xf6, 0x54, 0xf7, 0x30, 0xf8, 0x3c, 0xf9, 0x78, 0xfa, 0xcc, 0xfb,
  0x20, 0xfd, 0x50, 0xfe, 0x50, 0xff, 0x28, 0x00, 0xe4, 0x00, 0x74, 0x01,
  0xe8, 0x01, 0x1c, 0x02, 0x0c, 0x02, 0xe8, 0x01, 0xa0, 0x01, 0x40, 0x01,
  0xdc, 0x00, 0x7c, 0x00, 0x3c, 0x00, 0x14, 0x00, 0xfc, 0xff, 0xe4, 0xff,
  0xdc, 0xff, 0xf4, 0xff, 0x20, 0x00, 0x68, 0x00, 0xb4, 0x00, 0x14, 0x01,
  0x8c, 0x01, 0x00, 0x02, 0x68, 0x02, 0xc8, 0x02, 0xf8, 0x02, 0x08, 0x03,
  0x1c, 0x03, 0x38, 0x03, 0x40, 0x03, 0x38, 0x03, 0x30, 0x03, 0x54, 0x03,
  0x9c, 0x03, 0xec, 0x03, 0x34, 0x04, 0x68, 0x04, 0x6c, 0x04, 0x5c, 0x04,
  0x28, 0x04, 0xdc, 0x03, 0x78, 0x03, 0xf0, 0x02, 0x70, 0x02, 0x04, 0x02,
  0xc4, 0x01, 0xe4, 0x01, 0x40, 0x02, 0xc0, 0x02, 0x48, 0x03, 0xe4, 0x03,
  0xb0, 0x04, 0x8c, 0x05, 0x78, 0x06, 0x54, 0x07, 0xfc, 0x07, 0x68, 0x08,
  0x7c, 0x08, 0x50, 0x08, 0xf0, 0x07, 0x68, 0x07, 0xbc, 0x06, 0xec, 0x05,
  0xf8, 0x04, 0xe8, 0x03, 0xdc, 0x02, 0xcc, 0x01, 0xc4, 0x00, 0xd4, 0xff,
  0x14, 0xff, 0x98, 0xfe, 0x60, 0xfe, 0x4c, 0xfe, 0x7c, 0xfe, 0xfc, 0xfe,
  0xb8, 0xff, 0x9c, 0x00, 0x70, 0x01, 0x28, 0x02, 0xd0, 0x02, 0x58, 0x03,
  0xb4, 0x03, 0xd4, 0x03, 0xc8, 0x03, 0x98, 0x03, 0x40, 0x03, 0xb8, 0x02,
  0x08, 0x02, 0x40, 0x01, 0x74, 0x00, 0xb8, 0xff, 0x0c, 0xff, 0x80, 0xfe,
  0x18, 0xfe, 0xe0, 0xfd, 0xd8, 0xfd, 0xec, 0xfd, 0x28, 0xfe, 0x88, 0xfe,
  0xf4, 0xfe, 0x54, 0xff, 0xac, 0xff, 0xf8, 0xff, 0x3c, 0x00, 0x84, 0x00,
  0xc8, 0x00, 0x08, 0x01, 0x48, 0x01, 0x84, 0x01, 0xbc, 0x01, 0xd0, 0x01,
  0xc8, 0x01, 0xa8, 0x01, 0x8c, 0x01, 0x64, 0x01, 0x14, 0x01, 0xac, 0x00,
  0x30, 0x00, 0xc4, 0xff, 0x64, 0xff, 0x18, 0xff, 0xf0, 0xfe, 0xf0, 0xfe,
  0x30, 0xff, 0xa8, 0xff, 0x34, 0x00, 0xc8, 0x00, 0x54, 0x01, 0xd4, 0x01,
  0x34, 0x02, 0x70, 0x02, 0xa4, 0x02, 0xd8, 0x02, 0x18, 0x03, 0x44, 0x03,
  0x5c, 0x03, 0x3c, 0x03, 0xdc, 0x02, 0x48, 0x02, 0x80, 0x01, 0x78, 0x00,
  0x50, 0xff, 0x34, 0xfe, 0x28, 0xfd, 0x38, 0xfc, 0x7c, 0xfb, 0x04, 0xfb,
  0xe4, 0xfa, 0x14, 0xfb, 0x98, 0xfb, 0x54, 0xfc, 0x24, 0xfd, 0xf4, 0xfd,
  0xac, 0xfe, 0x50, 0xff, 0xf0, 0xff, 0x80, 0x00, 0xe8, 0x00, 0x18, 0x01,
  0x08, 0x01, 0xcc, 0x00, 0x68, 0x00, 0xe8, 0xff, 0x54, 0xff, 0xc4, 0xfe,
  0x40, 0xfe, 0xcc, 0xfd, 0x6c, 0xfd, 0x00, 0xfd, 0x7c, 0xfc, 0x08, 0xfc,
  0xb4, 0xfb, 0x74, 0xfb, 0x20, 0xfb, 0xc4, 0xfa, 0x80, 0xfa, 0x5c, 0xfa,
  0x54, 0xfa, 0x60, 0xfa, 0x5c, 0xfa, 0x24, 0xfa, 0xb0, 0xf9, 0x04, 0xf9,
  0x34, 0xf8, 0x68, 0xf7, 0xcc, 0xf6, 0x84, 0xf6, 0x78, 0xf6, 0xb8, 0xf6,
  0x4c, 0xf7, 0x10, 0xf8, 0xf0, 0xf8, 0xd0, 0xf9, 0xb4, 0xfa, 0x9c, 0xfb,
  0x94, 0xfc, 0x7c, 0xfd, 0x30, 0xfe, 0xd8, 0xfe, 0x78, 0xff, 0x0c, 0x00,
  0x8c, 0x00, 0xe0, 0x00, 0x18, 0x01, 0x38, 0x01, 0x24, 0x01, 0x08, 0x01,
  0x18, 0x01, 0x3c, 0x01, 0x64, 0x01, 0x70, 0x01, 0x50, 0x01, 0x1c, 0x01,
  0xe4, 0x00, 0xa0, 0x00, 0x30, 0x00, 0xa8, 0xff, 0x34, 0xff, 0xd4, 0xfe,
  0x8c, 0xfe, 0x70, 0xfe, 0xa0, 0xfe, 0x1c, 0xff, 0xc8, 0xff, 0xa0, 0x00,
  0x7c, 0x01, 0x58, 0x02, 0x4c, 0x03, 0x58, 0x04, 0x50, 0x05, 0xf4, 0x05,
  0x64, 0x06, 0x98, 0x06, 0x80, 0x06, 0x30, 0x06, 0xa8, 0x05, 0x1c, 0x05,
  0x90, 0x04, 0xec, 0x03, 0x40, 0x03, 0x90, 0x02, 0xf8, 0x01, 0xb8, 0x01,
  0xb4, 0x01, 0xc0, 0x01, 0xe4, 0x01, 0x14, 0x02, 0x50, 0x02, 0x98, 0x02,
  0xf4, 0x02, 0x68, 0x03, 0xe4, 0x03, 0x48, 0x04, 0x98, 0x04, 0xd4, 0x04,
  0xec, 0x04, 0xe8, 0x04, 0xd4, 0x04, 0xa4, 0x04, 0x4c, 0x04, 0xb4, 0x03,
  0x00, 0x03, 0x4c, 0x02, 0xa0, 0x01, 0x10, 0x01, 0x94, 0x00, 0x28, 0x00,
  0xb8, 0xff, 0x24, 0xff, 0x5c, 0xfe, 0x8c, 0xfd, 0xe4, 0xfc, 0x68, 0xfc,
  0x14, 0xfc, 0xec, 0xfb, 0x00, 0xfc, 0x54, 0xfc, 0xe0, 0xfc, 0x8c, 0xfd,
  0x48, 0xfe, 0x18, 0xff, 0xf0, 0xff, 0xc4, 0x00, 0x78, 0x01, 0x10, 0x02,
  0xb0, 0x02, 0x20, 0x03, 0x48, 0x03, 0x04, 0x03, 0x5c, 0x02, 0x88, 0x01,
  0x94, 0x00, 0x94, 0xff, 0x8c, 0xfe, 0x68, 0xfd, 0x30, 0xfc, 0xf4, 0xfa,
  0x88, 0xf9, 0x0c, 0xf8, 0xe0, 0xf6, 0x30, 0xf6, 0xf8, 0xf5, 0x2c, 0xf6,
  0xd8, 0xf6, 0xd0, 0xf7, 0x04, 0xf9, 0x80, 0xfa, 0x38, 0xfc, 0xf8, 0xfd,
  0xb4, 0xff, 0x70, 0x01, 0x08, 0x03, 0x5c, 0x04, 0x70, 0x05, 0x4c, 0x06,
  0xdc, 0x06, 0x1c, 0x07, 0x08, 0x07, 0xac, 0x06, 0x0c, 0x06, 0x44, 0x05,
  0x88, 0x04, 0xe0, 0x03, 0x58, 0x03, 0x18, 0x03, 0xf8, 0x02, 0xec, 0x02,
  0xe4, 0x02, 0xe0, 0x02, 0xe8, 0x02, 0xd8, 0x02, 0xc0, 0x02, 0xbc, 0x02,
  0xc8, 0x02, 0xdc, 0x02, 0x00, 0x03, 0x24, 0x03, 0x50, 0x03, 0x7c, 0x03,
  0xa0, 0x03, 0xcc, 0x03, 0xdc, 0x03, 0xec, 0x03, 0x14, 0x04, 0x0c, 0x04,
  0xa8, 0x03, 0xd4, 0x02, 0xc4, 0x01, 0xac, 0x00, 0xb0, 0xff, 0x04, 0xff,
  0x90, 0xfe, 0x4c, 0xfe, 0x28, 0xfe, 0xf8, 0xfd, 0xdc, 0xfd, 0xdc, 0xfd,
  0x14, 0xfe, 0xa0, 0xfe, 0x40, 0xff, 0xec, 0xff, 0xb8, 0x00, 0x7c, 0x01,
  0x1c, 0x02, 0x9c, 0x02, 0x04, 0x03, 0x44, 0x03, 0x60, 0x03, 0x50, 0x03,
  0x14, 0x03, 0x9c, 0x02, 0x00, 0x02, 0x5c, 0x01, 0x8c, 0x00, 0x8c, 0xff,
  0x84, 0xfe, 0x84, 0xfd, 0xc4, 0xfc, 0x34, 0xfc, 0xe4, 0xfb, 0xc4, 0xfb,
  0xbc, 0xfb, 0xd4, 0xfb, 0xdc, 0xfb, 0xc8, 0xfb, 0x98, 0xfb, 0x70, 0xfb,
  0x44, 0xfb, 0xf0, 0xfa, 0x9c, 0xfa, 0x48, 0xfa, 0x04, 0xfa, 0xdc, 0xf9,
  0xcc, 0xf9, 0xf8, 0xf9, 0x3c, 0xfa, 0xac, 0xfa, 0x28, 0xfb, 0x84, 0xfb,
  0xcc, 0xfb, 0x10, 0xfc, 0x60, 0xfc, 0x98, 0xfc, 0xb4, 0xfc, 0xc8, 0xfc,
  0xc4, 0xfc, 0xa4, 0xfc, 0x50, 0xfc, 0xd8, 0xfb, 0x4c, 0xfb, 0xb4, 0xfa,
  0x3c, 0xfa, 0xd0, 0xf9, 0x54, 0xf9, 0xe8, 0xf8, 0xa8, 0xf8, 0x94, 0xf8,
  0xbc, 0xf8, 0x14, 0xf9, 0xa0, 0xf9, 0x50, 0xfa, 0x18, 0xfb, 0xf8, 0xfb,
  0xe0, 0xfc, 0xd0, 0xfd, 0xcc, 0xfe, 0xb4, 0xff, 0x68, 0x00, 0x00, 0x01,
  0x90, 0x01, 0xf8, 0x01, 0x20, 0x02, 0x24, 0x02, 0x1c, 0x02, 0x0c, 0x02,
  0xf0, 0x01, 0xe4, 0x01, 0xdc, 0x01, 0xec, 0x01, 0x10, 0x02, 0x0c, 0x02,
  0xb8, 0x01, 0x20, 0x01, 0x94, 0x00, 0x08, 0x00, 0x64, 0xff, 0xc0, 0xfe,
  0x30, 0xfe, 0xc0, 0xfd, 0x60, 0xfd, 0xfc, 0xfc, 0xbc, 0xfc, 0xac, 0xfc,
  0xf4, 0xfc, 0xac, 0xfd, 0x98, 0xfe, 0x98, 0xff, 0xd0, 0x00, 0x28, 0x02,
  0x78, 0x03, 0x88, 0x04, 0x50, 0x05, 0xe8, 0x05, 0x54, 0x06, 0xa8, 0x06,
  0xd0, 0x06, 0xd0, 0x06, 0xb8, 0x06, 0x84, 0x06, 0x44, 0x06, 0xe8, 0x05,
  0x7c, 0x05, 0x30, 0x05, 0xfc, 0x04, 0xe0, 0x04, 0xb8, 0x04, 0x80, 0x04,
  0x48, 0x04, 0x3c, 0x04, 0x80, 0x04, 0xe8, 0x04, 0x70, 0x05, 0x1c, 0x06,
  0xcc, 0x06, 0x6c, 0x07, 0xfc, 0x07, 0x8c, 0x08, 0xfc, 0x08, 0x44, 0x09,
  0x68, 0x09, 0x54, 0x09, 0x1c, 0x09, 0xc0, 0x08, 0x70, 0x08, 0x4c, 0x08,
  0x48, 0x08, 0x78, 0x08, 0xc8, 0x08, 0xe8, 0x08, 0xe0, 0x08, 0xac, 0x08,
  0x54, 0x08, 0xf4, 0x07, 0x9c, 0x07, 0x54, 0x07, 0xf4, 0x06, 0x70, 0x06,
  0xdc, 0x05, 0x58, 0x05, 0xf0, 0x04, 0xcc, 0x04, 0xec, 0x04, 0x1c, 0x05,
  0x54, 0x05, 0x98, 0x05, 0xf8, 0x05, 0x5c, 0x06, 0xbc, 0x06, 0x20, 0x07,
  0x60, 0x07, 0x48, 0x07, 0xf0, 0x06, 0x64, 0x06, 0x90, 0x05, 0x7c, 0x04,
  0x38, 0x03, 0xc8, 0x01, 0x08, 0x00, 0x14, 0xfe, 0x34, 0xfc, 0xa4, 0xfa,
  0x54, 0xf9, 0x60, 0xf8, 0xc8, 0xf7, 0x54, 0xf7, 0xf4, 0xf6, 0xc0, 0xf6,
  0xac, 0xf6, 0xc0, 0xf6, 0x10, 0xf7, 0x94, 0xf7, 0x0c, 0xf8, 0x48, 0xf8,
  0x68, 0xf8, 0x78, 0xf8, 0x68, 0xf8, 0x3c, 0xf8, 0xe8, 0xf7, 0x80, 0xf7,
  0xe8, 0xf6, 0x38, 0xf6, 0x94, 0xf5, 0xfc, 0xf4, 0x94, 0xf4, 0x68, 0xf4,
  0x48, 0xf4, 0x08, 0xf4, 0xac, 0xf3, 0x78, 0xf3, 0x70, 0xf3, 0x84, 0xf3,
  0xac, 0xf3, 0xd8, 0xf3, 0xd4, 0xf3, 0x9c, 0xf3, 0x58, 0xf3, 0x18, 0xf3,
  0xfc, 0xf2, 0x44, 0xf3, 0xd8, 0xf3, 0x54, 0xf4, 0x98, 0xf4, 0xdc, 0xf4,
  0x2c, 0xf5, 0x70, 0xf5, 0xa0, 0xf5, 0xc4, 0xf5, 0xe0, 0xf5, 0xf4, 0xf5,
  0x10, 0xf6, 0x48, 0xf6, 0x88, 0xf6, 0xf8, 0xf6, 0x9c, 0xf7, 0x5c, 0xf8,
  0x14, 0xf9, 0xec, 0xf9, 0x08, 0xfb, 0x2c, 0xfc, 0x5c, 0xfd, 0xac, 0xfe,
  0xe4, 0xff, 0xd8, 0x00, 0x74, 0x01, 0xe0, 0x01, 0x28, 0x02, 0x74, 0x02,
  0xf4, 0x02, 0x98, 0x03, 0x20, 0x04, 0x70, 0x04, 0xa0, 0x04, 0xc0, 0x04,
  0xc0, 0x04, 0xb0, 0x04, 0xa4, 0x04, 0x80, 0x04, 0x28, 0x04, 0xd0, 0x03,
  0xb4, 0x03, 0xf4, 0x03, 0xb4, 0x04, 0xc4, 0x05, 0xd0, 0x06, 0x98, 0x07,
  0x30, 0x08, 0xb8, 0x08, 0x3c, 0x09, 0xbc, 0x09, 0x30, 0x0a, 0x7c, 0x0a,
  0x78, 0x0a, 0x40, 0x0a, 0x18, 0x0a, 0x24, 0x0a, 0x80, 0x0a, 0xfc, 0x0a,
  0x68, 0x0b, 0x84, 0x0b, 0x60, 0x0b, 0x4c, 0x0b, 0x48, 0x0b, 0x50, 0x0b,
  0x68, 0x0b, 0x64, 0x0b, 0x14, 0x0b, 0x68, 0x0a, 0x88, 0x09, 0xac, 0x08,
  0xdc, 0x07, 0x1c, 0x07, 0x6c, 0x06, 0x80, 0x05, 0x60, 0x04, 0x44, 0x03,
  0x58, 0x02, 0xac, 0x01, 0x4c, 0x01, 0x24, 0x01, 0x1c, 0x01, 0x08, 0x01,
  0x04, 0x01, 0x38, 0x01, 0x98, 0x01, 0x3c, 0x02, 0xf4, 0x02, 0x78, 0x03,
  0xa4, 0x03, 0x94, 0x03, 0x74, 0x03, 0x50, 0x03, 0x3c, 0x03, 0x2c, 0x03,
  0x10, 0x03, 0xd8, 0x02, 0x80, 0x02, 0x34, 0x02, 0x0c, 0x02, 0x28, 0x02,
  0x68, 0x02, 0x88, 0x02, 0x7c, 0x02, 0x34, 0x02, 0xe0, 0x01, 0x94, 0x01,
  0x30, 0x01, 0xb8, 0x00, 0x20, 0x00, 0x5c, 0xff, 0x7c, 0xfe, 0x94, 0xfd,
  0xb8, 0xfc, 0x14, 0xfc, 0xdc, 0xfb, 0x0c, 0xfc, 0x70, 0xfc, 0xdc, 0xfc,
  0x60, 0xfd, 0x04, 0xfe, 0xdc, 0xfe, 0xbc, 0xff, 0x68, 0x00, 0x98, 0x00,
  0x20, 0x00, 0x3c, 0xff, 0x30, 0xfe, 0x28, 0xfd, 0x50, 0xfc, 0x98, 0xfb,
  0xe8, 0xfa, 0x20, 0xfa, 0x54, 0xf9, 0xb0, 0xf8, 0x40, 0xf8, 0x10, 0xf8,
  0x38, 0xf8, 0x8c, 0xf8, 0xd8, 0xf8, 0x38, 0xf9, 0xc0, 0xf9, 0x78, 0xfa,
  0x54, 0xfb, 0x28, 0xfc, 0xd8, 0xfc, 0x28, 0xfd, 0x3c, 0xfd, 0x60, 0xfd,
  0x8c, 0xfd, 0xcc, 0xfd, 0xfc, 0xfd, 0x00, 0xfe, 0xcc, 0xfd, 0x38, 0xfd,
  0x74, 0xfc, 0xc0, 0xfb, 0x38, 0xfb, 0x14, 0xfb, 0x38, 0xfb, 0x60, 0xfb,
  0x70, 0xfb, 0x7c, 0xfb, 0x94, 0xfb, 0xbc, 0xfb, 0xf4, 0xfb, 0x2c, 0xfc,
  0x44, 0xfc, 0x34, 0xfc, 0x14, 0xfc, 0x18, 0xfc, 0x50, 0xfc, 0xe4, 0xfc,
  0xe4, 0xfd, 0x18, 0xff, 0x48, 0x00, 0x60, 0x01, 0x5c, 0x02, 0x44, 0x03,
  0x20, 0x04, 0x08, 0x05, 0xcc, 0x05, 0x24, 0x06, 0x1c, 0x06, 0xdc, 0x05,
  0x74, 0x05, 0x04, 0x05, 0x8c, 0x04, 0xf0, 0x03, 0x10, 0x03, 0x04, 0x02,
  0x00, 0x01, 0x14, 0x00, 0x48, 0xff, 0xc4, 0xfe, 0x94, 0xfe, 0x98, 0xfe,
  0xbc, 0xfe, 0x1c, 0xff, 0xa8, 0xff, 0x38, 0x00, 0x08, 0x01, 0x0c, 0x02,
  0x0c, 0x03, 0xd8, 0x03, 0x60, 0x04, 0xbc, 0x04, 0xe0, 0x04, 0xe0, 0x04,
  0xd4, 0x04, 0x80, 0x04, 0xd0, 0x03, 0xd0, 0x02, 0xb0, 0x01, 0xa4, 0x00,
  0xd0, 0xff, 0x48, 0xff, 0xe0, 0xfe, 0x64, 0xfe, 0xc0, 0xfd, 0x08, 0xfd,
  0x48, 0xfc, 0x88, 0xfb, 0x20, 0xfb, 0xf8, 0xfa, 0xd0, 0xfa, 0x98, 0xfa,
  0x4c, 0xfa, 0x00, 0xfa, 0xdc, 0xf9, 0x0c, 0xfa, 0x84, 0xfa, 0xf0, 0xfa,
  0x24, 0xfb, 0x54, 0xfb, 0xb0, 0xfb, 0x40, 0xfc, 0xfc, 0xfc, 0xc0, 0xfd,
  0x54, 0xfe, 0xa4, 0xfe, 0xbc, 0xfe, 0xb4, 0xfe, 0xa0, 0xfe, 0x9c, 0xfe,
  0xbc, 0xfe, 0xe4, 0xfe, 0xfc, 0xfe, 0x10, 0xff, 0x38, 0xff, 0x80, 0xff,
  0xec, 0xff, 0x78, 0x00, 0xf8, 0x00, 0x4c, 0x01, 0x88, 0x01, 0xb0, 0x01,
  0xe0, 0x01, 0x28, 0x02, 0x98, 0x02, 0x28, 0x03, 0x90, 0x03, 0xd0, 0x03,
  0x10, 0x04, 0x50, 0x04, 0x94, 0x04, 0xec, 0x04, 0x30, 0x05, 0x4c, 0x05,
  0x50, 0x05, 0x48, 0x05, 0x70, 0x05, 0xc0, 0x05, 0x38, 0x06, 0xe0, 0x06,
  0x70, 0x07, 0xd0, 0x07, 0x00, 0x08, 0xfc, 0x07, 0xd4, 0x07, 0x98, 0x07,
  0x50, 0x07, 0xf0, 0x06, 0x68, 0x06, 0xcc, 0x05, 0x28, 0x05, 0x90, 0x04,
  0x18, 0x04, 0xc8, 0x03, 0x94, 0x03, 0x74, 0x03, 0x80, 0x03, 0xb0, 0x03,
  0xf4, 0x03, 0x48, 0x04, 0x88, 0x04, 0xb4, 0x04, 0xb8, 0x04, 0x98, 0x04,
  0x60, 0x04, 0x00, 0x04, 0x8c, 0x03, 0x10, 0x03, 0x68, 0x02, 0x7c, 0x01,
  0x3c, 0x00, 0xc0, 0xfe, 0x50, 0xfd, 0x10, 0xfc, 0x14, 0xfb, 0x64, 0xfa,
  0xd8, 0xf9, 0x78, 0xf9, 0x28, 0xf9, 0xd8, 0xf8, 0xa0, 0xf8, 0x8c, 0xf8,
  0xac, 0xf8, 0xf0, 0xf8, 0x3c, 0xf9, 0x80, 0xf9, 0xb0, 0xf9, 0xe8, 0xf9,
  0x34, 0xfa, 0x90, 0xfa, 0xf4, 0xfa, 0x40, 0xfb, 0x64, 0xfb, 0x6c, 0xfb,
  0x6c, 0xfb, 0x80, 0xfb, 0xb4, 0xfb, 0xec, 0xfb, 0xf0, 0xfb, 0xc4, 0xfb,
  0x8c, 0xfb, 0x4c, 0xfb, 0x20, 0xfb, 0x08, 0xfb, 0xe4, 0xfa, 0xa0, 0xfa,
  0x30, 0xfa, 0xa4, 0xf9, 0x04, 0xf9, 0x70, 0xf8, 0x28, 0xf8, 0x44, 0xf8,
  0xa8, 0xf8, 0x18, 0xf9, 0x80, 0xf9, 0xe8, 0xf9, 0x60, 0xfa, 0x04, 0xfb,
  0xd4, 0xfb, 0xac, 0xfc, 0x68, 0xfd, 0xf4, 0xfd, 0x6c, 0xfe, 0xf4, 0xfe,
  0x94, 0xff, 0x38, 0x00, 0x98, 0x00, 0xa0, 0x00, 0x8c, 0x00, 0x7c, 0x00,
  0x94, 0x00, 0xcc, 0x00, 0x18, 0x01, 0x80, 0x01, 0xf0, 0x01, 0x58, 0x02,
  0xbc, 0x02, 0xfc, 0x02, 0x3c, 0x03, 0xb8, 0x03, 0x78, 0x04, 0x68, 0x05,
  0x4c, 0x06, 0x20, 0x07, 0xc8, 0x07, 0x20, 0x08, 0x50, 0x08, 0x38, 0x08,
  0xd4, 0x07, 0x44, 0x07, 0x98, 0x06, 0x00, 0x06, 0x98, 0x05, 0x7c, 0x05,
  0xa0, 0x05, 0xd4, 0x05, 0xf4, 0x05, 0xec, 0x05, 0xb0, 0x05, 0x64, 0x05,
  0x10, 0x05, 0xcc, 0x04, 0x84, 0x04, 0x30, 0x04, 0xd4, 0x03, 0x68, 0x03,
  0x0c, 0x03, 0xe4, 0x02, 0x0c, 0x03, 0x7c, 0x03, 0x14, 0x04, 0xc8, 0x04,
  0x7c, 0x05, 0x24, 0x06, 0xb0, 0x06, 0x2c, 0x07, 0x94, 0x07, 0xb8, 0x07,
  0x98, 0x07, 0x1c, 0x07, 0x40, 0x06, 0x38, 0x05, 0x18, 0x04, 0xc8, 0x02,
  0x50, 0x01, 0xb4, 0xff, 0x14, 0xfe, 0x8c, 0xfc, 0x48, 0xfb, 0x58, 0xfa,
  0xc4, 0xf9, 0x78, 0xf9, 0x60, 0xf9, 0x58, 0xf9, 0x40, 0xf9, 0x44, 0xf9,
  0x9c, 0xf9, 0x48, 0xfa, 0x20, 0xfb, 0xe8, 0xfb, 0x74, 0xfc, 0xbc, 0xfc,
  0xd4, 0xfc, 0xf8, 0xfc, 0x28, 0xfd, 0x50, 0xfd, 0x40, 0xfd, 0xf4, 0xfc,
  0xa0, 0xfc, 0x58, 0xfc, 0x34, 0xfc, 0x44, 0xfc, 0x58, 0xfc, 0x6c, 0xfc,
  0x7c, 0xfc, 0xa4, 0xfc, 0xe8, 0xfc, 0x48, 0xfd, 0xb8, 0xfd, 0x10, 0xfe,
  0x30, 0xfe, 0x08, 0xfe, 0xa0, 0xfd, 0xf8, 0xfc, 0x38, 0xfc, 0xb4, 0xfb,
  0x7c, 0xfb, 0x80, 0xfb, 0x9c, 0xfb, 0xcc, 0xfb, 0xf4, 0xfb, 0x38, 0xfc,
  0xb0, 0xfc, 0x44, 0xfd, 0xd0, 0xfd, 0x44, 0xfe, 0x94, 0xfe, 0xc0, 0xfe,
  0xf4, 0xfe, 0x30, 0xff, 0x7c, 0xff, 0xbc, 0xff, 0xd0, 0xff, 0xc8, 0xff,
  0xa4, 0xff, 0x80, 0xff, 0x84, 0xff, 0xa4, 0xff, 0xe4, 0xff, 0x30, 0x00,
  0x5c, 0x00, 0x68, 0x00, 0x60, 0x00, 0x54, 0x00, 0x5c, 0x00, 0x6c, 0x00,
  0x70, 0x00, 0x48, 0x00, 0xf0, 0xff, 0x88, 0xff, 0x28, 0xff, 0xe4, 0xfe,
  0x94, 0xfe, 0x3c, 0xfe, 0xfc, 0xfd, 0xd4, 0xfd, 0xdc, 0xfd, 0x2c, 0xfe,
  0xcc, 0xfe, 0xb4, 0xff, 0xc4, 0x00, 0xc8, 0x01, 0xac, 0x02, 0x5c, 0x03,
  0xe4, 0x03, 0x54, 0x04, 0x98, 0x04, 0xb8, 0x04, 0xa8, 0x04, 0x54, 0x04,
  0xc0, 0x03, 0xe4, 0x02, 0xf8, 0x01, 0x18, 0x01, 0x5c, 0x00, 0xc8, 0xff,
  0x54, 0xff, 0xdc, 0xfe, 0x64, 0xfe, 0x10, 0xfe, 0xe0, 0xfd, 0xec, 0xfd,
  0x34, 0xfe, 0x98, 0xfe, 0x10, 0xff, 0x7c, 0xff, 0xe8, 0xff, 0x6c, 0x00,
  0xe0, 0x00, 0x1c, 0x01, 0x18, 0x01, 0xc4, 0x00, 0x4c, 0x00, 0xec, 0xff,
  0xc4, 0xff, 0xc0, 0xff, 0xd4, 0xff, 0xfc, 0xff, 0x2c, 0x00, 0x40, 0x00,
  0x3c, 0x00, 0x30, 0x00, 0x2c, 0x00, 0x48, 0x00, 0x88, 0x00, 0xd4, 0x00,
  0x14, 0x01, 0x4c, 0x01, 0x98, 0x01, 0xf8, 0x01, 0x54, 0x02, 0xa4, 0x02,
  0xdc, 0x02, 0xf0, 0x02, 0x14, 0x03, 0x6c, 0x03, 0xe8, 0x03, 0x70, 0x04,
  0xe4, 0x04, 0x28, 0x05, 0x40, 0x05, 0x24, 0x05, 0xec, 0x04, 0xa0, 0x04,
  0x64, 0x04, 0x50, 0x04, 0x68, 0x04, 0x8c, 0x04, 0x98, 0x04, 0x9c, 0x04,
  0x94, 0x04, 0x80, 0x04, 0x6c, 0x04, 0x4c, 0x04, 0x18, 0x04, 0xd0, 0x03,
  0x84, 0x03, 0x40, 0x03, 0x0c, 0x03, 0xe8, 0x02, 0xb0, 0x02, 0x38, 0x02,
  0x88, 0x01, 0xbc, 0x00, 0xfc, 0xff, 0x54, 0xff, 0xb0, 0xfe, 0x20, 0xfe,
  0x80, 0xfd, 0xe0, 0xfc, 0x64, 0xfc, 0x14, 0xfc, 0xf0, 0xfb, 0xf8, 0xfb,
  0x30, 0xfc, 0x98, 0xfc, 0x1c, 0xfd, 0xbc, 0xfd, 0x70, 0xfe, 0x38, 0xff,
  0x1c, 0x00, 0x14, 0x01, 0xe0, 0x01, 0x50, 0x02, 0x50, 0x02, 0xf4, 0x01,
  0x68, 0x01, 0xc8, 0x00, 0x08, 0x00, 0x2c, 0xff, 0x34, 0xfe, 0x28, 0xfd,
  0x38, 0xfc, 0x70, 0xfb, 0xd4, 0xfa, 0x68, 0xfa, 0x1c, 0xfa, 0xf0, 0xf9,
  0xd0, 0xf9, 0xd4, 0xf9, 0xf0, 0xf9, 0x2c, 0xfa, 0x90, 0xfa, 0x04, 0xfb,
  0x74, 0xfb, 0xb4, 0xfb, 0xd8, 0xfb, 0x18, 0xfc, 0x80, 0xfc, 0x18, 0xfd,
  0xc8, 0xfd, 0x60, 0xfe, 0xec, 0xfe, 0x5c, 0xff, 0xc0, 0xff, 0x24, 0x00,
  0x64, 0x00, 0x80, 0x00, 0x60, 0x00, 0x00, 0x00, 0x84, 0xff, 0x00, 0xff,
  0x74, 0xfe, 0xcc, 0xfd, 0xf4, 0xfc, 0xf8, 0xfb, 0xe8, 0xfa, 0xd0, 0xf9,
  0xd4, 0xf8, 0x28, 0xf8, 0xe8, 0xf7, 0x1c, 0xf8, 0xc0, 0xf8, 0xa4, 0xf9,
  0xb8, 0xfa, 0xe0, 0xfb, 0xfc, 0xfc, 0x20, 0xfe, 0x50, 0xff, 0x84, 0x00,
  0x98, 0x01, 0x6c, 0x02, 0xf4, 0x02, 0x44, 0x03, 0x60, 0x03, 0x50, 0x03,
  0x10, 0x03, 0x9c, 0x02, 0x00, 0x02, 0x50, 0x01, 0xa8, 0x00, 0x20, 0x00,
  0xe0, 0xff, 0xd8, 0xff, 0xe8, 0xff, 0x00, 0x00, 0x24, 0x00, 0x5c, 0x00,
  0x9c, 0x00, 0xd8, 0x00, 0x24, 0x01, 0x70, 0x01, 0xbc, 0x01, 0xec, 0x01,
  0xf8, 0x01, 0xf0, 0x01, 0xd4, 0x01, 0xc4, 0x01, 0xcc, 0x01, 0xe0, 0x01,
  0xec, 0x01, 0xd4, 0x01, 0xac, 0x01, 0x7c, 0x01, 0x50, 0x01, 0x38, 0x01,
  0x24, 0x01, 0x0c, 0x01, 0xfc, 0x00, 0xf8, 0x00, 0x14, 0x01, 0x58, 0x01,
  0xb4, 0x01, 0x18, 0x02, 0x68, 0x02, 0xb4, 0x02, 0x04, 0x03, 0x54, 0x03,
  0xc4, 0x03, 0x74, 0x04, 0x40, 0x05, 0x08, 0x06, 0x9c, 0x06, 0xe8, 0x06,
  0xe0, 0x06, 0xb0, 0x06, 0x70, 0x06, 0x0c, 0x06, 0x84, 0x05, 0xac, 0x04,
  0xb4, 0x03, 0xb4, 0x02, 0xbc, 0x01, 0xf0, 0x00, 0x40, 0x00, 0xac, 0xff,
  0x30, 0xff, 0xd8, 0xfe, 0xc0, 0xfe, 0xfc, 0xfe, 0x8c, 0xff, 0x2c, 0x00,
  0xb0, 0x00, 0x08, 0x01, 0x54, 0x01, 0x84, 0x01, 0x7c, 0x01, 0x58, 0x01,
  0x04, 0x01, 0x7c, 0x00, 0xd0, 0xff, 0x04, 0xff, 0x1c, 0xfe, 0x2c, 0xfd,
  0x5c, 0xfc, 0xd0, 0xfb, 0x7c, 0xfb, 0x44, 0xfb, 0x18, 0xfb, 0xfc, 0xfa,
  0xe8, 0xfa, 0xfc, 0xfa, 0x4c, 0xfb, 0xc0, 0xfb, 0x44, 0xfc, 0xc0, 0xfc,
  0x3c, 0xfd, 0xa4, 0xfd, 0xfc, 0xfd, 0x4c, 0xfe, 0x70, 0xfe, 0x60, 0xfe,
  0x18, 0xfe, 0xb8, 0xfd, 0x44, 0xfd, 0xd4, 0xfc, 0x78, 0xfc, 0x24, 0xfc,
  0xd0, 0xfb, 0x68, 0xfb, 0x10, 0xfb, 0xc0, 0xfa, 0x8c, 0xfa, 0x80, 0xfa,
  0xac, 0xfa, 0x00, 0xfb, 0x50, 0xfb, 0xa8, 0xfb, 0xfc, 0xfb, 0x44, 0xfc,
  0x8c, 0xfc, 0xd4, 0xfc, 0x2c, 0xfd, 0xa4, 0xfd, 0x48, 0xfe, 0x30, 0xff,
  0x48, 0x00, 0x68, 0x01, 0xa4, 0x02, 0xc8, 0x03, 0xbc, 0x04, 0x7c, 0x05,
  0x0c, 0x06, 0x64, 0x06, 0x78, 0x06, 0x54, 0x06, 0x00, 0x06, 0x68, 0x05,
  0xa0, 0x04, 0xd4, 0x03, 0xf8, 0x02, 0x34, 0x02, 0xb4, 0x01, 0x78, 0x01,
  0x78, 0x01, 0x80, 0x01, 0xa8, 0x01, 0x10, 0x02, 0xa0, 0x02, 0x64, 0x03,
  0x24, 0x04, 0xc4, 0x04, 0x24, 0x05, 0x4c, 0x05, 0x50, 0x05, 0x30, 0x05,
  0xf0, 0x04, 0x90, 0x04, 0x14, 0x04, 0x74, 0x03, 0xc0, 0x02, 0x10, 0x02,
  0x7c, 0x01, 0x04, 0x01, 0xc4, 0x00, 0xbc, 0x00, 0xd8, 0x00, 0x08, 0x01,
  0x4c, 0x01, 0xb0, 0x01, 0x3c, 0x02, 0xf0, 0x02, 0xc4, 0x03, 0x70, 0x04,
  0xe0, 0x04, 0x14, 0x05, 0x00, 0x05, 0xbc, 0x04, 0x50, 0x04, 0xbc, 0x03,
  0x1c, 0x03, 0x90, 0x02, 0x14, 0x02, 0xac, 0x01, 0x58, 0x01, 0x24, 0x01,
  0x00, 0x01, 0xb8, 0x00, 0x64, 0x00, 0xf8, 0xff, 0x88, 0xff, 0x1c, 0xff,
  0xcc, 0xfe, 0xb4, 0xfe, 0xc4, 0xfe, 0xf0, 0xfe, 0x2c, 0xff, 0x70, 0xff,
  0xb8, 0xff, 0x04, 0x00, 0x58, 0x00, 0xb0, 0x00, 0x04, 0x01, 0x54, 0x01,
  0x98, 0x01, 0xc8, 0x01, 0xe8, 0x01, 0xe8, 0x01, 0xb8, 0x01, 0x58, 0x01,
  0xd4, 0x00, 0x44, 0x00, 0xb8, 0xff, 0x38, 0xff, 0xc0, 0xfe, 0x34, 0xfe,
  0x90, 0xfd, 0xe0, 0xfc, 0x38, 0xfc, 0x9c, 0xfb, 0x08, 0xfb, 0x90, 0xfa,
  0x40, 0xfa, 0x0c, 0xfa, 0xfc, 0xf9, 0x04, 0xfa, 0x40, 0xfa, 0xa8, 0xfa,
  0x44, 0xfb, 0x00, 0xfc, 0xb4, 0xfc, 0x60, 0xfd, 0xd4, 0xfd, 0x24, 0xfe,
  0x50, 0xfe, 0x44, 0xfe, 0xec, 0xfd, 0x2c, 0xfd, 0x40, 0xfc, 0x1c, 0xfb,
  0xec, 0xf9, 0xe8, 0xf8, 0x18, 0xf8, 0x88, 0xf7, 0x10, 0xf7, 0xa4, 0xf6,
  0x5c, 0xf6, 0x3c, 0xf6, 0x68, 0xf6, 0xe4, 0xf6, 0x98, 0xf7, 0x6c, 0xf8,
  0x3c, 0xf9, 0xf4, 0xf9, 0x88, 0xfa, 0x08, 0xfb, 0x70, 0xfb, 0xc0, 0xfb,
  0xe8, 0xfb, 0xe4, 0xfb, 0xc8, 0xfb, 0x8c, 0xfb, 0x50, 0xfb, 0x14, 0xfb,
  0xbc, 0xfa, 0x4c, 0xfa, 0xd4, 0xf9, 0x64, 0xf9, 0x08, 0xf9, 0xc4, 0xf8,
  0xc8, 0xf8, 0x14, 0xf9, 0x7c, 0xf9, 0x00, 0xfa, 0x88, 0xfa, 0x0c, 0xfb,
  0x8c, 0xfb, 0x20, 0xfc, 0xe4, 0xfc, 0xd8, 0xfd, 0x0c, 0xff, 0x70, 0x00,
  0xdc, 0x01, 0x28, 0x03, 0x54, 0x04, 0x58, 0x05, 0x4c, 0x06, 0x3c, 0x07,
  0x10, 0x08, 0xa4, 0x08, 0xe8, 0x08, 0xd0, 0x08, 0x78, 0x08, 0x08, 0x08,
  0x88, 0x07, 0x1c, 0x07, 0xc8, 0x06, 0x90, 0x06, 0x90, 0x06, 0xc8, 0x06,
  0x60, 0x07, 0x30, 0x08, 0xf8, 0x08, 0xc0, 0x09, 0x7c, 0x0a, 0x20, 0x0b,
  0xa8, 0x0b, 0x10, 0x0c, 0x78, 0x0c, 0xd0, 0x0c, 0x04, 0x0d, 0x04, 0x0d,
  0xbc, 0x0c, 0x34, 0x0c, 0x74, 0x0b, 0xac, 0x0a, 0xfc, 0x09, 0x60, 0x09,
  0xcc, 0x08, 0x50, 0x08, 0xe8, 0x07, 0x9c, 0x07, 0x70, 0x07, 0x5c, 0x07,
  0x54, 0x07, 0x50, 0x07, 0x40, 0x07, 0x28, 0x07, 0x04, 0x07, 0xbc, 0x06,
  0x58, 0x06, 0xd0, 0x05, 0x18, 0x05, 0x2c, 0x04, 0x00, 0x03, 0xac, 0x01,
  0x70, 0x00, 0x6c, 0xff, 0xac, 0xfe, 0x2c, 0xfe, 0xc4, 0xfd, 0x60, 0xfd,
  0x10, 0xfd, 0xd8, 0xfc, 0xd0, 0xfc, 0xec, 0xfc, 0x20, 0xfd, 0x68, 0xfd,
  0x90, 0xfd, 0x98, 0xfd, 0x9c, 0xfd, 0x84, 0xfd, 0x78, 0xfd, 0x70, 0xfd,
  0x78, 0xfd, 0xc8, 0xfd, 0x3c, 0xfe, 0xc0, 0xfe, 0x48, 0xff, 0xb0, 0xff,
  0x00, 0x00, 0x2c, 0x00, 0x04, 0x00, 0x98, 0xff, 0xf8, 0xfe, 0x34, 0xfe,
  0x78, 0xfd, 0xa4, 0xfc, 0xbc, 0xfb, 0xb8, 0xfa, 0xa0, 0xf9, 0xa8, 0xf8,
  0xe4, 0xf7, 0x6c, 0xf7, 0x3c, 0xf7, 0x4c, 0xf7, 0x88, 0xf7, 0xe0, 0xf7,
  0x50, 0xf8, 0xd0, 0xf8, 0x50, 0xf9, 0xb0, 0xf9, 0xe4, 0xf9, 0xf0, 0xf9,
  0xe4, 0xf9, 0xe4, 0xf9, 0x00, 0xfa, 0x28, 0xfa, 0x4c, 0xfa, 0x60, 0xfa,
  0x64, 0xfa, 0x4c, 0xfa, 0x24, 0xfa, 0x0c, 0xfa, 0x34, 0xfa, 0x94, 0xfa,
  0x18, 0xfb, 0xac, 0xfb, 0x38, 0xfc, 0xb4, 0xfc, 0x2c, 0xfd, 0x98, 0xfd,
  0x04, 0xfe, 0x74, 0xfe, 0xe8, 0xfe, 0x44, 0xff, 0x70, 0xff, 0x7c, 0xff,
  0x68, 0xff, 0x48, 0xff, 0x1c, 0xff, 0xd4, 0xfe, 0x68, 0xfe, 0xdc, 0xfd,
  0x5c, 0xfd, 0x04, 0xfd, 0xe4, 0xfc, 0xe4, 0xfc, 0xec, 0xfc, 0xec, 0xfc,
  0xe0, 0xfc, 0xe8, 0xfc, 0xfc, 0xfc, 0x34, 0xfd, 0x84, 0xfd, 0xcc, 0xfd,
  0x28, 0xfe, 0x6c, 0xfe, 0xac, 0xfe, 0x14, 0xff, 0xa0, 0xff, 0x54, 0x00,
  0x1c, 0x01, 0xe4, 0x01, 0x98, 0x02, 0x38, 0x03, 0xc0, 0x03, 0x38, 0x04,
  0x98, 0x04, 0xe0, 0x04, 0x14, 0x05, 0x28, 0x05, 0x08, 0x05, 0xac, 0x04,
  0x20, 0x04, 0x4c, 0x03, 0x50, 0x02, 0x4c, 0x01, 0x50, 0x00, 0x68, 0xff,
  0x8c, 0xfe, 0xd4, 0xfd, 0x40, 0xfd, 0xd4, 0xfc, 0x98, 0xfc, 0x80, 0xfc,
  0x98, 0xfc, 0xe4, 0xfc, 0x8c, 0xfd, 0x84, 0xfe, 0x98, 0xff, 0xbc, 0x00,
  0xc0, 0x01, 0x80, 0x02, 0x08, 0x03, 0x3c, 0x03, 0x10, 0x03, 0xa8, 0x02,
  0x0c, 0x02, 0x60, 0x01, 0xac, 0x00, 0x00, 0x00, 0xa0, 0xff, 0x70, 0xff,
  0x60, 0xff, 0x84, 0xff, 0xc8, 0xff, 0x18, 0x00, 0x5c, 0x00, 0x98, 0x00,
  0xdc, 0x00, 0x20, 0x01, 0x6c, 0x01, 0xbc, 0x01, 0x00, 0x02, 0x38, 0x02,
  0x70, 0x02, 0xa0, 0x02, 0xc4, 0x02, 0xe4, 0x02, 0x14, 0x03, 0x64, 0x03,
  0xc0, 0x03, 0x1c, 0x04, 0x60, 0x04, 0x7c, 0x04, 0x70, 0x04, 0x3c, 0x04,
  0xec, 0x03, 0x88, 0x03, 0x10, 0x03, 0xa4, 0x02, 0x50, 0x02, 0x1c, 0x02,
  0x20, 0x02, 0x4c, 0x02, 0x7c, 0x02, 0xa0, 0x02, 0xbc, 0x02, 0xe0, 0x02,
  0x34, 0x03, 0xb0, 0x03, 0x5c, 0x04, 0x20, 0x05, 0xec, 0x05, 0xb4, 0x06,
  0x78, 0x07, 0x28, 0x08, 0xb4, 0x08, 0x14, 0x09, 0x4c, 0x09, 0x60, 0x09,
  0x60, 0x09, 0x48, 0x09, 0x30, 0x09, 0x0c, 0x09, 0xe4, 0x08, 0xb0, 0x08,
  0x4c, 0x08, 0xe0, 0x07, 0x70, 0x07, 0x08, 0x07, 0xb0, 0x06, 0x54, 0x06,
  0x08, 0x06, 0xa4, 0x05, 0x48, 0x05, 0x14, 0x05, 0xe8, 0x04, 0xb8, 0x04,
  0x78, 0x04, 0x28, 0x04, 0xbc, 0x03, 0x48, 0x03, 0xd8, 0x02, 0x60, 0x02,
  0xf0, 0x01, 0x74, 0x01, 0xf0, 0x00, 0x70, 0x00, 0xf0, 0xff, 0xa4, 0xff,
  0x7c, 0xff, 0x74, 0xff, 0x80, 0xff, 0x98, 0xff, 0xc4, 0xff, 0xec, 0xff,
  0x0c, 0x00, 0x30, 0x00, 0x4c, 0x00, 0x64, 0x00, 0x70, 0x00, 0x2c, 0x00,
  0x80, 0xff, 0x88, 0xfe, 0x58, 0xfd, 0x20, 0xfc, 0x00, 0xfb, 0x08, 0xfa,
  0x1c, 0xf9, 0x30, 0xf8, 0x44, 0xf7, 0x58, 0xf6, 0x98, 0xf5, 0x0c, 0xf5,
  0xbc, 0xf4, 0x88, 0xf4, 0x60, 0xf4, 0x58, 0xf4, 0x70, 0xf4, 0x9c, 0xf4,
  0xd0, 0xf4, 0x0c, 0xf5, 0x38, 0xf5, 0x54, 0xf5, 0x70, 0xf5, 0xa8, 0xf5,
  0x08, 0xf6, 0x6c, 0xf6, 0xf8, 0xf6, 0x88, 0xf7, 0xd8, 0xf7, 0xf8, 0xf7,
  0xcc, 0xf7, 0x68, 0xf7, 0xe8, 0xf6, 0x5c, 0xf6, 0xd4, 0xf5, 0x50, 0xf5,
  0xdc, 0xf4, 0x88, 0xf4, 0x64, 0xf4, 0x68, 0xf4, 0x84, 0xf4, 0xc8, 0xf4,
  0x24, 0xf5, 0xa4, 0xf5, 0x54, 0xf6, 0x28, 0xf7, 0x14, 0xf8, 0x00, 0xf9,
  0xe8, 0xf9, 0xbc, 0xfa, 0x74, 0xfb, 0x18, 0xfc, 0xa0, 0xfc, 0x14, 0xfd,
  0x84, 0xfd, 0xdc, 0xfd, 0x1c, 0xfe, 0x40, 0xfe, 0x50, 0xfe, 0x54, 0xfe,
  0x58, 0xfe, 0x80, 0xfe, 0xd8, 0xfe, 0x58, 0xff, 0xe4, 0xff, 0x70, 0x00,
  0xfc, 0x00, 0x8c, 0x01, 0x2c, 0x02, 0xc8, 0x02, 0x5c, 0x03, 0xd4, 0x03,
  0x18, 0x04, 0x3c, 0x04, 0x54, 0x04, 0x48, 0x04, 0x24, 0x04, 0xe8, 0x03,
  0x98, 0x03, 0x74, 0x03, 0x74, 0x03, 0xb4, 0x03, 0x4c, 0x04, 0x18, 0x05,
  0x08, 0x06, 0xf8, 0x06, 0xd4, 0x07, 0x90, 0x08, 0x34, 0x09, 0xdc, 0x09,
  0x74, 0x0a, 0xf4, 0x0a, 0x40, 0x0b, 0x48, 0x0b, 0x20, 0x0b, 0xc0, 0x0a,
  0x40, 0x0a, 0xb4, 0x09, 0x3c, 0x09, 0xf4, 0x08, 0xe4, 0x08, 0x00, 0x09,
  0x30, 0x09, 0x70, 0x09, 0xb4, 0x09, 0xe8, 0x09, 0xf4, 0x09, 0x9c, 0x09,
  0xf4, 0x08, 0x28, 0x08, 0x60, 0x07, 0xb8, 0x06, 0x24, 0x06, 0x88, 0x05,
  0xcc, 0x04, 0xd4, 0x03, 0xb0, 0x02, 0x80, 0x01, 0x64, 0x00, 0x7c, 0xff,
  0xd4, 0xfe, 0x58, 0xfe, 0xfc, 0xfd, 0xd8, 0xfd, 0xf4, 0xfd, 0x40, 0xfe,
  0xa8, 0xfe, 0x18, 0xff, 0x8c, 0xff, 0xe4, 0xff, 0x30, 0x00, 0x68, 0x00,
  0x84, 0x00, 0x80, 0x00, 0x4c, 0x00, 0xe8, 0xff, 0x5c, 0xff, 0xc0, 0xfe,
  0x24, 0xfe, 0xa0, 0xfd, 0x38, 0xfd, 0x08, 0xfd, 0x10, 0xfd, 0x44, 0xfd,
  0xa0, 0xfd, 0x08, 0xfe, 0x68, 0xfe, 0xb4, 0xfe, 0xd0, 0xfe, 0xc0, 0xfe,
  0x78, 0xfe, 0x0c, 0xfe, 0x94, 0xfd, 0x24, 0xfd, 0xcc, 0xfc, 0x80, 0xfc,
  0x54, 0xfc, 0x50, 0xfc, 0x54, 0xfc, 0x54, 0xfc, 0x40, 0xfc, 0x2c, 0xfc,
  0x30, 0xfc, 0x4c, 0xfc, 0x78, 0xfc, 0xac, 0xfc, 0xe0, 0xfc, 0xfc, 0xfc,
  0x18, 0xfd, 0x28, 0xfd, 0x40, 0xfd, 0x68, 0xfd, 0x90, 0xfd, 0xb8, 0xfd,
  0xd4, 0xfd, 0x10, 0xfe, 0x78, 0xfe, 0x0c, 0xff, 0xbc, 0xff, 0x68, 0x00,
  0xf8, 0x00, 0x5c, 0x01, 0x98, 0x01, 0xb8, 0x01, 0xcc, 0x01, 0xe8, 0x01,
  0xf8, 0x01, 0x08, 0x02, 0x04, 0x02, 0xdc, 0x01, 0x84, 0x01, 0x08, 0x01,
  0x88, 0x00, 0x10, 0x00, 0x94, 0xff, 0x1c, 0xff, 0xa8, 0xfe, 0x68, 0xfe,
  0x6c, 0xfe, 0xbc, 0xfe, 0x34, 0xff, 0x98, 0xff, 0xac, 0xff, 0x70, 0xff,
  0x30, 0xff, 0x14, 0xff, 0x2c, 0xff, 0x40, 0xff, 0x2c, 0xff, 0xec, 0xfe,
  0x60, 0xfe, 0xb8, 0xfd, 0x20, 0xfd, 0xb0, 0xfc, 0x68, 0xfc, 0x3c, 0xfc,
  0x30, 0xfc, 0x5c, 0xfc, 0xd0, 0xfc, 0x80, 0xfd, 0x58, 0xfe, 0x2c, 0xff,
  0xec, 0xff, 0x84, 0x00, 0xe0, 0x00, 0x08, 0x01, 0xec, 0x00, 0xa4, 0x00,
  0x40, 0x00, 0xa0, 0xff, 0xd4, 0xfe, 0x04, 0xfe, 0x30, 0xfd, 0x78, 0xfc,
  0xd8, 0xfb, 0x54, 0xfb, 0xfc, 0xfa, 0xd0, 0xfa, 0xd4, 0xfa, 0xfc, 0xfa,
  0x40, 0xfb, 0xa4, 0xfb, 0x20, 0xfc, 0x9c, 0xfc, 0x14, 0xfd, 0x98, 0xfd,
  0x20, 0xfe, 0xb8, 0xfe, 0x50, 0xff, 0xe4, 0xff, 0x84, 0x00, 0x20, 0x01,
  0xbc, 0x01, 0x44, 0x02, 0xbc, 0x02, 0x54, 0x03, 0x08, 0x04, 0xb8, 0x04,
  0x50, 0x05, 0xb0, 0x05, 0xd0, 0x05, 0xb0, 0x05, 0x78, 0x05, 0x38, 0x05,
  0xe8, 0x04, 0x90, 0x04, 0x24, 0x04, 0xa4, 0x03, 0x24, 0x03, 0xbc, 0x02,
  0x78, 0x02, 0x60, 0x02, 0x64, 0x02, 0x70, 0x02, 0x7c, 0x02, 0x84, 0x02,
  0xa0, 0x02, 0xd0, 0x02, 0xf0, 0x02, 0xe8, 0x02, 0xb4, 0x02, 0x58, 0x02,
  0xdc, 0x01, 0x54, 0x01, 0xd8, 0x00, 0x74, 0x00, 0x10, 0x00, 0x90, 0xff,
  0xe0, 0xfe, 0xf8, 0xfd, 0xfc, 0xfc, 0x0c, 0xfc, 0x60, 0xfb, 0x08, 0xfb,
  0xf8, 0xfa, 0x18, 0xfb, 0x30, 0xfb, 0x5c, 0xfb, 0xbc, 0xfb, 0x54, 0xfc,
  0x20, 0xfd, 0xe8, 0xfd, 0x90, 0xfe, 0x24, 0xff, 0xa0, 0xff, 0x2c, 0x00,
  0xb8, 0x00, 0x24, 0x01, 0x60, 0x01, 0x4c, 0x01, 0xf4, 0x00, 0x64, 0x00,
  0xc8, 0xff, 0x4c, 0xff, 0xf4, 0xfe, 0xd0, 0xfe, 0xd0, 0xfe, 0xcc, 0xfe,
  0xb8, 0xfe, 0x94, 0xfe, 0x6c, 0xfe, 0x38, 0xfe, 0x00, 0xfe, 0xb4, 0xfd,
  0x58, 0xfd, 0xf8, 0xfc, 0xa8, 0xfc, 0x8c, 0xfc, 0xa4, 0xfc, 0xf0, 0xfc,
  0x54, 0xfd, 0xb4, 0xfd, 0x1c, 0xfe, 0x98, 0xfe, 0x34, 0xff, 0xdc, 0xff,
  0x84, 0x00, 0x28, 0x01, 0xac, 0x01, 0x1c, 0x02, 0x68, 0x02, 0xb0, 0x02,
  0x00, 0x03, 0x44, 0x03, 0x80, 0x03, 0x9c, 0x03, 0x84, 0x03, 0x44, 0x03,
  0x10, 0x03, 0x18, 0x03, 0x44, 0x03, 0x7c, 0x03, 0xa0, 0x03, 0x94, 0x03,
  0x68, 0x03, 0x2c, 0x03, 0x00, 0x03, 0xfc, 0x02, 0x08, 0x03, 0x1c, 0x03,
  0x30, 0x03, 0x4c, 0x03, 0x64, 0x03, 0x7c, 0x03, 0x94, 0x03, 0x9c, 0x03,
  0x94, 0x03, 0x68, 0x03, 0x28, 0x03, 0xf4, 0x02, 0xdc, 0x02, 0xf8, 0x02,
  0x3c, 0x03, 0xa4, 0x03, 0x00, 0x04, 0x2c, 0x04, 0x30, 0x04, 0x10, 0x04,
  0xec, 0x03, 0xcc, 0x03, 0xa8, 0x03, 0x70, 0x03, 0x10, 0x03, 0x88, 0x02,
  0xd8, 0x01, 0x14, 0x01, 0x68, 0x00, 0xd4, 0xff, 0x5c, 0xff, 0xf8, 0xfe,
  0x90, 0xfe, 0x3c, 0xfe, 0x08, 0xfe, 0x00, 0xfe, 0x20, 0xfe, 0x40, 0xfe,
  0x54, 0xfe, 0x4c, 0xfe, 0x44, 0xfe, 0x64, 0xfe, 0xb4, 0xfe, 0x34, 0xff,
  0xc0, 0xff, 0x2c, 0x00, 0x64, 0x00, 0x7c, 0x00, 0xa4, 0x00, 0xf0, 0x00,
  0x68, 0x01, 0xdc, 0x01, 0x38, 0x02, 0x74, 0x02, 0x84, 0x02, 0x74, 0x02,
  0x50, 0x02, 0x20, 0x02, 0xd8, 0x01, 0x88, 0x01, 0x20, 0x01, 0xc0, 0x00,
  0x6c, 0x00, 0x18, 0x00, 0xcc, 0xff, 0x74, 0xff, 0x20, 0xff, 0xdc, 0xfe,
  0xb4, 0xfe, 0xb4, 0xfe, 0xc0, 0xfe, 0xdc, 0xfe, 0xf8, 0xfe, 0x28, 0xff,
  0x44, 0xff, 0x50, 0xff, 0x68, 0xff, 0x80, 0xff, 0xa0, 0xff, 0x9c, 0xff,
  0x5c, 0xff, 0xe8, 0xfe, 0x28, 0xfe, 0x3c, 0xfd, 0x4c, 0xfc, 0x80, 0xfb,
  0xf4, 0xfa, 0x90, 0xfa, 0x5c, 0xfa, 0x48, 0xfa, 0x6c, 0xfa, 0xdc, 0xfa,
  0x84, 0xfb, 0x6c, 0xfc, 0x60, 0xfd, 0x3c, 0xfe, 0xfc, 0xfe, 0x98, 0xff,
  0x0c, 0x00, 0x58, 0x00, 0x74, 0x00, 0x40, 0x00, 0xac, 0xff, 0xb8, 0xfe,
  0x74, 0xfd, 0xfc, 0xfb, 0x8c, 0xfa, 0x64, 0xf9, 0x90, 0xf8, 0xf4, 0xf7,
  0x80, 0xf7, 0x20, 0xf7, 0xd8, 0xf6, 0xc0, 0xf6, 0xcc, 0xf6, 0xf8, 0xf6,
  0x3c, 0xf7, 0x94, 0xf7, 0x14, 0xf8, 0xa4, 0xf8, 0x34, 0xf9, 0xd8, 0xf9,
  0x80, 0xfa, 0x34, 0xfb, 0xec, 0xfb, 0xa8, 0xfc, 0x5c, 0xfd, 0xfc, 0xfd,
  0x90, 0xfe, 0x20, 0xff, 0xac, 0xff, 0x34, 0x00, 0xbc, 0x00, 0x2c, 0x01,
  0x84, 0x01, 0xc8, 0x01, 0x0c, 0x02, 0x58, 0x02, 0x98, 0x02, 0xb4, 0x02,
  0x90, 0x02, 0x54, 0x02, 0x28, 0x02, 0x28, 0x02, 0x64, 0x02, 0xac, 0x02,
  0xfc, 0x02, 0x50, 0x03, 0xb4, 0x03, 0x38, 0x04, 0xd4, 0x04, 0x7c, 0x05,
  0x1c, 0x06, 0xa8, 0x06, 0x18, 0x07, 0x6c, 0x07, 0xa4, 0x07, 0xb8, 0x07,
  0xb0, 0x07, 0x8c, 0x07, 0x44, 0x07, 0xe4, 0x06, 0x84, 0x06, 0x3c, 0x06,
  0x18, 0x06, 0x20, 0x06, 0x34, 0x06, 0x48, 0x06, 0x58, 0x06, 0x58, 0x06,
  0x54, 0x06, 0x60, 0x06, 0x8c, 0x06, 0xb0, 0x06, 0xd4, 0x06, 0xf0, 0x06,
  0xec, 0x06, 0xbc, 0x06, 0x58, 0x06, 0xe8, 0x05, 0x80, 0x05, 0x04, 0x05,
  0x74, 0x04, 0xe0, 0x03, 0x60, 0x03, 0xf4, 0x02, 0xbc, 0x02, 0xbc, 0x02,
  0xcc, 0x02, 0xe0, 0x02, 0xe8, 0x02, 0xcc, 0x02, 0xb0, 0x02, 0x94, 0x02,
  0x70, 0x02, 0x40, 0x02, 0xe8, 0x01, 0x64, 0x01, 0xc0, 0x00, 0x18, 0x00,
  0xa0, 0xff, 0x50, 0xff, 0x24, 0xff, 0xf0, 0xfe, 0xc8, 0xfe, 0xc4, 0xfe,
  0xcc, 0xfe, 0xe8, 0xfe, 0x04, 0xff, 0x10, 0xff, 0x10, 0xff, 0xfc, 0xfe,
  0xe4, 0xfe, 0xc8, 0xfe, 0x98, 0xfe, 0x68, 0xfe, 0x38, 0xfe, 0x00, 0xfe,
  0xc4, 0xfd, 0x80, 0xfd, 0x24, 0xfd, 0xb0, 0xfc, 0x34, 0xfc, 0xd0, 0xfb,
  0x84, 0xfb, 0x54, 0xfb, 0x40, 0xfb, 0x24, 0xfb, 0xec, 0xfa, 0xbc, 0xfa,
  0x9c, 0xfa, 0x94, 0xfa, 0x7c, 0xfa, 0x44, 0xfa, 0xf8, 0xf9, 0x90, 0xf9,
  0x34, 0xf9, 0xe8, 0xf8, 0xa4, 0xf8, 0x60, 0xf8, 0x1c, 0xf8, 0xe8, 0xf7,
  0xd4, 0xf7, 0xe8, 0xf7, 0x48, 0xf8, 0xf8, 0xf8, 0xe0, 0xf9, 0xe0, 0xfa,
  0xe8, 0xfb, 0xe8, 0xfc, 0xdc, 0xfd, 0xc0, 0xfe, 0x8c, 0xff, 0x34, 0x00,
  0x98, 0x00, 0xa8, 0x00, 0x5c, 0x00, 0xc4, 0xff, 0xf4, 0xfe, 0x20, 0xfe,
  0x3c, 0xfd, 0x44, 0xfc, 0x5c, 0xfb, 0x88, 0xfa, 0xe8, 0xf9, 0x74, 0xf9,
  0x38, 0xf9, 0x24, 0xf9, 0x10, 0xf9, 0x18, 0xf9, 0x34, 0xf9, 0x4c, 0xf9,
  0x7c, 0xf9, 0xe0, 0xf9, 0x68, 0xfa, 0xf8, 0xfa, 0x84, 0xfb, 0x08, 0xfc,
  0x84, 0xfc, 0x20, 0xfd, 0xe8, 0xfd, 0xdc, 0xfe, 0xd4, 0xff, 0xac, 0x00,
  0x64, 0x01, 0xf0, 0x01, 0x54, 0x02, 0xb4, 0x02, 0xf4, 0x02, 0x08, 0x03,
  0xf4, 0x02, 0xc4, 0x02, 0x80, 0x02, 0x3c, 0x02, 0x10, 0x02, 0x00, 0x02,
  0xf8, 0x01, 0xfc, 0x01, 0x1c, 0x02, 0x54, 0x02, 0xa8, 0x02, 0x10, 0x03,
  0x9c, 0x03, 0x38, 0x04, 0xc4, 0x04, 0x50, 0x05, 0xc0, 0x05, 0x10, 0x06,
  0x4c, 0x06, 0x60, 0x06, 0x68, 0x06, 0x48, 0x06, 0x00, 0x06, 0xac, 0x05,
  0x44, 0x05, 0xe4, 0x04, 0xb0, 0x04, 0x94, 0x04, 0x8c, 0x04, 0x90, 0x04,
  0x9c, 0x04, 0xb4, 0x04, 0xd8, 0x04, 0x1c, 0x05, 0x6c, 0x05, 0xb4, 0x05,
  0x08, 0x06, 0x48, 0x06, 0x64, 0x06, 0x58, 0x06, 0x2c, 0x06, 0xf4, 0x05,
  0xa8, 0x05, 0x40, 0x05, 0xc0, 0x04, 0x10, 0x04, 0x50, 0x03, 0xac, 0x02,
  0x28, 0x02, 0xcc, 0x01, 0x80, 0x01, 0x40, 0x01, 0x04, 0x01, 0xcc, 0x00,
  0xac, 0x00, 0xa4, 0x00, 0xac, 0x00, 0xb8, 0x00, 0xc4, 0x00, 0xdc, 0x00,
  0xf4, 0x00, 0x0c, 0x01, 0x40, 0x01, 0x74, 0x01, 0xa0, 0x01, 0xe0, 0x01,
  0x18, 0x02, 0x4c, 0x02, 0x68, 0x02, 0x64, 0x02, 0x58, 0x02, 0x34, 0x02,
  0xfc, 0x01, 0xa8, 0x01, 0x30, 0x01, 0x94, 0x00, 0xe8, 0xff, 0x4c, 0xff,
  0xb4, 0xfe, 0x20, 0xfe, 0x78, 0xfd, 0xb4, 0xfc, 0xf4, 0xfb, 0x50, 0xfb,
  0xe8, 0xfa, 0xbc, 0xfa, 0xc8, 0xfa, 0xe4, 0xfa, 0x14, 0xfb, 0x4c, 0xfb,
  0x88, 0xfb, 0xd4, 0xfb, 0x08, 0xfc, 0x18, 0xfc, 0x0c, 0xfc, 0xcc, 0xfb,
  0x5c, 0xfb, 0xc4, 0xfa, 0x38, 0xfa, 0xc4, 0xf9, 0x68, 0xf9, 0x24, 0xf9,
  0xe0, 0xf8, 0x98, 0xf8, 0x68, 0xf8, 0x5c, 0xf8, 0x88, 0xf8, 0xe8, 0xf8,
  0x90, 0xf9, 0x6c, 0xfa, 0x58, 0xfb, 0x4c, 0xfc, 0x34, 0xfd, 0x0c, 0xfe,
  0xc4, 0xfe, 0x5c, 0xff, 0xe0, 0xff, 0x34, 0x00, 0x60, 0x00, 0x68, 0x00,
  0x60, 0x00, 0x5c, 0x00, 0x70, 0x00, 0x90, 0x00, 0xb4, 0x00, 0xd0, 0x00,
  0xf0, 0x00, 0x14, 0x01, 0x40, 0x01, 0x70, 0x01, 0xa0, 0x01, 0xc4, 0x01,
  0xd8, 0x01, 0xd8, 0x01, 0xc8, 0x01, 0xb8, 0x01, 0xa4, 0x01, 0x9c, 0x01,
  0x88, 0x01, 0x5c, 0x01, 0x3c, 0x01, 0x3c, 0x01, 0x58, 0x01, 0x94, 0x01,
  0xdc, 0x01, 0x28, 0x02, 0x6c, 0x02, 0xa0, 0x02, 0xd4, 0x02, 0x04, 0x03,
  0x38, 0x03, 0x68, 0x03, 0x94, 0x03, 0xb0, 0x03, 0xa4, 0x03, 0x6c, 0x03,
  0xf4, 0x02, 0x5c, 0x02, 0xb0, 0x01, 0xf0, 0x00, 0x38, 0x00, 0x98, 0xff,
  0x1c, 0xff, 0xb8, 0xfe, 0x74, 0xfe, 0x50, 0xfe, 0x40, 0xfe, 0x4c, 0xfe,
  0x68, 0xfe, 0xa0, 0xfe, 0xf4, 0xfe, 0x54, 0xff, 0xc4, 0xff, 0x24, 0x00,
  0x64, 0x00, 0x84, 0x00, 0x7c, 0x00, 0x58, 0x00, 0x28, 0x00, 0xec, 0xff,
  0xb0, 0xff, 0x70, 0xff, 0x2c, 0xff, 0xf8, 0xfe, 0xe0, 0xfe, 0xfc, 0xfe,
  0x40, 0xff, 0x9c, 0xff, 0xfc, 0xff, 0x4c, 0x00, 0x98, 0x00, 0xd4, 0x00,
  0x0c, 0x01, 0x24, 0x01, 0x10, 0x01, 0xd0, 0x00, 0x4c, 0x00, 0xac, 0xff,
  0xf8, 0xfe, 0x48, 0xfe, 0xb0, 0xfd, 0x34, 0xfd, 0xe0, 0xfc, 0xa4, 0xfc,
  0x78, 0xfc, 0x70, 0xfc, 0x80, 0xfc, 0xa8, 0xfc, 0xf8, 0xfc, 0x6c, 0xfd,
  0xf0, 0xfd, 0x80, 0xfe, 0x1c, 0xff, 0xcc, 0xff, 0x9c, 0x00, 0x74, 0x01,
  0x5c, 0x02, 0x38, 0x03, 0x10, 0x04, 0xd0, 0x04, 0x70, 0x05, 0x0c, 0x06,
  0xa0, 0x06, 0x34, 0x07, 0xb0, 0x07, 0xdc, 0x07, 0xd0, 0x07, 0x8c, 0x07,
  0x2c, 0x07, 0xc0, 0x06, 0x54, 0x06, 0xf4, 0x05, 0x94, 0x05, 0x28, 0x05,
  0xbc, 0x04, 0x54, 0x04, 0xf0, 0x03, 0xbc, 0x03, 0xc0, 0x03, 0xe0, 0x03,
  0x08, 0x04, 0x3c, 0x04, 0x74, 0x04, 0xa4, 0x04, 0xd4, 0x04, 0xf4, 0x04,
  0xe8, 0x04, 0xb4, 0x04, 0x70, 0x04, 0x34, 0x04, 0x00, 0x04, 0xc0, 0x03,
  0x6c, 0x03, 0x08, 0x03, 0x88, 0x02, 0x00, 0x02, 0x78, 0x01, 0x08, 0x01,
  0xb4, 0x00, 0x78, 0x00, 0x50, 0x00, 0x2c, 0x00, 0x04, 0x00, 0xf0, 0xff,
  0xf0, 0xff, 0xfc, 0xff, 0x24, 0x00, 0x6c, 0x00, 0xc4, 0x00, 0x0c, 0x01,
  0x40, 0x01, 0x50, 0x01, 0x24, 0x01, 0xd4, 0x00, 0x5c, 0x00, 0xa0, 0xff,
  0xa8, 0xfe, 0x84, 0xfd, 0x50, 0xfc, 0x0c, 0xfb, 0xc0, 0xf9, 0x94, 0xf8,
  0x5c, 0xf7, 0x28, 0xf6, 0x18, 0xf5, 0x24, 0xf4, 0x6c, 0xf3, 0xe4, 0xf2,
  0x94, 0xf2, 0x7c, 0xf2, 0x74, 0xf2, 0x8c, 0xf2, 0xc4, 0xf2, 0x14, 0xf3,
  0x68, 0xf3, 0xc4, 0xf3, 0x2c, 0xf4, 0x90, 0xf4, 0xfc, 0xf4, 0x70, 0xf5,
  0xf8, 0xf5, 0x90, 0xf6, 0x40, 0xf7, 0xfc, 0xf7, 0xbc, 0xf8, 0x74, 0xf9,
  0x10, 0xfa, 0x9c, 0xfa, 0x14, 0xfb, 0x80, 0xfb, 0xe0, 0xfb, 0x20, 0xfc,
  0x48, 0xfc, 0x60, 0xfc, 0x7c, 0xfc, 0xa4, 0xfc, 0xdc, 0xfc, 0x2c, 0xfd,
  0x94, 0xfd, 0x04, 0xfe, 0x58, 0xfe, 0xa0, 0xfe, 0xe4, 0xfe, 0x30, 0xff,
  0x88, 0xff, 0xe8, 0xff, 0x38, 0x00, 0x54, 0x00, 0x50, 0x00, 0x38, 0x00,
  0x20, 0x00, 0x18, 0x00, 0x20, 0x00, 0x30, 0x00, 0x48, 0x00, 0x84, 0x00,
  0xe8, 0x00, 0x68, 0x01, 0x04, 0x02, 0xa8, 0x02, 0x54, 0x03, 0xfc, 0x03,
  0x94, 0x04, 0x3c, 0x05, 0xfc, 0x05, 0xbc, 0x06, 0x74, 0x07, 0x08, 0x08,
  0x60, 0x08, 0x6c, 0x08, 0x50, 0x08, 0x14, 0x08, 0xe0, 0x07, 0xbc, 0x07,
  0x94, 0x07, 0x70, 0x07, 0x30, 0x07, 0xfc, 0x06, 0xec, 0x06, 0xe0, 0x06,
  0xe0, 0x06, 0xd8, 0x06, 0xb4, 0x06, 0x84, 0x06, 0x64, 0x06, 0x54, 0x06,
  0x7c, 0x06, 0xdc, 0x06, 0x48, 0x07, 0xb0, 0x07, 0xf8, 0x07, 0x30, 0x08,
  0x5c, 0x08, 0x78, 0x08, 0x8c, 0x08, 0xa4, 0x08, 0xc4, 0x08, 0xdc, 0x08,
  0xf0, 0x08, 0x0c, 0x09, 0x24, 0x09, 0x30, 0x09, 0x18, 0x09, 0xd8, 0x08,
  0x68, 0x08, 0xd0, 0x07, 0x24, 0x07, 0x70, 0x06, 0xc0, 0x05, 0x18, 0x05,
  0x54, 0x04, 0x6c, 0x03, 0x5c, 0x02, 0x48, 0x01, 0x58, 0x00, 0x98, 0xff,
  0x1c, 0xff, 0xb0, 0xfe, 0x54, 0xfe, 0x10, 0xfe, 0xcc, 0xfd, 0x9c, 0xfd,
  0x6c, 0xfd, 0x40, 0xfd, 0x14, 0xfd, 0xd8, 0xfc, 0x9c, 0xfc, 0x58, 0xfc,
  0xec, 0xfb, 0x58, 0xfb, 0xb0, 0xfa, 0x04, 0xfa, 0x60, 0xf9, 0xd8, 0xf8,
  0x70, 0xf8, 0x30, 0xf8, 0x10, 0xf8, 0x18, 0xf8, 0x50, 0xf8, 0xa0, 0xf8,
  0xf8, 0xf8, 0x44, 0xf9, 0x90, 0xf9, 0xc4, 0xf9, 0xf8, 0xf9, 0x28, 0xfa,
  0x14, 0xfa, 0xc4, 0xf9, 0x38, 0xf9, 0x9c, 0xf8, 0x1c, 0xf8, 0xb8, 0xf7,
  0x78, 0xf7, 0x48, 0xf7, 0x18, 0xf7, 0xec, 0xf6, 0xc0, 0xf6, 0x90, 0xf6,
  0x4c, 0xf6, 0xf8, 0xf5, 0xa8, 0xf5, 0x6c, 0xf5, 0x50, 0xf5, 0x64, 0xf5,
  0xac, 0xf5, 0x2c, 0xf6, 0xbc, 0xf6, 0x48, 0xf7, 0xc8, 0xf7, 0x34, 0xf8,
  0xbc, 0xf8, 0x6c, 0xf9, 0x58, 0xfa, 0x84, 0xfb, 0xbc, 0xfc, 0xd8, 0xfd,
  0xac, 0xfe, 0x38, 0xff, 0x90, 0xff, 0xcc, 0xff, 0x1c, 0x00, 0x70, 0x00,
  0xbc, 0x00, 0xf0, 0x00, 0x0c, 0x01, 0x18, 0x01, 0x24, 0x01, 0x4c, 0x01,
  0x98, 0x01, 0xfc, 0x01, 0x5c, 0x02, 0xc8, 0x02, 0x50, 0x03, 0x1c, 0x04,
  0x20, 0x05, 0x38, 0x06, 0x44, 0x07, 0x0c, 0x08, 0x8c, 0x08, 0xbc, 0x08,
  0xc4, 0x08, 0xb4, 0x08, 0x90, 0x08, 0x68, 0x08, 0x18, 0x08, 0x88, 0x07,
  0xb4, 0x06, 0xbc, 0x05, 0xd8, 0x04, 0xfc, 0x03, 0x48, 0x03, 0xc4, 0x02,
  0x70, 0x02, 0x60, 0x02, 0x78, 0x02, 0xb8, 0x02, 0x2c, 0x03, 0xc0, 0x03,
  0x58, 0x04, 0xe0, 0x04, 0x34, 0x05, 0x44, 0x05, 0x18, 0x05, 0x98, 0x04,
  0xe0, 0x03, 0x04, 0x03, 0x1c, 0x02, 0x4c, 0x01, 0x74, 0x00, 0xbc, 0xff,
  0x38, 0xff, 0xd4, 0xfe, 0x90, 0xfe, 0x58, 0xfe, 0x28, 0xfe, 0x08, 0xfe,
  0x10, 0xfe, 0x58, 0xfe, 0xdc, 0xfe, 0x80, 0xff, 0x38, 0x00, 0xec, 0x00,
  0x84, 0x01, 0xfc, 0x01, 0x5c, 0x02, 0xa0, 0x02, 0xd8, 0x02, 0x10, 0x03,
  0x3c, 0x03, 0x6c, 0x03, 0xac, 0x03, 0xf8, 0x03, 0x40, 0x04, 0x78, 0x04,
  0x94, 0x04, 0x90, 0x04, 0x64, 0x04, 0x1c, 0x04, 0xd0, 0x03, 0x98, 0x03,
  0x80, 0x03, 0x54, 0x03, 0x14, 0x03, 0xa8, 0x02, 0x24, 0x02, 0xbc, 0x01,
  0x74, 0x01, 0x7c, 0x01, 0xd8, 0x01, 0x54, 0x02, 0xe4, 0x02, 0x54, 0x03,
  0x88, 0x03, 0x94, 0x03, 0x6c, 0x03, 0xfc, 0x02, 0x5c, 0x02, 0x98, 0x01,
  0xd8, 0x00, 0x38, 0x00, 0xa0, 0xff, 0x20, 0xff, 0xa0, 0xfe, 0x20, 0xfe,
  0xa4, 0xfd, 0x20, 0xfd, 0xb0, 0xfc, 0x5c, 0xfc, 0x44, 0xfc, 0x6c, 0xfc,
  0xc0, 0xfc, 0x28, 0xfd, 0x94, 0xfd, 0x10, 0xfe, 0xb4, 0xfe, 0x6c, 0xff,
  0x24, 0x00, 0xe0, 0x00, 0x98, 0x01, 0x2c, 0x02, 0x94, 0x02, 0xdc, 0x02,
  0x00, 0x03, 0x08, 0x03, 0xe0, 0x02, 0x78, 0x02, 0xc8, 0x01, 0xcc, 0x00,
  0xc8, 0xff, 0xd0, 0xfe, 0xdc, 0xfd, 0xf0, 0xfc, 0xf0, 0xfb, 0xdc, 0xfa,
  0xc0, 0xf9, 0xac, 0xf8, 0xc8, 0xf7, 0x38, 0xf7, 0x10, 0xf7, 0x28, 0xf7,
  0x3c, 0xf7, 0x44, 0xf7, 0x60, 0xf7, 0xbc, 0xf7, 0x60, 0xf8, 0x40, 0xf9,
  0x30, 0xfa, 0x08, 0xfb, 0xc4, 0xfb, 0x64, 0xfc, 0x00, 0xfd, 0xa4, 0xfd,
  0x58, 0xfe, 0x1c, 0xff, 0xb0, 0xff, 0x04, 0x00, 0x14, 0x00, 0x18, 0x00,
  0x10, 0x00, 0xfc, 0xff, 0xe4, 0xff, 0x94, 0xff, 0x28, 0xff, 0xa8, 0xfe,
  0x30, 0xfe, 0x00, 0xfe, 0x04, 0xfe, 0x50, 0xfe, 0xb0, 0xfe, 0x14, 0xff,
  0x70, 0xff, 0xa0, 0xff, 0xdc, 0xff, 0x2c, 0x00, 0x9c, 0x00, 0x3c, 0x01,
  0xdc, 0x01, 0x60, 0x02, 0xc4, 0x02, 0x0c, 0x03, 0x5c, 0x03, 0xa8, 0x03,
  0xe0, 0x03, 0xf8, 0x03, 0xe8, 0x03, 0xc0, 0x03, 0xbc, 0x03, 0xd8, 0x03,
  0x0c, 0x04, 0x30, 0x04, 0x20, 0x04, 0xe8, 0x03, 0x84, 0x03, 0x1c, 0x03,
  0xc0, 0x02, 0x80, 0x02, 0x4c, 0x02, 0x04, 0x02, 0x94, 0x01, 0xfc, 0x00,
  0x5c, 0x00, 0xd4, 0xff, 0x6c, 0xff, 0x20, 0xff, 0xe0, 0xfe, 0x9c, 0xfe,
  0x58, 0xfe, 0x20, 0xfe, 0x00, 0xfe, 0xfc, 0xfd, 0xfc, 0xfd, 0xd4, 0xfd,
  0x90, 0xfd, 0x38, 0xfd, 0xf0, 0xfc, 0xd4, 0xfc, 0xe4, 0xfc, 0x18, 0xfd,
  0x58, 0xfd, 0xa0, 0xfd, 0xe4, 0xfd, 0x18, 0xfe, 0x34, 0xfe, 0x44, 0xfe,
  0x58, 0xfe, 0x5c, 0xfe, 0x60, 0xfe, 0x64, 0xfe, 0x58, 0xfe, 0x60, 0xfe,
  0x60, 0xfe, 0x58, 0xfe, 0x3c, 0xfe, 0x08, 0xfe, 0xe4, 0xfd, 0xcc, 0xfd,
  0xd0, 0xfd, 0xfc, 0xfd, 0x40, 0xfe, 0xa4, 0xfe, 0x0c, 0xff, 0x70, 0xff,
  0xd0, 0xff, 0x38, 0x00, 0xbc, 0x00, 0x4c, 0x01, 0xd8, 0x01, 0x44, 0x02,
  0x7c, 0x02, 0x8c, 0x02, 0x78, 0x02, 0x48, 0x02, 0x10, 0x02, 0xcc, 0x01,
  0x6c, 0x01, 0xec, 0x00, 0x4c, 0x00, 0xb0, 0xff, 0x24, 0xff, 0xc0, 0xfe,
  0x94, 0xfe, 0x8c, 0xfe, 0x9c, 0xfe, 0xe4, 0xfe, 0x64, 0xff, 0x2c, 0x00,
  0x20, 0x01, 0x20, 0x02, 0x10, 0x03, 0xd4, 0x03, 0x68, 0x04, 0xf8, 0x04,
  0x80, 0x05, 0x0c, 0x06, 0x84, 0x06, 0xc4, 0x06, 0xb0, 0x06, 0x34, 0x06,
  0x84, 0x05, 0xac, 0x04, 0xd8, 0x03, 0x24, 0x03, 0x88, 0x02, 0x00, 0x02,
  0x68, 0x01, 0xa4, 0x00, 0xdc, 0xff, 0x24, 0xff, 0x88, 0xfe, 0x18, 0xfe,
  0xc8, 0xfd, 0xa0, 0xfd, 0x94, 0xfd, 0xb0, 0xfd, 0xec, 0xfd, 0x44, 0xfe,
  0xac, 0xfe, 0x04, 0xff, 0x3c, 0xff, 0x48, 0xff, 0x50, 0xff, 0x78, 0xff,
  0xc0, 0xff, 0x34, 0x00, 0xa0, 0x00, 0xec, 0x00, 0x14, 0x01, 0x04, 0x01,
  0xe4, 0x00, 0xc4, 0x00, 0xb0, 0x00, 0xb0, 0x00, 0x90, 0x00, 0x70, 0x00,
  0x58, 0x00, 0x50, 0x00, 0x70, 0x00, 0x94, 0x00, 0xc4, 0x00, 0xf4, 0x00,
  0x14, 0x01, 0x48, 0x01, 0x8c, 0x01, 0xf8, 0x01, 0x7c, 0x02, 0xf8, 0x02,
  0x48, 0x03, 0x48, 0x03, 0x10, 0x03, 0xb0, 0x02, 0x2c, 0x02, 0xa0, 0x01,
  0x08, 0x01, 0x7c, 0x00, 0x08, 0x00, 0xa0, 0xff, 0x38, 0xff, 0xf0, 0xfe,
  0xcc, 0xfe, 0xd4, 0xfe, 0xfc, 0xfe, 0x20, 0xff, 0x4c, 0xff, 0x80, 0xff,
  0xcc, 0xff, 0x40, 0x00, 0xc8, 0x00, 0x54, 0x01, 0xc8, 0x01, 0x10, 0x02,
  0x28, 0x02, 0x10, 0x02, 0xd0, 0x01, 0x74, 0x01, 0x00, 0x01, 0x70, 0x00,
  0xe4, 0xff, 0x64, 0xff, 0x0c, 0xff, 0xcc, 0xfe, 0xb0, 0xfe, 0xac, 0xfe,
  0xa4, 0xfe, 0xa0, 0xfe, 0x9c, 0xfe, 0xa4, 0xfe, 0xc8, 0xfe, 0x10, 0xff,
  0x70, 0xff, 0xd4, 0xff, 0x1c, 0x00, 0x38, 0x00, 0x48, 0x00, 0x4c, 0x00,
  0x60, 0x00, 0x90, 0x00, 0xcc, 0x00, 0x0c, 0x01, 0x34, 0x01, 0x50, 0x01,
  0x64, 0x01, 0x68, 0x01, 0x68, 0x01, 0x5c, 0x01, 0x24, 0x01, 0xa8, 0x00,
  0xf8, 0xff, 0x3c, 0xff, 0x8c, 0xfe, 0xf4, 0xfd, 0x68, 0xfd, 0xd4, 0xfc,
  0x20, 0xfc, 0x3c, 0xfb, 0x44, 0xfa, 0x64, 0xf9, 0xcc, 0xf8, 0xa0, 0xf8,
  0xac, 0xf8, 0xd8, 0xf8, 0x04, 0xf9, 0x24, 0xf9, 0x60, 0xf9, 0xa8, 0xf9,
  0xf0, 0xf9, 0x3c, 0xfa, 0x84, 0xfa, 0xd8, 0xfa, 0x34, 0xfb, 0x8c, 0xfb,
  0xe0, 0xfb, 0x28, 0xfc, 0x58, 0xfc, 0x64, 0xfc, 0x48, 0xfc, 0x18, 0xfc,
  0xf4, 0xfb, 0xe8, 0xfb, 0x0c, 0xfc, 0x4c, 0xfc, 0x90, 0xfc, 0xc8, 0xfc,
  0xf4, 0xfc, 0x20, 0xfd, 0x64, 0xfd, 0xc0, 0xfd, 0x2c, 0xfe, 0x9c, 0xfe,
  0xe8, 0xfe, 0x04, 0xff, 0xec, 0xfe, 0xd0, 0xfe, 0xbc, 0xfe, 0xc0, 0xfe,
  0xd0, 0xfe, 0xe0, 0xfe, 0xf4, 0xfe, 0xf0, 0xfe, 0xe0, 0xfe, 0xcc, 0xfe,
  0xd0, 0xfe, 0xec, 0xfe, 0x04, 0xff, 0x1c, 0xff, 0x28, 0xff, 0x38, 0xff,
  0x70, 0xff, 0xa4, 0xff, 0xdc, 0xff, 0x10, 0x00, 0x28, 0x00, 0x44, 0x00,
  0x60, 0x00, 0x98, 0x00, 0xf4, 0x00, 0x68, 0x01, 0xe0, 0x01, 0x40, 0x02,
  0x78, 0x02, 0x9c, 0x02, 0xd4, 0x02, 0x1c, 0x03, 0x68, 0x03, 0xb0, 0x03,
  0xe4, 0x03, 0x0c, 0x04, 0x24, 0x04, 0x38, 0x04, 0x64, 0x04, 0x9c, 0x04,
  0xd8, 0x04, 0x14, 0x05, 0x50, 0x05, 0x90, 0x05, 0xe0, 0x05, 0x40, 0x06,
  0x9c, 0x06, 0xd8, 0x06, 0xdc, 0x06, 0xa4, 0x06, 0x38, 0x06, 0xbc, 0x05,
  0x40, 0x05, 0xe0, 0x04, 0x94, 0x04, 0x50, 0x04, 0x08, 0x04, 0xa0, 0x03,
  0x28, 0x03, 0xd4, 0x02, 0xa8, 0x02, 0xa8, 0x02, 0xc8, 0x02, 0x04, 0x03,
  0x54, 0x03, 0xac, 0x03, 0x20, 0x04, 0xb0, 0x04, 0x3c, 0x05, 0xb0, 0x05,
  0xf4, 0x05, 0x10, 0x06, 0x00, 0x06, 0xd0, 0x05, 0x94, 0x05, 0x50, 0x05,
  0xe8, 0x04, 0x6c, 0x04, 0xc4, 0x03, 0x00, 0x03, 0x44, 0x02, 0x98, 0x01,
  0x18, 0x01, 0xb4, 0x00, 0x40, 0x00, 0xb0, 0xff, 0x10, 0xff, 0x6c, 0xfe,
  0xe8, 0xfd, 0x94, 0xfd, 0x6c, 0xfd, 0x7c, 0xfd, 0x9c, 0xfd, 0xd4, 0xfd,
  0x1c, 0xfe, 0x6c, 0xfe, 0xdc, 0xfe, 0x50, 0xff, 0xbc, 0xff, 0x0c, 0x00,
  0x40, 0x00, 0x74, 0x00, 0xa0, 0x00, 0xd4, 0x00, 0xf0, 0x00, 0xf4, 0x00,
  0xe8, 0x00, 0xbc, 0x00, 0x70, 0x00, 0x24, 0x00, 0xe4, 0xff, 0xb0, 0xff,
  0x7c, 0xff, 0x30, 0xff, 0xcc, 0xfe, 0x4c, 0xfe, 0xc4, 0xfd, 0x54, 0xfd,
  0x04, 0xfd, 0xe8, 0xfc, 0xf0, 0xfc, 0x0c, 0xfd, 0x28, 0xfd, 0x34, 0xfd,
  0x2c, 0xfd, 0x1c, 0xfd, 0xf0, 0xfc, 0x80, 0xfc, 0xf8, 0xfb, 0x74, 0xfb,
  0xf0, 0xfa, 0x8c, 0xfa, 0x38, 0xfa, 0xe8, 0xf9, 0x90, 0xf9, 0x20, 0xf9,
  0xa0, 0xf8, 0x24, 0xf8, 0xc8, 0xf7, 0xa8, 0xf7, 0xd0, 0xf7, 0x28, 0xf8,
  0x94, 0xf8, 0x04, 0xf9, 0x78, 0xf9, 0x18, 0xfa, 0xc4, 0xfa, 0x88, 0xfb,
  0x44, 0xfc, 0xd0, 0xfc, 0x34, 0xfd, 0x5c, 0xfd, 0x64, 0xfd, 0x6c, 0xfd,
  0x74, 0xfd, 0x78, 0xfd, 0x5c, 0xfd, 0x34, 0xfd, 0x0c, 0xfd, 0xe4, 0xfc,
  0xd4, 0xfc, 0xe0, 0xfc, 0xf4, 0xfc, 0xfc, 0xfc, 0xec, 0xfc, 0xd4, 0xfc,
  0xb8, 0xfc, 0xa4, 0xfc, 0xc0, 0xfc, 0xe8, 0xfc, 0x08, 0xfd, 0x2c, 0xfd,
  0x4c, 0xfd, 0x70, 0xfd, 0xa0, 0xfd, 0xc0, 0xfd, 0xe8, 0xfd, 0x10, 0xfe,
  0x34, 0xfe, 0x58, 0xfe, 0x7c, 0xfe, 0xb8, 0xfe, 0x1c, 0xff, 0xa4, 0xff,
  0x28, 0x00, 0x88, 0x00, 0xb8, 0x00, 0xc0, 0x00, 0xcc, 0x00, 0xf0, 0x00,
  0x40, 0x01, 0xa4, 0x01, 0x0c, 0x02, 0x68, 0x02, 0x9c, 0x02, 0xc4, 0x02,
  0xec, 0x02, 0x3c, 0x03, 0xb4, 0x03, 0x24, 0x04, 0x88, 0x04, 0xcc, 0x04,
  0xf4, 0x04, 0x1c, 0x05, 0x40, 0x05, 0x68, 0x05, 0x88, 0x05, 0x98, 0x05,
  0x8c, 0x05, 0x64, 0x05, 0x30, 0x05, 0xf4, 0x04, 0xa4, 0x04, 0x48, 0x04,
  0xdc, 0x03, 0x6c, 0x03, 0xfc, 0x02, 0x90, 0x02, 0x44, 0x02, 0x00, 0x02,
  0xd0, 0x01, 0xa8, 0x01, 0x78, 0x01, 0x58, 0x01, 0x50, 0x01, 0x60, 0x01,
  0x88, 0x01, 0xb0, 0x01, 0xb4, 0x01, 0x7c, 0x01, 0x14, 0x01, 0x98, 0x00,
  0x20, 0x00, 0xc8, 0xff, 0xa0, 0xff, 0xb0, 0xff, 0xd8, 0xff, 0x0c, 0x00,
  0x4c, 0x00, 0x98, 0x00, 0x04, 0x01, 0x74, 0x01, 0xec, 0x01, 0x5c, 0x02,
  0xcc, 0x02, 0x48, 0x03, 0xc8, 0x03, 0x64, 0x04, 0x04, 0x05, 0x98, 0x05,
  0x18, 0x06, 0x6c, 0x06, 0x9c, 0x06, 0xa8, 0x06, 0xa4, 0x06, 0xa4, 0x06,
  0x94, 0x06, 0x84, 0x06, 0x70, 0x06, 0x4c, 0x06, 0x28, 0x06, 0x00, 0x06,
  0xd0, 0x05, 0x98, 0x05, 0x50, 0x05, 0x04, 0x05, 0xc0, 0x04, 0x7c, 0x04,
  0x64, 0x04, 0x80, 0x04, 0xb8, 0x04, 0x08, 0x05, 0x58, 0x05, 0xa8, 0x05,
  0xf4, 0x05, 0x3c, 0x06, 0x7c, 0x06, 0xb0, 0x06, 0xcc, 0x06, 0xbc, 0x06,
  0x8c, 0x06, 0x3c, 0x06, 0xe0, 0x05, 0x70, 0x05, 0xf8, 0x04, 0x7c, 0x04,
  0xe0, 0x03, 0x2c, 0x03, 0x58, 0x02, 0x88, 0x01, 0xdc, 0x00, 0x50, 0x00,
  0xec, 0xff, 0x80, 0xff, 0x14, 0xff, 0xac, 0xfe, 0x44, 0xfe, 0x04, 0xfe,
  0xe8, 0xfd, 0xe0, 0xfd, 0xec, 0xfd, 0x00, 0xfe, 0x14, 0xfe, 0x04, 0xfe,
  0xe8, 0xfd, 0xa8, 0xfd, 0x38, 0xfd, 0x98, 0xfc, 0xd0, 0xfb, 0xe0, 0xfa,
  0xc8, 0xf9, 0xa8, 0xf8, 0x90, 0xf7, 0x74, 0xf6, 0x70, 0xf5, 0x74, 0xf4,
  0x70, 0xf3, 0x84, 0xf2, 0xb0, 0xf1, 0x0c, 0xf1, 0x94, 0xf0, 0x40, 0xf0,
  0x18, 0xf0, 0x1c, 0xf0, 0x30, 0xf0, 0x68, 0xf0, 0xc0, 0xf0, 0x2c, 0xf1,
  0xac, 0xf1, 0x20, 0xf2, 0x7c, 0xf2, 0xd8, 0xf2, 0x2c, 0xf3, 0x98, 0xf3,
  0x14, 0xf4, 0xa4, 0xf4, 0x64, 0xf5, 0x18, 0xf6, 0xc0, 0xf6, 0x48, 0xf7,
  0xb0, 0xf7, 0x24, 0xf8, 0x9c, 0xf8, 0x18, 0xf9, 0xa0, 0xf9, 0x10, 0xfa,
  0x7c, 0xfa, 0xec, 0xfa, 0x4c, 0xfb, 0xb0, 0xfb, 0x28, 0xfc, 0xb0, 0xfc,
  0x44, 0xfd, 0xd4, 0xfd, 0x60, 0xfe, 0xec, 0xfe, 0x80, 0xff, 0x14, 0x00,
  0x88, 0x00, 0xe4, 0x00, 0x2c, 0x01, 0x7c, 0x01, 0xe0, 0x01, 0x30, 0x02,
  0x8c, 0x02, 0xe8, 0x02, 0x44, 0x03, 0x94, 0x03, 0xdc, 0x03, 0x3c, 0x04,
  0xb4, 0x04, 0x48, 0x05, 0xd4, 0x05, 0x50, 0x06, 0xb8, 0x06, 0x10, 0x07,
  0x80, 0x07, 0xe4, 0x07, 0x2c, 0x08, 0x74, 0x08, 0x98, 0x08, 0x84, 0x08,
  0x30, 0x08, 0xac, 0x07, 0x24, 0x07, 0xb8, 0x06, 0x5c, 0x06, 0x18, 0x06,
  0x04, 0x06, 0x0c, 0x06, 0x28, 0x06, 0x58, 0x06, 0x8c, 0x06, 0xcc, 0x06,
  0x0c, 0x07, 0x34, 0x07, 0x44, 0x07, 0x58, 0x07, 0x74, 0x07, 0xa4, 0x07,
  0xf0, 0x07, 0x30, 0x08, 0x64, 0x08, 0x84, 0x08, 0xa4, 0x08, 0xc8, 0x08,
  0xe0, 0x08, 0x00, 0x09, 0x18, 0x09, 0x28, 0x09, 0x2c, 0x09, 0xe8, 0x08,
  0x80, 0x08, 0x04, 0x08, 0x78, 0x07, 0xf0, 0x06, 0x54, 0x06, 0xb0, 0x05,
  0x18, 0x05, 0x98, 0x04, 0x34, 0x04, 0xf4, 0x03, 0xbc, 0x03, 0x84, 0x03,
  0x38, 0x03, 0xd4, 0x02, 0x6c, 0x02, 0x24, 0x02, 0x08, 0x02, 0x00, 0x02,
  0xfc, 0x01, 0xe0, 0x01, 0xa4, 0x01, 0x3c, 0x01, 0xac, 0x00, 0x18, 0x00,
  0x98, 0xff, 0x30, 0xff, 0xcc, 0xfe, 0x3c, 0xfe, 0x98, 0xfd, 0xf0, 0xfc,
  0x48, 0xfc, 0xb8, 0xfb, 0x3c, 0xfb, 0xd0, 0xfa, 0x74, 0xfa, 0x1c, 0xfa,
  0xd8, 0xf9, 0xc0, 0xf9, 0xd0, 0xf9, 0x18, 0xfa, 0x9c, 0xfa, 0x38, 0xfb,
  0xe0, 0xfb, 0x7c, 0xfc, 0x10, 0xfd, 0x90, 0xfd, 0xf4, 0xfd, 0x40, 0xfe,
  0x54, 0xfe, 0x40, 0xfe, 0xf8, 0xfd, 0x90, 0xfd, 0x18, 0xfd, 0xa8, 0xfc,
  0x30, 0xfc, 0xb0, 0xfb, 0x28, 0xfb, 0x90, 0xfa, 0x00, 0xfa, 0x88, 0xf9,
  0x2c, 0xf9, 0xf0, 0xf8, 0xd0, 0xf8, 0xd4, 0xf8, 0xe8, 0xf8, 0xe8, 0xf8,
  0xcc, 0xf8, 0xa8, 0xf8, 0xa4, 0xf8, 0xa8, 0xf8, 0xb0, 0xf8, 0xbc, 0xf8,
  0xd4, 0xf8, 0x10, 0xf9, 0x80, 0xf9, 0x00, 0xfa, 0x74, 0xfa, 0xe4, 0xfa,
  0x58, 0xfb, 0xcc, 0xfb, 0x44, 0xfc, 0xac, 0xfc, 0x18, 0xfd, 0x88, 0xfd,
  0xf0, 0xfd, 0x60, 0xfe, 0xb8, 0xfe, 0xfc, 0xfe, 0x3c, 0xff, 0x80, 0xff,
  0xe0, 0xff, 0x58, 0x00, 0x04, 0x01, 0xe8, 0x01, 0xcc, 0x02, 0xac, 0x03,
  0x70, 0x04, 0x18, 0x05, 0x98, 0x05, 0xf4, 0x05, 0x28, 0x06, 0x2c, 0x06,
  0x20, 0x06, 0x00, 0x06, 0xcc, 0x05, 0x94, 0x05, 0x48, 0x05, 0x00, 0x05,
  0xc8, 0x04, 0x94, 0x04, 0x68, 0x04, 0x40, 0x04, 0x28, 0x04, 0x2c, 0x04,
  0x40, 0x04, 0x74, 0x04, 0xc8, 0x04, 0x3c, 0x05, 0xc4, 0x05, 0x40, 0x06,
  0xac, 0x06, 0x00, 0x07, 0x38, 0x07, 0x54, 0x07, 0x48, 0x07, 0x14, 0x07,
  0xbc, 0x06, 0x40, 0x06, 0xb0, 0x05, 0x04, 0x05, 0x4c, 0x04, 0x84, 0x03,
  0xac, 0x02, 0xcc, 0x01, 0xe0, 0x00, 0xfc, 0xff, 0x38, 0xff, 0x9c, 0xfe,
  0x38, 0xfe, 0xf0, 0xfd, 0xc0, 0xfd, 0xa0, 0xfd, 0x90, 0xfd, 0x88, 0xfd,
  0x88, 0xfd, 0x88, 0xfd, 0xa0, 0xfd, 0xd4, 0xfd, 0x10, 0xfe, 0x58, 0xfe,
  0x90, 0xfe, 0xa4, 0xfe, 0xa8, 0xfe, 0x98, 0xfe, 0x78, 0xfe, 0x54, 0xfe,
  0x30, 0xfe, 0x18, 0xfe, 0x08, 0xfe, 0xf8, 0xfd, 0xe4, 0xfd, 0xc4, 0xfd,
  0x9c, 0xfd, 0x78, 0xfd, 0x4c, 0xfd, 0x38, 0xfd, 0x38, 0xfd, 0x54, 0xfd,
  0x94, 0xfd, 0xf4, 0xfd, 0x58, 0xfe, 0x98, 0xfe, 0xb0, 0xfe, 0xac, 0xfe,
  0x80, 0xfe, 0x48, 0xfe, 0x08, 0xfe, 0xc8, 0xfd, 0x98, 0xfd, 0x70, 0xfd,
  0x4c, 0xfd, 0x24, 0xfd, 0xe4, 0xfc, 0x90, 0xfc, 0x28, 0xfc, 0xb4, 0xfb,
  0x5c, 0xfb, 0x20, 0xfb, 0x14, 0xfb, 0x2c, 0xfb, 0x64, 0xfb, 0xbc, 0xfb,
  0x40, 0xfc, 0xfc, 0xfc, 0xcc, 0xfd, 0x8c, 0xfe, 0x3c, 0xff, 0xe4, 0xff,
  0x88, 0x00, 0x14, 0x01, 0x78, 0x01, 0xa0, 0x01, 0xa4, 0x01, 0x88, 0x01,
  0x64, 0x01, 0x34, 0x01, 0x00, 0x01, 0xf8, 0x00, 0x14, 0x01, 0x40, 0x01,
  0x78, 0x01, 0xa8, 0x01, 0xec, 0x01, 0x44, 0x02, 0xa0, 0x02, 0xe8, 0x02,
  0x14, 0x03, 0x3c, 0x03, 0x54, 0x03, 0x70, 0x03, 0x7c, 0x03, 0x74, 0x03,
  0x60, 0x03, 0x3c, 0x03, 0xfc, 0x02, 0xa4, 0x02, 0x34, 0x02, 0xb0, 0x01,
  0x2c, 0x01, 0xa8, 0x00, 0x20, 0x00, 0xac, 0xff, 0x44, 0xff, 0xfc, 0xfe,
  0xdc, 0xfe, 0xd0, 0xfe, 0xd8, 0xfe, 0xe8, 0xfe, 0x04, 0xff, 0x20, 0xff,
  0x40, 0xff, 0x58, 0xff, 0x70, 0xff, 0xb0, 0xff, 0xf4, 0xff, 0x50, 0x00,
  0xcc, 0x00, 0x50, 0x01, 0xdc, 0x01, 0x54, 0x02, 0xac, 0x02, 0xec, 0x02,
  0x0c, 0x03, 0x14, 0x03, 0x00, 0x03, 0xd4, 0x02, 0x90, 0x02, 0x38, 0x02,
  0xcc, 0x01, 0x48, 0x01, 0xc0, 0x00, 0x3c, 0x00, 0xc0, 0xff, 0x5c, 0xff,
  0x14, 0xff, 0xfc, 0xfe, 0x14, 0xff, 0x40, 0xff, 0x70, 0xff, 0xa0, 0xff,
  0xd4, 0xff, 0x0c, 0x00, 0x54, 0x00, 0xa0, 0x00, 0xd8, 0x00, 0x00, 0x01,
  0x08, 0x01, 0xf4, 0x00, 0xb8, 0x00, 0x60, 0x00, 0xf8, 0xff, 0x88, 0xff,
  0x24, 0xff, 0xd0, 0xfe, 0xa4, 0xfe, 0x88, 0xfe, 0x6c, 0xfe, 0x40, 0xfe,
  0xe8, 0xfd, 0x74, 0xfd, 0xf0, 0xfc, 0x68, 0xfc, 0xf8, 0xfb, 0xa8, 0xfb,
  0x7c, 0xfb, 0x78, 0xfb, 0xa0, 0xfb, 0xe4, 0xfb, 0x44, 0xfc, 0xb4, 0xfc,
  0x2c, 0xfd, 0xc4, 0xfd, 0x74, 0xfe, 0x50, 0xff, 0x44, 0x00, 0x38, 0x01,
  0x08, 0x02, 0x98, 0x02, 0xe8, 0x02, 0xfc, 0x02, 0xe0, 0x02, 0xa0, 0x02,
  0x38, 0x02, 0xc0, 0x01, 0x4c, 0x01, 0xd4, 0x00, 0x68, 0x00, 0x04, 0x00,
  0xb0, 0xff, 0x78, 0xff, 0x64, 0xff, 0x70, 0xff, 0xa8, 0xff, 0x14, 0x00,
  0x8c, 0x00, 0x08, 0x01, 0x6c, 0x01, 0x9c, 0x01, 0xac, 0x01, 0x94, 0x01,
  0x60, 0x01, 0x1c, 0x01, 0xbc, 0x00, 0x60, 0x00, 0xf4, 0xff, 0x80, 0xff,
  0x0c, 0xff, 0x8c, 0xfe, 0x0c, 0xfe, 0x7c, 0xfd, 0x00, 0xfd, 0xa8, 0xfc,
  0x78, 0xfc, 0x7c, 0xfc, 0xa4, 0xfc, 0xe0, 0xfc, 0x34, 0xfd, 0x8c, 0xfd,
  0xe4, 0xfd, 0x30, 0xfe, 0x98, 0xfe, 0x1c, 0xff, 0xac, 0xff, 0x3c, 0x00,
  0x9c, 0x00, 0xd4, 0x00, 0xe4, 0x00, 0xb0, 0x00, 0x50, 0x00, 0xc8, 0xff,
  0x30, 0xff, 0xa4, 0xfe, 0x20, 0xfe, 0xa4, 0xfd, 0x34, 0xfd, 0xe0, 0xfc,
  0xa4, 0xfc, 0x6c, 0xfc, 0x38, 0xfc, 0x0c, 0xfc, 0xec, 0xfb, 0xec, 0xfb,
  0x08, 0xfc, 0x44, 0xfc, 0x80, 0xfc, 0xc4, 0xfc, 0x18, 0xfd, 0x64, 0xfd,
  0xa4, 0xfd, 0xe0, 0xfd, 0x20, 0xfe, 0x7c, 0xfe, 0xf0, 0xfe, 0x70, 0xff,
  0x04, 0x00, 0x90, 0x00, 0x04, 0x01, 0x60, 0x01, 0x9c, 0x01, 0xc8, 0x01,
  0xe4, 0x01, 0xfc, 0x01, 0x14, 0x02, 0x24, 0x02, 0x2c, 0x02, 0x34, 0x02,
  0x30, 0x02, 0x24, 0x02, 0x14, 0x02, 0x18, 0x02, 0x40, 0x02, 0x88, 0x02,
  0xec, 0x02, 0x4c, 0x03, 0x94, 0x03, 0xc0, 0x03, 0xc8, 0x03, 0xb0, 0x03,
  0x84, 0x03, 0x48, 0x03, 0x00, 0x03, 0x9c, 0x02, 0x34, 0x02, 0xe8, 0x01,
  0x9c, 0x01, 0x54, 0x01, 0x00, 0x01, 0x94, 0x00, 0x34, 0x00, 0xdc, 0xff,
  0xa4, 0xff, 0x90, 0xff, 0xa8, 0xff, 0xe8, 0xff, 0x44, 0x00, 0xa8, 0x00,
  0x00, 0x01, 0x48, 0x01, 0x90, 0x01, 0xd4, 0x01, 0x00, 0x02, 0x08, 0x02,
  0xf8, 0x01, 0xd4, 0x01, 0xa0, 0x01, 0x54, 0x01, 0x0c, 0x01, 0xe0, 0x00,
  0xcc, 0x00, 0xcc, 0x00, 0xd8, 0x00, 0xf4, 0x00, 0x18, 0x01, 0x48, 0x01,
  0x6c, 0x01, 0x88, 0x01, 0xac, 0x01, 0xdc, 0x01, 0x2c, 0x02, 0x90, 0x02,
  0xf8, 0x02, 0x64, 0x03, 0xc0, 0x03, 0xf4, 0x03, 0xf8, 0x03, 0xd0, 0x03,
  0x8c, 0x03, 0x3c, 0x03, 0xe8, 0x02, 0x78, 0x02, 0xf4, 0x01, 0x60, 0x01,
  0xb0, 0x00, 0xfc, 0xff, 0x40, 0xff, 0x94, 0xfe, 0x24, 0xfe, 0xf4, 0xfd,
  0xf8, 0xfd, 0x28, 0xfe, 0x68, 0xfe, 0xb4, 0xfe, 0x08, 0xff, 0x54, 0xff,
  0x98, 0xff, 0xe0, 0xff, 0x20, 0x00, 0x70, 0x00, 0xc4, 0x00, 0x20, 0x01,
  0x64, 0x01, 0x90, 0x01, 0x98, 0x01, 0x6c, 0x01, 0x18, 0x01, 0xb0, 0x00,
  0x3c, 0x00, 0xd4, 0xff, 0x70, 0xff, 0xe8, 0xfe, 0x50, 0xfe, 0xac, 0xfd,
  0x04, 0xfd, 0x64, 0xfc, 0xb8, 0xfb, 0x30, 0xfb, 0xc8, 0xfa, 0x78, 0xfa,
  0x54, 0xfa, 0x50, 0xfa, 0x84, 0xfa, 0xf0, 0xfa, 0x78, 0xfb, 0x04, 0xfc,
  0x8c, 0xfc, 0x2c, 0xfd, 0xe0, 0xfd, 0xa0, 0xfe, 0x50, 0xff, 0xd0, 0xff,
  0x14, 0x00, 0x0c, 0x00, 0xbc, 0xff, 0x44, 0xff, 0xc0, 0xfe, 0x4c, 0xfe,
  0xe4, 0xfd, 0x84, 0xfd, 0x28, 0xfd, 0xd4, 0xfc, 0x88, 0xfc, 0x2c, 0xfc,
  0xd0, 0xfb, 0x88, 0xfb, 0x58, 0xfb, 0x44, 0xfb, 0x48, 0xfb, 0x68, 0xfb,
  0xa4, 0xfb, 0xe8, 0xfb, 0x28, 0xfc, 0x60, 0xfc, 0x8c, 0xfc, 0xc0, 0xfc,
  0xfc, 0xfc, 0x48, 0xfd, 0xa0, 0xfd, 0xfc, 0xfd, 0x64, 0xfe, 0xc8, 0xfe,
  0x30, 0xff, 0x7c, 0xff, 0xb0, 0xff, 0xe0, 0xff, 0xfc, 0xff, 0x08, 0x00,
  0xf4, 0xff, 0xc4, 0xff, 0x94, 0xff, 0x64, 0xff, 0x44, 0xff, 0x24, 0xff,
  0x24, 0xff, 0x60, 0xff, 0xc0, 0xff, 0x48, 0x00, 0xf0, 0x00, 0xb8, 0x01,
  0x98, 0x02, 0x68, 0x03, 0x28, 0x04, 0xc0, 0x04, 0x34, 0x05, 0x88, 0x05,
  0xc4, 0x05, 0xfc, 0x05, 0x24, 0x06, 0x38, 0x06, 0x28, 0x06, 0xfc, 0x05,
  0xac, 0x05, 0x50, 0x05, 0x14, 0x05, 0xf4, 0x04, 0xec, 0x04, 0x00, 0x05,
  0x1c, 0x05, 0x44, 0x05, 0x5c, 0x05, 0x5c, 0x05, 0x64, 0x05, 0x68, 0x05,
  0x6c, 0x05, 0x68, 0x05, 0x38, 0x05, 0xf4, 0x04, 0x88, 0x04, 0xf0, 0x03,
  0x38, 0x03, 0x68, 0x02, 0x98, 0x01, 0xd8, 0x00, 0x24, 0x00, 0x78, 0xff,
  0xd8, 0xfe, 0x58, 0xfe, 0xe8, 0xfd, 0x80, 0xfd, 0x2c, 0xfd, 0xdc, 0xfc,
  0xac, 0xfc, 0xa4, 0xfc, 0xb4, 0xfc, 0xe8, 0xfc, 0x24, 0xfd, 0x70, 0xfd,
  0xc8, 0xfd, 0x18, 0xfe, 0x78, 0xfe, 0xec, 0xfe, 0x68, 0xff, 0xec, 0xff,
  0x58, 0x00, 0xb0, 0x00, 0x04, 0x01, 0x4c, 0x01, 0x7c, 0x01, 0x9c, 0x01,
  0xa0, 0x01, 0x98, 0x01, 0x80, 0x01, 0x58, 0x01, 0x2c, 0x01, 0xe8, 0x00,
  0x9c, 0x00, 0x50, 0x00, 0x0c, 0x00, 0xd4, 0xff, 0xa8, 0xff, 0xa4, 0xff,
  0xc4, 0xff, 0x08, 0x00, 0x54, 0x00, 0x98, 0x00, 0xd4, 0x00, 0x08, 0x01,
  0x1c, 0x01, 0x0c, 0x01, 0xdc, 0x00, 0x9c, 0x00, 0x64, 0x00, 0x24, 0x00,
  0xd4, 0xff, 0x68, 0xff, 0xd8, 0xfe, 0x20, 0xfe, 0x4c, 0xfd, 0x7c, 0xfc,
  0xc8, 0xfb, 0x48, 0xfb, 0xfc, 0xfa, 0xf4, 0xfa, 0x28, 0xfb, 0x88, 0xfb,
  0x08, 0xfc, 0x88, 0xfc, 0xfc, 0xfc, 0x6c, 0xfd, 0xf0, 0xfd, 0x88, 0xfe,
  0x24, 0xff, 0xb8, 0xff, 0x28, 0x00, 0x68, 0x00, 0x60, 0x00, 0x18, 0x00,
  0xbc, 0xff, 0x5c, 0xff, 0x28, 0xff, 0x18, 0xff, 0x08, 0xff, 0x18, 0xff,
  0x3c, 0xff, 0x60, 0xff, 0x70, 0xff, 0x4c, 0xff, 0x0c, 0xff, 0xbc, 0xfe,
  0x68, 0xfe, 0x20, 0xfe, 0xe8, 0xfd, 0xc8, 0xfd, 0xb4, 0xfd, 0xa8, 0xfd,
  0x88, 0xfd, 0x44, 0xfd, 0xdc, 0xfc, 0x70, 0xfc, 0x2c, 0xfc, 0x18, 0xfc,
  0x28, 0xfc, 0x70, 0xfc, 0xcc, 0xfc, 0x34, 0xfd, 0x8c, 0xfd, 0xd8, 0xfd,
  0x2c, 0xfe, 0x88, 0xfe, 0xe8, 0xfe, 0x38, 0xff, 0x80, 0xff, 0xb8, 0xff,
  0xec, 0xff, 0x2c, 0x00, 0x68, 0x00, 0xa0, 0x00, 0xe8, 0x00, 0x48, 0x01,
  0xb8, 0x01, 0x38, 0x02, 0xc0, 0x02, 0x5c, 0x03, 0xe8, 0x03, 0x48, 0x04,
  0x80, 0x04, 0x84, 0x04, 0x54, 0x04, 0x18, 0x04, 0xd8, 0x03, 0x80, 0x03,
  0x2c, 0x03, 0xd4, 0x02, 0x60, 0x02, 0xd8, 0x01, 0x4c, 0x01, 0xd0, 0x00,
  0x88, 0x00, 0x84, 0x00, 0xc8, 0x00, 0x4c, 0x01, 0xe8, 0x01, 0x88, 0x02,
  0x20, 0x03, 0xa8, 0x03, 0x24, 0x04, 0x8c, 0x04, 0xec, 0x04, 0x2c, 0x05,
  0x48, 0x05, 0x3c, 0x05, 0x04, 0x05, 0x90, 0x04, 0xf0, 0x03, 0x28, 0x03,
  0x4c, 0x02, 0x8c, 0x01, 0xe8, 0x00, 0x64, 0x00, 0xf8, 0xff, 0xa0, 0xff,
  0x5c, 0xff, 0x18, 0xff, 0xd0, 0xfe, 0x88, 0xfe, 0x6c, 0xfe, 0x78, 0xfe,
  0xa4, 0xfe, 0xe0, 0xfe, 0x24, 0xff, 0x80, 0xff, 0xf4, 0xff, 0x60, 0x00,
  0xd0, 0x00, 0x38, 0x01, 0x90, 0x01, 0xdc, 0x01, 0x10, 0x02, 0x34, 0x02,
  0x4c, 0x02, 0x6c, 0x02, 0x88, 0x02, 0x94, 0x02, 0x8c, 0x02, 0x68, 0x02,
  0x40, 0x02, 0x10, 0x02, 0xe8, 0x01, 0xc4, 0x01, 0xa0, 0x01, 0x80, 0x01,
  0x60, 0x01, 0x48, 0x01, 0x4c, 0x01, 0x80, 0x01, 0xd0, 0x01, 0x28, 0x02,
  0x90, 0x02, 0xf8, 0x02, 0x60, 0x03, 0xbc, 0x03, 0xf8, 0x03, 0x10, 0x04,
  0xfc, 0x03, 0xd0, 0x03, 0x88, 0x03, 0x24, 0x03, 0xb0, 0x02, 0x24, 0x02,
  0x84, 0x01, 0xcc, 0x00, 0xf4, 0xff, 0x10, 0xff, 0x34, 0xfe, 0x70, 0xfd,
  0xd0, 0xfc, 0x54, 0xfc, 0x04, 0xfc, 0xe0, 0xfb, 0xdc, 0xfb, 0xe4, 0xfb,
  0xf8, 0xfb, 0x24, 0xfc, 0x64, 0xfc, 0xc0, 0xfc, 0x20, 0xfd, 0x74, 0xfd,
  0xac, 0xfd, 0xbc, 0xfd, 0xa4, 0xfd, 0x5c, 0xfd, 0x00, 0xfd, 0x9c, 0xfc,
  0x34, 0xfc, 0xc8, 0xfb, 0x58, 0xfb, 0xe8, 0xfa, 0x80, 0xfa, 0x28, 0xfa,
  0xcc, 0xf9, 0x68, 0xf9, 0xfc, 0xf8, 0x84, 0xf8, 0x20, 0xf8, 0xcc, 0xf7,
  0x98, 0xf7, 0x8c, 0xf7, 0x8c, 0xf7, 0x94, 0xf7, 0x8c, 0xf7, 0x6c, 0xf7,
  0x48, 0xf7, 0x2c, 0xf7, 0x20, 0xf7, 0x24, 0xf7, 0x44, 0xf7, 0x70, 0xf7,
  0xa0, 0xf7, 0xd8, 0xf7, 0x14, 0xf8, 0x3c, 0xf8, 0x74, 0xf8, 0xb4, 0xf8,
  0x04, 0xf9, 0x60, 0xf9, 0xbc, 0xf9, 0x28, 0xfa, 0xa8, 0xfa, 0x3c, 0xfb,
  0xcc, 0xfb, 0x50, 0xfc, 0xd8, 0xfc, 0x70, 0xfd, 0x28, 0xfe, 0x10, 0xff,
  0x10, 0x00, 0x14, 0x01, 0x18, 0x02, 0xf0, 0x02, 0x9c, 0x03, 0x24, 0x04,
  0x7c, 0x04, 0xb4, 0x04, 0xe0, 0x04, 0x04, 0x05, 0x34, 0x05, 0x58, 0x05,
  0x68, 0x05, 0x68, 0x05, 0x50, 0x05, 0x40, 0x05, 0x1c, 0x05, 0x08, 0x05,
  0x14, 0x05, 0x40, 0x05, 0xb0, 0x05, 0x38, 0x06, 0xd4, 0x06, 0x78, 0x07,
  0x0c, 0x08, 0x9c, 0x08, 0x20, 0x09, 0xa0, 0x09, 0x14, 0x0a, 0x78, 0x0a,
  0xc0, 0x0a, 0xec, 0x0a, 0xf8, 0x0a, 0xe0, 0x0a, 0xd4, 0x0a, 0xd4, 0x0a,
  0xd8, 0x0a, 0xe0, 0x0a, 0xdc, 0x0a, 0xd0, 0x0a, 0xb8, 0x0a, 0x90, 0x0a,
  0x64, 0x0a, 0x20, 0x0a, 0xc4, 0x09, 0x44, 0x09, 0xb8, 0x08, 0x40, 0x08,
  0xd4, 0x07, 0x7c, 0x07, 0x24, 0x07, 0xd0, 0x06, 0x78, 0x06, 0x0c, 0x06,
  0x98, 0x05, 0x08, 0x05, 0x74, 0x04, 0xf4, 0x03, 0x7c, 0x03, 0x0c, 0x03,
  0x88, 0x02, 0x08, 0x02, 0x9c, 0x01, 0x44, 0x01, 0x00, 0x01, 0xac, 0x00,
  0x4c, 0x00, 0xf4, 0xff, 0xa4, 0xff, 0x68, 0xff, 0x34, 0xff, 0x08, 0xff,
  0xd4, 0xfe, 0x94, 0xfe, 0x40, 0xfe, 0xe8, 0xfd, 0xa0, 0xfd, 0x60, 0xfd,
  0x30, 0xfd, 0xfc, 0xfc, 0x9c, 0xfc, 0x14, 0xfc, 0x7c, 0xfb, 0xec, 0xfa,
  0x68, 0xfa, 0xf0, 0xf9, 0x80, 0xf9, 0x0c, 0xf9, 0x98, 0xf8, 0x1c, 0xf8,
  0xac, 0xf7, 0x4c, 0xf7, 0x0c, 0xf7, 0xf8, 0xf6, 0xf0, 0xf6, 0x08, 0xf7,
  0x48, 0xf7, 0xa8, 0xf7, 0x24, 0xf8, 0xac, 0xf8, 0x38, 0xf9, 0xc4, 0xf9,
  0x34, 0xfa, 0x8c, 0xfa, 0xd4, 0xfa, 0x10, 0xfb, 0x4c, 0xfb, 0x70, 0xfb,
  0x64, 0xfb, 0x0c, 0xfb, 0x84, 0xfa, 0xec, 0xf9, 0x54, 0xf9, 0xcc, 0xf8,
  0x60, 0xf8, 0x0c, 0xf8, 0xcc, 0xf7, 0x98, 0xf7, 0x68, 0xf7, 0x44, 0xf7,
  0x3c, 0xf7, 0x54, 0xf7, 0x94, 0xf7, 0xf0, 0xf7, 0x6c, 0xf8, 0x24, 0xf9,
  0xe4, 0xf9, 0xb4, 0xfa, 0x78, 0xfb, 0x18, 0xfc, 0xb4, 0xfc, 0x30, 0xfd,
  0x9c, 0xfd, 0x20, 0xfe, 0xa0, 0xfe, 0x2c, 0xff, 0xac, 0xff, 0x0c, 0x00,
  0x38, 0x00, 0x44, 0x00, 0x38, 0x00, 0x18, 0x00, 0x00, 0x00, 0xf4, 0xff,
  0xf0, 0xff, 0x00, 0x00, 0xec, 0xff, 0xbc, 0xff, 0x94, 0xff, 0x80, 0xff,
  0x98, 0xff, 0xd8, 0xff, 0x3c, 0x00, 0xd4, 0x00, 0x90, 0x01, 0x6c, 0x02,
  0x50, 0x03, 0x30, 0x04, 0x08, 0x05, 0xb8, 0x05, 0x44, 0x06, 0x98, 0x06,
  0xb8, 0x06, 0xb8, 0x06, 0x9c, 0x06, 0x6c, 0x06, 0x1c, 0x06, 0xb8, 0x05,
  0x38, 0x05, 0xac, 0x04, 0x48, 0x04, 0x0c, 0x04, 0xfc, 0x03, 0x18, 0x04,
  0x40, 0x04, 0x80, 0x04, 0xdc, 0x04, 0x4c, 0x05, 0xd0, 0x05, 0x54, 0x06,
  0xb4, 0x06, 0xe8, 0x06, 0xe8, 0x06, 0xc0, 0x06, 0x80, 0x06, 0x20, 0x06,
  0xa0, 0x05, 0x08, 0x05, 0x58, 0x04, 0x94, 0x03, 0xcc, 0x02, 0x14, 0x02,
  0x7c, 0x01, 0x00, 0x01, 0xb0, 0x00, 0x70, 0x00, 0x3c, 0x00, 0x18, 0x00,
  0xf0, 0xff, 0xc8, 0xff, 0xb0, 0xff, 0xac, 0xff, 0xd8, 0xff, 0x18, 0x00,
  0x48, 0x00, 0x74, 0x00, 0x8c, 0x00, 0xa8, 0x00, 0xe8, 0x00, 0x24, 0x01,
  0x74, 0x01, 0xc0, 0x01, 0xf4, 0x01, 0x24, 0x02, 0x3c, 0x02, 0x50, 0x02,
  0x58, 0x02, 0x5c, 0x02, 0x58, 0x02, 0x34, 0x02, 0x04, 0x02, 0xd4, 0x01,
  0xb4, 0x01, 0x9c, 0x01, 0x80, 0x01, 0x5c, 0x01, 0x28, 0x01, 0xec, 0x00,
  0xb0, 0x00, 0x8c, 0x00, 0x84, 0x00, 0x8c, 0x00, 0x98, 0x00, 0xa4, 0x00,
  0x94, 0x00, 0x80, 0x00, 0x60, 0x00, 0x1c, 0x00, 0xd0, 0xff, 0x74, 0xff,
  0x10, 0xff, 0xa4, 0xfe, 0x20, 0xfe, 0x84, 0xfd, 0xd8, 0xfc, 0x10, 0xfc,
  0x4c, 0xfb, 0x94, 0xfa, 0xf8, 0xf9, 0x94, 0xf9, 0x68, 0xf9, 0x88, 0xf9,
  0xdc, 0xf9, 0x40, 0xfa, 0xb4, 0xfa, 0x2c, 0xfb, 0xb0, 0xfb, 0x44, 0xfc,
  0xe0, 0xfc, 0x80, 0xfd, 0x0c, 0xfe, 0x78, 0xfe, 0xb8, 0xfe, 0xd0, 0xfe,
  0xd8, 0xfe, 0xf0, 0xfe, 0x20, 0xff, 0x58, 0xff, 0xa4, 0xff, 0xe0, 0xff,
  0x14, 0x00, 0x48, 0x00, 0x78, 0x00, 0xa4, 0x00, 0xc4, 0x00, 0xc4, 0x00,
  0xb4, 0x00, 0x94, 0x00, 0x64, 0x00, 0x38, 0x00, 0x04, 0x00, 0xd4, 0xff,
  0xac, 0xff, 0x88, 0xff, 0x70, 0xff, 0x54, 0xff, 0x3c, 0xff, 0x38, 0xff,
  0x44, 0xff, 0x5c, 0xff, 0x80, 0xff, 0xa4, 0xff, 0xd0, 0xff, 0x10, 0x00,
  0x50, 0x00, 0x98, 0x00, 0xe0, 0x00, 0x34, 0x01, 0x80, 0x01, 0xc4, 0x01,
  0xfc, 0x01, 0x28, 0x02, 0x60, 0x02, 0x98, 0x02, 0xcc, 0x02, 0xf0, 0x02,
  0xe0, 0x02, 0xd8, 0x02, 0xe0, 0x02, 0xf4, 0x02, 0x20, 0x03, 0x20, 0x03,
  0xf0, 0x02, 0x98, 0x02, 0x08, 0x02, 0x68, 0x01, 0xcc, 0x00, 0x30, 0x00,
  0xa4, 0xff, 0x14, 0xff, 0x80, 0xfe, 0xfc, 0xfd, 0x94, 0xfd, 0x48, 0xfd,
  0x14, 0xfd, 0xfc, 0xfc, 0x00, 0xfd, 0x18, 0xfd, 0x4c, 0xfd, 0x98, 0xfd,
  0xfc, 0xfd, 0x70, 0xfe, 0xe0, 0xfe, 0x38, 0xff, 0x60, 0xff, 0x54, 0xff,
  0x24, 0xff, 0xe4, 0xfe, 0x8c, 0xfe, 0x04, 0xfe, 0x48, 0xfd, 0x60, 0xfc,
  0x7c, 0xfb, 0xa4, 0xfa, 0xf4, 0xf9, 0x80, 0xf9, 0x28, 0xf9, 0x00, 0xf9,
  0xf4, 0xf8, 0x00, 0xf9, 0x48, 0xf9, 0xac, 0xf9, 0x3c, 0xfa, 0xe8, 0xfa,
  0x90, 0xfb, 0x34, 0xfc, 0xc4, 0xfc, 0x4c, 0xfd, 0xec, 0xfd, 0xa4, 0xfe,
  0x6c, 0xff, 0x20, 0x00, 0xb0, 0x00, 0x24, 0x01, 0x88, 0x01, 0xd8, 0x01,
  0x30, 0x02, 0x80, 0x02, 0xa4, 0x02, 0xa8, 0x02, 0x7c, 0x02, 0x24, 0x02,
  0xb8, 0x01, 0x40, 0x01, 0xd0, 0x00, 0x7c, 0x00, 0x34, 0x00, 0xe0, 0xff,
  0x9c, 0xff, 0x84, 0xff, 0xac, 0xff, 0x20, 0x00, 0xd8, 0x00, 0xcc, 0x01,
  0xe0, 0x02, 0xfc, 0x03, 0x14, 0x05, 0x20, 0x06, 0x08, 0x07, 0xc0, 0x07,
  0x34, 0x08, 0x54, 0x08, 0x28, 0x08, 0xd0, 0x07, 0x54, 0x07, 0xcc, 0x06,
  0x44, 0x06, 0xb0, 0x05, 0x00, 0x05, 0x48, 0x04, 0x90, 0x03, 0xec, 0x02,
  0x5c, 0x02, 0xec, 0x01, 0xa8, 0x01, 0x74, 0x01, 0x6c, 0x01, 0x78, 0x01,
  0xa4, 0x01, 0xf0, 0x01, 0x44, 0x02, 0xa0, 0x02, 0xf0, 0x02, 0x3c, 0x03,
  0x74, 0x03, 0x94, 0x03, 0xa4, 0x03, 0x88, 0x03, 0x48, 0x03, 0xd4, 0x02,
  0x3c, 0x02, 0x94, 0x01, 0xdc, 0x00, 0x28, 0x00, 0x7c, 0xff, 0xc4, 0xfe,
  0x1c, 0xfe, 0x74, 0xfd, 0xe0, 0xfc, 0x74, 0xfc, 0x1c, 0xfc, 0xdc, 0xfb,
  0xac, 0xfb, 0x94, 0xfb, 0x84, 0xfb, 0x88, 0xfb, 0xa8, 0xfb, 0xcc, 0xfb,
  0xfc, 0xfb, 0x28, 0xfc, 0x5c, 0xfc, 0x9c, 0xfc, 0xd0, 0xfc, 0x08, 0xfd,
  0x30, 0xfd, 0x58, 0xfd, 0x80, 0xfd, 0xb0, 0xfd, 0xd8, 0xfd, 0xe8, 0xfd,
  0xf4, 0xfd, 0x10, 0xfe, 0x38, 0xfe, 0x7c, 0xfe, 0xc0, 0xfe, 0xf8, 0xfe,
  0x24, 0xff, 0x48, 0xff, 0x68, 0xff, 0x90, 0xff, 0xc8, 0xff, 0x1c, 0x00,
  0x78, 0x00, 0xd0, 0x00, 0x24, 0x01, 0x60, 0x01, 0x90, 0x01, 0xac, 0x01,
  0xa8, 0x01, 0xa4, 0x01, 0x8c, 0x01, 0x68, 0x01, 0x40, 0x01, 0x00, 0x01,
  0xc8, 0x00, 0x9c, 0x00, 0x70, 0x00, 0x48, 0x00, 0x18, 0x00, 0xf4, 0xff,
  0xf0, 0xff, 0x18, 0x00, 0x78, 0x00, 0x00, 0x01, 0x90, 0x01, 0x24, 0x02,
  0xac, 0x02, 0x0c, 0x03, 0x54, 0x03, 0x78, 0x03, 0x80, 0x03, 0x64, 0x03,
  0x24, 0x03, 0xc8, 0x02, 0x5c, 0x02, 0xf8, 0x01, 0xa8, 0x01, 0x7c, 0x01,
  0x64, 0x01, 0x54, 0x01, 0x2c, 0x01, 0xe4, 0x00, 0x9c, 0x00, 0x54, 0x00,
  0x18, 0x00, 0xdc, 0xff, 0x88, 0xff, 0x1c, 0xff, 0xa0, 0xfe, 0x30, 0xfe,
  0xd8, 0xfd, 0x94, 0xfd, 0x58, 0xfd, 0x20, 0xfd, 0x0c, 0xfd, 0x10, 0xfd,
  0x24, 0xfd, 0x4c, 0xfd, 0x7c, 0xfd, 0xbc, 0xfd, 0xfc, 0xfd, 0x3c, 0xfe,
  0x7c, 0xfe, 0xbc, 0xfe, 0x04, 0xff, 0x54, 0xff, 0xac, 0xff, 0x04, 0x00,
  0x50, 0x00, 0x80, 0x00, 0x9c, 0x00, 0xa8, 0x00, 0xb8, 0x00, 0xc8, 0x00,
  0xc8, 0x00, 0xb4, 0x00, 0x8c, 0x00, 0x64, 0x00, 0x48, 0x00, 0x4c, 0x00,
  0x5c, 0x00, 0x68, 0x00, 0x64, 0x00, 0x44, 0x00, 0x0c, 0x00, 0xd8, 0xff,
  0xa8, 0xff, 0x88, 0xff, 0x70, 0xff, 0x3c, 0xff, 0xfc, 0xfe, 0xa8, 0xfe,
  0x68, 0xfe, 0x40, 0xfe, 0x2c, 0xfe, 0x2c, 0xfe, 0x28, 0xfe, 0x30, 0xfe,
  0x50, 0xfe, 0x84, 0xfe, 0xe8, 0xfe, 0x68, 0xff, 0xf4, 0xff, 0x74, 0x00,
  0xd4, 0x00, 0x14, 0x01, 0x3c, 0x01, 0x4c, 0x01, 0x58, 0x01, 0x64, 0x01,
  0x3c, 0x01, 0xe0, 0x00, 0x58, 0x00, 0xa8, 0xff, 0x04, 0xff, 0x70, 0xfe,
  0xf0, 0xfd, 0x80, 0xfd, 0x0c, 0xfd, 0xa0, 0xfc, 0x50, 0xfc, 0x18, 0xfc,
  0x08, 0xfc, 0x1c, 0xfc, 0x44, 0xfc, 0x70, 0xfc, 0x90, 0xfc, 0xa4, 0xfc,
  0xb8, 0xfc, 0xe0, 0xfc, 0x08, 0xfd, 0x40, 0xfd, 0x68, 0xfd, 0x58, 0xfd,
  0x34, 0xfd, 0xfc, 0xfc, 0xd0, 0xfc, 0xc0, 0xfc, 0xc0, 0xfc, 0xc4, 0xfc,
  0xbc, 0xfc, 0xa8, 0xfc, 0x90, 0xfc, 0x84, 0xfc, 0x84, 0xfc, 0xa4, 0xfc,
  0xd8, 0xfc, 0x14, 0xfd, 0x54, 0xfd, 0xa4, 0xfd, 0x10, 0xfe, 0xb0, 0xfe,
  0x84, 0xff, 0x80, 0x00, 0x94, 0x01, 0xa8, 0x02, 0xb0, 0x03, 0xb0, 0x04,
  0xa4, 0x05, 0x84, 0x06, 0x44, 0x07, 0xc4, 0x07, 0x00, 0x08, 0xfc, 0x07,
  0xd8, 0x07, 0xac, 0x07, 0x80, 0x07, 0x58, 0x07, 0x20, 0x07, 0xc0, 0x06,
  0x40, 0x06, 0xac, 0x05, 0x28, 0x05, 0xcc, 0x04, 0x98, 0x04, 0x74, 0x04,
  0x6c, 0x04, 0x6c, 0x04, 0x74, 0x04, 0xa8, 0x04, 0xf0, 0x04, 0x58, 0x05,
  0xd8, 0x05, 0x48, 0x06, 0xac, 0x06, 0xec, 0x06, 0x08, 0x07, 0x08, 0x07,
  0xf4, 0x06, 0xc0, 0x06, 0x60, 0x06, 0xdc, 0x05, 0x30, 0x05, 0x78, 0x04,
  0xcc, 0x03, 0x34, 0x03, 0xbc, 0x02, 0x54, 0x02, 0xf8, 0x01, 0x94, 0x01,
  0x28, 0x01, 0xc8, 0x00, 0x70, 0x00, 0x28, 0x00, 0xe0, 0xff, 0xa0, 0xff,
  0x4c, 0xff, 0xf4, 0xfe, 0x9c, 0xfe, 0x48, 0xfe, 0x18, 0xfe, 0xec, 0xfd,
  0xcc, 0xfd, 0xac, 0xfd, 0x90, 0xfd, 0x84, 0xfd, 0x84, 0xfd, 0x98, 0xfd,
  0xa8, 0xfd, 0xa4, 0xfd, 0x94, 0xfd, 0x6c, 0xfd, 0x3c, 0xfd, 0x00, 0xfd,
  0xd4, 0xfc, 0xb4, 0xfc, 0xa4, 0xfc, 0x90, 0xfc, 0x7c, 0xfc, 0x60, 0xfc,
  0x44, 0xfc, 0x48, 0xfc, 0x6c, 0xfc, 0x94, 0xfc, 0xbc, 0xfc, 0xc4, 0xfc,
  0xd4, 0xfc, 0xe4, 0xfc, 0xe4, 0xfc, 0xdc, 0xfc, 0xb8, 0xfc, 0x84, 0xfc,
  0x40, 0xfc, 0xe8, 0xfb, 0x78, 0xfb, 0x04, 0xfb, 0x84, 0xfa, 0xfc, 0xf9,
  0x78, 0xf9, 0xf4, 0xf8, 0x90, 0xf8, 0x6c, 0xf8, 0x74, 0xf8, 0xac, 0xf8,
  0x00, 0xf9, 0x54, 0xf9, 0xb0, 0xf9, 0x10, 0xfa, 0x80, 0xfa, 0xf8, 0xfa,
  0x7c, 0xfb, 0x04, 0xfc, 0x70, 0xfc, 0xa8, 0xfc, 0xb8, 0xfc, 0xa4, 0xfc,
  0x88, 0xfc, 0x8c, 0xfc, 0xac, 0xfc, 0xd8, 0xfc, 0x0c, 0xfd, 0x48, 0xfd,
  0x90, 0xfd, 0xe4, 0xfd, 0x50, 0xfe, 0xc0, 0xfe, 0x10, 0xff, 0x44, 0xff,
  0x60, 0xff, 0x6c, 0xff, 0x7c, 0xff, 0x8c, 0xff, 0xa4, 0xff, 0xac, 0xff,
  0xa0, 0xff, 0x88, 0xff, 0x64, 0xff, 0x48, 0xff, 0x40, 0xff, 0x40, 0xff,
  0x50, 0xff, 0x54, 0xff, 0x60, 0xff, 0x74, 0xff, 0x78, 0xff, 0x88, 0xff,
  0x98, 0xff, 0x9c, 0xff, 0xa8, 0xff, 0xac, 0xff, 0xb4, 0xff, 0xc0, 0xff,
  0xbc, 0xff, 0xc0, 0xff, 0xb8, 0xff, 0xb0, 0xff, 0xb8, 0xff, 0xb4, 0xff,
  0xc4, 0xff, 0xf4, 0xff, 0x2c, 0x00, 0x70, 0x00, 0xa8, 0x00, 0xc8, 0x00,
  0xe4, 0x00, 0xec, 0x00, 0xf0, 0x00, 0x04, 0x01, 0x14, 0x01, 0x20, 0x01,
  0x3c, 0x01, 0x50, 0x01, 0x68, 0x01, 0x90, 0x01, 0xd4, 0x01, 0x2c, 0x02,
  0x84, 0x02, 0xec, 0x02, 0x50, 0x03, 0xac, 0x03, 0x28, 0x04, 0xac, 0x04,
  0x40, 0x05, 0xc0, 0x05, 0x28, 0x06, 0x68, 0x06, 0x80, 0x06, 0x88, 0x06,
  0x78, 0x06, 0x60, 0x06, 0x48, 0x06, 0x14, 0x06, 0xc8, 0x05, 0x5c, 0x05,
  0xe8, 0x04, 0x80, 0x04, 0x38, 0x04, 0x18, 0x04, 0x04, 0x04, 0xfc, 0x03,
  0xf0, 0x03, 0xf8, 0x03, 0x18, 0x04, 0x44, 0x04, 0x84, 0x04, 0xc8, 0x04,
  0x04, 0x05, 0x3c, 0x05, 0x78, 0x05, 0xc0, 0x05, 0x04, 0x06, 0x40, 0x06,
  0x60, 0x06, 0x64, 0x06, 0x58, 0x06, 0x40, 0x06, 0x24, 0x06, 0x18, 0x06,
  0x0c, 0x06, 0xec, 0x05, 0xb0, 0x05, 0x50, 0x05, 0xd8, 0x04, 0x50, 0x04,
  0xc8, 0x03, 0x5c, 0x03, 0xf8, 0x02, 0x94, 0x02, 0x30, 0x02, 0xc0, 0x01,
  0x5c, 0x01, 0x24, 0x01, 0x0c, 0x01, 0x18, 0x01, 0x34, 0x01, 0x44, 0x01,
  0x60, 0x01, 0x90, 0x01, 0xdc, 0x01, 0x3c, 0x02, 0x90, 0x02, 0xc0, 0x02,
  0xc0, 0x02, 0x7c, 0x02, 0x08, 0x02, 0x6c, 0x01, 0xb0, 0x00, 0xf0, 0xff,
  0x28, 0xff, 0x60, 0xfe, 0x98, 0xfd, 0xd0, 0xfc, 0x24, 0xfc, 0x9c, 0xfb,
  0x3c, 0xfb, 0x04, 0xfb, 0xd4, 0xfa, 0xb8, 0xfa, 0xa0, 0xfa, 0xa4, 0xfa,
  0xbc, 0xfa, 0xf0, 0xfa, 0x38, 0xfb, 0x74, 0xfb, 0x9c, 0xfb, 0x9c, 0xfb,
  0x74, 0xfb, 0x34, 0xfb, 0xdc, 0xfa, 0x78, 0xfa, 0x00, 0xfa, 0x80, 0xf9,
  0xfc, 0xf8, 0x78, 0xf8, 0x0c, 0xf8, 0xb8, 0xf7, 0x78, 0xf7, 0x38, 0xf7,
  0xe8, 0xf6, 0x84, 0xf6, 0x20, 0xf6, 0xd4, 0xf5, 0xc0, 0xf5, 0xe4, 0xf5,
  0x18, 0xf6, 0x48, 0xf6, 0x54, 0xf6, 0x50, 0xf6, 0x4c, 0xf6, 0x64, 0xf6,
  0xa0, 0xf6, 0xe0, 0xf6, 0x1c, 0xf7, 0x40, 0xf7, 0x60, 0xf7, 0xa0, 0xf7,
  0xf0, 0xf7, 0x54, 0xf8, 0xc8, 0xf8, 0x24, 0xf9, 0x70, 0xf9, 0xb4, 0xf9,
  0x20, 0xfa, 0xbc, 0xfa, 0x74, 0xfb, 0x38, 0xfc, 0xe4, 0xfc, 0x70, 0xfd,
  0xd4, 0xfd, 0x30, 0xfe, 0x90, 0xfe, 0x04, 0xff, 0x90, 0xff, 0x08, 0x00,
  0x6c, 0x00, 0xb4, 0x00, 0xe8, 0x00, 0x2c, 0x01, 0x70, 0x01, 0xc4, 0x01,
  0x10, 0x02, 0x3c, 0x02, 0x58, 0x02, 0x64, 0x02, 0x84, 0x02, 0xb4, 0x02,
  0xf0, 0x02, 0x24, 0x03, 0x38, 0x03, 0x38, 0x03, 0x28, 0x03, 0x1c, 0x03,
  0x3c, 0x03, 0x84, 0x03, 0xfc, 0x03, 0x88, 0x04, 0x0c, 0x05, 0x90, 0x05,
  0x18, 0x06, 0xa8, 0x06, 0x44, 0x07, 0xdc, 0x07, 0x64, 0x08, 0xb8, 0x08,
  0xe4, 0x08, 0xfc, 0x08, 0x14, 0x09, 0x28, 0x09, 0x38, 0x09, 0x40, 0x09,
  0x30, 0x09, 0x0c, 0x09, 0xdc, 0x08, 0xb0, 0x08, 0xa4, 0x08, 0xb4, 0x08,
  0xc8, 0x08, 0xd0, 0x08, 0xc0, 0x08, 0x98, 0x08, 0x74, 0x08, 0x4c, 0x08,
  0x28, 0x08, 0xf8, 0x07, 0xc4, 0x07, 0x8c, 0x07, 0x5c, 0x07, 0x44, 0x07,
  0x34, 0x07, 0x38, 0x07, 0x24, 0x07, 0xe8, 0x06, 0x84, 0x06, 0xf0, 0x05,
  0x60, 0x05, 0xe0, 0x04, 0x60, 0x04, 0xfc, 0x03, 0x88, 0x03, 0x04, 0x03,
  0x74, 0x02, 0xcc, 0x01, 0x34, 0x01, 0xb4, 0x00, 0x44, 0x00, 0xe4, 0xff,
  0x8c, 0xff, 0x48, 0xff, 0x1c, 0xff, 0x10, 0xff, 0x0c, 0xff, 0x00, 0xff,
  0xec, 0xfe, 0xb8, 0xfe, 0x68, 0xfe, 0x0c, 0xfe, 0xb4, 0xfd, 0x74, 0xfd,
  0x34, 0xfd, 0xe8, 0xfc, 0x84, 0xfc, 0x08, 0xfc, 0x84, 0xfb, 0x1c, 0xfb,
  0xc4, 0xfa, 0x7c, 0xfa, 0x44, 0xfa, 0x00, 0xfa, 0xcc, 0xf9, 0x9c, 0xf9,
  0x78, 0xf9, 0x6c, 0xf9, 0x60, 0xf9, 0x5c, 0xf9, 0x50, 0xf9, 0x34, 0xf9,
  0x1c, 0xf9, 0x10, 0xf9, 0x18, 0xf9, 0x2c, 0xf9, 0x3c, 0xf9, 0x30, 0xf9,
  0x08, 0xf9, 0xd0, 0xf8, 0xa4, 0xf8, 0x98, 0xf8, 0xbc, 0xf8, 0xfc, 0xf8,
  0x44, 0xf9, 0x90, 0xf9, 0xd8, 0xf9, 0x3c, 0xfa, 0xc0, 0xfa, 0x58, 0xfb,
  0x00, 0xfc, 0x94, 0xfc, 0x10, 0xfd, 0x70, 0xfd, 0xb0, 0xfd, 0xf8, 0xfd,
  0x48, 0xfe, 0x94, 0xfe, 0xc0, 0xfe, 0xd0, 0xfe, 0xc0, 0xfe, 0xa4, 0xfe,
  0x9c, 0xfe, 0xa4, 0xfe, 0xc0, 0xfe, 0xdc, 0xfe, 0xe8, 0xfe, 0xec, 0xfe,
  0xf0, 0xfe, 0x08, 0xff, 0x50, 0xff, 0xbc, 0xff, 0x38, 0x00, 0xac, 0x00,
  0x04, 0x01, 0x40, 0x01, 0x78, 0x01, 0xc0, 0x01, 0x2c, 0x02, 0xb0, 0x02,
  0x48, 0x03, 0xec, 0x03, 0x8c, 0x04, 0x30, 0x05, 0xdc, 0x05, 0x8c, 0x06,
  0x28, 0x07, 0xa4, 0x07, 0xf4, 0x07, 0x1c, 0x08, 0x2c, 0x08, 0x14, 0x08,
  0xf8, 0x07, 0xa8, 0x07, 0x1c, 0x07, 0x6c, 0x06, 0x8c, 0x05, 0xb8, 0x04,
  0x08, 0x04, 0x78, 0x03, 0x24, 0x03, 0xe0, 0x02, 0xa0, 0x02, 0x6c, 0x02,
  0x34, 0x02, 0x1c, 0x02, 0x20, 0x02, 0x2c, 0x02, 0x48, 0x02, 0x58, 0x02,
  0x64, 0x02, 0x68, 0x02, 0x50, 0x02, 0x38, 0x02, 0x00, 0x02, 0x9c, 0x01,
  0x14, 0x01, 0x70, 0x00, 0xd8, 0xff, 0x48, 0xff, 0xd8, 0xfe, 0x78, 0xfe,
  0x1c, 0xfe, 0xc4, 0xfd, 0x64, 0xfd, 0x00, 0xfd, 0xb0, 0xfc, 0x68, 0xfc,
  0x44, 0xfc, 0x40, 0xfc, 0x48, 0xfc, 0x5c, 0xfc, 0x7c, 0xfc, 0xb0, 0xfc,
  0x04, 0xfd, 0x58, 0xfd, 0xb0, 0xfd, 0xf4, 0xfd, 0x20, 0xfe, 0x44, 0xfe,
  0x5c, 0xfe, 0x74, 0xfe, 0x98, 0xfe, 0xa4, 0xfe, 0xa4, 0xfe, 0x98, 0xfe,
  0x84, 0xfe, 0x88, 0xfe, 0xac, 0xfe, 0xe0, 0xfe, 0x24, 0xff, 0x50, 0xff,
  0x58, 0xff, 0x50, 0xff, 0x34, 0xff, 0x34, 0xff, 0x60, 0xff, 0xa8, 0xff,
  0xf8, 0xff, 0x30, 0x00, 0x48, 0x00, 0x48, 0x00, 0x44, 0x00, 0x48, 0x00,
  0x54, 0x00, 0x60, 0x00, 0x60, 0x00, 0x50, 0x00, 0x38, 0x00, 0x20, 0x00,
  0x1c, 0x00, 0x18, 0x00, 0x14, 0x00, 0x08, 0x00, 0xe4, 0xff, 0xc4, 0xff,
  0xbc, 0xff, 0xd4, 0xff, 0x10, 0x00, 0x5c, 0x00, 0xa8, 0x00, 0xe4, 0x00,
  0x0c, 0x01, 0x2c, 0x01, 0x50, 0x01, 0x80, 0x01, 0xb8, 0x01, 0xf4, 0x01,
  0x08, 0x02, 0xe0, 0x01, 0x90, 0x01, 0x10, 0x01, 0x84, 0x00, 0xf4, 0xff,
  0x78, 0xff, 0x10, 0xff, 0xb8, 0xfe, 0x8c, 0xfe, 0x84, 0xfe, 0xa4, 0xfe,
  0xe0, 0xfe, 0x10, 0xff, 0x30, 0xff, 0x30, 0xff, 0x20, 0xff, 0x18, 0xff,
  0x0c, 0xff, 0x0c, 0xff, 0x0c, 0xff, 0xf0, 0xfe, 0xd8, 0xfe, 0xac, 0xfe,
  0x8c, 0xfe, 0x7c, 0xfe, 0x70, 0xfe, 0x80, 0xfe, 0x98, 0xfe, 0xb4, 0xfe,
  0xd0, 0xfe, 0xd8, 0xfe, 0xd8, 0xfe, 0xd4, 0xfe, 0xcc, 0xfe, 0xc4, 0xfe,
  0xc0, 0xfe, 0xb0, 0xfe, 0xa0, 0xfe, 0x9c, 0xfe, 0x94, 0xfe, 0x98, 0xfe,
  0x98, 0xfe, 0x88, 0xfe, 0x64, 0xfe, 0x3c, 0xfe, 0x30, 0xfe, 0x3c, 0xfe,
  0x6c, 0xfe, 0xb4, 0xfe, 0x08, 0xff, 0x50, 0xff, 0x8c, 0xff, 0xd4, 0xff,
  0x1c, 0x00, 0x6c, 0x00, 0xbc, 0x00, 0xf0, 0x00, 0x10, 0x01, 0x0c, 0x01,
  0xf0, 0x00, 0xd0, 0x00, 0xac, 0x00, 0x8c, 0x00, 0x6c, 0x00, 0x48, 0x00,
  0x24, 0x00, 0x0c, 0x00, 0x08, 0x00, 0x20, 0x00, 0x3c, 0x00, 0x5c, 0x00,
  0x80, 0x00, 0xa4, 0x00, 0xec, 0x00, 0x58, 0x01, 0xc8, 0x01, 0x20, 0x02,
  0x48, 0x02, 0x34, 0x02, 0xe8, 0x01, 0x7c, 0x01, 0x08, 0x01, 0x98, 0x00,
  0x28, 0x00, 0xb0, 0xff, 0x38, 0xff, 0xcc, 0xfe, 0x64, 0xfe, 0x0c, 0xfe,
  0xd4, 0xfd, 0xb4, 0xfd, 0xa8, 0xfd, 0xa4, 0xfd, 0xac, 0xfd, 0xb8, 0xfd,
  0xe0, 0xfd, 0x18, 0xfe, 0x54, 0xfe, 0x90, 0xfe, 0xac, 0xfe, 0xb0, 0xfe,
  0x94, 0xfe, 0x6c, 0xfe, 0x48, 0xfe, 0x28, 0xfe, 0x10, 0xfe, 0xfc, 0xfd,
  0xe0, 0xfd, 0xc4, 0xfd, 0xa4, 0xfd, 0x94, 0xfd, 0x94, 0xfd, 0xac, 0xfd,
  0xd4, 0xfd, 0x14, 0xfe, 0x60, 0xfe, 0xc0, 0xfe, 0x2c, 0xff, 0xb0, 0xff,
  0x38, 0x00, 0xc0, 0x00, 0x5c, 0x01, 0xf0, 0x01, 0x98, 0x02, 0x44, 0x03,
  0xf4, 0x03, 0xb8, 0x04, 0x58, 0x05, 0xec, 0x05, 0x50, 0x06, 0x7c, 0x06,
  0x88, 0x06, 0x70, 0x06, 0x50, 0x06, 0x28, 0x06, 0xf0, 0x05, 0xb4, 0x05,
  0x60, 0x05, 0xf8, 0x04, 0x94, 0x04, 0x30, 0x04, 0xdc, 0x03, 0x9c, 0x03,
  0x70, 0x03, 0x4c, 0x03, 0x2c, 0x03, 0x1c, 0x03, 0x24, 0x03, 0x2c, 0x03,
  0x3c, 0x03, 0x48, 0x03, 0x50, 0x03, 0x4c, 0x03, 0x48, 0x03, 0x48, 0x03,
  0x44, 0x03, 0x34, 0x03, 0xf8, 0x02, 0x8c, 0x02, 0x00, 0x02, 0x6c, 0x01,
  0xe0, 0x00, 0x6c, 0x00, 0x04, 0x00, 0x94, 0xff, 0x0c, 0xff, 0x78, 0xfe,
  0xe4, 0xfd, 0x64, 0xfd, 0xf8, 0xfc, 0xa0, 0xfc, 0x5c, 0xfc, 0x14, 0xfc,
  0xc4, 0xfb, 0x74, 0xfb, 0x34, 0xfb, 0x10, 0xfb, 0x04, 0xfb, 0x00, 0xfb,
  0x00, 0xfb, 0x00, 0xfb, 0x00, 0xfb, 0x00, 0xfb, 0x04, 0xfb, 0x10, 0xfb,
  0x0c, 0xfb, 0xf8, 0xfa, 0xe0, 0xfa, 0xc4, 0xfa, 0xc8, 0xfa, 0xec, 0xfa,
  0x20, 0xfb, 0x70, 0xfb, 0xa4, 0xfb, 0xbc, 0xfb, 0xc4, 0xfb, 0xc4, 0xfb,
  0xdc, 0xfb, 0x1c, 0xfc, 0x74, 0xfc, 0xe0, 0xfc, 0x40, 0xfd, 0x98, 0xfd,
  0xe8, 0xfd, 0x34, 0xfe, 0x8c, 0xfe, 0xe8, 0xfe, 0x34, 0xff, 0x78, 0xff,
  0xa8, 0xff, 0xc8, 0xff, 0xe8, 0xff, 0x0c, 0x00, 0x38, 0x00, 0x48, 0x00,
  0x30, 0x00, 0xf8, 0xff, 0xac, 0xff, 0x7c, 0xff, 0x74, 0xff, 0x94, 0xff,
  0xf0, 0xff, 0x60, 0x00, 0xe4, 0x00, 0x64, 0x01, 0xdc, 0x01, 0x54, 0x02,
  0xbc, 0x02, 0x14, 0x03, 0x50, 0x03, 0x64, 0x03, 0x54, 0x03, 0x14, 0x03,
  0xb4, 0x02, 0x44, 0x02, 0xbc, 0x01, 0x40, 0x01, 0xcc, 0x00, 0x70, 0x00,
  0x40, 0x00, 0x48, 0x00, 0x94, 0x00, 0x00, 0x01, 0x74, 0x01, 0xd0, 0x01,
  0x08, 0x02, 0x3c, 0x02, 0x64, 0x02, 0xa4, 0x02, 0xe8, 0x02, 0x34, 0x03,
  0x80, 0x03, 0xa8, 0x03, 0xc8, 0x03, 0xdc, 0x03, 0xec, 0x03, 0x08, 0x04,
  0x10, 0x04, 0x0c, 0x04, 0xdc, 0x03, 0x88, 0x03, 0x30, 0x03, 0xc8, 0x02,
  0x6c, 0x02, 0x10, 0x02, 0xbc, 0x01, 0x68, 0x01, 0x18, 0x01, 0xd0, 0x00,
  0x9c, 0x00, 0x78, 0x00, 0x64, 0x00, 0x58, 0x00, 0x40, 0x00, 0x30, 0x00,
  0x28, 0x00, 0x30, 0x00, 0x58, 0x00, 0x84, 0x00, 0xc0, 0x00, 0xf8, 0x00,
  0x24, 0x01, 0x50, 0x01, 0x7c, 0x01, 0xbc, 0x01, 0x04, 0x02, 0x44, 0x02,
  0x74, 0x02, 0x84, 0x02, 0x70, 0x02, 0x64, 0x02, 0x48, 0x02, 0x20, 0x02,
  0xe8, 0x01, 0x94, 0x01, 0x30, 0x01, 0xcc, 0x00, 0x70, 0x00, 0x20, 0x00,
  0xdc, 0xff, 0x98, 0xff, 0x58, 0xff, 0x04, 0xff, 0xb0, 0xfe, 0x78, 0xfe,
  0x5c, 0xfe, 0x60, 0xfe, 0x74, 0xfe, 0x6c, 0xfe, 0x4c, 0xfe, 0x10, 0xfe,
  0xc0, 0xfd, 0x74, 0xfd, 0x24, 0xfd, 0xd4, 0xfc, 0x74, 0xfc, 0x04, 0xfc,
  0x88, 0xfb, 0x14, 0xfb, 0xc4, 0xfa, 0x88, 0xfa, 0x6c, 0xfa, 0x58, 0xfa,
  0x48, 0xfa, 0x40, 0xfa, 0x3c, 0xfa, 0x54, 0xfa, 0x84, 0xfa, 0xcc, 0xfa,
  0x18, 0xfb, 0x3c, 0xfb, 0x48, 0xfb, 0x3c, 0xfb, 0x38, 0xfb, 0x40, 0xfb,
  0x58, 0xfb, 0x74, 0xfb, 0x8c, 0xfb, 0xac, 0xfb, 0xbc, 0xfb, 0xe0, 0xfb,
  0x18, 0xfc, 0x60, 0xfc, 0xb8, 0xfc, 0xfc, 0xfc, 0x28, 0xfd, 0x2c, 0xfd,
  0x28, 0xfd, 0x34, 0xfd, 0x54, 0xfd, 0x8c, 0xfd, 0xdc, 0xfd, 0x48, 0xfe,
  0xc8, 0xfe, 0x54, 0xff, 0xec, 0xff, 0x9c, 0x00, 0x44, 0x01, 0xdc, 0x01,
  0x58, 0x02, 0x98, 0x02, 0xc4, 0x02, 0xd0, 0x02, 0xc4, 0x02, 0xa4, 0x02,
  0x5c, 0x02, 0x10, 0x02, 0xb8, 0x01, 0x5c, 0x01, 0x2c, 0x01, 0x20, 0x01,
  0x48, 0x01, 0x88, 0x01, 0xdc, 0x01, 0x4c, 0x02, 0xc0, 0x02, 0x4c, 0x03,
  0xe0, 0x03, 0x74, 0x04, 0x10, 0x05, 0xa8, 0x05, 0x34, 0x06, 0xac, 0x06,
  0x20, 0x07, 0x8c, 0x07, 0xec, 0x07, 0x38, 0x08, 0x4c, 0x08, 0x30, 0x08,
  0xdc, 0x07, 0x68, 0x07, 0xf8, 0x06, 0x7c, 0x06, 0x08, 0x06, 0x9c, 0x05,
  0x2c, 0x05, 0xc4, 0x04, 0x5c, 0x04, 0xf8, 0x03, 0xac, 0x03, 0x64, 0x03,
  0x24, 0x03, 0xe0, 0x02, 0xa0, 0x02, 0x68, 0x02, 0x48, 0x02, 0x38, 0x02,
  0x34, 0x02, 0x30, 0x02, 0x28, 0x02, 0x14, 0x02, 0xf4, 0x01, 0xd4, 0x01,
  0xbc, 0x01, 0xb0, 0x01, 0x98, 0x01, 0x6c, 0x01, 0x20, 0x01, 0xbc, 0x00,
  0x5c, 0x00, 0x08, 0x00, 0xb8, 0xff, 0x7c, 0xff, 0x3c, 0xff, 0xf8, 0xfe,
  0xac, 0xfe, 0x5c, 0xfe, 0x20, 0xfe, 0xdc, 0xfd, 0xa0, 0xfd, 0x5c, 0xfd,
  0xfc, 0xfc, 0x98, 0xfc, 0x2c, 0xfc, 0xdc, 0xfb, 0x9c, 0xfb, 0x6c, 0xfb,
  0x54, 0xfb, 0x38, 0xfb, 0x28, 0xfb, 0x20, 0xfb, 0x24, 0xfb, 0x38, 0xfb,
  0x44, 0xfb, 0x30, 0xfb, 0xf8, 0xfa, 0x9c, 0xfa, 0x44, 0xfa, 0xf0, 0xf9,
  0xa4, 0xf9, 0x58, 0xf9, 0x10, 0xf9, 0xcc, 0xf8, 0x98, 0xf8, 0x6c, 0xf8,
  0x68, 0xf8, 0x98, 0xf8, 0xec, 0xf8, 0x68, 0xf9, 0xe8, 0xf9, 0x68, 0xfa,
  0xe8, 0xfa, 0x60, 0xfb, 0xe0, 0xfb, 0x58, 0xfc, 0xcc, 0xfc, 0x28, 0xfd,
  0x68, 0xfd, 0xa0, 0xfd, 0xdc, 0xfd, 0x28, 0xfe, 0x84, 0xfe, 0xdc, 0xfe,
  0x24, 0xff, 0x64, 0xff, 0x98, 0xff, 0xd4, 0xff, 0x1c, 0x00, 0x74, 0x00,
  0xdc, 0x00, 0x48, 0x01, 0xac, 0x01, 0xf0, 0x01, 0x24, 0x02, 0x58, 0x02,
  0x84, 0x02, 0xa8, 0x02, 0xb8, 0x02, 0xb0, 0x02, 0x94, 0x02, 0x60, 0x02,
  0x24, 0x02, 0xdc, 0x01, 0x94, 0x01, 0x50, 0x01, 0x10, 0x01, 0xd8, 0x00,
  0xac, 0x00, 0x9c, 0x00, 0xb8, 0x00, 0xf0, 0x00, 0x40, 0x01, 0x90, 0x01,
  0xcc, 0x01, 0x08, 0x02, 0x50, 0x02, 0xa8, 0x02, 0x10, 0x03, 0x74, 0x03,
  0xe4, 0x03, 0x58, 0x04, 0xc4, 0x04, 0x38, 0x05, 0xac, 0x05, 0x0c, 0x06,
  0x58, 0x06, 0x7c, 0x06, 0x68, 0x06, 0x30, 0x06, 0xd0, 0x05, 0x64, 0x05,
  0xe8, 0x04, 0x58, 0x04, 0xc0, 0x03, 0x20, 0x03, 0x8c, 0x02, 0x20, 0x02,
  0xe8, 0x01, 0xcc, 0x01, 0xcc, 0x01, 0xd4, 0x01, 0xdc, 0x01, 0xdc, 0x01,
  0xdc, 0x01, 0xe8, 0x01, 0xf8, 0x01, 0x08, 0x02, 0x04, 0x02, 0x04, 0x02,
  0xf0, 0x01, 0xb8, 0x01, 0x8c, 0x01, 0x54, 0x01, 0x24, 0x01, 0x00, 0x01,
  0xe4, 0x00, 0xd4, 0x00, 0xb8, 0x00, 0xa8, 0x00, 0xb0, 0x00, 0xbc, 0x00,
  0xc8, 0x00, 0xc8, 0x00, 0xc4, 0x00, 0xbc, 0x00, 0xb0, 0x00, 0xb0, 0x00,
  0xb0, 0x00, 0xbc, 0x00, 0xc8, 0x00, 0xcc, 0x00, 0xc8, 0x00, 0xb4, 0x00,
  0xac, 0x00, 0xa8, 0x00, 0xa8, 0x00, 0xb4, 0x00, 0xb8, 0x00, 0xc0, 0x00,
  0xc0, 0x00, 0xb8, 0x00, 0xb0, 0x00, 0x9c, 0x00, 0x84, 0x00, 0x6c, 0x00,
  0x44, 0x00, 0x1c, 0x00, 0xf8, 0xff, 0xd8, 0xff, 0xbc, 0xff, 0x94, 0xff,
  0x78, 0xff, 0x64, 0xff, 0x6c, 0xff, 0xa0, 0xff, 0xe0, 0xff, 0x28, 0x00,
  0x88, 0x00, 0xd8, 0x00, 0x18, 0x01, 0x58, 0x01, 0x94, 0x01, 0xbc, 0x01,
  0xc8, 0x01, 0xb4, 0x01, 0x98, 0x01, 0x74, 0x01, 0x34, 0x01, 0x00, 0x01,
  0xb8, 0x00, 0x5c, 0x00, 0x04, 0x00, 0x90, 0xff, 0x24, 0xff, 0xa8, 0xfe,
  0x3c, 0xfe, 0xe8, 0xfd, 0x8c, 0xfd, 0x3c, 0xfd, 0xfc, 0xfc, 0xbc, 0xfc,
  0x94, 0xfc, 0x74, 0xfc, 0x68, 0xfc, 0x5c, 0xfc, 0x3c, 0xfc, 0x08, 0xfc,
  0xb4, 0xfb, 0x40, 0xfb, 0xb4, 0xfa, 0x1c, 0xfa, 0x78, 0xf9, 0xc0, 0xf8,
  0xf8, 0xf7, 0x40, 0xf7, 0x90, 0xf6, 0xf4, 0xf5, 0x6c, 0xf5, 0x08, 0xf5,
  0xc0, 0xf4, 0x94, 0xf4, 0x8c, 0xf4, 0x94, 0xf4, 0xb8, 0xf4, 0xf4, 0xf4,
  0x40, 0xf5, 0x98, 0xf5, 0xf0, 0xf5, 0x50, 0xf6, 0xbc, 0xf6, 0x30, 0xf7,
  0xc4, 0xf7, 0x74, 0xf8, 0x24, 0xf9, 0xe4, 0xf9, 0x98, 0xfa, 0x2c, 0xfb,
  0xac, 0xfb, 0x18, 0xfc, 0x94, 0xfc, 0x14, 0xfd, 0x9c, 0xfd, 0x28, 0xfe,
  0xb4, 0xfe, 0x44, 0xff, 0xdc, 0xff, 0x78, 0x00, 0x18, 0x01, 0xb4, 0x01,
  0x44, 0x02, 0xd0, 0x02, 0x54, 0x03, 0xcc, 0x03, 0x54, 0x04, 0xe8, 0x04,
  0x64, 0x05, 0xdc, 0x05, 0x3c, 0x06, 0x8c, 0x06, 0xdc, 0x06, 0x30, 0x07,
  0x98, 0x07, 0x00, 0x08, 0x60, 0x08, 0xb4, 0x08, 0xe8, 0x08, 0x04, 0x09,
  0x14, 0x09, 0x30, 0x09, 0x48, 0x09, 0x6c, 0x09, 0x94, 0x09, 0xc8, 0x09,
  0xfc, 0x09, 0x34, 0x0a, 0x6c, 0x0a, 0x9c, 0x0a, 0xb8, 0x0a, 0xb0, 0x0a,
  0x80, 0x0a, 0x20, 0x0a, 0xb4, 0x09, 0x44, 0x09, 0xc8, 0x08, 0x4c, 0x08,
  0xcc, 0x07, 0x48, 0x07, 0xd4, 0x06, 0x64, 0x06, 0x18, 0x06, 0xe4, 0x05,
  0xb4, 0x05, 0x9c, 0x05, 0x84, 0x05, 0x60, 0x05, 0x3c, 0x05, 0x10, 0x05,
  0xe8, 0x04, 0xa4, 0x04, 0x44, 0x04, 0xd4, 0x03, 0x5c, 0x03, 0xdc, 0x02,
  0x68, 0x02, 0x04, 0x02, 0xb0, 0x01, 0x78, 0x01, 0x3c, 0x01, 0xfc, 0x00,
  0xbc, 0x00, 0x7c, 0x00, 0x4c, 0x00, 0x1c, 0x00, 0xe4, 0xff, 0xa8, 0xff,
  0x6c, 0xff, 0x34, 0xff, 0xf0, 0xfe, 0xac, 0xfe, 0x74, 0xfe, 0x3c, 0xfe,
  0x00, 0xfe, 0xc4, 0xfd, 0x74, 0xfd, 0x1c, 0xfd, 0xe8, 0xfc, 0xd8, 0xfc,
  0xd0, 0xfc, 0xcc, 0xfc, 0xcc, 0xfc, 0xc4, 0xfc, 0xc4, 0xfc, 0xd0, 0xfc,
  0xcc, 0xfc, 0xd4, 0xfc, 0xd8, 0xfc, 0xd4, 0xfc, 0xb4, 0xfc, 0x6c, 0xfc,
  0x28, 0xfc, 0xd4, 0xfb, 0x78, 0xfb, 0x28, 0xfb, 0xcc, 0xfa, 0x74, 0xfa,
  0x20, 0xfa, 0xd8, 0xf9, 0xb0, 0xf9, 0x94, 0xf9, 0x94, 0xf9, 0xb0, 0xf9,
  0xd4, 0xf9, 0xf8, 0xf9, 0x2c, 0xfa, 0x5c, 0xfa, 0x94, 0xfa, 0xd4, 0xfa,
  0x0c, 0xfb, 0x48, 0xfb, 0x94, 0xfb, 0xf0, 0xfb, 0x50, 0xfc, 0xa4, 0xfc,
  0xe8, 0xfc, 0x04, 0xfd, 0xec, 0xfc, 0x9c, 0xfc, 0x3c, 0xfc, 0xd8, 0xfb,
  0x6c, 0xfb, 0x1c, 0xfb, 0xcc, 0xfa, 0x84, 0xfa, 0x44, 0xfa, 0x0c, 0xfa,
  0xe8, 0xf9, 0xd0, 0xf9, 0xd4, 0xf9, 0xf0, 0xf9, 0x20, 0xfa, 0x58, 0xfa,
  0x94, 0xfa, 0xf0, 0xfa, 0x4c, 0xfb, 0xb0, 0xfb, 0x10, 0xfc, 0x58, 0xfc,
  0x98, 0xfc, 0xd0, 0xfc, 0x1c, 0xfd, 0x80, 0xfd, 0xf4, 0xfd, 0x7c, 0xfe,
  0xf0, 0xfe, 0x50, 0xff, 0xa0, 0xff, 0xdc, 0xff, 0x2c, 0x00, 0x6c, 0x00,
  0xa4, 0x00, 0xe0, 0x00, 0x08, 0x01, 0x34, 0x01, 0x70, 0x01, 0xa4, 0x01,
  0xe4, 0x01, 0x28, 0x02, 0x70, 0x02, 0xc0, 0x02, 0x04, 0x03, 0x48, 0x03,
  0x94, 0x03, 0xe8, 0x03, 0x40, 0x04, 0x8c, 0x04, 0xc8, 0x04, 0xe8, 0x04,
  0xec, 0x04, 0xe4, 0x04, 0xcc, 0x04, 0xb4, 0x04, 0xa0, 0x04, 0x90, 0x04,
  0x84, 0x04, 0x7c, 0x04, 0x80, 0x04, 0x84, 0x04, 0x94, 0x04, 0x9c, 0x04,
  0xa8, 0x04, 0xbc, 0x04, 0xc4, 0x04, 0xd8, 0x04, 0xe8, 0x04, 0xf8, 0x04,
  0x04, 0x05, 0x00, 0x05, 0xfc, 0x04, 0xd4, 0x04, 0xa0, 0x04, 0x60, 0x04,
  0x1c, 0x04, 0xe0, 0x03, 0xa8, 0x03, 0x74, 0x03, 0x4c, 0x03, 0x30, 0x03,
  0x20, 0x03, 0x18, 0x03, 0x00, 0x03, 0xc8, 0x02, 0x7c, 0x02, 0x08, 0x02,
  0x90, 0x01, 0x14, 0x01, 0xa0, 0x00, 0x40, 0x00, 0xe8, 0xff, 0xac, 0xff,
  0x74, 0xff, 0x3c, 0xff, 0x14, 0xff, 0xf4, 0xfe, 0xf4, 0xfe, 0x0c, 0xff,
  0x38, 0xff, 0x5c, 0xff, 0x6c, 0xff, 0x64, 0xff, 0x3c, 0xff, 0x04, 0xff,
  0xa4, 0xfe, 0x38, 0xfe, 0xc8, 0xfd, 0x54, 0xfd, 0x04, 0xfd, 0xcc, 0xfc,
  0xb4, 0xfc, 0xb8, 0xfc, 0xc0, 0xfc, 0xcc, 0xfc, 0xd4, 0xfc, 0xd8, 0xfc,
  0xe8, 0xfc, 0x1c, 0xfd, 0x68, 0xfd, 0xcc, 0xfd, 0x48, 0xfe, 0xc8, 0xfe,
  0x54, 0xff, 0xec, 0xff, 0x7c, 0x00, 0x04, 0x01, 0x78, 0x01, 0xd0, 0x01,
  0x08, 0x02, 0x24, 0x02, 0x34, 0x02, 0x34, 0x02, 0x28, 0x02, 0x14, 0x02,
  0xfc, 0x01, 0xdc, 0x01, 0xb8, 0x01, 0x98, 0x01, 0x80, 0x01, 0x78, 0x01,
  0x90, 0x01, 0xb4, 0x01, 0xd4, 0x01, 0xec, 0x01, 0xe8, 0x01, 0xd4, 0x01,
  0xc0, 0x01, 0x94, 0x01, 0x54, 0x01, 0x10, 0x01, 0xbc, 0x00, 0x84, 0x00,
  0x54, 0x00, 0x3c, 0x00, 0x50, 0x00, 0x68, 0x00, 0xa4, 0x00, 0xd8, 0x00,
  0x08, 0x01, 0x48, 0x01, 0x80, 0x01, 0xd0, 0x01, 0x14, 0x02, 0x50, 0x02,
  0x88, 0x02, 0x9c, 0x02, 0xa4, 0x02, 0x78, 0x02, 0x2c, 0x02, 0xcc, 0x01,
  0x30, 0x01, 0x78, 0x00, 0xac, 0xff, 0xe0, 0xfe, 0x28, 0xfe, 0x80, 0xfd,
  0xf0, 0xfc, 0x74, 0xfc, 0x0c, 0xfc, 0xa4, 0xfb, 0x4c, 0xfb, 0x08, 0xfb,
  0xd0, 0xfa, 0xb0, 0xfa, 0x9c, 0xfa, 0x94, 0xfa, 0x88, 0xfa, 0x70, 0xfa,
  0x58, 0xfa, 0x38, 0xfa, 0x0c, 0xfa, 0xe0, 0xf9, 0xb0, 0xf9, 0x80, 0xf9,
  0x64, 0xf9, 0x54, 0xf9, 0x60, 0xf9, 0x84, 0xf9, 0xc4, 0xf9, 0x0c, 0xfa,
  0x4c, 0xfa, 0x80, 0xfa, 0xa4, 0xfa, 0xcc, 0xfa, 0xf4, 0xfa, 0x18, 0xfb,
  0x3c, 0xfb, 0x60, 0xfb, 0x88, 0xfb, 0xb4, 0xfb, 0xe8, 0xfb, 0x24, 0xfc,
  0x68, 0xfc, 0xb8, 0xfc, 0xf4, 0xfc, 0x30, 0xfd, 0x70, 0xfd, 0xc0, 0xfd,
  0x24, 0xfe, 0x90, 0xfe, 0x00, 0xff, 0x5c, 0xff, 0xb4, 0xff, 0x10, 0x00,
  0x60, 0x00, 0xac, 0x00, 0xf4, 0x00, 0x2c, 0x01, 0x60, 0x01, 0x84, 0x01,
  0x94, 0x01, 0x88, 0x01, 0x6c, 0x01, 0x40, 0x01, 0x0c, 0x01, 0xe0, 0x00,
  0xb8, 0x00, 0xa0, 0x00, 0x94, 0x00, 0x9c, 0x00, 0xbc, 0x00, 0xe8, 0x00,
  0x30, 0x01, 0x7c, 0x01, 0xc4, 0x01, 0x10, 0x02, 0x60, 0x02, 0xc4, 0x02,
  0x38, 0x03, 0xb0, 0x03, 0x20, 0x04, 0x84, 0x04, 0xd8, 0x04, 0x14, 0x05,
  0x3c, 0x05, 0x44, 0x05, 0x3c, 0x05, 0x24, 0x05, 0xf8, 0x04, 0xc0, 0x04,
  0x88, 0x04, 0x54, 0x04, 0x18, 0x04, 0xd0, 0x03, 0x80, 0x03, 0x30, 0x03,
  0xe8, 0x02, 0xb4, 0x02, 0x98, 0x02, 0xa4, 0x02, 0xd0, 0x02, 0x1c, 0x03,
  0x70, 0x03, 0xb4, 0x03, 0xf8, 0x03, 0x24, 0x04, 0x44, 0x04, 0x4c, 0x04,
  0x3c, 0x04, 0x34, 0x04, 0x34, 0x04, 0x48, 0x04, 0x5c, 0x04, 0x70, 0x04,
  0x8c, 0x04, 0x98, 0x04, 0xa4, 0x04, 0x98, 0x04, 0x88, 0x04, 0x78, 0x04,
  0x6c, 0x04, 0x68, 0x04, 0x64, 0x04, 0x58, 0x04, 0x50, 0x04, 0x34, 0x04,
  0x04, 0x04, 0xcc, 0x03, 0x88, 0x03, 0x44, 0x03, 0xec, 0x02, 0x84, 0x02,
  0x14, 0x02, 0xa0, 0x01, 0x34, 0x01, 0xc4, 0x00, 0x3c, 0x00, 0xac, 0xff,
  0x1c, 0xff, 0x88, 0xfe, 0x00, 0xfe, 0x90, 0xfd, 0x38, 0xfd, 0x04, 0xfd,
  0xdc, 0xfc, 0xac, 0xfc, 0x74, 0xfc, 0x34, 0xfc, 0xfc, 0xfb, 0xbc, 0xfb,
  0x84, 0xfb, 0x4c, 0xfb, 0x1c, 0xfb, 0x00, 0xfb, 0xdc, 0xfa, 0xc4, 0xfa,
  0xb0, 0xfa, 0xa8, 0xfa, 0xb0, 0xfa, 0xb0, 0xfa, 0xa8, 0xfa, 0x9c, 0xfa,
  0x9c, 0xfa, 0xc8, 0xfa, 0x0c, 0xfb, 0x68, 0xfb, 0xcc, 0xfb, 0x3c, 0xfc,
  0xa8, 0xfc, 0x10, 0xfd, 0x68, 0xfd, 0xa4, 0xfd, 0xd8, 0xfd, 0xf8, 0xfd,
  0x00, 0xfe, 0x00, 0xfe, 0xf0, 0xfd, 0xd4, 0xfd, 0xb8, 0xfd, 0xac, 0xfd,
  0xa8, 0xfd, 0xac, 0xfd, 0xc0, 0xfd, 0xd8, 0xfd, 0x00, 0xfe, 0x40, 0xfe,
  0x98, 0xfe, 0xf4, 0xfe, 0x48, 0xff, 0x74, 0xff, 0x80, 0xff, 0x78, 0xff,
  0x58, 0xff, 0x2c, 0xff, 0x00, 0xff, 0xe4, 0xfe, 0xe0, 0xfe, 0xf4, 0xfe,
  0x10, 0xff, 0x2c, 0xff, 0x50, 0xff, 0x70, 0xff, 0x84, 0xff, 0x90, 0xff,
  0x88, 0xff, 0x90, 0xff, 0xb0, 0xff, 0xdc, 0xff, 0x0c, 0x00, 0x3c, 0x00,
  0x6c, 0x00, 0x98, 0x00, 0xb8, 0x00, 0xe0, 0x00, 0x14, 0x01, 0x60, 0x01,
  0xbc, 0x01, 0x10, 0x02, 0x54, 0x02, 0x90, 0x02, 0xd8, 0x02, 0x18, 0x03,
  0x54, 0x03, 0x78, 0x03, 0x94, 0x03, 0xa8, 0x03, 0xb4, 0x03, 0xc4, 0x03,
  0xe0, 0x03, 0x04, 0x04, 0x3c, 0x04, 0x54, 0x04, 0x44, 0x04, 0x2c, 0x04,
  0xfc, 0x03, 0xd0, 0x03, 0xa4, 0x03, 0x6c, 0x03, 0x30, 0x03, 0xfc, 0x02,
  0xd4, 0x02, 0xb4, 0x02, 0x98, 0x02, 0x88, 0x02, 0x7c, 0x02, 0x6c, 0x02,
  0x5c, 0x02, 0x3c, 0x02, 0x1c, 0x02, 0x0c, 0x02, 0x04, 0x02, 0x08, 0x02,
  0x18, 0x02, 0x30, 0x02, 0x48, 0x02, 0x44, 0x02, 0x1c, 0x02, 0xe4, 0x01,
  0xa0, 0x01, 0x54, 0x01, 0xf8, 0x00, 0x8c, 0x00, 0x20, 0x00, 0xc0, 0xff,
  0x68, 0xff, 0x08, 0xff, 0xa8, 0xfe, 0x50, 0xfe, 0xfc, 0xfd, 0xac, 0xfd,
  0x60, 0xfd, 0x2c, 0xfd, 0x18, 0xfd, 0x34, 0xfd, 0x74, 0xfd, 0xb0, 0xfd,
  0xdc, 0xfd, 0xf0, 0xfd, 0xfc, 0xfd, 0xf8, 0xfd, 0xec, 0xfd, 0xd8, 0xfd,
  0xc4, 0xfd, 0xb4, 0xfd, 0x8c, 0xfd, 0x4c, 0xfd, 0x08, 0xfd, 0xc0, 0xfc,
  0x74, 0xfc, 0x14, 0xfc, 0xa8, 0xfb, 0x44, 0xfb, 0xf8, 0xfa, 0xc8, 0xfa,
  0xa8, 0xfa, 0x94, 0xfa, 0x9c, 0xfa, 0xa8, 0xfa, 0xb4, 0xfa, 0xc8, 0xfa,
  0xe0, 0xfa, 0x10, 0xfb, 0x4c, 0xfb, 0x98, 0xfb, 0xe8, 0xfb, 0x24, 0xfc,
  0x54, 0xfc, 0x7c, 0xfc, 0x94, 0xfc, 0xa4, 0xfc, 0xbc, 0xfc, 0xe8, 0xfc,
  0x20, 0xfd, 0x5c, 0xfd, 0x9c, 0xfd, 0xe0, 0xfd, 0x38, 0xfe, 0x94, 0xfe,
  0xdc, 0xfe, 0x14, 0xff, 0x24, 0xff, 0x1c, 0xff, 0x14, 0xff, 0x00, 0xff,
  0xf4, 0xfe, 0xf4, 0xfe, 0x00, 0xff, 0x20, 0xff, 0x4c, 0xff, 0x98, 0xff,
  0xf0, 0xff, 0x5c, 0x00, 0xc8, 0x00, 0x40, 0x01, 0xc4, 0x01, 0x4c, 0x02,
  0xf0, 0x02, 0x9c, 0x03, 0x40, 0x04, 0xdc, 0x04, 0x64, 0x05, 0xdc, 0x05,
  0x38, 0x06, 0x84, 0x06, 0xb4, 0x06, 0xd8, 0x06, 0xe8, 0x06, 0xf0, 0x06,
  0xf4, 0x06, 0xf8, 0x06, 0x04, 0x07, 0x10, 0x07, 0x18, 0x07, 0x18, 0x07,
  0x08, 0x07, 0xf4, 0x06, 0xe8, 0x06, 0xec, 0x06, 0xfc, 0x06, 0x14, 0x07,
  0x2c, 0x07, 0x28, 0x07, 0x08, 0x07, 0xcc, 0x06, 0x80, 0x06, 0x28, 0x06,
  0xcc, 0x05, 0x70, 0x05, 0x18, 0x05, 0xd4, 0x04, 0x90, 0x04, 0x58, 0x04,
  0x24, 0x04, 0xec, 0x03, 0xbc, 0x03, 0x80, 0x03, 0x44, 0x03, 0x14, 0x03,
  0xf4, 0x02, 0xf0, 0x02, 0xf8, 0x02, 0x10, 0x03, 0x28, 0x03, 0x2c, 0x03,
  0x1c, 0x03, 0xf0, 0x02, 0xb4, 0x02, 0x68, 0x02, 0x14, 0x02, 0xb0, 0x01,
  0x2c, 0x01, 0x90, 0x00, 0xe0, 0xff, 0x30, 0xff, 0x80, 0xfe, 0xcc, 0xfd,
  0x2c, 0xfd, 0x98, 0xfc, 0x28, 0xfc, 0xc8, 0xfb, 0x74, 0xfb, 0x34, 0xfb,
  0x0c, 0xfb, 0x0c, 0xfb, 0x10, 0xfb, 0x10, 0xfb, 0x08, 0xfb, 0xec, 0xfa,
  0xc4, 0xfa, 0x8c, 0xfa, 0x54, 0xfa, 0x18, 0xfa, 0xe0, 0xf9, 0x9c, 0xf9,
  0x68, 0xf9, 0x38, 0xf9, 0x10, 0xf9, 0x08, 0xf9, 0x04, 0xf9, 0x04, 0xf9,
  0xec, 0xf8, 0xd0, 0xf8, 0xbc, 0xf8, 0xb0, 0xf8, 0xc0, 0xf8, 0xec, 0xf8,
  0x24, 0xf9, 0x6c, 0xf9, 0xa4, 0xf9, 0xd4, 0xf9, 0x00, 0xfa, 0x30, 0xfa,
  0x70, 0xfa, 0xb0, 0xfa, 0xf0, 0xfa, 0x30, 0xfb, 0x68, 0xfb, 0x90, 0xfb,
  0xac, 0xfb, 0xd0, 0xfb, 0xf0, 0xfb, 0x08, 0xfc, 0x28, 0xfc, 0x4c, 0xfc,
  0x84, 0xfc, 0xcc, 0xfc, 0x1c, 0xfd, 0x7c, 0xfd, 0xc4, 0xfd, 0xf4, 0xfd,
  0x14, 0xfe, 0x30, 0xfe, 0x54, 0xfe, 0x80, 0xfe, 0xac, 0xfe, 0xd8, 0xfe,
  0xf8, 0xfe, 0x08, 0xff, 0xfc, 0xfe, 0xdc, 0xfe, 0xb4, 0xfe, 0x98, 0xfe,
  0x84, 0xfe, 0x80, 0xfe, 0x94, 0xfe, 0xb8, 0xfe, 0xfc, 0xfe, 0x48, 0xff,
  0xa0, 0xff, 0x0c, 0x00, 0x6c, 0x00, 0xd8, 0x00, 0x4c, 0x01, 0xd4, 0x01,
  0x74, 0x02, 0x08, 0x03, 0x9c, 0x03, 0x18, 0x04, 0x84, 0x04, 0xdc, 0x04,
  0x24, 0x05, 0x58, 0x05, 0x88, 0x05, 0xac, 0x05, 0xc4, 0x05, 0xd8, 0x05,
  0xd8, 0x05, 0xcc, 0x05, 0xb8, 0x05, 0xa0, 0x05, 0x78, 0x05, 0x30, 0x05,
  0xd4, 0x04, 0x78, 0x04, 0x24, 0x04, 0xd8, 0x03, 0xa4, 0x03, 0x80, 0x03,
  0x70, 0x03, 0x70, 0x03, 0x80, 0x03, 0x98, 0x03, 0xb4, 0x03, 0xdc, 0x03,
  0x08, 0x04, 0x48, 0x04, 0x8c, 0x04, 0xc4, 0x04, 0x08, 0x05, 0x44, 0x05,
  0x78, 0x05, 0xa0, 0x05, 0xac, 0x05, 0x9c, 0x05, 0x6c, 0x05, 0x1c, 0x05,
  0xac, 0x04, 0x2c, 0x04, 0xa4, 0x03, 0x18, 0x03, 0x84, 0x02, 0xd8, 0x01,
  0x14, 0x01, 0x40, 0x00, 0x6c, 0xff, 0xb0, 0xfe, 0x24, 0xfe, 0xb8, 0xfd,
  0x78, 0xfd, 0x58, 0xfd, 0x48, 0xfd, 0x68, 0xfd, 0xa0, 0xfd, 0xf8, 0xfd,
  0x64, 0xfe, 0xcc, 0xfe, 0x30, 0xff, 0x7c, 0xff, 0xc0, 0xff, 0x04, 0x00,
  0x40, 0x00, 0x80, 0x00, 0xac, 0x00, 0xc4, 0x00, 0xc8, 0x00, 0xb4, 0x00,
  0x98, 0x00, 0x7c, 0x00, 0x54, 0x00, 0x24, 0x00, 0xdc, 0xff, 0x78, 0xff,
  0x20, 0xff, 0xd4, 0xfe, 0x9c, 0xfe, 0x8c, 0xfe, 0x90, 0xfe, 0xa4, 0xfe,
  0xbc, 0xfe, 0xe4, 0xfe, 0x24, 0xff, 0x70, 0xff, 0xd8, 0xff, 0x3c, 0x00,
  0x98, 0x00, 0xe8, 0x00, 0x2c, 0x01, 0x74, 0x01, 0xc4, 0x01, 0x28, 0x02,
  0x8c, 0x02, 0xe4, 0x02, 0x24, 0x03, 0x48, 0x03, 0x60, 0x03, 0x60, 0x03,
  0x58, 0x03, 0x34, 0x03, 0xec, 0x02, 0x94, 0x02, 0x20, 0x02, 0xa8, 0x01,
  0x34, 0x01, 0xc8, 0x00, 0x68, 0x00, 0x0c, 0x00, 0xb0, 0xff, 0x50, 0xff,
  0xe8, 0xfe, 0x80, 0xfe, 0x28, 0xfe, 0xd0, 0xfd, 0x74, 0xfd, 0x0c, 0xfd,
  0x8c, 0xfc, 0x10, 0xfc, 0x98, 0xfb, 0x34, 0xfb, 0xec, 0xfa, 0xb4, 0xfa,
  0x8c, 0xfa, 0x64, 0xfa, 0x38, 0xfa, 0x14, 0xfa, 0xf8, 0xf9, 0xe8, 0xf9,
  0xe0, 0xf9, 0xd4, 0xf9, 0xa8, 0xf9, 0x70, 0xf9, 0x28, 0xf9, 0xd0, 0xf8,
  0x80, 0xf8, 0x38, 0xf8, 0xfc, 0xf7, 0xd4, 0xf7, 0xc0, 0xf7, 0xbc, 0xf7,
  0xd0, 0xf7, 0x00, 0xf8, 0x30, 0xf8, 0x5c, 0xf8, 0x74, 0xf8, 0x80, 0xf8,
  0x9c, 0xf8, 0xc4, 0xf8, 0x04, 0xf9, 0x58, 0xf9, 0xb4, 0xf9, 0x18, 0xfa,
  0x6c, 0xfa, 0xc4, 0xfa, 0x2c, 0xfb, 0x94, 0xfb, 0x18, 0xfc, 0xa0, 0xfc,
  0x34, 0xfd, 0xdc, 0xfd, 0x80, 0xfe, 0x34, 0xff, 0xf0, 0xff, 0xbc, 0x00,
  0x90, 0x01, 0x50, 0x02, 0xec, 0x02, 0x70, 0x03, 0xec, 0x03, 0x64, 0x04,
  0xd4, 0x04, 0x24, 0x05, 0x58, 0x05, 0x58, 0x05, 0x3c, 0x05, 0x14, 0x05,
  0xfc, 0x04, 0xfc, 0x04, 0x08, 0x05, 0x28, 0x05, 0x48, 0x05, 0x60, 0x05,
  0x80, 0x05, 0xa8, 0x05, 0xd4, 0x05, 0xf4, 0x05, 0x00, 0x06, 0xf0, 0x05,
  0xd0, 0x05, 0xb4, 0x05, 0xa4, 0x05, 0xa4, 0x05, 0xb8, 0x05, 0xbc, 0x05,
  0xb4, 0x05, 0xa0, 0x05, 0x8c, 0x05, 0xa4, 0x05, 0xcc, 0x05, 0x04, 0x06,
  0x3c, 0x06, 0x58, 0x06, 0x64, 0x06, 0x60, 0x06, 0x64, 0x06, 0x68, 0x06,
  0x78, 0x06, 0x8c, 0x06, 0x88, 0x06, 0x68, 0x06, 0x38, 0x06, 0x04, 0x06,
  0xcc, 0x05, 0x90, 0x05, 0x40, 0x05, 0xd0, 0x04, 0x50, 0x04, 0xb4, 0x03,
  0x04, 0x03, 0x58, 0x02, 0xb4, 0x01, 0x34, 0x01, 0xc4, 0x00, 0x64, 0x00,
  0x10, 0x00, 0xc4, 0xff, 0x94, 0xff, 0x80, 0xff, 0x74, 0xff, 0x60, 0xff,
  0x30, 0xff, 0xf0, 0xfe, 0xa0, 0xfe, 0x54, 0xfe, 0x08, 0xfe, 0xbc, 0xfd,
  0x68, 0xfd, 0x0c, 0xfd, 0xa0, 0xfc, 0x24, 0xfc, 0xac, 0xfb, 0x40, 0xfb,
  0xf4, 0xfa, 0xb8, 0xfa, 0x80, 0xfa, 0x54, 0xfa, 0x24, 0xfa, 0x10, 0xfa,
  0x18, 0xfa, 0x3c, 0xfa, 0x88, 0xfa, 0xe0, 0xfa, 0x48, 0xfb, 0xb8, 0xfb,
  0x3c, 0xfc, 0xd8, 0xfc, 0x80, 0xfd, 0x28, 0xfe, 0xc0, 0xfe, 0x38, 0xff,
  0x84, 0xff, 0xc0, 0xff, 0xf8, 0xff, 0x38, 0x00, 0x84, 0x00, 0xcc, 0x00,
  0x10, 0x01, 0x30, 0x01, 0x3c, 0x01, 0x2c, 0x01, 0x04, 0x01, 0xcc, 0x00,
  0x78, 0x00, 0x10, 0x00, 0x88, 0xff, 0xf8, 0xfe, 0x70, 0xfe, 0xf4, 0xfd,
  0xa0, 0xfd, 0x5c, 0xfd, 0x1c, 0xfd, 0xe4, 0xfc, 0xb8, 0xfc, 0xb0, 0xfc,
  0xd8, 0xfc, 0x28, 0xfd, 0x88, 0xfd, 0xe8, 0xfd, 0x40, 0xfe, 0x8c, 0xfe,
  0xec, 0xfe, 0x54, 0xff, 0xc8, 0xff, 0x48, 0x00, 0xc0, 0x00, 0x24, 0x01,
  0x6c, 0x01, 0x98, 0x01, 0xac, 0x01, 0xa8, 0x01, 0x88, 0x01, 0x3c, 0x01,
  0xc0, 0x00, 0x20, 0x00, 0x70, 0xff, 0xd4, 0xfe, 0x44, 0xfe, 0xd4, 0xfd,
  0x88, 0xfd, 0x64, 0xfd, 0x60, 0xfd, 0x68, 0xfd, 0x8c, 0xfd, 0xc0, 0xfd,
  0x0c, 0xfe, 0x5c, 0xfe, 0xa4, 0xfe, 0xe8, 0xfe, 0x1c, 0xff, 0x54, 0xff,
  0x94, 0xff, 0xd4, 0xff, 0x14, 0x00, 0x3c, 0x00, 0x4c, 0x00, 0x4c, 0x00,
  0x48, 0x00, 0x58, 0x00, 0x80, 0x00, 0xb0, 0x00, 0xe0, 0x00, 0xfc, 0x00,
  0x10, 0x01, 0x28, 0x01, 0x4c, 0x01, 0x84, 0x01, 0xc0, 0x01, 0x10, 0x02,
  0x5c, 0x02, 0x9c, 0x02, 0xdc, 0x02, 0x18, 0x03, 0x50, 0x03, 0x88, 0x03,
  0xa0, 0x03, 0x98, 0x03, 0x7c, 0x03, 0x58, 0x03, 0x40, 0x03, 0x34, 0x03,
  0x38, 0x03, 0x44, 0x03, 0x44, 0x03, 0x44, 0x03, 0x30, 0x03, 0x20, 0x03,
  0x10, 0x03, 0xec, 0x02, 0xb8, 0x02, 0x68, 0x02, 0xfc, 0x01, 0x88, 0x01,
  0x14, 0x01, 0xa4, 0x00, 0x48, 0x00, 0xf8, 0xff, 0xb4, 0xff, 0x70, 0xff,
  0x34, 0xff, 0x14, 0xff, 0x10, 0xff, 0x28, 0xff, 0x50, 0xff, 0x78, 0xff,
  0x88, 0xff, 0x80, 0xff, 0x64, 0xff, 0x44, 0xff, 0x34, 0xff, 0x44, 0xff,
  0x58, 0xff, 0x70, 0xff, 0x7c, 0xff, 0x88, 0xff, 0xb0, 0xff, 0xd8, 0xff,
  0xfc, 0xff, 0xfc, 0xff, 0xcc, 0xff, 0x80, 0xff, 0x14, 0xff, 0xb8, 0xfe,
  0x74, 0xfe, 0x50, 0xfe, 0x44, 0xfe, 0x3c, 0xfe, 0x30, 0xfe, 0x24, 0xfe,
  0x28, 0xfe, 0x3c, 0xfe, 0x64, 0xfe, 0x88, 0xfe, 0xa4, 0xfe, 0xac, 0xfe,
  0xa0, 0xfe, 0x78, 0xfe, 0x50, 0xfe, 0x2c, 0xfe, 0x18, 0xfe, 0x10, 0xfe,
  0x0c, 0xfe, 0x18, 0xfe, 0x40, 0xfe, 0x84, 0xfe, 0xe8, 0xfe, 0x50, 0xff,
  0xb4, 0xff, 0x00, 0x00, 0x3c, 0x00, 0x64, 0x00, 0x8c, 0x00, 0xac, 0x00,
  0xd0, 0x00, 0xe4, 0x00, 0xe8, 0x00, 0xd8, 0x00, 0xb8, 0x00, 0xa8, 0x00,
  0x94, 0x00, 0x94, 0x00, 0x88, 0x00, 0x68, 0x00, 0x4c, 0x00, 0x24, 0x00,
  0x04, 0x00, 0xf8, 0xff, 0x04, 0x00, 0x2c, 0x00, 0x44, 0x00, 0x4c, 0x00,
  0x40, 0x00, 0x24, 0x00, 0xfc, 0xff, 0xc4, 0xff, 0x88, 0xff, 0x40, 0xff,
  0xe8, 0xfe, 0x88, 0xfe, 0x30, 0xfe, 0xdc, 0xfd, 0xb0, 0xfd, 0xa4, 0xfd,
  0xa4, 0xfd, 0xb0, 0xfd, 0xbc, 0xfd, 0xd8, 0xfd, 0x00, 0xfe, 0x40, 0xfe,
  0x84, 0xfe, 0xb8, 0xfe, 0xd0, 0xfe, 0xcc, 0xfe, 0xb8, 0xfe, 0xa0, 0xfe,
  0x98, 0xfe, 0xa0, 0xfe, 0xb0, 0xfe, 0xc0, 0xfe, 0xbc, 0xfe, 0xbc, 0xfe,
  0xc4, 0xfe, 0xe0, 0xfe, 0x0c, 0xff, 0x30, 0xff, 0x38, 0xff, 0x1c, 0xff,
  0xe0, 0xfe, 0x94, 0xfe, 0x5c, 0xfe, 0x48, 0xfe, 0x50, 0xfe, 0x64, 0xfe,
  0x74, 0xfe, 0x7c, 0xfe, 0x98, 0xfe, 0xdc, 0xfe, 0x44, 0xff, 0xc8, 0xff,
  0x4c, 0x00, 0xcc, 0x00, 0x34, 0x01, 0x8c, 0x01, 0xc4, 0x01, 0xe8, 0x01,
  0x0c, 0x02, 0x1c, 0x02, 0x18, 0x02, 0xf8, 0x01, 0xc0, 0x01, 0x84, 0x01,
  0x44, 0x01, 0x10, 0x01, 0xd8, 0x00, 0x9c, 0x00, 0x54, 0x00, 0x08, 0x00,
  0xd0, 0xff, 0xb8, 0xff, 0xc8, 0xff, 0xfc, 0xff, 0x3c, 0x00, 0x84, 0x00,
  0xd4, 0x00, 0x24, 0x01, 0x88, 0x01, 0x0c, 0x02, 0x90, 0x02, 0x0c, 0x03,
  0x68, 0x03, 0xa8, 0x03, 0xd8, 0x03, 0x00, 0x04, 0x30, 0x04, 0x68, 0x04,
  0x98, 0x04, 0xb4, 0x04, 0xb0, 0x04, 0x98, 0x04, 0x7c, 0x04, 0x6c, 0x04,
  0x68, 0x04, 0x5c, 0x04, 0x28, 0x04, 0xd8, 0x03, 0x70, 0x03, 0x04, 0x03,
  0xac, 0x02, 0x70, 0x02, 0x54, 0x02, 0x34, 0x02, 0x14, 0x02, 0xec, 0x01,
  0xd0, 0x01, 0xd8, 0x01, 0xf4, 0x01, 0x20, 0x02, 0x4c, 0x02, 0x7c, 0x02,
  0x9c, 0x02, 0xbc, 0x02, 0xe8, 0x02, 0x1c, 0x03, 0x50, 0x03, 0x6c, 0x03,
  0x68, 0x03, 0x44, 0x03, 0x04, 0x03, 0xc4, 0x02, 0x84, 0x02, 0x40, 0x02,
  0xe4, 0x01, 0x68, 0x01, 0xd4, 0x00, 0x28, 0x00, 0x8c, 0xff, 0x18, 0xff,
  0xc4, 0xfe, 0x90, 0xfe, 0x6c, 0xfe, 0x3c, 0xfe, 0x0c, 0xfe, 0xe8, 0xfd,
  0xdc, 0xfd, 0xf0, 0xfd, 0x0c, 0xfe, 0x14, 0xfe, 0x08, 0xfe, 0xe4, 0xfd,
  0xc4, 0xfd, 0xb4, 0xfd, 0xa4, 0xfd, 0x84, 0xfd, 0x3c, 0xfd, 0xdc, 0xfc,
  0x70, 0xfc, 0x08, 0xfc, 0xb0, 0xfb, 0x6c, 0xfb, 0x30, 0xfb, 0xf8, 0xfa,
  0xb4, 0xfa, 0x64, 0xfa, 0x00, 0xfa, 0xa0, 0xf9, 0x50, 0xf9, 0x08, 0xf9,
  0xc8, 0xf8, 0x8c, 0xf8, 0x50, 0xf8, 0x24, 0xf8, 0x18, 0xf8, 0x28, 0xf8,
  0x48, 0xf8, 0x80, 0xf8, 0xa4, 0xf8, 0xc4, 0xf8, 0xec, 0xf8, 0x20, 0xf9,
  0x80, 0xf9, 0xec, 0xf9, 0x54, 0xfa, 0xb8, 0xfa, 0x0c, 0xfb, 0x5c, 0xfb,
  0xb4, 0xfb, 0x14, 0xfc, 0x8c, 0xfc, 0xf8, 0xfc, 0x64, 0xfd, 0xc8, 0xfd,
  0x10, 0xfe, 0x5c, 0xfe, 0xa4, 0xfe, 0xf8, 0xfe, 0x4c, 0xff, 0x8c, 0xff,
  0xb4, 0xff, 0xb8, 0xff, 0xac, 0xff, 0xa8, 0xff, 0xa8, 0xff, 0xc4, 0xff,
  0xe4, 0xff, 0xec, 0xff, 0xf0, 0xff, 0xec, 0xff, 0x00, 0x00, 0x3c, 0x00,
  0x90, 0x00, 0x04, 0x01, 0x74, 0x01, 0xd8, 0x01, 0x38, 0x02, 0x90, 0x02,
  0xe8, 0x02, 0x30, 0x03, 0x68, 0x03, 0x88, 0x03, 0x8c, 0x03, 0x74, 0x03,
  0x58, 0x03, 0x40, 0x03, 0x2c, 0x03, 0x2c, 0x03, 0x38, 0x03, 0x34, 0x03,
  0x24, 0x03, 0x18, 0x03, 0x0c, 0x03, 0x20, 0x03, 0x48, 0x03, 0x84, 0x03,
  0xbc, 0x03, 0xec, 0x03, 0x1c, 0x04, 0x3c, 0x04, 0x60, 0x04, 0x94, 0x04,
  0xac, 0x04, 0xb4, 0x04, 0x9c, 0x04, 0x6c, 0x04, 0x5c, 0x04, 0x60, 0x04,
  0x88, 0x04, 0xc0, 0x04, 0xec, 0x04, 0x20, 0x05, 0x44, 0x05, 0x68, 0x05,
  0x98, 0x05, 0xd8, 0x05, 0x1c, 0x06, 0x4c, 0x06, 0x68, 0x06, 0x68, 0x06,
  0x5c, 0x06, 0x54, 0x06, 0x40, 0x06, 0x20, 0x06, 0xf0, 0x05, 0x84, 0x05,
  0x04, 0x05, 0x74, 0x04, 0xe4, 0x03, 0x6c, 0x03, 0xf4, 0x02, 0x80, 0x02,
  0x08, 0x02, 0x7c, 0x01, 0x00, 0x01, 0x8c, 0x00, 0x38, 0x00, 0xf8, 0xff,
  0xb8, 0xff, 0x80, 0xff, 0x38, 0xff, 0xf4, 0xfe, 0xc8, 0xfe, 0xb4, 0xfe,
  0xd0, 0xfe, 0xf4, 0xfe, 0x1c, 0xff, 0x38, 0xff, 0x58, 0xff, 0xa0, 0xff,
  0x08, 0x00, 0x88, 0x00, 0xfc, 0x00, 0x54, 0x01, 0x90, 0x01, 0xa8, 0x01,
  0xc0, 0x01, 0xcc, 0x01, 0xd0, 0x01, 0xb8, 0x01, 0x80, 0x01, 0x18, 0x01,
  0x84, 0x00, 0xe8, 0xff, 0x44, 0xff, 0xa4, 0xfe, 0x08, 0xfe, 0x50, 0xfd,
  0x84, 0xfc, 0xac, 0xfb, 0xd8, 0xfa, 0x30, 0xfa, 0xac, 0xf9, 0x5c, 0xf9,
  0x2c, 0xf9, 0x08, 0xf9, 0xec, 0xf8, 0xdc, 0xf8, 0xec, 0xf8, 0x18, 0xf9,
  0x60, 0xf9, 0xb0, 0xf9, 0xe4, 0xf9, 0xfc, 0xf9, 0x08, 0xfa, 0xfc, 0xf9,
  0xec, 0xf9, 0xd4, 0xf9, 0xac, 0xf9, 0x78, 0xf9, 0x38, 0xf9, 0xf4, 0xf8,
  0xc0, 0xf8, 0xac, 0xf8, 0xac, 0xf8, 0xbc, 0xf8, 0xd0, 0xf8, 0xdc, 0xf8,
  0xdc, 0xf8, 0xe4, 0xf8, 0x10, 0xf9, 0x64, 0xf9, 0xd8, 0xf9, 0x54, 0xfa,
  0xd0, 0xfa, 0x4c, 0xfb, 0xd0, 0xfb, 0x74, 0xfc, 0x30, 0xfd, 0xf8, 0xfd,
  0xbc, 0xfe, 0x74, 0xff, 0x28, 0x00, 0xd4, 0x00, 0x94, 0x01, 0x68, 0x02,
  0x48, 0x03, 0x2c, 0x04, 0xf4, 0x04, 0x94, 0x05, 0x10, 0x06, 0x6c, 0x06,
  0xb8, 0x06, 0xf8, 0x06, 0x24, 0x07, 0x34, 0x07, 0x28, 0x07, 0xf8, 0x06,
  0xc4, 0x06, 0x98, 0x06, 0x7c, 0x06, 0x7c, 0x06, 0x88, 0x06, 0x94, 0x06,
  0xa0, 0x06, 0xb0, 0x06, 0xcc, 0x06, 0xfc, 0x06, 0x2c, 0x07, 0x54, 0x07,
  0x68, 0x07, 0x68, 0x07, 0x60, 0x07, 0x4c, 0x07, 0x3c, 0x07, 0x28, 0x07,
  0x14, 0x07, 0xe8, 0x06, 0xa8, 0x06, 0x5c, 0x06, 0x08, 0x06, 0xb8, 0x05,
  0x5c, 0x05, 0xec, 0x04, 0x5c, 0x04, 0xa4, 0x03, 0xd4, 0x02, 0x04, 0x02,
  0x50, 0x01, 0xbc, 0x00, 0x40, 0x00, 0xc0, 0xff, 0x3c, 0xff, 0xac, 0xfe,
  0x1c, 0xfe, 0xb0, 0xfd, 0x54, 0xfd, 0x10, 0xfd, 0xdc, 0xfc, 0xa8, 0xfc,
  0x7c, 0xfc, 0x48, 0xfc, 0x1c, 0xfc, 0xec, 0xfb, 0xb4, 0xfb, 0x80, 0xfb,
  0x3c, 0xfb, 0xf8, 0xfa, 0xc4, 0xfa, 0xa4, 0xfa, 0xa4, 0xfa, 0xb0, 0xfa,
  0xd0, 0xfa, 0xe0, 0xfa, 0xd8, 0xfa, 0xc8, 0xfa, 0xa8, 0xfa, 0x88, 0xfa,
  0x78, 0xfa, 0x68, 0xfa, 0x58, 0xfa, 0x38, 0xfa, 0x08, 0xfa, 0xe0, 0xf9,
  0xcc, 0xf9, 0xc8, 0xf9, 0xc8, 0xf9, 0xc4, 0xf9, 0xb4, 0xf9, 0xa8, 0xf9,
  0xb4, 0xf9, 0xe4, 0xf9, 0x30, 0xfa, 0x84, 0xfa, 0xdc, 0xfa, 0x28, 0xfb,
  0x90, 0xfb, 0x0c, 0xfc, 0xa4, 0xfc, 0x50, 0xfd, 0x04, 0xfe, 0xa8, 0xfe,
  0x2c, 0xff, 0x94, 0xff, 0xe4, 0xff, 0x1c, 0x00, 0x54, 0x00, 0x78, 0x00,
  0x88, 0x00, 0x74, 0x00, 0x44, 0x00, 0x0c, 0x00, 0xe0, 0xff, 0xc8, 0xff,
  0xbc, 0xff, 0xbc, 0xff, 0xb8, 0xff, 0xc0, 0xff, 0xe0, 0xff, 0x1c, 0x00,
  0x80, 0x00, 0x00, 0x01, 0x84, 0x01, 0xfc, 0x01, 0x5c, 0x02, 0xa8, 0x02,
  0xf4, 0x02, 0x3c, 0x03, 0x74, 0x03, 0x94, 0x03, 0x90, 0x03, 0x70, 0x03,
  0x40, 0x03, 0x10, 0x03, 0xf0, 0x02, 0xfc, 0x02, 0x28, 0x03, 0x5c, 0x03,
  0x94, 0x03, 0xac, 0x03, 0xc8, 0x03, 0xe8, 0x03, 0x0c, 0x04, 0x30, 0x04,
  0x3c, 0x04, 0x3c, 0x04, 0x24, 0x04, 0x08, 0x04, 0xe8, 0x03, 0xc8, 0x03,
  0xa8, 0x03, 0x78, 0x03, 0x34, 0x03, 0xe0, 0x02, 0x88, 0x02, 0x48, 0x02,
  0x20, 0x02, 0x10, 0x02, 0x04, 0x02, 0xec, 0x01, 0xc8, 0x01, 0xac, 0x01,
  0x98, 0x01, 0xa0, 0x01, 0xc8, 0x01, 0x00, 0x02, 0x50, 0x02, 0x9c, 0x02,
  0xe4, 0x02, 0x34, 0x03, 0x7c, 0x03, 0xd0, 0x03, 0x30, 0x04, 0x84, 0x04,
  0xcc, 0x04, 0xf8, 0x04, 0x1c, 0x05, 0x38, 0x05, 0x4c, 0x05, 0x5c, 0x05,
  0x4c, 0x05, 0x00, 0x05, 0x98, 0x04, 0x10, 0x04, 0x74, 0x03, 0xe4, 0x02,
  0x50, 0x02, 0xc4, 0x01, 0x48, 0x01, 0xcc, 0x00, 0x64, 0x00, 0xfc, 0xff,
  0xb0, 0xff, 0x80, 0xff, 0x54, 0xff, 0x38, 0xff, 0x14, 0xff, 0xf0, 0xfe,
  0xc8, 0xfe, 0xb0, 0xfe, 0xac, 0xfe, 0xa8, 0xfe, 0x9c, 0xfe, 0x80, 0xfe,
  0x54, 0xfe, 0x2c, 0xfe, 0x0c, 0xfe, 0x0c, 0xfe, 0x2c, 0xfe, 0x54, 0xfe,
  0x84, 0xfe, 0xb0, 0xfe, 0xcc, 0xfe, 0xdc, 0xfe, 0xd8, 0xfe, 0xbc, 0xfe,
  0x88, 0xfe, 0x3c, 0xfe, 0xe8, 0xfd, 0x8c, 0xfd, 0x30, 0xfd, 0xd8, 0xfc,
  0x8c, 0xfc, 0x50, 0xfc, 0x18, 0xfc, 0xe4, 0xfb, 0xc8, 0xfb, 0xc4, 0xfb,
  0xdc, 0xfb, 0x10, 0xfc, 0x50, 0xfc, 0x98, 0xfc, 0xe0, 0xfc, 0x24, 0xfd,
  0x64, 0xfd, 0x9c, 0xfd, 0xcc, 0xfd, 0xf4, 0xfd, 0x0c, 0xfe, 0x04, 0xfe,
  0xf0, 0xfd, 0xc8, 0xfd, 0xa0, 0xfd, 0x64, 0xfd, 0x14, 0xfd, 0xbc, 0xfc,
  0x5c, 0xfc, 0x08, 0xfc, 0xd8, 0xfb, 0xd8, 0xfb, 0x04, 0xfc, 0x60, 0xfc,
  0xd0, 0xfc, 0x54, 0xfd, 0xdc, 0xfd, 0x68, 0xfe, 0xf4, 0xfe, 0x74, 0xff,
  0xd8, 0xff, 0x1c, 0x00, 0x44, 0x00, 0x40, 0x00, 0x2c, 0x00, 0x04, 0x00,
  0xd8, 0xff, 0xb4, 0xff, 0x88, 0xff, 0x50, 0xff, 0x0c, 0xff, 0xc8, 0xfe,
  0x94, 0xfe, 0x7c, 0xfe, 0x70, 0xfe, 0x78, 0xfe, 0x7c, 0xfe, 0x68, 0xfe,
  0x40, 0xfe, 0x0c, 0xfe, 0xd4, 0xfd, 0x8c, 0xfd, 0x38, 0xfd, 0xdc, 0xfc,
  0x60, 0xfc, 0xdc, 0xfb, 0x60, 0xfb, 0xf4, 0xfa, 0xac, 0xfa, 0x78, 0xfa,
  0x68, 0xfa, 0x64, 0xfa, 0x70, 0xfa, 0xa4, 0xfa, 0xec, 0xfa, 0x58, 0xfb,
  0xe0, 0xfb, 0x70, 0xfc, 0xfc, 0xfc, 0x7c, 0xfd, 0xfc, 0xfd, 0x80, 0xfe,
  0xf8, 0xfe, 0x60, 0xff, 0xb0, 0xff, 0xe4, 0xff, 0x04, 0x00, 0x1c, 0x00,
  0x38, 0x00, 0x58, 0x00, 0x88, 0x00, 0xbc, 0x00, 0xf4, 0x00, 0x24, 0x01,
  0x4c, 0x01, 0x8c, 0x01, 0xd0, 0x01, 0x24, 0x02, 0x78, 0x02, 0xac, 0x02,
  0xd0, 0x02, 0xd0, 0x02, 0xcc, 0x02, 0xc8, 0x02, 0xc4, 0x02, 0xd0, 0x02,
  0xec, 0x02, 0x18, 0x03, 0x48, 0x03, 0x88, 0x03, 0xd8, 0x03, 0x30, 0x04,
  0x8c, 0x04, 0xdc, 0x04, 0x1c, 0x05, 0x54, 0x05, 0x74, 0x05, 0xa0, 0x05,
  0xcc, 0x05, 0xf0, 0x05, 0x0c, 0x06, 0x08, 0x06, 0xfc, 0x05, 0xdc, 0x05,
  0xc0, 0x05, 0xb8, 0x05, 0xbc, 0x05, 0xe4, 0x05, 0x10, 0x06, 0x38, 0x06,
  0x64, 0x06, 0x84, 0x06, 0xac, 0x06, 0xd0, 0x06, 0x00, 0x07, 0x2c, 0x07,
  0x58, 0x07, 0x80, 0x07, 0x9c, 0x07, 0xbc, 0x07, 0xc8, 0x07, 0xc4, 0x07,
  0xb0, 0x07, 0x74, 0x07, 0x28, 0x07, 0xcc, 0x06, 0x68, 0x06, 0x00, 0x06,
  0x90, 0x05, 0x20, 0x05, 0xa8, 0x04, 0x30, 0x04, 0xb0, 0x03, 0x30, 0x03,
  0xb8, 0x02, 0x48, 0x02, 0xe0, 0x01, 0x64, 0x01, 0xe4, 0x00, 0x64, 0x00,
  0xdc, 0xff, 0x80, 0xff, 0x3c, 0xff, 0x10, 0xff, 0xf8, 0xfe, 0xd4, 0xfe,
  0xa0, 0xfe, 0x5c, 0xfe, 0x10, 0xfe, 0xb8, 0xfd, 0x58, 0xfd, 0xf4, 0xfc,
  0x88, 0xfc, 0x18, 0xfc, 0xa4, 0xfb, 0x4c, 0xfb, 0x08, 0xfb, 0xd4, 0xfa,
  0xb4, 0xfa, 0x90, 0xfa, 0x7c, 0xfa, 0x70, 0xfa, 0x78, 0xfa, 0x94, 0xfa,
  0xc0, 0xfa, 0xf8, 0xfa, 0x20, 0xfb, 0x4c, 0xfb, 0x5c, 0xfb, 0x6c, 0xfb,
  0x80, 0xfb, 0x90, 0xfb, 0xa8, 0xfb, 0xb8, 0xfb, 0xb8, 0xfb, 0xb4, 0xfb,
  0xa8, 0xfb, 0x9c, 0xfb, 0x80, 0xfb, 0x54, 0xfb, 0x2c, 0xfb, 0xfc, 0xfa,
  0xcc, 0xfa, 0xb8, 0xfa, 0xb0, 0xfa, 0xc0, 0xfa, 0xf0, 0xfa, 0x24, 0xfb,
  0x5c, 0xfb, 0x94, 0xfb, 0xd4, 0xfb, 0x14, 0xfc, 0x50, 0xfc, 0x84, 0xfc,
  0xa8, 0xfc, 0xbc, 0xfc, 0xb4, 0xfc, 0x98, 0xfc, 0x78, 0xfc, 0x50, 0xfc,
  0x28, 0xfc, 0x08, 0xfc, 0xe4, 0xfb, 0xc8, 0xfb, 0xb4, 0xfb, 0xb0, 0xfb,
  0xc4, 0xfb, 0xe4, 0xfb, 0x14, 0xfc, 0x44, 0xfc, 0x74, 0xfc, 0xa4, 0xfc,
  0xd4, 0xfc, 0xfc, 0xfc, 0x24, 0xfd, 0x44, 0xfd, 0x58, 0xfd, 0x70, 0xfd,
  0x90, 0xfd, 0xb4, 0xfd, 0xec, 0xfd, 0x38, 0xfe, 0x9c, 0xfe, 0x0c, 0xff,
  0x80, 0xff, 0xf8, 0xff, 0x6c, 0x00, 0xdc, 0x00, 0x44, 0x01, 0xa8, 0x01,
  0xfc, 0x01, 0x38, 0x02, 0x68, 0x02, 0x80, 0x02, 0x90, 0x02, 0x94, 0x02,
  0x8c, 0x02, 0x84, 0x02, 0x78, 0x02, 0x6c, 0x02, 0x64, 0x02, 0x60, 0x02,
  0x74, 0x02, 0xa0, 0x02, 0xdc, 0x02, 0x2c, 0x03, 0x84, 0x03, 0xe0, 0x03,
  0x40, 0x04, 0xac, 0x04, 0x14, 0x05, 0x68, 0x05, 0xa0, 0x05, 0xb4, 0x05,
  0xb0, 0x05, 0x8c, 0x05, 0x5c, 0x05, 0x24, 0x05, 0xe0, 0x04, 0xa0, 0x04,
  0x50, 0x04, 0xf8, 0x03, 0x98, 0x03, 0x30, 0x03, 0xcc, 0x02, 0x68, 0x02,
  0x00, 0x02, 0x94, 0x01, 0x2c, 0x01, 0xd8, 0x00, 0x9c, 0x00, 0x78, 0x00,
  0x64, 0x00, 0x64, 0x00, 0x7c, 0x00, 0xa0, 0x00, 0xd4, 0x00, 0x1c, 0x01,
  0x68, 0x01, 0xbc, 0x01, 0x14, 0x02, 0x60, 0x02, 0x9c, 0x02, 0xc8, 0x02,
  0xe0, 0x02, 0xec, 0x02, 0xe4, 0x02, 0xe4, 0x02, 0xe8, 0x02, 0xec, 0x02,
  0x08, 0x03, 0x1c, 0x03, 0x38, 0x03, 0x50, 0x03, 0x4c, 0x03, 0x34, 0x03,
  0x0c, 0x03, 0xe0, 0x02, 0xc4, 0x02, 0xb0, 0x02, 0xa4, 0x02, 0x8c, 0x02,
  0x6c, 0x02, 0x4c, 0x02, 0x28, 0x02, 0x0c, 0x02, 0xf4, 0x01, 0xe0, 0x01,
  0xd4, 0x01, 0xbc, 0x01, 0xa8, 0x01, 0x88, 0x01, 0x6c, 0x01, 0x5c, 0x01,
  0x4c, 0x01, 0x44, 0x01, 0x38, 0x01, 0x30, 0x01, 0x28, 0x01, 0x24, 0x01,
  0x3c, 0x01, 0x5c, 0x01, 0x84, 0x01, 0xa8, 0x01, 0xc0, 0x01, 0xcc, 0x01,
  0xc4, 0x01, 0xa8, 0x01, 0x70, 0x01, 0x18, 0x01, 0xa8, 0x00, 0x24, 0x00,
  0x90, 0xff, 0xf0, 0xfe, 0x64, 0xfe, 0xe4, 0xfd, 0x70, 0xfd, 0x0c, 0xfd,
  0xa0, 0xfc, 0x4c, 0xfc, 0x04, 0xfc, 0xd0, 0xfb, 0xc8, 0xfb, 0xc0, 0xfb,
  0xd8, 0xfb, 0x00, 0xfc, 0x30, 0xfc, 0x70, 0xfc, 0xac, 0xfc, 0xe0, 0xfc,
  0x04, 0xfd, 0xfc, 0xfc, 0xe0, 0xfc, 0xb0, 0xfc, 0x80, 0xfc, 0x4c, 0xfc,
  0x10, 0xfc, 0xd4, 0xfb, 0x8c, 0xfb, 0x40, 0xfb, 0xfc, 0xfa, 0xbc, 0xfa,
  0x9c, 0xfa, 0x7c, 0xfa, 0x74, 0xfa, 0x7c, 0xfa, 0x88, 0xfa, 0x94, 0xfa,
  0x94, 0xfa, 0x8c, 0xfa, 0x64, 0xfa, 0x30, 0xfa, 0xf4, 0xf9, 0xb8, 0xf9,
  0x9c, 0xf9, 0x9c, 0xf9, 0xbc, 0xf9, 0xf8, 0xf9, 0x48, 0xfa, 0x9c, 0xfa,
  0xf0, 0xfa, 0x4c, 0xfb, 0xa8, 0xfb, 0x0c, 0xfc, 0x70, 0xfc, 0xd8, 0xfc,
  0x34, 0xfd, 0x80, 0xfd, 0xbc, 0xfd, 0xf0, 0xfd, 0x1c, 0xfe, 0x34, 0xfe,
  0x4c, 0xfe, 0x60, 0xfe, 0x70, 0xfe, 0x80, 0xfe, 0x98, 0xfe, 0xb4, 0xfe,
  0xd8, 0xfe, 0x10, 0xff, 0x50, 0xff, 0x98, 0xff, 0xe4, 0xff, 0x3c, 0x00,
  0x9c, 0x00, 0x00, 0x01, 0x5c, 0x01, 0xac, 0x01, 0xf8, 0x01, 0x28, 0x02,
  0x4c, 0x02, 0x60, 0x02, 0x6c, 0x02, 0x80, 0x02, 0x94, 0x02, 0xa8, 0x02,
  0xb8, 0x02, 0xcc, 0x02, 0xe8, 0x02, 0x18, 0x03, 0x60, 0x03, 0xa0, 0x03,
  0xe4, 0x03, 0x28, 0x04, 0x60, 0x04, 0x98, 0x04, 0xb0, 0x04, 0xa8, 0x04,
  0x8c, 0x04, 0x50, 0x04, 0x14, 0x04, 0xe4, 0x03, 0xbc, 0x03, 0xa8, 0x03,
  0x9c, 0x03, 0x98, 0x03, 0x98, 0x03, 0x94, 0x03, 0xa0, 0x03, 0xb0, 0x03,
  0xd0, 0x03, 0x04, 0x04, 0x44, 0x04, 0x88, 0x04, 0xd0, 0x04, 0x10, 0x05,
  0x44, 0x05, 0x78, 0x05, 0xa8, 0x05, 0xdc, 0x05, 0x04, 0x06, 0x20, 0x06,
  0x38, 0x06, 0x3c, 0x06, 0x30, 0x06, 0x14, 0x06, 0xc8, 0x05, 0x60, 0x05,
  0xdc, 0x04, 0x4c, 0x04, 0xbc, 0x03, 0x2c, 0x03, 0xa8, 0x02, 0x40, 0x02,
  0xe0, 0x01, 0x7c, 0x01, 0x1c, 0x01, 0xb4, 0x00, 0x50, 0x00, 0x08, 0x00,
  0xd4, 0xff, 0xb4, 0xff, 0xac, 0xff, 0xac, 0xff, 0xbc, 0xff, 0xd0, 0xff,
  0xec, 0xff, 0x24, 0x00, 0x54, 0x00, 0x90, 0x00, 0xc0, 0x00, 0xe8, 0x00,
  0x18, 0x01, 0x38, 0x01, 0x40, 0x01, 0x30, 0x01, 0xf4, 0x00, 0x9c, 0x00,
  0x34, 0x00, 0xc0, 0xff, 0x48, 0xff, 0xd8, 0xfe, 0x60, 0xfe, 0xe4, 0xfd,
  0x60, 0xfd, 0xe0, 0xfc, 0x6c, 0xfc, 0xfc, 0xfb, 0x94, 0xfb, 0x2c, 0xfb,
  0xc8, 0xfa, 0x70, 0xfa, 0x20, 0xfa, 0xe4, 0xf9, 0xb8, 0xf9, 0x8c, 0xf9,
  0x64, 0xf9, 0x40, 0xf9, 0x30, 0xf9, 0x30, 0xf9, 0x40, 0xf9, 0x64, 0xf9,
  0x88, 0xf9, 0xb0, 0xf9, 0xd4, 0xf9, 0xf4, 0xf9, 0x1c, 0xfa, 0x3c, 0xfa,
  0x60, 0xfa, 0x84, 0xfa, 0x9c, 0xfa, 0xb8, 0xfa, 0xb4, 0xfa, 0xa4, 0xfa,
  0x94, 0xfa, 0x80, 0xfa, 0x78, 0xfa, 0x6c, 0xfa, 0x68, 0xfa, 0x74, 0xfa,
  0x9c, 0xfa, 0xe4, 0xfa, 0x40, 0xfb, 0xc0, 0xfb, 0x44, 0xfc, 0xd8, 0xfc,
  0x78, 0xfd, 0x14, 0xfe, 0xa4, 0xfe, 0x28, 0xff, 0x94, 0xff, 0xe4, 0xff,
  0x18, 0x00, 0x38, 0x00, 0x54, 0x00, 0x68, 0x00, 0x7c, 0x00, 0xac, 0x00,
  0xf8, 0x00, 0x6c, 0x01, 0xf4, 0x01, 0x8c, 0x02, 0x24, 0x03, 0xac, 0x03,
  0x2c, 0x04, 0x9c, 0x04, 0xfc, 0x04, 0x48, 0x05, 0x7c, 0x05, 0x8c, 0x05,
  0x84, 0x05, 0x68, 0x05, 0x30, 0x05, 0xf4, 0x04, 0xb4, 0x04, 0x74, 0x04,
  0x48, 0x04, 0x10, 0x04, 0xec, 0x03, 0xf0, 0x03, 0x0c, 0x04, 0x4c, 0x04,
  0x9c, 0x04, 0xec, 0x04, 0x28, 0x05, 0x4c, 0x05, 0x64, 0x05, 0x70, 0x05,
  0x80, 0x05, 0x98, 0x05, 0xa4, 0x05, 0xa4, 0x05, 0x98, 0x05, 0x74, 0x05,
  0x48, 0x05, 0x10, 0x05, 0xc8, 0x04, 0x74, 0x04, 0x14, 0x04, 0xb0, 0x03,
  0x44, 0x03, 0xdc, 0x02, 0x84, 0x02, 0x38, 0x02, 0xf4, 0x01, 0xbc, 0x01,
  0x84, 0x01, 0x44, 0x01, 0x08, 0x01, 0xc8, 0x00, 0x7c, 0x00, 0x28, 0x00,
  0xd4, 0xff, 0x6c, 0xff, 0x08, 0xff, 0x9c, 0xfe, 0x2c, 0xfe, 0xcc, 0xfd,
  0x78, 0xfd, 0x28, 0xfd, 0xe8, 0xfc, 0xbc, 0xfc, 0xa0, 0xfc, 0x98, 0xfc,
  0xa0, 0xfc, 0xa8, 0xfc, 0xb0, 0xfc, 0xc4, 0xfc, 0xd4, 0xfc, 0xe8, 0xfc,
  0x00, 0xfd, 0x18, 0xfd, 0x40, 0xfd, 0x70, 0xfd, 0xa8, 0xfd, 0xe4, 0xfd,
  0x24, 0xfe, 0x64, 0xfe, 0x94, 0xfe, 0xcc, 0xfe, 0xec, 0xfe, 0x0c, 0xff,
  0x28, 0xff, 0x34, 0xff, 0x50, 0xff, 0x60, 0xff, 0x64, 0xff, 0x60, 0xff,
  0x44, 0xff, 0x24, 0xff, 0xf0, 0xfe, 0xc0, 0xfe, 0x9c, 0xfe, 0x74, 0xfe,
  0x54, 0xfe, 0x2c, 0xfe, 0x00, 0xfe, 0xd8, 0xfd, 0xb8, 0xfd, 0xa8, 0xfd,
  0x94, 0xfd, 0x88, 0xfd, 0x70, 0xfd, 0x48, 0xfd, 0x18, 0xfd, 0xd8, 0xfc,
  0xa0, 0xfc, 0x64, 0xfc, 0x34, 0xfc, 0x08, 0xfc, 0xd8, 0xfb, 0xa4, 0xfb,
  0x70, 0xfb, 0x44, 0xfb, 0x34, 0xfb, 0x40, 0xfb, 0x64, 0xfb, 0x94, 0xfb,
  0xcc, 0xfb, 0x14, 0xfc, 0x64, 0xfc, 0xc0, 0xfc, 0x18, 0xfd, 0x70, 0xfd,
  0xcc, 0xfd, 0x18, 0xfe, 0x68, 0xfe, 0xa8, 0xfe, 0xd0, 0xfe, 0xf0, 0xfe,
  0x0c, 0xff, 0x2c, 0xff, 0x48, 0xff, 0x74, 0xff, 0xa4, 0xff, 0xdc, 0xff,
  0x1c, 0x00, 0x60, 0x00, 0xbc, 0x00, 0x20, 0x01, 0x8c, 0x01, 0x00, 0x02,
  0x74, 0x02, 0xe8, 0x02, 0x50, 0x03, 0xb4, 0x03, 0x04, 0x04, 0x50, 0x04,
  0x90, 0x04, 0xc8, 0x04, 0x04, 0x05, 0x3c, 0x05, 0x80, 0x05, 0xc0, 0x05,
  0x08, 0x06, 0x5c, 0x06, 0xa8, 0x06, 0x0c, 0x07, 0x78, 0x07, 0xe0, 0x07,
  0x50, 0x08, 0xbc, 0x08, 0x1c, 0x09, 0x70, 0x09, 0xa0, 0x09, 0xb0, 0x09,
  0x98, 0x09, 0x60, 0x09, 0x18, 0x09, 0xbc, 0x08, 0x58, 0x08, 0xf0, 0x07,
  0x7c, 0x07, 0x10, 0x07, 0xa8, 0x06, 0x40, 0x06, 0xe0, 0x05, 0x80, 0x05,
  0x28, 0x05, 0xd4, 0x04, 0x7c, 0x04, 0x24, 0x04, 0xc0, 0x03, 0x5c, 0x03,
  0xf4, 0x02, 0x84, 0x02, 0x18, 0x02, 0xa4, 0x01, 0x48, 0x01, 0xf0, 0x00,
  0xa0, 0x00, 0x60, 0x00, 0x20, 0x00, 0xe0, 0xff, 0x98, 0xff, 0x44, 0xff,
  0xe4, 0xfe, 0x78, 0xfe, 0x18, 0xfe, 0xb8, 0xfd, 0x58, 0xfd, 0x00, 0xfd,
  0xac, 0xfc, 0x5c, 0xfc, 0x10, 0xfc, 0xc8, 0xfb, 0x88, 0xfb, 0x3c, 0xfb,
  0xf8, 0xfa, 0xa4, 0xfa, 0x48, 0xfa, 0xf4, 0xf9, 0x9c, 0xf9, 0x4c, 0xf9,
  0x04, 0xf9, 0xb8, 0xf8, 0x78, 0xf8, 0x40, 0xf8, 0x14, 0xf8, 0xfc, 0xf7,
  0xf8, 0xf7, 0x04, 0xf8, 0x20, 0xf8, 0x44, 0xf8, 0x60, 0xf8, 0x80, 0xf8,
  0x94, 0xf8, 0xa0, 0xf8, 0xac, 0xf8, 0xb8, 0xf8, 0xc8, 0xf8, 0xe0, 0xf8,
  0xfc, 0xf8, 0x14, 0xf9, 0x28, 0xf9, 0x4c, 0xf9, 0x78, 0xf9, 0xb4, 0xf9,
  0xfc, 0xf9, 0x4c, 0xfa, 0xa4, 0xfa, 0xf0, 0xfa, 0x40, 0xfb, 0x90, 0xfb,
  0xd8, 0xfb, 0x34, 0xfc, 0xa0, 0xfc, 0x24, 0xfd, 0xb0, 0xfd, 0x40, 0xfe,
  0xd0, 0xfe, 0x58, 0xff, 0xe0, 0xff, 0x74, 0x00, 0x0c, 0x01, 0xa0, 0x01,
  0x2c, 0x02, 0xc4, 0x02, 0x50, 0x03, 0xd0, 0x03, 0x48, 0x04, 0x98, 0x04,
  0xd4, 0x04, 0xf8, 0x04, 0xf0, 0x04, 0xe0, 0x04, 0xb8, 0x04, 0x8c, 0x04,
  0x60, 0x04, 0x24, 0x04, 0xe4, 0x03, 0x98, 0x03, 0x50, 0x03, 0x18, 0x03,
  0xfc, 0x02, 0xec, 0x02, 0xf4, 0x02, 0xfc, 0x02, 0x08, 0x03, 0x18, 0x03,
  0x18, 0x03, 0x24, 0x03, 0x2c, 0x03, 0x2c, 0x03, 0x24, 0x03, 0x08, 0x03,
  0xe4, 0x02, 0xc4, 0x02, 0xa4, 0x02, 0x8c, 0x02, 0x70, 0x02, 0x50, 0x02,
  0x2c, 0x02, 0x00, 0x02, 0xcc, 0x01, 0x8c, 0x01, 0x4c, 0x01, 0x0c, 0x01,
  0xcc, 0x00, 0x70, 0x00, 0x04, 0x00, 0x94, 0xff, 0x28, 0xff, 0xdc, 0xfe,
  0xb0, 0xfe, 0xa4, 0xfe, 0xc0, 0xfe, 0xec, 0xfe, 0x28, 0xff, 0x6c, 0xff,
  0xb4, 0xff, 0x14, 0x00, 0x74, 0x00, 0xcc, 0x00, 0x14, 0x01, 0x40, 0x01,
  0x58, 0x01, 0x5c, 0x01, 0x58, 0x01, 0x44, 0x01, 0x28, 0x01, 0xfc, 0x00,
  0xd8, 0x00, 0xc0, 0x00, 0xb4, 0x00, 0xb4, 0x00, 0xb0, 0x00, 0x98, 0x00,
  0x7c, 0x00, 0x58, 0x00, 0x24, 0x00, 0xf4, 0xff, 0xc0, 0xff, 0x90, 0xff,
  0x58, 0xff, 0x1c, 0xff, 0xe0, 0xfe, 0xa0, 0xfe, 0x6c, 0xfe, 0x44, 0xfe,
  0x28, 0xfe, 0x2c, 0xfe, 0x34, 0xfe, 0x50, 0xfe, 0x90, 0xfe, 0xe8, 0xfe,
  0x5c, 0xff, 0xe0, 0xff, 0x6c, 0x00, 0xf4, 0x00, 0x7c, 0x01, 0x08, 0x02,
  0x8c, 0x02, 0x08, 0x03, 0x7c, 0x03, 0xd8, 0x03, 0x1c, 0x04, 0x44, 0x04,
  0x44, 0x04, 0x20, 0x04, 0xd4, 0x03, 0x74, 0x03, 0xf8, 0x02, 0x5c, 0x02,
  0xbc, 0x01, 0x00, 0x01, 0x48, 0x00, 0x9c, 0xff, 0xf8, 0xfe, 0x78, 0xfe,
  0x18, 0xfe, 0xd8, 0xfd, 0xb8, 0xfd, 0xc8, 0xfd, 0xf8, 0xfd, 0x44, 0xfe,
  0xa4, 0xfe, 0xf0, 0xfe, 0x2c, 0xff, 0x58, 0xff, 0x6c, 0xff, 0x84, 0xff,
  0x9c, 0xff, 0xb8, 0xff, 0xd8, 0xff, 0xfc, 0xff, 0x1c, 0x00, 0x30, 0x00,
  0x4c, 0x00, 0x64, 0x00, 0x78, 0x00, 0x98, 0x00, 0xac, 0x00, 0xbc, 0x00,
  0xb8, 0x00, 0xa0, 0x00, 0x84, 0x00, 0x50, 0x00, 0x18, 0x00, 0xb8, 0xff,
  0x40, 0xff, 0xb0, 0xfe, 0x08, 0xfe, 0x78, 0xfd, 0xec, 0xfc, 0x78, 0xfc,
  0x30, 0xfc, 0x00, 0xfc, 0xf8, 0xfb, 0xfc, 0xfb, 0x0c, 0xfc, 0x30, 0xfc,
  0x58, 0xfc, 0x90, 0xfc, 0xbc, 0xfc, 0xdc, 0xfc, 0xf4, 0xfc, 0xf8, 0xfc,
  0xf4, 0xfc, 0xec, 0xfc, 0xe0, 0xfc, 0xd8, 0xfc, 0xc0, 0xfc, 0xa0, 0xfc,
  0x78, 0xfc, 0x54, 0xfc, 0x30, 0xfc, 0x18, 0xfc, 0x04, 0xfc, 0xfc, 0xfb,
  0xf8, 0xfb, 0xfc, 0xfb, 0x08, 0xfc, 0x18, 0xfc, 0x34, 0xfc, 0x54, 0xfc,
  0x8c, 0xfc, 0xc8, 0xfc, 0x08, 0xfd, 0x54, 0xfd, 0x9c, 0xfd, 0xe0, 0xfd,
  0x20, 0xfe, 0x58, 0xfe, 0x8c, 0xfe, 0xbc, 0xfe, 0x00, 0xff, 0x48, 0xff,
  0xa0, 0xff, 0x08, 0x00, 0x68, 0x00, 0xc4, 0x00, 0x14, 0x01, 0x54, 0x01,
  0x84, 0x01, 0xa8, 0x01, 0xc8, 0x01, 0xe4, 0x01, 0x00, 0x02, 0x18, 0x02,
  0x30, 0x02, 0x40, 0x02, 0x58, 0x02, 0x74, 0x02, 0x98, 0x02, 0xc4, 0x02,
  0xec, 0x02, 0x14, 0x03, 0x38, 0x03, 0x58, 0x03, 0x74, 0x03, 0x8c, 0x03,
  0x9c, 0x03, 0xa8, 0x03, 0xac, 0x03, 0xb0, 0x03, 0xbc, 0x03, 0xc0, 0x03,
  0xd0, 0x03, 0xe0, 0x03, 0xf8, 0x03, 0x18, 0x04, 0x38, 0x04, 0x64, 0x04,
  0x90, 0x04, 0xb8, 0x04, 0xe0, 0x04, 0xfc, 0x04, 0x0c, 0x05, 0x04, 0x05,
  0xec, 0x04, 0xc4, 0x04, 0x84, 0x04, 0x38, 0x04, 0xdc, 0x03, 0x70, 0x03,
  0xf0, 0x02, 0x6c, 0x02, 0xe0, 0x01, 0x68, 0x01, 0x00, 0x01, 0xa8, 0x00,
  0x68, 0x00, 0x38, 0x00, 0x20, 0x00, 0x28, 0x00, 0x44, 0x00, 0x80, 0x00,
  0xc0, 0x00, 0x10, 0x01, 0x64, 0x01, 0xb0, 0x01, 0x08, 0x02, 0x4c, 0x02,
  0x8c, 0x02, 0xc4, 0x02, 0xd8, 0x02, 0xd8, 0x02, 0xc0, 0x02, 0x88, 0x02,
  0x48, 0x02, 0xf8, 0x01, 0xa8, 0x01, 0x54, 0x01, 0xf8, 0x00, 0x98, 0x00,
  0x2c, 0x00, 0xc0, 0xff, 0x5c, 0xff, 0xe8, 0xfe, 0x70, 0xfe, 0xf4, 0xfd,
  0x80, 0xfd, 0x1c, 0xfd, 0xc8, 0xfc, 0x94, 0xfc, 0x80, 0xfc, 0x84, 0xfc,
  0x9c, 0xfc, 0xc4, 0xfc, 0xf8, 0xfc, 0x2c, 0xfd, 0x70, 0xfd, 0xcc, 0xfd,
  0x28, 0xfe, 0x84, 0xfe, 0xdc, 0xfe, 0x2c, 0xff, 0x70, 0xff, 0x9c, 0xff,
  0xbc, 0xff, 0xc0, 0xff, 0xb0, 0xff, 0x88, 0xff, 0x40, 0xff, 0xe4, 0xfe,
  0x70, 0xfe, 0xf0, 0xfd, 0x74, 0xfd, 0xf0, 0xfc, 0x70, 0xfc, 0xf0, 0xfb,
  0x78, 0xfb, 0x18, 0xfb, 0xcc, 0xfa, 0x98, 0xfa, 0x7c, 0xfa, 0x60, 0xfa,
  0x54, 0xfa, 0x48, 0xfa, 0x40, 0xfa, 0x44, 0xfa, 0x40, 0xfa, 0x34, 0xfa,
  0x28, 0xfa, 0x34, 0xfa, 0x54, 0xfa, 0x88, 0xfa, 0xc8, 0xfa, 0x0c, 0xfb,
  0x54, 0xfb, 0x9c, 0xfb, 0xec, 0xfb, 0x34, 0xfc, 0x84, 0xfc, 0xe4, 0xfc,
  0x4c, 0xfd, 0xa8, 0xfd, 0x04, 0xfe, 0x4c, 0xfe, 0x90, 0xfe, 0xd0, 0xfe,
  0x08, 0xff, 0x38, 0xff, 0x6c, 0xff, 0x98, 0xff, 0xcc, 0xff, 0x08, 0x00,
  0x48, 0x00, 0x94, 0x00, 0xec, 0x00, 0x4c, 0x01, 0xb8, 0x01, 0x1c, 0x02,
  0x7c, 0x02, 0xdc, 0x02, 0x34, 0x03, 0x98, 0x03, 0xf0, 0x03, 0x48, 0x04,
  0x8c, 0x04, 0xc0, 0x04, 0xf4, 0x04, 0x1c, 0x05, 0x4c, 0x05, 0x80, 0x05,
  0xac, 0x05, 0xdc, 0x05, 0x08, 0x06, 0x38, 0x06, 0x64, 0x06, 0x88, 0x06,
  0xac, 0x06, 0xc8, 0x06, 0xcc, 0x06, 0xc0, 0x06, 0x9c, 0x06, 0x64, 0x06,
  0x34, 0x06, 0x08, 0x06, 0xe4, 0x05, 0xc4, 0x05, 0x9c, 0x05, 0x80, 0x05,
  0x64, 0x05, 0x50, 0x05, 0x48, 0x05, 0x3c, 0x05, 0x28, 0x05, 0x0c, 0x05,
  0xdc, 0x04, 0xa4, 0x04, 0x64, 0x04, 0x20, 0x04, 0xdc, 0x03, 0x88, 0x03,
  0x2c, 0x03, 0xbc, 0x02, 0x4c, 0x02, 0xdc, 0x01, 0x70, 0x01, 0x08, 0x01,
  0xa4, 0x00, 0x44, 0x00, 0xdc, 0xff, 0x74, 0xff, 0x0c, 0xff, 0x98, 0xfe,
  0x30, 0xfe, 0xc0, 0xfd, 0x4c, 0xfd, 0xf0, 0xfc, 0xa8, 0xfc, 0x74, 0xfc,
  0x68, 0xfc, 0x6c, 0xfc, 0x84, 0xfc, 0xa8, 0xfc, 0xc0, 0xfc, 0xe0, 0xfc,
  0x04, 0xfd, 0x2c, 0xfd, 0x54, 0xfd, 0x78, 0xfd, 0x94, 0xfd, 0xa4, 0xfd,
  0xb8, 0xfd, 0xc8, 0xfd, 0xe0, 0xfd, 0xfc, 0xfd, 0x14, 0xfe, 0x30, 0xfe,
  0x44, 0xfe, 0x50, 0xfe, 0x58, 0xfe, 0x5c, 0xfe, 0x58, 0xfe, 0x54, 0xfe,
  0x40, 0xfe, 0x30, 0xfe, 0x1c, 0xfe, 0x04, 0xfe, 0xfc, 0xfd, 0xf0, 0xfd,
  0xf0, 0xfd, 0xfc, 0xfd, 0x04, 0xfe, 0x14, 0xfe, 0x2c, 0xfe, 0x38, 0xfe,
  0x48, 0xfe, 0x4c, 0xfe, 0x3c, 0xfe, 0x24, 0xfe, 0xf8, 0xfd, 0xd0, 0xfd,
  0xac, 0xfd, 0x84, 0xfd, 0x70, 0xfd, 0x5c, 0xfd, 0x58, 0xfd, 0x64, 0xfd,
  0x7c, 0xfd, 0xa8, 0xfd, 0xec, 0xfd, 0x44, 0xfe, 0xa8, 0xfe, 0x08, 0xff,
  0x64, 0xff, 0xac, 0xff, 0xe0, 0xff, 0x04, 0x00, 0x08, 0x00, 0xf4, 0xff,
  0xb4, 0xff, 0x60, 0xff, 0xf8, 0xfe, 0x78, 0xfe, 0xfc, 0xfd, 0x78, 0xfd,
  0x08, 0xfd, 0x9c, 0xfc, 0x38, 0xfc, 0xe4, 0xfb, 0x98, 0xfb, 0x70, 0xfb,
  0x6c, 0xfb, 0x78, 0xfb, 0x98, 0xfb, 0xc0, 0xfb, 0xe8, 0xfb, 0x18, 0xfc,
  0x44, 0xfc, 0x7c, 0xfc, 0xa4, 0xfc, 0xc4, 0xfc, 0xe0, 0xfc, 0xd0, 0xfc,
  0xc4, 0xfc, 0xa8, 0xfc, 0x84, 0xfc, 0x70, 0xfc, 0x50, 0xfc, 0x48, 0xfc,
  0x38, 0xfc, 0x2c, 0xfc, 0x30, 0xfc, 0x30, 0xfc, 0x44, 0xfc, 0x5c, 0xfc,
  0x7c, 0xfc, 0xa4, 0xfc, 0xd0, 0xfc, 0x14, 0xfd, 0x68, 0xfd, 0xd0, 0xfd,
  0x4c, 0xfe, 0xd8, 0xfe, 0x80, 0xff, 0x38, 0x00, 0xf0, 0x00, 0xbc, 0x01,
  0x94, 0x02, 0x64, 0x03, 0x3c, 0x04, 0x08, 0x05, 0xc0, 0x05, 0x68, 0x06,
  0xe8, 0x06, 0x50, 0x07, 0xa8, 0x07, 0xe8, 0x07, 0x18, 0x08, 0x30, 0x08,
  0x34, 0x08, 0x3c, 0x08, 0x30, 0x08, 0x08, 0x08, 0xd4, 0x07, 0x90, 0x07,
  0x44, 0x07, 0x00, 0x07, 0xbc, 0x06, 0x8c, 0x06, 0x68, 0x06, 0x3c, 0x06,
  0x20, 0x06, 0xfc, 0x05, 0xdc, 0x05, 0xc4, 0x05, 0xa8, 0x05, 0xa0, 0x05,
  0x9c, 0x05, 0x98, 0x05, 0x8c, 0x05, 0x7c, 0x05, 0x74, 0x05, 0x60, 0x05,
  0x4c, 0x05, 0x40, 0x05, 0x24, 0x05, 0x08, 0x05, 0xdc, 0x04, 0xa4, 0x04,
  0x74, 0x04, 0x3c, 0x04, 0x10, 0x04, 0xd8, 0x03, 0x90, 0x03, 0x34, 0x03,
  0xc8, 0x02, 0x5c, 0x02, 0xf8, 0x01, 0x9c, 0x01, 0x48, 0x01, 0xe8, 0x00,
  0x6c, 0x00, 0xdc, 0xff, 0x48, 0xff, 0xc0, 0xfe, 0x54, 0xfe, 0xf4, 0xfd,
  0xa0, 0xfd, 0x5c, 0xfd, 0x24, 0xfd, 0x08, 0xfd, 0x00, 0xfd, 0x08, 0xfd,
  0x0c, 0xfd, 0x0c, 0xfd, 0x0c, 0xfd, 0xf8, 0xfc, 0xf0, 0xfc, 0xfc, 0xfc,
  0x10, 0xfd, 0x24, 0xfd, 0x34, 0xfd, 0x38, 0xfd, 0x38, 0xfd, 0x34, 0xfd,
  0x34, 0xfd, 0x40, 0xfd, 0x4c, 0xfd, 0x50, 0xfd, 0x58, 0xfd, 0x4c, 0xfd,
  0x38, 0xfd, 0x28, 0xfd, 0x1c, 0xfd, 0x10, 0xfd, 0xf4, 0xfc, 0xe0, 0xfc,
  0xb8, 0xfc, 0x98, 0xfc, 0x80, 0xfc, 0x68, 0xfc, 0x68, 0xfc, 0x6c, 0xfc,
  0x88, 0xfc, 0xb8, 0xfc, 0xf0, 0xfc, 0x2c, 0xfd, 0x60, 0xfd, 0x90, 0xfd,
  0xa0, 0xfd, 0x9c, 0xfd, 0x78, 0xfd, 0x34, 0xfd, 0xe4, 0xfc, 0x74, 0xfc,
  0xf8, 0xfb, 0x74, 0xfb, 0xe8, 0xfa, 0x5c, 0xfa, 0xc0, 0xf9, 0x2c, 0xf9,
  0xb4, 0xf8, 0x50, 0xf8, 0x10, 0xf8, 0xec, 0xf7, 0xd8, 0xf7, 0xe4, 0xf7,
  0x08, 0xf8, 0x44, 0xf8, 0xa0, 0xf8, 0x10, 0xf9, 0x94, 0xf9, 0x1c, 0xfa,
  0xa0, 0xfa, 0x20, 0xfb, 0x98, 0xfb, 0x14, 0xfc, 0x88, 0xfc, 0xf0, 0xfc,
  0x48, 0xfd, 0x94, 0xfd, 0xd0, 0xfd, 0x00, 0xfe, 0x30, 0xfe, 0x60, 0xfe,
  0x98, 0xfe, 0xbc, 0xfe, 0xc8, 0xfe, 0xcc, 0xfe, 0xb8, 0xfe, 0xa4, 0xfe,
  0x9c, 0xfe, 0x94, 0xfe, 0x98, 0xfe, 0xb0, 0xfe, 0xd0, 0xfe, 0x10, 0xff,
  0x74, 0xff, 0xe8, 0xff, 0x70, 0x00, 0x00, 0x01, 0x94, 0x01, 0x34, 0x02,
  0xdc, 0x02, 0x94, 0x03, 0x48, 0x04, 0xf4, 0x04, 0x88, 0x05, 0xfc, 0x05,
  0x58, 0x06, 0x9c, 0x06, 0xd0, 0x06, 0x00, 0x07, 0x28, 0x07, 0x50, 0x07,
  0x74, 0x07, 0x84, 0x07, 0x80, 0x07, 0x78, 0x07, 0x68, 0x07, 0x60, 0x07,
  0x5c, 0x07, 0x4c, 0x07, 0x34, 0x07, 0x08, 0x07, 0xd0, 0x06, 0xa0, 0x06,
  0x70, 0x06, 0x3c, 0x06, 0x0c, 0x06, 0xd4, 0x05, 0x88, 0x05, 0x3c, 0x05,
  0xf0, 0x04, 0xb0, 0x04, 0x6c, 0x04, 0x30, 0x04, 0xfc, 0x03, 0xb4, 0x03,
  0x84, 0x03, 0x6c, 0x03, 0x60, 0x03, 0x74, 0x03, 0x8c, 0x03, 0xa4, 0x03,
  0xb8, 0x03, 0xc4, 0x03, 0xd0, 0x03, 0xe8, 0x03, 0x08, 0x04, 0x24, 0x04,
  0x2c, 0x04, 0x14, 0x04, 0xe8, 0x03, 0xa0, 0x03, 0x44, 0x03, 0xe4, 0x02,
  0x6c, 0x02, 0xd4, 0x01, 0x28, 0x01, 0x60, 0x00, 0xa4, 0xff, 0xf8, 0xfe,
  0x60, 0xfe, 0xe8, 0xfd, 0x7c, 0xfd, 0x20, 0xfd, 0xd0, 0xfc, 0x90, 0xfc,
  0x6c, 0xfc, 0x6c, 0xfc, 0x90, 0xfc, 0xd4, 0xfc, 0x24, 0xfd, 0x80, 0xfd,
  0xdc, 0xfd, 0x44, 0xfe, 0xbc, 0xfe, 0x38, 0xff, 0xa8, 0xff, 0x04, 0x00,
  0x3c, 0x00, 0x5c, 0x00, 0x5c, 0x00, 0x50, 0x00, 0x20, 0x00, 0xc8, 0xff,
  0x50, 0xff, 0xbc, 0xfe, 0x14, 0xfe, 0x70, 0xfd, 0xc8, 0xfc, 0x30, 0xfc,
  0xa4, 0xfb, 0x1c, 0xfb, 0xa0, 0xfa, 0x34, 0xfa, 0xe4, 0xf9, 0xc4, 0xf9,
  0xd4, 0xf9, 0x14, 0xfa, 0x68, 0xfa, 0xcc, 0xfa, 0x3c, 0xfb, 0xa8, 0xfb,
  0x18, 0xfc, 0x8c, 0xfc, 0xfc, 0xfc, 0x64, 0xfd, 0xb8, 0xfd, 0xf8, 0xfd,
  0x34, 0xfe, 0x68, 0xfe, 0xa4, 0xfe, 0xe4, 0xfe, 0x18, 0xff, 0x44, 0xff,
  0x54, 0xff, 0x5c, 0xff, 0x64, 0xff, 0x74, 0xff, 0x8c, 0xff, 0x90, 0xff,
  0x84, 0xff, 0x58, 0xff, 0x1c, 0xff, 0xdc, 0xfe, 0xa0, 0xfe, 0x88, 0xfe,
  0x6c, 0xfe, 0x60, 0xfe, 0x5c, 0xfe, 0x5c, 0xfe, 0x7c, 0xfe, 0xb8, 0xfe,
  0x1c, 0xff, 0x94, 0xff, 0x0c, 0x00, 0x84, 0x00, 0xf0, 0x00, 0x60, 0x01,
  0xdc, 0x01, 0x58, 0x02, 0xd0, 0x02, 0x34, 0x03, 0x78, 0x03, 0x9c, 0x03,
  0xa8, 0x03, 0xb0, 0x03, 0xc0, 0x03, 0xc4, 0x03, 0xbc, 0x03, 0xb0, 0x03,
  0x90, 0x03, 0x60, 0x03, 0x40, 0x03, 0x20, 0x03, 0x10, 0x03, 0x08, 0x03,
  0xf4, 0x02, 0xdc, 0x02, 0xc0, 0x02, 0xa0, 0x02, 0x98, 0x02, 0xa0, 0x02,
  0xb4, 0x02, 0xd8, 0x02, 0xf0, 0x02, 0x0c, 0x03, 0x24, 0x03, 0x44, 0x03,
  0x68, 0x03, 0x8c, 0x03, 0xa8, 0x03, 0xb0, 0x03, 0xa0, 0x03, 0x90, 0x03,
  0x80, 0x03, 0x70, 0x03, 0x58, 0x03, 0x34, 0x03, 0xec, 0x02, 0x88, 0x02,
  0x0c, 0x02, 0x78, 0x01, 0xe8, 0x00, 0x54, 0x00, 0xa8, 0xff, 0xfc, 0xfe,
  0x50, 0xfe, 0xa4, 0xfd, 0x0c, 0xfd, 0x84, 0xfc, 0x14, 0xfc, 0xbc, 0xfb,
  0x78, 0xfb, 0x48, 0xfb, 0x28, 0xfb, 0x34, 0xfb, 0x70, 0xfb, 0xd0, 0xfb,
  0x40, 0xfc, 0xb0, 0xfc, 0x10, 0xfd, 0x68, 0xfd, 0xac, 0xfd, 0xfc, 0xfd,
  0x48, 0xfe, 0x78, 0xfe, 0x9c, 0xfe, 0x90, 0xfe, 0x60, 0xfe, 0x24, 0xfe,
  0xcc, 0xfd, 0x74, 0xfd, 0x14, 0xfd, 0xb0, 0xfc, 0x4c, 0xfc, 0xf0, 0xfb,
  0x98, 0xfb, 0x48, 0xfb, 0x08, 0xfb, 0xd4, 0xfa, 0x9c, 0xfa, 0x70, 0xfa,
  0x3c, 0xfa, 0x0c, 0xfa, 0x0c, 0xfa, 0x30, 0xfa, 0x78, 0xfa, 0xc8, 0xfa,
  0x1c, 0xfb, 0x8c, 0xfb, 0xf8, 0xfb, 0x6c, 0xfc, 0xf8, 0xfc, 0x94, 0xfd,
  0x28, 0xfe, 0xb0, 0xfe, 0x2c, 0xff, 0x94, 0xff, 0xf8, 0xff, 0x44, 0x00,
  0x80, 0x00, 0xb4, 0x00, 0xd0, 0x00, 0xe0, 0x00, 0xd8, 0x00, 0xcc, 0x00,
  0xd0, 0x00, 0xe0, 0x00, 0xfc, 0x00, 0x20, 0x01, 0x54, 0x01, 0x88, 0x01,
  0xc0, 0x01, 0xf4, 0x01, 0x34, 0x02, 0x7c, 0x02, 0xcc, 0x02, 0x10, 0x03,
  0x20, 0x03, 0x00, 0x03, 0xf0, 0x02, 0x08, 0x03, 0x10, 0x03, 0x0c, 0x03,
  0x1c, 0x03, 0x28, 0x03, 0x38, 0x03, 0x38, 0x03, 0x38, 0x03, 0x44, 0x03,
  0x30, 0x03, 0x18, 0x03, 0xf8, 0x02, 0xd8, 0x02, 0xbc, 0x02, 0x98, 0x02,
  0x80, 0x02, 0x68, 0x02, 0x4c, 0x02, 0x34, 0x02, 0x1c, 0x02, 0x08, 0x02,
  0xf0, 0x01, 0xe0, 0x01, 0xd8, 0x01, 0xd4, 0x01, 0xd0, 0x01, 0xc4, 0x01,
  0xc0, 0x01, 0xb8, 0x01, 0xac, 0x01, 0xa0, 0x01, 0x94, 0x01, 0x88, 0x01,
  0x7c, 0x01, 0x68, 0x01, 0x58, 0x01, 0x3c, 0x01, 0x1c, 0x01, 0x04, 0x01,
  0xec, 0x00, 0xd8, 0x00, 0xcc, 0x00, 0xb8, 0x00, 0xa8, 0x00, 0x98, 0x00,
  0x88, 0x00, 0x84, 0x00, 0x7c, 0x00, 0x7c, 0x00, 0x7c, 0x00, 0x7c, 0x00,
  0x84, 0x00, 0x88, 0x00, 0x88, 0x00, 0x88, 0x00, 0x7c, 0x00, 0x78, 0x00,
  0x74, 0x00, 0x74, 0x00, 0x6c, 0x00, 0x68, 0x00, 0x60, 0x00, 0x58, 0x00,
  0x54, 0x00, 0x4c, 0x00, 0x48, 0x00, 0x3c, 0x00, 0x34, 0x00, 0x2c, 0x00,
  0x24, 0x00, 0x1c, 0x00, 0x04, 0x00, 0xf8, 0xff, 0xe8, 0xff, 0xdc, 0xff,
  0xd4, 0xff, 0xd4, 0xff, 0xdc, 0xff, 0xdc, 0xff, 0xe0, 0xff, 0xdc, 0xff,
  0xd8, 0xff, 0xd4, 0xff, 0xcc, 0xff, 0xc8, 0xff, 0xc4, 0xff, 0xc4, 0xff,
  0xb8, 0xff, 0xb0, 0xff, 0xa8, 0xff, 0xa0, 0xff, 0x9c, 0xff, 0x90, 0xff,
  0x8c, 0xff, 0x8c, 0xff, 0x84, 0xff, 0x84, 0xff, 0x7c, 0xff, 0x7c, 0xff,
  0x7c, 0xff, 0x7c, 0xff, 0x80, 0xff, 0x84, 0xff, 0x8c, 0xff, 0x94, 0xff,
  0x94, 0xff, 0x94, 0xff, 0xa0, 0xff, 0xa8, 0xff, 0xb4, 0xff, 0xbc, 0xff,
  0xc4, 0xff, 0xd4, 0xff, 0xd8, 0xff, 0xe8, 0xff, 0xf4, 0xff, 0xf8, 0xff,
  0x04, 0x00, 0x08, 0x00, 0x08, 0x00, 0x08, 0x00, 0x00, 0x00, 0xf8, 0xff,
  0xf4, 0xff, 0xe8, 0xff, 0xe0, 0xff, 0xd4, 0xff, 0xc8, 0xff, 0xbc, 0xff,
  0xb0, 0xff, 0xa8, 0xff, 0xa0, 0xff, 0x94, 0xff, 0x8c, 0xff, 0x80, 0xff,
  0x80, 0xff, 0x80, 0xff, 0x88, 0xff, 0x88, 0xff, 0x84, 0xff, 0x7c, 0xff,
  0x7c, 0xff, 0x7c, 0xff, 0x7c, 0xff, 0x7c, 0xff, 0x80, 0xff, 0x84, 0xff,
  0x88, 0xff, 0x90, 0xff, 0x9c, 0xff, 0xa8, 0xff, 0xb0, 0xff, 0xbc, 0xff,
  0xc8, 0xff, 0xd4, 0xff, 0xdc, 0xff, 0xe4, 0xff, 0xe8, 0xff, 0xec, 0xff,
  0xf0, 0xff, 0xec, 0xff, 0xec, 0xff, 0xe0, 0xff, 0xd8, 0xff, 0xd0, 0xff,
  0xcc, 0xff, 0xc4, 0xff, 0xb8, 0xff, 0xb0, 0xff, 0xa8, 0xff, 0xa0, 0xff,
  0x98, 0xff, 0x94, 0xff, 0x94, 0xff, 0x94, 0xff, 0x98, 0xff, 0x98, 0xff,
  0x9c, 0xff, 0x9c, 0xff, 0x98, 0xff, 0x9c, 0xff, 0x98, 0xff, 0x94, 0xff,
  0x94, 0xff, 0x94, 0xff, 0x98, 0xff, 0x98, 0xff, 0x94, 0xff, 0x90, 0xff,
  0x90, 0xff, 0x88, 0xff, 0x80, 0xff, 0x7c, 0xff, 0x7c, 0xff, 0x7c, 0xff,
  0x78, 0xff, 0x78, 0xff, 0x74, 0xff, 0x74, 0xff, 0x78, 0xff, 0x78, 0xff,
  0x7c, 0xff, 0x7c, 0xff, 0x80, 0xff, 0x84, 0xff, 0x88, 0xff, 0x94, 0xff,
  0x9c, 0xff, 0x9c, 0xff, 0xa0, 0xff, 0xa0, 0xff, 0xa4, 0xff, 0xa8, 0xff,
  0xa8, 0xff, 0xa8, 0xff, 0xac, 0xff, 0xa8, 0xff, 0xa4, 0xff, 0xa0, 0xff,
  0xa4, 0xff, 0xa4, 0xff, 0xa8, 0xff, 0xac, 0xff
};
#define OUTPUTDATA_SIZE (32684)

// output buffer
unsigned char output[OUTPUTDATA_SIZE];